Station,Date,Time,Alk-Tot,Chl-a,Cl-Tot,DRP,EC,H-T,NH4N,NO2N,NO3N,O2-Dis,SiO2-Dis,TDS,TEMP,TURB,pH,Station Identifier,Latitude,Longitude,Region,Cl-Dis,NH3N,SiO2-Rea,TDP,TN,TP,TRANS,TSS,O2-Dis-Sat,TIP,BOD,TOTCOLI,A340,As-Tot,COL-True,Cd-Tot,Cr-Tot,DOC,ENTCOCC,FECALCOLI,Hg-Tot,Ni-Tot,Pb-Tot,TEMP-Air,TKN,TOC,TON,TRP,Ca-Dis,Fe-Dis,Mg-Dis,Na-Dis,Pb-Dis,SO4-Dis,Zn-Dis,B11,B12,B2,B3,B4,B5,B6,B7,B8,B8A
IND00124,2020-01-09,,,,,,283.0,,,,,9.0,,,,,7.8,BEAS AT D/S DEHRAGOPIPUR,31.8781,76.2033,India,,,,,,,,,,,0.2,41.0,,,,,,,,,,,,,,,,,,,,,,,,0.007499999832361937,0.0071000000461936,0.05790000036358833,0.07349999994039536,0.04259999841451645,0.031199999153614044,0.02070000022649765,0.021400000900030136,0.019899999722838402,0.018200000748038292
IND00124,2020-02-06,,,,,,190.0,,,,,9.1,,,,,7.8,BEAS AT D/S DEHRAGOPIPUR,31.8781,76.2033,India,,,,,,,,,,,0.2,32.0,,,,,,,,,,,,,,,,,,,,,,,,0.01080000028014183,0.009600000455975533,0.05719999969005585,0.06430000066757202,0.03680000081658363,0.03200000151991844,0.024900000542402267,0.025100000202655792,0.022299999371170998,0.021199999377131462
IND00124,2020-03-05,,,,,,356.0,,,,,9.0,,,,,7.6,BEAS AT D/S DEHRAGOPIPUR,31.8781,76.2033,India,,,,,,,,,,,0.1,27.0,,,,,,,,,,,,,,,,,,,,,,,,0.01940000057220459,0.015599999576807022,0.06719999760389328,0.09179999679327011,0.07209999859333038,0.06129999831318855,0.0333000011742115,0.03269999846816063,0.03099999949336052,0.0272000003606081
IND00124,2020-04-23,,,,,,238.0,,,,,8.6,,,,,7.8,BEAS AT D/S DEHRAGOPIPUR,31.8781,76.2033,India,,,,,,,,,,,0.1,33.0,,,,,,,,,,,,,,,,,,,,,,,,0.010099999606609344,0.011099999770522118,0.04340000078082085,0.057500001043081284,0.03759999945759773,0.025599999353289604,0.008700000122189522,0.01209999993443489,0.010900000110268593,0.010900000110268593
IND00124,2020-05-01,,,,,,169.0,,,,,9.2,,,,,7.9,BEAS AT D/S DEHRAGOPIPUR,31.8781,76.2033,India,,,,,,,,,,,0.2,49.0,,,,,,,,,,,,,,,,,,,,,,,,0.13650000095367432,0.12129999697208405,0.0997999981045723,0.11500000208616257,0.12039999663829803,0.1331000030040741,0.13109999895095825,0.13570000231266022,0.1257999986410141,0.1282999962568283
IND00293,2020-01-06,,,,,,543.0,,0.6,,,6.4,,,,,7.4,KRISHNA A/C WITH TUNGABHADRA SANGAMESHWARAM KUNOOL,16.0019,78.365,India,,,,,,,,,,,1.5,500.0,,,,,,,,,,,,,,,,,,,,,,,,0.026200000196695328,0.01979999989271164,0.05559999868273735,0.06769999861717224,0.04780000075697899,0.051500000059604645,0.04010000079870224,0.03920000046491623,0.03819999843835831,0.03720000013709068
IND00293,2020-02-12,,,,,,640.0,,,,,6.3,,,,,7.3,KRISHNA A/C WITH TUNGABHADRA SANGAMESHWARAM KUNOOL,16.0019,78.365,India,,,,,,,,,,,1.3,700.0,,,,,,,,,,,,,,,,,,,,,,,,0.014499999582767487,0.00989999994635582,0.05445000156760216,0.07190000265836716,0.0430000014603138,0.04324999824166298,0.029999999329447746,0.031050000339746475,0.024650000035762787,0.025949999690055847
IND00293,2020-03-04,,,,,,551.0,,,,,6.4,,,,,7.4,KRISHNA A/C WITH TUNGABHADRA SANGAMESHWARAM KUNOOL,16.0019,78.365,India,,,,,,,,,,,1.2,900.0,,,,,,,,,,,,,,,,,,,,,,,,0.02085000090301037,0.013849999755620956,0.08060000091791153,0.10440000146627426,0.07859999686479568,0.0860000029206276,0.0531499981880188,0.05324999988079071,0.0458500012755394,0.043049998581409454
IND00293,2020-04-15,,,,,,694.0,,0.7,,,4.9,,,,,6.9,KRISHNA A/C WITH TUNGABHADRA SANGAMESHWARAM KUNOOL,16.0019,78.365,India,,,,,,,,,,,1.0,400.0,,,,,,,,,,,,,,,,,,,,,,,,0.19269999861717224,0.16245000064373016,0.08214999735355377,0.09139999747276306,0.10379999876022339,0.12014999985694885,0.12999999523162842,0.14045000076293945,0.14239999651908875,0.15559999644756317
IND00293,2020-05-09,,,,,,748.0,,,,,5.6,,,,,6.6,KRISHNA A/C WITH TUNGABHADRA SANGAMESHWARAM KUNOOL,16.0019,78.365,India,,,,,,,,,,,2.2,700.0,,,,,,,,,,,,,,,,,,,,,,,,0.2243500053882599,0.17215000092983246,0.0803999975323677,0.0934000015258789,0.1096000000834465,0.13050000369548798,0.14914999902248383,0.15880000591278076,0.16120000183582306,0.1847500056028366
IND00293,2020-06-08,,,,,,982.0,,,,,5.9,,,,,7.5,KRISHNA A/C WITH TUNGABHADRA SANGAMESHWARAM KUNOOL,16.0019,78.365,India,,,,,,,,,,,1.7,500.0,,,,,,,,,,,,,,,,,,,,,,,,0.21719999611377716,0.1615000069141388,0.06549999862909317,0.08940000087022781,0.10419999808073044,0.12999999523162842,0.1762000024318695,0.18140000104904175,0.16500000655651093,0.2079000025987625
IND00293,2020-11-18,,,,,,660.0,,0.8,,,6.1,,,,,7.8,KRISHNA A/C WITH TUNGABHADRA SANGAMESHWARAM KUNOOL,16.0019,78.365,India,,,,,,,,,,,1.5,280.0,,,,,,,,,,,,,,,,,,,,,,,,0.00419999985024333,0.004650000017136335,0.021299999207258224,0.032349999994039536,0.019050000235438347,0.020999999716877937,0.011350000277161598,0.012249999679625034,0.008799999952316284,0.009499999694526196
IND00293,2020-12-11,,,,,,643.0,,1.1,,,6.0,,,,,8.1,KRISHNA A/C WITH TUNGABHADRA SANGAMESHWARAM KUNOOL,16.0019,78.365,India,,,,,,,,,,,1.5,430.0,,,,,,,,,,,,,,,,,,,,,,,,0.00860000029206276,0.005900000222027302,0.042100001126527786,0.05339999869465828,0.029899999499320984,0.03584999963641167,0.020549999549984932,0.020999999716877937,0.01759999990463257,0.01640000008046627
IND00370,2020-01-03,,,,,,254.0,,0.84,,,7.7,,,,,7.3,KUAKHAI AT BHUBANESWAR U/S,20.2979,85.8824,India,,,,,,,,,,,0.6,3500.0,,,,,,,,,,,,,,,,,,,,,,,,0.042249999940395355,0.031050000339746475,0.058800000697374344,0.06859999895095825,0.04904999956488609,0.07055000215768814,0.06615000218153,0.07240000367164612,0.04500000178813934,0.057750001549720764
IND00370,2020-02-14,,,,,,224.0,,0.56,,,8.4,,,,,7.6,KUAKHAI AT BHUBANESWAR U/S,20.2979,85.8824,India,,,,,,,,,,,1.2,3500.0,,,,,,,,,,,,,,,,,,,,,,,,0.03620000183582306,0.025049999356269836,0.0681999996304512,0.07485000044107437,0.054999999701976776,0.0737999975681305,0.07084999978542328,0.07509999722242355,0.053599998354911804,0.066600002348423
IND00370,2020-03-06,,,,,,218.0,,0.56,,,8.9,,,,,7.6,KUAKHAI AT BHUBANESWAR U/S,20.2979,85.8824,India,,,,,,,,,,,0.7,4900.0,,,,,,,,,,,,,,,,,,,,,,,,0.03579999879002571,0.020400000736117363,0.06549999862909317,0.0722000002861023,0.05260000005364418,0.0737999975681305,0.07829999923706055,0.06109999865293503,0.04780000075697899,0.053700000047683716
IND00370,2020-04-18,,,,,,258.0,,,,,7.2,,,,,7.6,KUAKHAI AT BHUBANESWAR U/S,20.2979,85.8824,India,,,,,,,,,,,0.2,2400.0,,,,,,,,,,,,,,,,,,,,,,,,0.11890000104904175,0.10019999742507935,0.08699999749660492,0.10400000214576721,0.1034500002861023,0.125450000166893,0.10599999874830246,0.11879999935626984,0.1006999984383583,0.10509999841451645
IND00370,2020-05-18,,,,,,180.0,,,,,6.6,,,,,8.3,KUAKHAI AT BHUBANESWAR U/S,20.2979,85.8824,India,,,,,,,,,,,1.5,3500.0,,,,,,,,,,,,,,,,,,,,,,,,0.07580000162124634,0.0575999990105629,0.07530000060796738,0.0794999971985817,0.07620000094175339,0.08100000023841858,0.07890000194311142,0.0722000002861023,0.07129999995231628,0.07339999824762344
IND00370,2020-06-30,,,,,,145.0,,0.56,,,5.4,,,,,7.6,KUAKHAI AT BHUBANESWAR U/S,20.2979,85.8824,India,,,,,,,,,,,1.8,5400.0,,,,,,,,,,,,,,,,,,,,,,,,0.025200000032782555,0.017999999225139618,0.08659999817609787,0.14059999585151672,0.1589999943971634,0.15600000321865082,0.07119999825954437,0.07769999653100967,0.0560000017285347,0.04430000111460686
IND00370,2020-08-24,,,,,,141.0,,0.84,,,7.0,,,,,7.4,KUAKHAI AT BHUBANESWAR U/S,20.2979,85.8824,India,,,,,,,,,,,1.3,1300.0,,,,,,,,,,,,,,,,,,,,,,,,0.029400000348687172,0.023399999365210533,0.0729999989271164,0.08410000056028366,0.08799999952316284,0.09740000218153,0.0746999979019165,0.07840000092983246,0.061400000005960464,0.06019999831914902
IND00370,2020-11-05,,,,,,195.0,,1.68,,,8.1,,,,,8.0,KUAKHAI AT BHUBANESWAR U/S,20.2979,85.8824,India,,,,,,,,,,,1.6,2200.0,,,,,,,,,,,,,,,,,,,,,,,,0.02759999968111515,0.02250000089406967,0.042399998754262924,0.06360000371932983,0.04529999941587448,0.052000001072883606,0.03350000083446503,0.03790000081062317,0.021900000050663948,0.01850000023841858
IND00436,2018-12-24,,,,,,446.0,,,,,9.0,,,,,7.6,RAMGARH LAKE U.P.,26.7492,83.3973,India,,,,,,,,,,,4.4,7000.0,,,,,,,,,,,,,,,,,,,,,,,,0.1673000007867813,0.13979999721050262,0.13590000569820404,0.1412999927997589,0.13650000095367432,0.15594999492168427,0.16189999878406525,0.16539999842643738,0.1687999963760376,0.16850000619888306
IND00436,2019-01-25,,,,,,446.0,,,,,9.0,,,,,7.8,RAMGARH LAKE U.P.,26.7492,83.3973,India,,,,,,,,,,,4.4,8400.0,,,,,,,,,,,,,,,,,,,,,,,,0.17589999735355377,0.14890000224113464,0.1371999979019165,0.1462000012397766,0.1477999985218048,0.15520000457763672,0.16750000417232513,0.1673000007867813,0.17919999361038208,0.16670000553131104
IND00436,2019-02-21,,,,,,444.0,,,,,9.2,,,,,7.8,RAMGARH LAKE U.P.,26.7492,83.3973,India,,,,,,,,,,,4.4,9400.0,,,,,,,,,,,,,,,,,,,,,,,,0.2011999934911728,0.17794999480247498,0.08094999939203262,0.08590000122785568,0.1137000024318695,0.1428000032901764,0.1465499997138977,0.15889999270439148,0.1488499939441681,0.1704999953508377
IND00436,2019-03-26,,,,,,444.0,,,,,9.2,,,,,7.6,RAMGARH LAKE U.P.,26.7492,83.3973,India,,,,,,,,,,,4.4,17000.0,,,,,,,,,,,,,,,,,,,,,,,,0.23029999434947968,0.21289999783039093,0.11599999666213989,0.14480000734329224,0.155799999833107,0.16429999470710754,0.18780000507831573,0.19359999895095825,0.20239999890327454,0.19480000436306
IND00436,2019-04-26,,,,,,442.0,,,,,9.0,,,,,7.6,RAMGARH LAKE U.P.,26.7492,83.3973,India,,,,,,,,,,,4.6,11000.0,,,,,,,,,,,,,,,,,,,,,,,,0.24609999358654022,0.2175000011920929,0.12219999730587006,0.14259999990463257,0.149399995803833,0.18379999697208405,0.2053000032901764,0.21639999747276306,0.22699999809265137,0.22990000247955322
IND00436,2019-05-17,,,,,,446.0,,,,,8.8,,,,,7.5,RAMGARH LAKE U.P.,26.7492,83.3973,India,,,,,,,,,,,4.4,17000.0,,,,,,,,,,,,,,,,,,,,,,,,0.26019999384880066,0.2363000065088272,0.12309999763965607,0.1444000005722046,0.1559000015258789,0.18459999561309814,0.21574999392032623,0.22994999587535858,0.23199999332427979,0.24165000021457672
IND00436,2019-06-22,,,,,,448.0,,,,,8.8,,,,,7.8,RAMGARH LAKE U.P.,26.7492,83.3973,India,,,,,,,,,,,4.6,21000.0,,,,,,,,,,,,,,,,,,,,,,,,0.26774999499320984,0.24275000393390656,0.13750000298023224,0.1527000069618225,0.15539999306201935,0.187950000166893,0.23115000128746033,0.24490000307559967,0.24279999732971191,0.25745001435279846
IND00436,2019-10-09,,,,,,472.0,,,,,8.8,,,,,7.9,RAMGARH LAKE U.P.,26.7492,83.3973,India,,,,,,,,,,,5.2,28000.0,,,,,,,,,,,,,,,,,,,,,,,,0.19189999997615814,0.15440000593662262,0.09929999709129333,0.11060000211000443,0.10300000011920929,0.1264999955892563,0.18150000274181366,0.19850000739097595,0.22100000083446503,0.210099995136261
IND00436,2019-11-14,,,,,,468.0,,,,,8.9,,,,,8.0,RAMGARH LAKE U.P.,26.7492,83.3973,India,,,,,,,,,,,5.2,29000.0,,,,,,,,,,,,,,,,,,,,,,,,0.16380000114440918,0.13300000131130219,0.10700000077486038,0.11540000140666962,0.10819999873638153,0.12359999865293503,0.155799999833107,0.17219999432563782,0.18140000104904175,0.17149999737739563
IND00436,2019-12-06,,,,,,438.0,,,,,9.6,,,,,8.2,RAMGARH LAKE U.P.,26.7492,83.3973,India,,,,,,,,,,,4.2,28000.0,,,,,,,,,,,,,,,,,,,,,,,,0.1444000005722046,0.12269999831914902,0.10029999911785126,0.11020000278949738,0.10320000350475311,0.11240000277757645,0.1420000046491623,0.1534000039100647,0.17419999837875366,0.15680000185966492
IND00436,2020-02-15,,,,,,456.0,,,,,9.1,,,,,8.2,RAMGARH LAKE U.P.,26.7492,83.3973,India,,,,,,,,,,,5.0,32000.0,,,,,,,,,,,,,,,,,,,,,,,,0.15970000624656677,0.13944999873638153,0.08309999853372574,0.09309999644756317,0.10365000367164612,0.11949999630451202,0.13189999759197235,0.1367499977350235,0.1407500058412552,0.14435000717639923
IND00436,2020-04-08,,,,,,458.0,,,,,9.4,,,,,8.3,RAMGARH LAKE U.P.,26.7492,83.3973,India,,,,,,,,,,,5.2,42000.0,,,,,,,,,,,,,,,,,,,,,,,,0.21870000660419464,0.18960000574588776,0.09404999762773514,0.11869999766349792,0.12860000133514404,0.15035000443458557,0.19050000607967377,0.20125000178813934,0.2090499997138977,0.21060000360012054
IND00436,2020-05-26,,,,,,470.0,,,,,8.8,,,,,8.2,RAMGARH LAKE U.P.,26.7492,83.3973,India,,,,,,,,,,,5.6,44000.0,,,,,,,,,,,,,,,,,,,,,,,,0.2565000057220459,0.22380000352859497,0.1289999932050705,0.149399995803833,0.16699999570846558,0.1753000020980835,0.21289999783039093,0.23180000483989716,0.22360000014305115,0.243599995970726
IND00436,2020-06-10,,,,,,476.0,,,,,8.4,,,,,8.1,RAMGARH LAKE U.P.,26.7492,83.3973,India,,,,,,,,,,,5.8,48000.0,,,,,,,,,,,,,,,,,,,,,,,,0.24459999799728394,0.22050000727176666,0.11259999871253967,0.13259999454021454,0.12999999523162842,0.1680999994277954,0.21389999985694885,0.23909999430179596,0.23319999873638153,0.25369998812675476
IND00436,2020-10-06,,,,,,498.0,,,,,8.0,,,,,8.0,RAMGARH LAKE U.P.,26.7492,83.3973,India,,,,,,,,,,,6.0,50000.0,,,,,,,,,,,,,,,,,,,,,,,,0.20270000398159027,0.1632000058889389,0.07900000363588333,0.09749999642372131,0.10920000076293945,0.1298000067472458,0.181099995970726,0.21240000426769257,0.20029999315738678,0.22190000116825104
IND00436,2020-11-09,,,,,,492.0,,,,,8.2,,,,,8.2,RAMGARH LAKE U.P.,26.7492,83.3973,India,,,,,,,,,,,5.8,48000.0,,,,,,,,,,,,,,,,,,,,,,,,0.1716500073671341,0.1425500065088272,0.1264999955892563,0.13519999384880066,0.13199999928474426,0.1518000066280365,0.16975000500679016,0.1762000024318695,0.18035000562667847,0.186599999666214
IND00436,2020-12-01,,,,,,498.0,,,,,8.0,,,,,8.0,RAMGARH LAKE U.P.,26.7492,83.3973,India,,,,,,,,,,,6.2,50000.0,,,,,,,,,,,,,,,,,,,,,,,,0.15404999256134033,0.12680000066757202,0.13940000534057617,0.1446000039577484,0.13199999928474426,0.1537500023841858,0.17219999432563782,0.179299995303154,0.1679999977350235,0.1772499978542328
IND00436,2021-01-06,,,,,,516.0,,,,,8.4,,,,,8.2,RAMGARH LAKE U.P.,26.7492,83.3973,India,,,,,,,,,,,6.0,55000.0,,,,,,,,,,,,,,,,,,,,,,,,0.13199999928474426,0.11429999768733978,0.06390000134706497,0.08129999786615372,0.08150000125169754,0.09239999949932098,0.11460000276565552,0.10790000110864639,0.10589999705553055,0.11429999768733978
IND00436,2021-02-05,,,,,,522.0,,,,,8.2,,,,,8.28,RAMGARH LAKE U.P.,26.7492,83.3973,India,,,,,,,,,,,6.2,58000.0,,,,,,,,,,,,,,,,,,,,,,,,0.15569999814033508,0.13539999723434448,0.12729999423027039,0.1282999962568283,0.12720000743865967,0.14135000109672546,0.1395999938249588,0.1412999927997589,0.13285000622272491,0.14339999854564667
IND00436,2021-03-16,,,,,,534.0,,,,,8.0,,,,,8.2,RAMGARH LAKE U.P.,26.7492,83.3973,India,,,,,,,,,,,6.6,60000.0,,,,,,,,,,,,,,,,,,,,,,,,0.19654999673366547,0.1765500009059906,0.11460000276565552,0.13189999759197235,0.1379999965429306,0.16030000150203705,0.16850000619888306,0.17464999854564667,0.1738000065088272,0.18240000307559967
IND00472,2018-01-08,,,,,,542.0,,,,,7.3,,,,,7.3,LOKTAK LAKE AT BISHNUPUR,24.5783,93.765,India,,,,,,,,,,,2.3,10.0,,,,,,,,,,,,,,,,,,,,,,,,0.02590000070631504,0.017899999395012856,0.04610000178217888,0.06159999966621399,0.05050000175833702,0.06080000102519989,0.04320000112056732,0.05590000003576279,0.04129999876022339,0.04650000110268593
IND00472,2018-12-29,,,,,,218.0,,,,,6.8,,,,,7.3,LOKTAK LAKE AT BISHNUPUR,24.5783,93.765,India,,,,,,,,,,,2.8,15.0,,,,,,,,,,,,,,,,,,,,,,,,0.08869999647140503,0.06714999675750732,0.09404999762773514,0.10080000013113022,0.08654999732971191,0.08205000311136246,0.09279999881982803,0.09754999727010727,0.11084999889135361,0.09004999697208405
IND00472,2019-01-29,,,,,,2442.0,,,,,7.5,,,,,7.5,LOKTAK LAKE AT BISHNUPUR,24.5783,93.765,India,,,,,,,,,,,2.2,30.0,,,,,,,,,,,,,,,,,,,,,,,,0.09030000120401382,0.06714999675750732,0.04439999908208847,0.06069999933242798,0.05355000123381615,0.06235000118613243,0.08529999852180481,0.09345000237226486,0.10665000230073929,0.10790000110864639
IND00472,2019-03-29,,,,,,220.0,,,,,7.1,,,,,7.2,LOKTAK LAKE AT BISHNUPUR,24.5783,93.765,India,,,,,,,,,,,3.5,40.0,,,,,,,,,,,,,,,,,,,,,,,,0.07249999791383743,0.050599999725818634,0.04270000010728836,0.059300001710653305,0.04650000110268593,0.054099999368190765,0.07169999927282333,0.05660000070929527,0.061799999326467514,0.07460000365972519
IND00472,2019-04-29,,,,,,328.0,,,,,7.3,,,,,7.4,LOKTAK LAKE AT BISHNUPUR,24.5783,93.765,India,,,,,,,,,,,4.5,55.0,,,,,,,,,,,,,,,,,,,,,,,,0.07169999927282333,0.05620000138878822,0.05950000137090683,0.07280000299215317,0.06120000034570694,0.0738999992609024,0.07859999686479568,0.07329999655485153,0.07119999825954437,0.07150000333786011
IND00472,2019-05-27,,,,,,350.0,,,,,7.4,,,,,7.5,LOKTAK LAKE AT BISHNUPUR,24.5783,93.765,India,,,,,,,,,,,3.1,75.0,,,,,,,,,,,,,,,,,,,,,,,,0.1071000024676323,0.0803999975323677,0.11299999803304672,0.1281999945640564,0.125,0.13750000298023224,0.11159999668598175,0.13220000267028809,0.12030000239610672,0.1274999976158142
IND00472,2019-10-25,,,,,,150.0,,,,,8.2,,,,,7.0,LOKTAK LAKE AT BISHNUPUR,24.5783,93.765,India,,,,,,,,,,,3.1,85.0,,,,,,,,,,,,,,,,,,,,,,,,0.08375000208616257,0.0494999997317791,0.044349998235702515,0.052799999713897705,0.041099999099969864,0.05860000103712082,0.09504999965429306,0.1274999976158142,0.125,0.12970000505447388
IND00472,2019-11-26,,,,,,160.0,,,,,7.9,,,,,6.9,LOKTAK LAKE AT BISHNUPUR,24.5783,93.765,India,,,,,,,,,,,3.2,60.0,,,,,,,,,,,,,,,,,,,,,,,,0.0689999982714653,0.03970000147819519,0.04360000044107437,0.05040000006556511,0.041099999099969864,0.055799998342990875,0.06880000233650208,0.08569999784231186,0.08070000261068344,0.10589999705553055
IND00472,2019-12-28,,,,,,160.0,,,,,7.3,,,,,7.6,LOKTAK LAKE AT BISHNUPUR,24.5783,93.765,India,,,,,,,,,,,2.9,55.0,,,,,,,,,,,,,,,,,,,,,,,,0.04735000059008598,0.035599999129772186,0.026249999180436134,0.03739999979734421,0.025350000709295273,0.03830000013113022,0.04859999939799309,0.03985000029206276,0.03660000115633011,0.0560000017285347
IND00472,2020-01-27,,,,,,150.0,,,,,7.6,,,,,6.7,LOKTAK LAKE AT BISHNUPUR,24.5783,93.765,India,,,,,,,,,,,3.3,60.0,,,,,,,,,,,,,,,,,,,,,,,,0.07100000232458115,0.04975000023841858,0.031300000846385956,0.04859999939799309,0.04324999824166298,0.05570000037550926,0.08229999989271164,0.0746999979019165,0.07434999942779541,0.08489999920129776
IND00472,2020-04-17,,,,,,150.0,,,,,7.0,,,,,7.0,LOKTAK LAKE AT BISHNUPUR,24.5783,93.765,India,,,,,,,,,,,3.2,35.0,,,,,,,,,,,,,,,,,,,,,,,,0.0658000037074089,0.04740000143647194,0.04280000180006027,0.05180000141263008,0.045899998396635056,0.058400001376867294,0.0560000017285347,0.0746999979019165,0.053300000727176666,0.07199999690055847
IND00472,2020-10-27,,,,,,174.0,,,,,7.7,,,,,7.4,LOKTAK LAKE AT BISHNUPUR,24.5783,93.765,India,,,,,,,,,,,3.1,90.0,,,,,,,,,,,,,,,,,,,,,,,,0.031599998474121094,0.01759999990463257,0.024299999698996544,0.03929999843239784,0.03500000014901161,0.04600000008940697,0.05480000004172325,0.052000001072883606,0.03720000013709068,0.06610000133514404
IND00472,2020-11-27,,,,,,170.0,,,,,7.8,,,,,7.0,LOKTAK LAKE AT BISHNUPUR,24.5783,93.765,India,,,,,,,,,,,3.1,80.0,,,,,,,,,,,,,,,,,,,,,,,,0.05420000106096268,0.031599998474121094,0.0494999997317791,0.05694999918341637,0.043299999088048935,0.05245000123977661,0.07975000143051147,0.08110000193119049,0.08829999715089798,0.08219999819993973
IND00530,2019-01-02,,,,,,220.0,,0.5,,,7.0,,,,,7.3,DEEPAR BEEL ASSAM,26.1193,91.6477,India,,,,,,,,,,,2.7,910.0,,,,,,,,,,,,,,,,,,,,,,,,0.02345000021159649,0.012749999761581421,0.06159999966621399,0.09345000237226486,0.05640000104904175,0.12255000323057175,0.1282999962568283,0.12700000405311584,0.1140500009059906,0.09934999793767929
IND00530,2019-02-04,,,,,,260.0,,0.5,,,5.1,,,,,7.8,DEEPAR BEEL ASSAM,26.1193,91.6477,India,,,,,,,,,,,4.1,360.0,,,,,,,,,,,,,,,,,,,,,,,,0.025450000539422035,0.014499999582767487,0.07684999704360962,0.10275000333786011,0.07154999673366547,0.1116499975323677,0.09640000015497208,0.09960000216960907,0.0864500030875206,0.07885000109672546
IND00530,2019-03-04,,,,,,230.0,,0.5,,,11.0,,,,,7.9,DEEPAR BEEL ASSAM,26.1193,91.6477,India,,,,,,,,,,,4.8,720.0,,,,,,,,,,,,,,,,,,,,,,,,0.0340999998152256,0.021299999207258224,0.04749999940395355,0.07705000042915344,0.048900000751018524,0.1010499969124794,0.09735000133514404,0.09905000030994415,0.08474999666213989,0.07859999686479568
IND00530,2019-04-02,,,,,,273.0,,0.5,,,4.6,,,,,7.6,DEEPAR BEEL ASSAM,26.1193,91.6477,India,,,,,,,,,,,4.8,1400.0,,,,,,,,,,,,,,,,,,,,,,,,0.08410000056028366,0.04839999973773956,0.06530000269412994,0.07530000060796738,0.05490000173449516,0.08959999680519104,0.1266999989748001,0.1315000057220459,0.12139999866485596,0.12919999659061432
IND00530,2019-11-05,,,,,,150.0,,,,,8.6,,,,,7.2,DEEPAR BEEL ASSAM,26.1193,91.6477,India,,,,,,,,,,,3.4,720.0,,,,,,,,,,,,,,,,,,,,,,,,0.014600000344216824,0.010900000110268593,0.0340999998152256,0.04259999841451645,0.029400000348687172,0.04769999906420708,0.05779999867081642,0.05990000069141388,0.030899999663233757,0.059300001710653305
IND00530,2019-12-04,,,,,,226.0,,,,,7.8,,,,,7.8,DEEPAR BEEL ASSAM,26.1193,91.6477,India,,,,,,,,,,,3.4,360.0,,,,,,,,,,,,,,,,,,,,,,,,0.016699999570846558,0.008799999952316284,0.04780000075697899,0.06210000067949295,0.04270000010728836,0.0714000016450882,0.05260000005364418,0.05220000073313713,0.04410000145435333,0.039400000125169754
IND00530,2020-01-02,,,,,,208.0,,0.5,,,10.0,,,,,7.8,DEEPAR BEEL ASSAM,26.1193,91.6477,India,,,,,,,,,,,2.1,1100.0,,,,,,,,,,,,,,,,,,,,,,,,0.019099999219179153,0.011900000274181366,0.05090000107884407,0.06530000269412994,0.041600000113248825,0.08020000159740448,0.09099999815225601,0.09149999916553497,0.07590000331401825,0.07240000367164612
IND00530,2020-02-03,,,,,,206.0,,0.54,,,10.2,,,,,7.8,DEEPAR BEEL ASSAM,26.1193,91.6477,India,,,,,,,,,,,3.8,730.0,,,,,,,,,,,,,,,,,,,,,,,,0.03180000185966492,0.018149999901652336,0.09485000371932983,0.11729999631643295,0.08595000207424164,0.11535000056028366,0.10339999943971634,0.10440000146627426,0.09494999796152115,0.0860000029206276
IND00530,2020-03-02,,,,,,210.0,,0.56,,,10.2,,,,,8.0,DEEPAR BEEL ASSAM,26.1193,91.6477,India,,,,,,,,,,,3.3,730.0,,,,,,,,,,,,,,,,,,,,,,,,0.03610000014305115,0.01979999989271164,0.06669999659061432,0.09210000187158585,0.055799998342990875,0.120899997651577,0.1396999955177307,0.14390000700950623,0.12800000607967377,0.11940000206232071
IND00530,2020-11-03,,,,,,232.0,,0.6,,,7.2,,,,,7.5,DEEPAR BEEL ASSAM,26.1193,91.6477,India,,,,,,,,,,,3.3,1500.0,,,,,,,,,,,,,,,,,,,,,,,,0.016599999740719795,0.011250000447034836,0.04879999905824661,0.05094999819993973,0.037300001829862595,0.047200001776218414,0.04605000093579292,0.04874999821186066,0.03929999843239784,0.04100000113248825
IND00530,2020-12-03,,,,,,240.0,,0.58,,,9.2,,,,,7.3,DEEPAR BEEL ASSAM,26.1193,91.6477,India,,,,,,,,,,,3.2,1100.0,,,,,,,,,,,,,,,,,,,,,,,,0.010499999858438969,0.0071000000461936,0.033900000154972076,0.048700001090765,0.03229999914765358,0.048900000751018524,0.031099999323487282,0.02930000051856041,0.02539999969303608,0.02329999953508377
IND00530,2021-01-04,,,,,,246.0,,0.46,,,4.4,,,,,7.4,DEEPAR BEEL ASSAM,26.1193,91.6477,India,,,,,,,,,,,3.0,1500.0,,,,,,,,,,,,,,,,,,,,,,,,0.01614999957382679,0.009150000289082527,0.06174999848008156,0.08229999989271164,0.05420000106096268,0.08145000040531158,0.06594999879598618,0.06390000134706497,0.0572500005364418,0.05094999819993973
IND00530,2021-02-02,,,,,,240.0,,1.2,,,10.8,,,,,7.5,DEEPAR BEEL ASSAM,26.1193,91.6477,India,,,,,,,,,,,3.4,1400.0,,,,,,,,,,,,,,,,,,,,,,,,0.025750000029802322,0.014499999582767487,0.0843999981880188,0.10795000195503235,0.07124999910593033,0.1295499950647354,0.13824999332427979,0.1407500058412552,0.12245000153779984,0.10760000348091125
IND00530,2021-03-03,,,,,,248.0,,1.4,,,10.1,,,,,7.6,DEEPAR BEEL ASSAM,26.1193,91.6477,India,,,,,,,,,,,3.2,1400.0,,,,,,,,,,,,,,,,,,,,,,,,0.043800000101327896,0.03020000085234642,0.07530000060796738,0.09080000221729279,0.06599999964237213,0.1185000017285347,0.11400000005960464,0.1168999969959259,0.10339999943971634,0.09040000289678574
IND00563,2018-01-08,,,,,,514.0,,,,,7.4,,,,,7.5,LOKTAK LAKE AT SENDRA,24.5214,93.7634,India,,,,,,,,,,,2.4,110.0,,,,,,,,,,,,,,,,,,,,,,,,0.03970000147819519,0.02800000086426735,0.07559999823570251,0.10639999806880951,0.10760000348091125,0.133200004696846,0.11479999870061874,0.12200000137090683,0.10400000214576721,0.09830000251531601
IND00563,2019-01-29,,,,,,213.0,,,,,8.1,,,,,7.1,LOKTAK LAKE AT SENDRA,24.5214,93.7634,India,,,,,,,,,,,3.0,15.0,,,,,,,,,,,,,,,,,,,,,,,,0.07999999821186066,0.060600001364946365,0.059849999845027924,0.0868000015616417,0.09305000305175781,0.12970000505447388,0.13474999368190765,0.1469999998807907,0.15449999272823334,0.13729999959468842
IND00563,2019-03-29,,,,,,179.0,,,,,6.1,,,,,7.4,LOKTAK LAKE AT SENDRA,24.5214,93.7634,India,,,,,,,,,,,2.7,20.0,,,,,,,,,,,,,,,,,,,,,,,,0.08100000023841858,0.05429999902844429,0.06129999831318855,0.09279999881982803,0.09070000052452087,0.1387999951839447,0.16439999639987946,0.18000000715255737,0.16040000319480896,0.17020000517368317
IND00563,2019-04-29,,,,,,330.0,,,,,6.1,,,,,7.5,LOKTAK LAKE AT SENDRA,24.5214,93.7634,India,,,,,,,,,,,3.6,30.0,,,,,,,,,,,,,,,,,,,,,,,,0.09019999951124191,0.05810000002384186,0.07559999823570251,0.1023000031709671,0.10660000145435333,0.14630000293254852,0.1753000020980835,0.19900000095367432,0.17440000176429749,0.1859000027179718
IND00563,2019-05-27,,,,,,347.0,,,,,6.2,,,,,7.2,LOKTAK LAKE AT SENDRA,24.5214,93.7634,India,,,,,,,,,,,2.9,120.0,,,,,,,,,,,,,,,,,,,,,,,,0.15850000083446503,0.11469999700784683,0.08190000057220459,0.1088000014424324,0.10400000214576721,0.15950000286102295,0.20579999685287476,0.22280000150203705,0.20739999413490295,0.21629999577999115
IND00563,2019-10-25,,,,,,150.0,,,,,7.3,,,,,7.1,LOKTAK LAKE AT SENDRA,24.5214,93.7634,India,,,,,,,,,,,2.7,65.0,,,,,,,,,,,,,,,,,,,,,,,,0.09709999710321426,0.05999999865889549,0.049150001257658005,0.07315000146627426,0.06084999814629555,0.1034500002861023,0.14149999618530273,0.1936500072479248,0.21144999563694,0.16664999723434448
IND00563,2019-11-26,,,,,,150.0,,,,,7.4,,,,,7.1,LOKTAK LAKE AT SENDRA,24.5214,93.7634,India,,,,,,,,,,,2.8,80.0,,,,,,,,,,,,,,,,,,,,,,,,0.09179999679327011,0.05389999970793724,0.05469999834895134,0.07900000363588333,0.060600001364946365,0.10779999941587448,0.14059999585151672,0.18119999766349792,0.20260000228881836,0.16930000483989716
IND00563,2019-12-28,,,,,,150.0,,,,,7.0,,,,,7.5,LOKTAK LAKE AT SENDRA,24.5214,93.7634,India,,,,,,,,,,,2.7,50.0,,,,,,,,,,,,,,,,,,,,,,,,0.0685499981045723,0.0434500016272068,0.04205000028014183,0.07015000283718109,0.056699998676776886,0.11344999819993973,0.14159999787807465,0.14730000495910645,0.18045000731945038,0.14300000667572021
IND00563,2020-01-27,,,,,,125.0,,,,,7.5,,,,,7.1,LOKTAK LAKE AT SENDRA,24.5214,93.7634,India,,,,,,,,,,,3.1,55.0,,,,,,,,,,,,,,,,,,,,,,,,0.08205000311136246,0.05999999865889549,0.05620000138878822,0.08250000327825546,0.07620000094175339,0.11675000190734863,0.1311500072479248,0.13865000009536743,0.15760000050067902,0.13154999911785126
IND00563,2020-04-17,,,,,,130.0,,,,,7.2,,,,,7.1,LOKTAK LAKE AT SENDRA,24.5214,93.7634,India,,,,,,,,,,,3.4,70.0,,,,,,,,,,,,,,,,,,,,,,,,0.1005999967455864,0.07919999957084656,0.08079999685287476,0.10339999943971634,0.10499999672174454,0.13809999823570251,0.18230000138282776,0.1988999992609024,0.21400000154972076,0.179299995303154
IND00563,2020-10-28,,,,,,135.0,,,,,7.4,,,,,7.4,LOKTAK LAKE AT SENDRA,24.5214,93.7634,India,,,,,,,,,,,3.0,45.0,,,,,,,,,,,,,,,,,,,,,,,,0.05889999866485596,0.03180000185966492,0.03449999913573265,0.06970000267028809,0.055799998342990875,0.11550000309944153,0.13289999961853027,0.15160000324249268,0.12870000302791595,0.12389999628067017
IND00563,2021-02-25,,,,,,190.0,,,,,7.3,,,,,6.8,LOKTAK LAKE AT SENDRA,24.5214,93.7634,India,,,,,,,,,,,3.2,105.0,,,,,,,,,,,,,,,,,,,,,,,,0.09390000253915787,0.06419999897480011,0.04969999939203262,0.08079999685287476,0.08940000087022781,0.12610000371932983,0.1281999945640564,0.13930000364780426,0.14180000126361847,0.13410000503063202
IND00731,2018-12-11,,,,,,384.0,,0.4,,,7.8,,,,,8.7,BILAWALI TALAB AT INDORE,22.6587,75.8642,India,,,,,,,,,,,1.4,120.0,,,,,,,,,,,,,,,,,,,,,,,,0.19380000233650208,0.15189999341964722,0.07280000299215317,0.08860000222921371,0.10939999669790268,0.11829999834299088,0.13410000503063202,0.14300000667572021,0.15440000593662262,0.15080000460147858
IND00731,2019-01-02,,,,,,480.0,,,,,8.0,,,,,8.7,BILAWALI TALAB AT INDORE,22.6587,75.8642,India,,,,,,,,,,,1.9,58.0,,,,,,,,,,,,,,,,,,,,,,,,0.1976500004529953,0.16474999487400055,0.07474999874830246,0.10610000044107437,0.12950000166893005,0.12710000574588776,0.13609999418258667,0.14395000040531158,0.17229999601840973,0.1581999957561493
IND00731,2019-02-07,,,,,,419.0,,,,,7.7,,,,,8.4,BILAWALI TALAB AT INDORE,22.6587,75.8642,India,,,,,,,,,,,1.3,110.0,,,,,,,,,,,,,,,,,,,,,,,,0.23980000615119934,0.20309999585151672,0.09070000052452087,0.12380000203847885,0.15940000116825104,0.16760000586509705,0.17949999868869781,0.19120000302791595,0.2070000022649765,0.20579999685287476
IND00731,2019-03-11,,,,,,541.0,,,,,7.1,,,,,8.1,BILAWALI TALAB AT INDORE,22.6587,75.8642,India,,,,,,,,,,,1.8,70.0,,,,,,,,,,,,,,,,,,,,,,,,0.25380000472068787,0.22360000014305115,0.10760000348091125,0.1371999979019165,0.1648000031709671,0.18150000274181366,0.1899999976158142,0.2078000009059906,0.21439999341964722,0.22179999947547913
IND00731,2019-04-09,,,,,,488.0,,,,,6.9,,,,,8.3,BILAWALI TALAB AT INDORE,22.6587,75.8642,India,,,,,,,,,,,1.6,170.0,,,,,,,,,,,,,,,,,,,,,,,,0.2639000117778778,0.23010000586509705,0.11410000175237656,0.14669999480247498,0.17599999904632568,0.19449999928474426,0.2037999927997589,0.21744999289512634,0.21860000491142273,0.23149999976158142
IND00731,2019-10-11,,,,,,416.0,,,,,7.1,,,,,7.9,BILAWALI TALAB AT INDORE,22.6587,75.8642,India,,,,,,,,,,,1.3,70.0,,,,,,,,,,,,,,,,,,,,,,,,0.01590000092983246,0.01209999993443489,0.04749999940395355,0.06270000338554382,0.03669999912381172,0.050700001418590546,0.03779999911785126,0.04019999876618385,0.03359999880194664,0.033799998462200165
IND00731,2019-11-05,,,,,,515.0,,,,,6.3,,,,,8.0,BILAWALI TALAB AT INDORE,22.6587,75.8642,India,,,,,,,,,,,1.3,58.0,,,,,,,,,,,,,,,,,,,,,,,,0.01850000023841858,0.013000000268220901,0.05790000036358833,0.07440000027418137,0.05260000005364418,0.06539999693632126,0.04919999837875366,0.04960000142455101,0.04089999943971634,0.039500001817941666
IND00731,2019-12-16,,,,,,348.0,,,,,6.7,,,,,8.2,BILAWALI TALAB AT INDORE,22.6587,75.8642,India,,,,,,,,,,,1.4,120.0,,,,,,,,,,,,,,,,,,,,,,,,0.056299999356269836,0.047850001603364944,0.08444999903440475,0.09735000133514404,0.07490000128746033,0.09115000069141388,0.09070000052452087,0.09229999780654907,0.09059999883174896,0.08720000088214874
IND00731,2020-01-02,,,,,,407.0,,0.02,,,7.6,,,,,8.2,BILAWALI TALAB AT INDORE,22.6587,75.8642,India,,,,,,,,,,,1.6,58.0,,,,,,,,,,,,,,,,,,,,,,,,0.014650000259280205,0.009050000458955765,0.04639999940991402,0.07419999688863754,0.05270000174641609,0.06554999947547913,0.03945000097155571,0.04104999825358391,0.037050001323223114,0.03229999914765358
IND00731,2020-02-11,,,,,,440.0,,0.02,,,8.0,,,,,8.5,BILAWALI TALAB AT INDORE,22.6587,75.8642,India,,,,,,,,,,,1.2,63.0,,,,,,,,,,,,,,,,,,,,,,,,0.008999999612569809,0.00800000037997961,0.04690000042319298,0.07190000265836716,0.05130000039935112,0.05950000137090683,0.02850000001490116,0.028200000524520874,0.024399999529123306,0.018200000748038292
IND00731,2020-03-04,,,,,,657.0,,0.02,,,7.4,,,,,8.0,BILAWALI TALAB AT INDORE,22.6587,75.8642,India,,,,,,,,,,,1.4,120.0,,,,,,,,,,,,,,,,,,,,,,,,0.02459999918937683,0.01915000006556511,0.036249998956918716,0.06324999779462814,0.04495000094175339,0.053449999541044235,0.030649999156594276,0.02954999916255474,0.028750000521540642,0.027499999850988388
IND00731,2020-04-21,,,,,,488.0,,0.01,,,7.6,,,,,8.0,BILAWALI TALAB AT INDORE,22.6587,75.8642,India,,,,,,,,,,,1.2,70.0,,,,,,,,,,,,,,,,,,,,,,,,0.12479999661445618,0.11050000041723251,0.12319999933242798,0.15240000188350677,0.1436000019311905,0.15729999542236328,0.13910000026226044,0.13830000162124634,0.12160000205039978,0.13770000636577606
IND00731,2020-05-26,,,,,,498.0,,0.01,,,6.1,,,,,8.2,BILAWALI TALAB AT INDORE,22.6587,75.8642,India,,,,,,,,,,,1.1,58.0,,,,,,,,,,,,,,,,,,,,,,,,0.1281999945640564,0.11285000294446945,0.1590999960899353,0.18709999322891235,0.17489999532699585,0.18940000236034393,0.1459999978542328,0.14765000343322754,0.1437000036239624,0.13349999487400055
IND00731,2020-09-09,,,,,,373.0,,0.01,,,7.2,,,,,7.8,BILAWALI TALAB AT INDORE,22.6587,75.8642,India,,,,,,,,,,,1.0,46.0,,,,,,,,,,,,,,,,,,,,,,,,0.02930000051856041,0.02419999986886978,0.07639999687671661,0.09520000219345093,0.06310000270605087,0.0794999971985817,0.043299999088048935,0.042100001126527786,0.03440000116825104,0.03400000184774399
IND00731,2020-10-08,,,,,,408.0,,0.01,,,6.7,,,,,8.2,BILAWALI TALAB AT INDORE,22.6587,75.8642,India,,,,,,,,,,,0.9,41.0,,,,,,,,,,,,,,,,,,,,,,,,0.03554999828338623,0.029600000008940697,0.04780000075697899,0.06525000184774399,0.04780000075697899,0.05635000020265579,0.0421999990940094,0.04540000110864639,0.03884999826550484,0.041850000619888306
IND00731,2020-11-03,,,,,,388.0,,0.01,,,7.4,,,,,7.7,BILAWALI TALAB AT INDORE,22.6587,75.8642,India,,,,,,,,,,,1.0,41.0,,,,,,,,,,,,,,,,,,,,,,,,0.02449999935925007,0.01850000023841858,0.05979999899864197,0.07689999788999557,0.05795000120997429,0.06435000151395798,0.04904999956488609,0.04924999922513962,0.045099999755620956,0.043699998408555984
IND00731,2020-12-07,,,,,,1080.0,,0.01,,,7.3,,,,,7.8,BILAWALI TALAB AT INDORE,22.6587,75.8642,India,,,,,,,,,,,1.1,43.0,,,,,,,,,,,,,,,,,,,,,,,,0.010200000368058681,0.006800000090152025,0.04529999941587448,0.06639999896287918,0.04129999876022339,0.039000000804662704,0.021700000390410423,0.021199999377131462,0.014600000344216824,0.014100000262260437
IND00731,2021-01-15,,,,,,428.0,,0.01,,,7.9,,,,,8.0,BILAWALI TALAB AT INDORE,22.6587,75.8642,India,,,,,,,,,,,1.2,63.0,,,,,,,,,,,,,,,,,,,,,,,,0.009150000289082527,0.006300000008195639,0.041349999606609344,0.06624999642372131,0.046950001269578934,0.05034999921917915,0.0215000007301569,0.02095000073313713,0.01810000091791153,0.01590000092983246
IND00731,2021-02-09,,,,,,424.0,,0.01,,,7.8,,,,,8.0,BILAWALI TALAB AT INDORE,22.6587,75.8642,India,,,,,,,,,,,2.0,58.0,,,,,,,,,,,,,,,,,,,,,,,,0.012500000186264515,0.010049999691545963,0.03804999962449074,0.06549999862909317,0.049800001084804535,0.05195000022649765,0.023900000378489494,0.022700000554323196,0.019999999552965164,0.018149999901652336
IND00731,2021-03-02,,,,,,512.0,,0.02,,,7.5,,,,,7.6,BILAWALI TALAB AT INDORE,22.6587,75.8642,India,,,,,,,,,,,1.2,58.0,,,,,,,,,,,,,,,,,,,,,,,,0.017000000923871994,0.013199999928474426,0.04309999942779541,0.06780000030994415,0.0494999997317791,0.04910000041127205,0.027300000190734863,0.02710000053048134,0.026100000366568565,0.0215000007301569
IND00734,2018-12-14,,,,,,5.0,,0.4,,,7.0,,,,,7.8,GOVINDGARH LAKE,24.3743,81.2823,India,,,,,,,,,,,1.1,21.0,,,,,,,,,,,,,,,,,,,,,,,,0.012149999849498272,0.007799999788403511,0.04284999892115593,0.042249999940395355,0.032249998301267624,0.029600000008940697,0.030249999836087227,0.029899999499320984,0.027950000017881393,0.025200000032782555
IND00734,2019-01-16,,,,,,276.0,,,,,6.8,,,,,7.1,GOVINDGARH LAKE,24.3743,81.2823,India,,,,,,,,,,,1.2,27.0,,,,,,,,,,,,,,,,,,,,,,,,0.013500000350177288,0.009750000201165676,0.041450001299381256,0.038100000470876694,0.02775000035762787,0.028200000524520874,0.027400000020861626,0.02669999934732914,0.025750000029802322,0.024550000205636024
IND00734,2019-02-26,,,,,,270.0,,,,,6.5,,,,,7.1,GOVINDGARH LAKE,24.3743,81.2823,India,,,,,,,,,,,1.3,31.0,,,,,,,,,,,,,,,,,,,,,,,,0.01205000001937151,0.00925000011920929,0.020999999716877937,0.02250000089406967,0.013650000095367432,0.01334999967366457,0.014050000347197056,0.014100000262260437,0.013700000010430813,0.01355000026524067
IND00734,2019-10-09,,,,,,324.0,,,,,7.0,,,,,7.6,GOVINDGARH LAKE,24.3743,81.2823,India,,,,,,,,,,,1.1,41.0,,,,,,,,,,,,,,,,,,,,,,,,0.029650000855326653,0.02095000073313713,0.05054999887943268,0.05274999886751175,0.03644999861717224,0.051899999380111694,0.05575000122189522,0.05829999968409538,0.040550000965595245,0.05034999921917915
IND00734,2020-01-09,,,,,,382.0,,0.01,,,7.3,,,,,7.3,GOVINDGARH LAKE,24.3743,81.2823,India,,,,,,,,,,,0.7,32.0,,,,,,,,,,,,,,,,,,,,,,,,0.02669999934732914,0.014999999664723873,0.08540000021457672,0.07940000295639038,0.06340000033378601,0.06939999759197235,0.07500000298023224,0.07440000027418137,0.06549999862909317,0.06759999692440033
IND00734,2020-02-12,,,,,,354.0,,0.01,,,6.9,,,,,8.1,GOVINDGARH LAKE,24.3743,81.2823,India,,,,,,,,,,,1.0,38.0,,,,,,,,,,,,,,,,,,,,,,,,0.013150000013411045,0.010449999943375587,0.02944999933242798,0.025299999862909317,0.019300000742077827,0.020549999549984932,0.02174999937415123,0.02419999986886978,0.021649999544024467,0.021549999713897705
IND00734,2020-03-11,,,,,,234.0,,0.01,,,6.7,,,,,8.1,GOVINDGARH LAKE,24.3743,81.2823,India,,,,,,,,,,,0.8,41.0,,,,,,,,,,,,,,,,,,,,,,,,0.010499999858438969,0.009600000455975533,0.018850000575184822,0.017400000244379044,0.013199999928474426,0.013799999840557575,0.013949999585747719,0.012849999591708183,0.011699999682605267,0.01205000001937151
IND00734,2020-04-22,,,,,,229.0,,0.01,,,7.0,,,,,7.2,GOVINDGARH LAKE,24.3743,81.2823,India,,,,,,,,,,,0.8,32.0,,,,,,,,,,,,,,,,,,,,,,,,0.02645000070333481,0.01899999938905239,0.04235000163316727,0.04414999857544899,0.03400000184774399,0.03579999879002571,0.032999999821186066,0.0333000011742115,0.030899999663233757,0.03245000168681145
IND00734,2020-05-10,,,,,,260.0,,0.01,,,6.8,,,,,7.1,GOVINDGARH LAKE,24.3743,81.2823,India,,,,,,,,,,,0.9,34.0,,,,,,,,,,,,,,,,,,,,,,,,0.0864500030875206,0.07625000178813934,0.08285000175237656,0.08865000307559967,0.08529999852180481,0.09200000017881393,0.0868000015616417,0.0872500017285347,0.0864500030875206,0.08335000276565552
IND00734,2020-06-11,,,,,,248.0,,0.01,,,6.6,,,,,7.5,GOVINDGARH LAKE,24.3743,81.2823,India,,,,,,,,,,,1.1,40.0,,,,,,,,,,,,,,,,,,,,,,,,0.03720000013709068,0.026850000023841858,0.056299999356269836,0.06080000102519989,0.04715000092983246,0.050450000911951065,0.04365000128746033,0.04619999974966049,0.04495000094175339,0.04349999874830246
IND00734,2020-09-03,,,,,,220.0,,0.41,,,8.0,,,,,7.7,GOVINDGARH LAKE,24.3743,81.2823,India,,,,,,,,,,,1.6,46.0,,,,,,,,,,,,,,,,,,,,,,,,0.029200000688433647,0.02239999920129776,0.03240000084042549,0.03229999914765358,0.025299999862909317,0.02800000086426735,0.02879999950528145,0.03229999914765358,0.02969999983906746,0.03220000118017197
IND00734,2020-10-08,,,,,,233.0,,0.45,,,7.7,,,,,7.3,GOVINDGARH LAKE,24.3743,81.2823,India,,,,,,,,,,,1.7,41.0,,,,,,,,,,,,,,,,,,,,,,,,0.011800000444054604,0.007600000128149986,0.04554999992251396,0.04114999994635582,0.02800000086426735,0.0340999998152256,0.033649999648332596,0.03929999843239784,0.029100000858306885,0.03240000084042549
IND00734,2020-11-10,,,,,,240.0,,0.42,,,7.2,,,,,7.6,GOVINDGARH LAKE,24.3743,81.2823,India,,,,,,,,,,,1.3,47.0,,,,,,,,,,,,,,,,,,,,,,,,0.01954999938607216,0.011699999682605267,0.08415000140666962,0.07615000009536743,0.061149999499320984,0.06340000033378601,0.06154999881982803,0.0596500001847744,0.05420000106096268,0.05184999853372574
IND00734,2020-12-05,,,,,,258.0,,0.52,,,7.5,,,,,8.1,GOVINDGARH LAKE,24.3743,81.2823,India,,,,,,,,,,,2.0,46.0,,,,,,,,,,,,,,,,,,,,,,,,0.009999999776482582,0.006099999882280827,0.0369499996304512,0.03375000134110451,0.02500000037252903,0.024000000208616257,0.022549999877810478,0.021849999204277992,0.020400000736117363,0.019349999725818634
IND00734,2021-01-14,,,,,,279.0,,0.38,,,7.7,,,,,7.8,GOVINDGARH LAKE,24.3743,81.2823,India,,,,,,,,,,,1.0,38.0,,,,,,,,,,,,,,,,,,,,,,,,0.005100000184029341,0.003800000064074993,0.020800000056624413,0.0203000009059906,0.011900000274181366,0.011699999682605267,0.011900000274181366,0.01080000028014183,0.012600000016391277,0.010499999858438969
IND00785,2018-12-17,,,,,,262.0,,0.4,,,7.3,,,,,7.9,MAYEM LAKE BICHOLIM,15.5754,73.94,India,,,,,,,,,,,2.6,2300.0,,,,,,,,,,,,,,,,,,,,,,,,0.04830000177025795,0.027000000700354576,0.0142000000923872,0.02459999918937683,0.021299999207258224,0.03629999980330467,0.05889999866485596,0.061400000005960464,0.017400000244379044,0.07119999825954437
IND00785,2019-01-08,,,,,,150.0,,,,,7.9,,,,,7.9,MAYEM LAKE BICHOLIM,15.5754,73.94,India,,,,,,,,,,,2.6,2300.0,,,,,,,,,,,,,,,,,,,,,,,,0.0357000008225441,0.021449999883770943,0.022849999368190765,0.02734999917447567,0.022050000727176666,0.028599999845027924,0.039000000804662704,0.05299999937415123,0.02085000090301037,0.042500000447034836
IND00785,2019-03-20,,,,,,24578.0,,,,,7.6,,,,,7.3,MAYEM LAKE BICHOLIM,15.5754,73.94,India,,,,,,,,,,,2.1,7000.0,,,,,,,,,,,,,,,,,,,,,,,,0.06360000371932983,0.04390000179409981,0.03620000183582306,0.04670000076293945,0.03909999877214432,0.04969999939203262,0.06549999862909317,0.0722000002861023,0.04039999842643738,0.07720000296831131
IND00785,2019-04-23,,,,,,150.0,,,,,6.2,,,,,8.0,MAYEM LAKE BICHOLIM,15.5754,73.94,India,,,,,,,,,,,2.1,3300.0,,,,,,,,,,,,,,,,,,,,,,,,0.11909999698400497,0.08269999921321869,0.0421999990940094,0.052650000900030136,0.04944999888539314,0.07689999788999557,0.10414999723434448,0.11935000121593475,0.06265000253915787,0.1225999966263771
IND00785,2019-05-21,,,,,,150.0,,,,,6.0,,,,,6.8,MAYEM LAKE BICHOLIM,15.5754,73.94,India,,,,,,,,,,,2.0,1300.0,,,,,,,,,,,,,,,,,,,,,,,,0.1386999934911728,0.11089999973773956,0.07209999859333038,0.09300000220537186,0.09200000017881393,0.10760000348091125,0.12389999628067017,0.13850000500679016,0.10100000351667404,0.13650000095367432
IND00785,2019-12-10,,,,,,150.0,,,,,6.1,,,,,7.2,MAYEM LAKE BICHOLIM,15.5754,73.94,India,,,,,,,,,,,2.0,4900.0,,,,,,,,,,,,,,,,,,,,,,,,0.03319999948143959,0.017999999225139618,0.01769999973475933,0.03085000067949295,0.016200000420212746,0.02734999917447567,0.040300000458955765,0.054249998182058334,0.01140000019222498,0.04715000092983246
IND00785,2020-01-08,,,,,,51.0,,0.08,,,7.9,,,,,6.6,MAYEM LAKE BICHOLIM,15.5754,73.94,India,,,,,,,,,,,,4900.0,,,,,,,,,,,,,,,,,,,,,,,,0.033250000327825546,0.01795000024139881,0.02865000069141388,0.040150001645088196,0.02355000004172325,0.03085000067949295,0.04284999892115593,0.04205000028014183,0.021400000900030136,0.04879999905824661
IND00785,2020-02-07,,,,,,56.0,,0.05,,,7.1,,,,,6.8,MAYEM LAKE BICHOLIM,15.5754,73.94,India,,,,,,,,,,,,2300.0,,,,,,,,,,,,,,,,,,,,,,,,0.052650000900030136,0.02800000086426735,0.02590000070631504,0.03514999896287918,0.024800000712275505,0.042899999767541885,0.07204999774694443,0.07909999787807465,0.028049999848008156,0.0885000005364418
IND00785,2020-05-08,,,,,,59.0,,0.07,,,6.1,,,,,6.5,MAYEM LAKE BICHOLIM,15.5754,73.94,India,,,,,,,,,,,,2200.0,,,,,,,,,,,,,,,,,,,,,,,,0.12794999778270721,0.08749999850988388,0.04619999974966049,0.05829999968409538,0.05719999969005585,0.08349999785423279,0.11089999973773956,0.1289999932050705,0.0767500028014183,0.13975000381469727
IND00785,2021-02-05,,,,,,96.0,,0.4,,,5.9,,,,,6.75,MAYEM LAKE BICHOLIM,15.5754,73.94,India,,,,,,,,,,,1.1,330.0,,,,,,,,,,,,,,,,,,,,,,,,0.0471000000834465,0.02604999952018261,0.020800000056624413,0.028049999848008156,0.0215000007301569,0.030649999156594276,0.053449999541044235,0.06265000253915787,0.018549999222159386,0.06430000066757202
IND00785,2021-03-05,,,,,,47.0,,0.4,,,7.7,,,,,6.57,MAYEM LAKE BICHOLIM,15.5754,73.94,India,,,,,,,,,,,1.7,490.0,,,,,,,,,,,,,,,,,,,,,,,,0.06360000371932983,0.04050000011920929,0.03680000081658363,0.045899998396635056,0.03880000114440918,0.05130000039935112,0.06719999760389328,0.08060000091791153,0.03689999878406525,0.07769999653100967
IND00804,2020-01-10,,,,,,24900.0,,0.31,,,6.3,,,,,7.2,R CORAPUZHA AT KANAYANKODE,11.4444,75.7285,India,,,,,,,,,,,0.8,920.0,,,,,,,,,,,,,,,,,,,,,,,,0.015449999831616879,0.00559999980032444,0.032349999994039536,0.04190000146627426,0.02355000004172325,0.02005000039935112,0.015650000423192978,0.013500000350177288,0.02174999937415123,0.01810000091791153
IND00804,2020-02-12,,,,,,43600.0,,0.15,,,6.3,,,,,7.5,R CORAPUZHA AT KANAYANKODE,11.4444,75.7285,India,,,,,,,,,,,0.9,170.0,,,,,,,,,,,,,,,,,,,,,,,,0.019700000062584877,0.010499999858438969,0.05260000005364418,0.059700001031160355,0.042100001126527786,0.03660000115633011,0.03180000185966492,0.029200000688433647,0.03579999879002571,0.02290000021457672
IND00804,2020-03-10,,,,,,43200.0,,0.22,,,6.8,,,,,7.8,R CORAPUZHA AT KANAYANKODE,11.4444,75.7285,India,,,,,,,,,,,0.6,840.0,,,,,,,,,,,,,,,,,,,,,,,,0.020500000566244125,0.01360000018030405,0.04270000010728836,0.057999998331069946,0.041999999433755875,0.03849999979138374,0.026799999177455902,0.017000000923871994,0.022199999541044235,0.03180000185966492
IND00804,2020-04-11,,,,,,36420.0,,0.16,,,5.7,,,,,7.7,R CORAPUZHA AT KANAYANKODE,11.4444,75.7285,India,,,,,,,,,,,0.8,540.0,,,,,,,,,,,,,,,,,,,,,,,,0.1748500019311905,0.16300000250339508,0.18389999866485596,0.20270000398159027,0.20145000517368317,0.18915000557899475,0.19820000231266022,0.20845000445842743,0.20675000548362732,0.21320000290870667
IND00804,2020-05-02,,,,,,17950.0,,0.67,,,6.3,,,,,7.7,R CORAPUZHA AT KANAYANKODE,11.4444,75.7285,India,,,,,,,,,,,0.6,2100.0,,,,,,,,,,,,,,,,,,,,,,,,0.11230000108480453,0.09309999644756317,0.12960000336170197,0.1581999957561493,0.14560000598430634,0.133200004696846,0.12070000171661377,0.1200999990105629,0.13539999723434448,0.12160000205039978
IND00832,2019-01-04,,,,,,1601.0,,,,,2.2,,,,,7.4,LAXMINARAYANA CHERUVU AT EDULABAD RANGAREDDY,17.4249,78.6977,India,,,,,,,,,,,10.0,470.0,,,,,,,,,,,,,,,,,,,,,,,,0.009949999861419201,0.007499999832361937,0.029600000008940697,0.03685000166296959,0.025849999859929085,0.044449999928474426,0.02355000004172325,0.021199999377131462,0.01744999922811985,0.013899999670684338
IND00832,2019-02-07,,,,,,1680.0,,,,,2.3,,,,,7.3,LAXMINARAYANA CHERUVU AT EDULABAD RANGAREDDY,17.4249,78.6977,India,,,,,,,,,,,12.0,430.0,,,,,,,,,,,,,,,,,,,,,,,,0.015699999406933784,0.01269999984651804,0.04190000146627426,0.05139999836683273,0.037700001150369644,0.05900000035762787,0.03880000114440918,0.0364999994635582,0.031300000846385956,0.027799999341368675
IND00832,2019-03-11,,,,,,1720.0,,,,,2.2,,,,,7.3,LAXMINARAYANA CHERUVU AT EDULABAD RANGAREDDY,17.4249,78.6977,India,,,,,,,,,,,14.0,430.0,,,,,,,,,,,,,,,,,,,,,,,,0.030549999326467514,0.024700000882148743,0.03620000183582306,0.04969999939203262,0.03804999962449074,0.06004999950528145,0.03610000014305115,0.0364999994635582,0.030249999836087227,0.030549999326467514
IND00832,2019-04-17,,,,,,1730.0,,,,,2.4,,,,,7.5,LAXMINARAYANA CHERUVU AT EDULABAD RANGAREDDY,17.4249,78.6977,India,,,,,,,,,,,16.0,430.0,,,,,,,,,,,,,,,,,,,,,,,,0.036400001496076584,0.02954999916255474,0.053849998861551285,0.05894999951124191,0.04899999871850014,0.06800000369548798,0.05660000070929527,0.05665000155568123,0.04975000023841858,0.04670000076293945
IND00832,2019-05-06,,,,,,1792.0,,,,,1.8,,,,,7.2,LAXMINARAYANA CHERUVU AT EDULABAD RANGAREDDY,17.4249,78.6977,India,,,,,,,,,,,18.0,430.0,,,,,,,,,,,,,,,,,,,,,,,,0.07109999656677246,0.057999998331069946,0.06800000369548798,0.07954999804496765,0.0722000002861023,0.10010000318288803,0.08560000360012054,0.0868000015616417,0.0799499973654747,0.07594999670982361
IND00832,2019-09-21,,,,,,1316.0,,,,,2.8,,,,,7.8,LAXMINARAYANA CHERUVU AT EDULABAD RANGAREDDY,17.4249,78.6977,India,,,,,,,,,,,22.0,350.0,,,,,,,,,,,,,,,,,,,,,,,,0.042500000447034836,0.029500000178813934,0.08699999749660492,0.08500000089406967,0.06599999964237213,0.08129999786615372,0.05739999935030937,0.05889999866485596,0.05400000140070915,0.050700001418590546
IND00832,2020-01-10,,,,,,1342.0,,,,,0.1,,,,,7.9,LAXMINARAYANA CHERUVU AT EDULABAD RANGAREDDY,17.4249,78.6977,India,,,,,,,,,,,18.0,350.0,,,,,,,,,,,,,,,,,,,,,,,,0.01489999983459711,0.008249999955296516,0.05065000057220459,0.0478999987244606,0.03849999979138374,0.046950001269578934,0.03525000065565109,0.034299999475479126,0.02995000034570694,0.02824999950826168
IND00832,2020-02-10,,,,,,1381.0,,,,,0.1,,,,,7.8,LAXMINARAYANA CHERUVU AT EDULABAD RANGAREDDY,17.4249,78.6977,India,,,,,,,,,,,20.0,350.0,,,,,,,,,,,,,,,,,,,,,,,,0.015399999916553497,0.009200000204145908,0.05034999921917915,0.0507499985396862,0.03929999843239784,0.04964999854564667,0.042500000447034836,0.042100001126527786,0.03830000013113022,0.033649999648332596
IND00832,2020-03-10,,,,,,1554.0,,,,,2.9,,,,,8.6,LAXMINARAYANA CHERUVU AT EDULABAD RANGAREDDY,17.4249,78.6977,India,,,,,,,,,,,14.0,430.0,,,,,,,,,,,,,,,,,,,,,,,,0.028699999675154686,0.017000000923871994,0.060499999672174454,0.062150001525878906,0.05225000157952309,0.06880000233650208,0.06355000287294388,0.06560000032186508,0.05849999934434891,0.05705000087618828
IND00832,2020-04-13,,,,,,1502.0,,1.8,,,2.7,,,,,8.4,LAXMINARAYANA CHERUVU AT EDULABAD RANGAREDDY,17.4249,78.6977,India,,,,,,,,,,,7.1,430.0,,,,,,,,,,,,,,,,,,,,,,,,0.027149999514222145,0.01964999921619892,0.05195000022649765,0.060600001364946365,0.04845000058412552,0.06710000336170197,0.049949999898672104,0.049300000071525574,0.03994999825954437,0.039400000125169754
IND00832,2020-05-05,,,,,,1539.0,,0.9,,,4.3,,,,,7.7,LAXMINARAYANA CHERUVU AT EDULABAD RANGAREDDY,17.4249,78.6977,India,,,,,,,,,,,4.0,350.0,,,,,,,,,,,,,,,,,,,,,,,,0.0775500014424324,0.0625,0.10154999792575836,0.10440000146627426,0.09070000052452087,0.11304999887943268,0.09974999725818634,0.09794999659061432,0.08980000019073486,0.09184999763965607
IND00832,2020-06-09,,,,,,1630.0,,,,,4.9,,,,,7.1,LAXMINARAYANA CHERUVU AT EDULABAD RANGAREDDY,17.4249,78.6977,India,,,,,,,,,,,2.7,340.0,,,,,,,,,,,,,,,,,,,,,,,,0.05559999868273735,0.04414999857544899,0.053950000554323196,0.06684999912977219,0.057100001722574234,0.07405000180006027,0.05714999884366989,0.0551999993622303,0.04899999871850014,0.05139999836683273
IND00832,2020-09-01,,,,,,1335.0,,0.4,,,2.6,,,,,8.42,LAXMINARAYANA CHERUVU AT EDULABAD RANGAREDDY,17.4249,78.6977,India,,,,,,,,,,,6.0,2.0,,,,,,,,,,,,,,,,,,,,,,,,0.016249999403953552,0.013399999588727951,0.014050000347197056,0.019449999555945396,0.015650000423192978,0.028149999678134918,0.009700000286102295,0.00860000029206276,0.0035000001080334187,0.0066999997943639755
IND00832,2020-11-04,,,,,,1084.0,,0.4,,,5.8,,,,,7.42,LAXMINARAYANA CHERUVU AT EDULABAD RANGAREDDY,17.4249,78.6977,India,,,,,,,,,,,3.0,240.0,,,,,,,,,,,,,,,,,,,,,,,,0.01355000026524067,0.00839999970048666,0.03754999861121178,0.04390000179409981,0.034949999302625656,0.04170000180602074,0.03200000151991844,0.03220000118017197,0.026499999687075615,0.02785000018775463
IND00832,2020-12-18,,,,,,1192.0,,0.4,,,4.9,,,,,8.2,LAXMINARAYANA CHERUVU AT EDULABAD RANGAREDDY,17.4249,78.6977,India,,,,,,,,,,,2.9,210.0,,,,,,,,,,,,,,,,,,,,,,,,0.011749999597668648,0.00795000046491623,0.044849999248981476,0.04879999905824661,0.03460000082850456,0.049150001257658005,0.03125,0.028349999338388443,0.024700000882148743,0.023649999871850014
IND00832,2021-01-15,,,,,,1086.0,,0.1,,,5.4,,,,,7.82,LAXMINARAYANA CHERUVU AT EDULABAD RANGAREDDY,17.4249,78.6977,India,,,,,,,,,,,2.9,280.0,,,,,,,,,,,,,,,,,,,,,,,,0.016249999403953552,0.010499999858438969,0.05525000020861626,0.05700000002980232,0.042249999940395355,0.05274999886751175,0.0430000014603138,0.042149998247623444,0.03819999843835831,0.03539999946951866
IND00832,2021-02-26,,,,,,1267.0,,0.1,,,4.2,,,,,7.83,LAXMINARAYANA CHERUVU AT EDULABAD RANGAREDDY,17.4249,78.6977,India,,,,,,,,,,,2.4,350.0,,,,,,,,,,,,,,,,,,,,,,,,0.018699999898672104,0.012249999679625034,0.04340000078082085,0.04580000042915344,0.03784999996423721,0.05104999989271164,0.04154999926686287,0.040950000286102295,0.035599999129772186,0.03765000030398369
IND00832,2021-03-05,,,,,,1210.0,,0.1,,,3.8,,,,,7.99,LAXMINARAYANA CHERUVU AT EDULABAD RANGAREDDY,17.4249,78.6977,India,,,,,,,,,,,4.0,150.0,,,,,,,,,,,,,,,,,,,,,,,,0.017249999567866325,0.012249999679625034,0.03709999844431877,0.04385000094771385,0.0333000011742115,0.04360000044107437,0.03344999998807907,0.032099999487400055,0.0272000003606081,0.029750000685453415
IND00837,2018-03-07,,,,,,1015.0,,0.4,,,6.2,,,,,7.2,KONDAKARLA-AAVA LAKE PARAWADA PHARMA CITY VISHAKHA,17.6022,82.9974,India,,,,,,,,,,,1.2,1100.0,,,,,,,,,,,,,,,,,,,,,,,,0.027899999171495438,0.020400000736117363,0.006899999920278788,0.02500000037252903,0.017899999395012856,0.04430000111460686,0.04529999941587448,0.042100001126527786,0.03280000016093254,0.04340000078082085
IND00837,2018-12-15,,,,,,871.0,,0.4,,,6.1,,,,,7.3,KONDAKARLA-AAVA LAKE PARAWADA PHARMA CITY VISHAKHA,17.6022,82.9974,India,,,,,,,,,,,1.3,350.0,,,,,,,,,,,,,,,,,,,,,,,,0.12745000422000885,0.056699998676776886,0.07169999927282333,0.12139999866485596,0.06870000064373016,0.16204999387264252,0.2942500114440918,0.30285000801086426,0.3188999891281128,0.31255000829696655
IND00837,2019-01-08,,,,,,956.0,,,,,6.8,,,,,7.7,KONDAKARLA-AAVA LAKE PARAWADA PHARMA CITY VISHAKHA,17.6022,82.9974,India,,,,,,,,,,,1.8,240.0,,,,,,,,,,,,,,,,,,,,,,,,0.14055000245571136,0.06669999659061432,0.09934999793767929,0.1379999965429306,0.09624999761581421,0.18095000088214874,0.2960500121116638,0.31494998931884766,0.32499998807907104,0.32455000281333923
IND00837,2019-02-11,,,,,,1007.0,,,,,6.2,,,,,7.4,KONDAKARLA-AAVA LAKE PARAWADA PHARMA CITY VISHAKHA,17.6022,82.9974,India,,,,,,,,,,,1.6,460.0,,,,,,,,,,,,,,,,,,,,,,,,0.1298000067472458,0.06289999932050705,0.07580000162124634,0.1265999972820282,0.08129999786615372,0.1754000037908554,0.290800005197525,0.3046000003814697,0.3107999861240387,0.31299999356269836
IND00837,2019-03-08,,,,,,1132.0,,,,,6.2,,,,,7.0,KONDAKARLA-AAVA LAKE PARAWADA PHARMA CITY VISHAKHA,17.6022,82.9974,India,,,,,,,,,,,1.6,1100.0,,,,,,,,,,,,,,,,,,,,,,,,0.12020000070333481,0.06040000170469284,0.06840000301599503,0.12240000069141388,0.08709999918937683,0.17499999701976776,0.2669000029563904,0.2815000116825104,0.25540000200271606,0.2897999882698059
IND00837,2019-04-03,,,,,,1815.0,,,,,5.8,,,,,8.3,KONDAKARLA-AAVA LAKE PARAWADA PHARMA CITY VISHAKHA,17.6022,82.9974,India,,,,,,,,,,,1.7,460.0,,,,,,,,,,,,,,,,,,,,,,,,0.17980000376701355,0.10970000177621841,0.08619999885559082,0.1273999959230423,0.10100000351667404,0.1988999992609024,0.2653999924659729,0.28040000796318054,0.26579999923706055,0.29679998755455017
IND00837,2019-05-03,,,,,,1772.0,,,,,5.5,,,,,8.3,KONDAKARLA-AAVA LAKE PARAWADA PHARMA CITY VISHAKHA,17.6022,82.9974,India,,,,,,,,,,,1.8,410.0,,,,,,,,,,,,,,,,,,,,,,,,0.17219999432563782,0.10374999791383743,0.10490000247955322,0.14489999413490295,0.1143999993801117,0.1860000044107437,0.26225000619888306,0.280349999666214,0.26980000734329224,0.2847500145435333
IND00837,2019-08-03,,,,,,1881.0,,,,,5.2,,,,,7.6,KONDAKARLA-AAVA LAKE PARAWADA PHARMA CITY VISHAKHA,17.6022,82.9974,India,,,,,,,,,,,2.6,460.0,,,,,,,,,,,,,,,,,,,,,,,,0.18250000476837158,0.12449999898672104,0.12999999523162842,0.18140000104904175,0.1518000066280365,0.2004999965429306,0.2761000096797943,0.2782000005245209,0.266400009393692,0.30469998717308044
IND00837,2019-11-14,,,,,,941.0,,,,,5.8,,,,,8.3,KONDAKARLA-AAVA LAKE PARAWADA PHARMA CITY VISHAKHA,17.6022,82.9974,India,,,,,,,,,,,4.2,150.0,,,,,,,,,,,,,,,,,,,,,,,,0.09049999713897705,0.04170000180602074,0.050200000405311584,0.08560000360012054,0.050700001418590546,0.11620000004768372,0.18230000138282776,0.18719999492168427,0.17299999296665192,0.186599999666214
IND00837,2019-12-07,,,,,,714.0,,,,,5.0,,,,,8.5,KONDAKARLA-AAVA LAKE PARAWADA PHARMA CITY VISHAKHA,17.6022,82.9974,India,,,,,,,,,,,2.3,240.0,,,,,,,,,,,,,,,,,,,,,,,,0.14824999868869781,0.06710000336170197,0.0588500015437603,0.1193000003695488,0.06030000001192093,0.16859999299049377,0.30094999074935913,0.31150001287460327,0.29190000891685486,0.30630001425743103
IND00837,2020-01-22,,,,,,782.0,,0.25,,,5.2,,,,,7.5,KONDAKARLA-AAVA LAKE PARAWADA PHARMA CITY VISHAKHA,17.6022,82.9974,India,,,,,,,,,,,3.0,210.0,,,,,,,,,,,,,,,,,,,,,,,,0.15620000660419464,0.07100000232458115,0.06859999895095825,0.1356000006198883,0.0729999989271164,0.18940000236034393,0.33739998936653137,0.3571999967098236,0.3529999852180481,0.3671000003814697
IND00837,2020-02-11,,,,,,654.0,,0.1,,,5.6,,,,,7.3,KONDAKARLA-AAVA LAKE PARAWADA PHARMA CITY VISHAKHA,17.6022,82.9974,India,,,,,,,,,,,2.8,210.0,,,,,,,,,,,,,,,,,,,,,,,,0.16439999639987946,0.07609999924898148,0.07635000348091125,0.1339000016450882,0.07795000076293945,0.1875,0.3626500070095062,0.39274999499320984,0.3871000111103058,0.399399995803833
IND00837,2020-03-18,,,,,,798.0,,0.1,,,4.5,,,,,7.4,KONDAKARLA-AAVA LAKE PARAWADA PHARMA CITY VISHAKHA,17.6022,82.9974,India,,,,,,,,,,,2.8,240.0,,,,,,,,,,,,,,,,,,,,,,,,0.18074999749660492,0.0904499962925911,0.08434999734163284,0.13490000367164612,0.08444999903440475,0.20239999890327454,0.37595000863075256,0.39640000462532043,0.3874000012874603,0.40560001134872437
IND00837,2020-04-11,,,,,,640.0,,0.12,,,5.8,,,,,7.6,KONDAKARLA-AAVA LAKE PARAWADA PHARMA CITY VISHAKHA,17.6022,82.9974,India,,,,,,,,,,,2.6,460.0,,,,,,,,,,,,,,,,,,,,,,,,0.2781499922275543,0.1834000051021576,0.10790000110864639,0.17399999499320984,0.13750000298023224,0.2583500146865845,0.43650001287460327,0.4643999934196472,0.4535999894142151,0.4738500118255615
IND00837,2020-05-23,,,,,,656.0,,0.18,,,4.2,,,,,7.5,KONDAKARLA-AAVA LAKE PARAWADA PHARMA CITY VISHAKHA,17.6022,82.9974,India,,,,,,,,,,,3.8,210.0,,,,,,,,,,,,,,,,,,,,,,,,0.2549999952316284,0.14890000224113464,0.16349999606609344,0.19509999454021454,0.1618500053882599,0.24275000393390656,0.36344999074935913,0.38580000400543213,0.38440001010894775,0.39375001192092896
IND00837,2020-06-04,,,,,,768.0,,0.08,,,3.8,,,,,7.8,KONDAKARLA-AAVA LAKE PARAWADA PHARMA CITY VISHAKHA,17.6022,82.9974,India,,,,,,,,,,,4.4,150.0,,,,,,,,,,,,,,,,,,,,,,,,0.1867000013589859,0.09619999676942825,0.08460000157356262,0.13660000264644623,0.07890000194311142,0.19580000638961792,0.3702999949455261,0.40549999475479126,0.35260000824928284,0.4104999899864197
IND00837,2020-09-04,,,,,,874.0,,0.08,,,6.8,,,,,7.1,KONDAKARLA-AAVA LAKE PARAWADA PHARMA CITY VISHAKHA,17.6022,82.9974,India,,,,,,,,,,,4.8,240.0,,,,,,,,,,,,,,,,,,,,,,,,0.133200004696846,0.06430000066757202,0.08515000343322754,0.12880000472068787,0.08034999668598175,0.17444999516010284,0.2752000093460083,0.2962000072002411,0.27950000762939453,0.2991499900817871
IND00837,2020-11-03,,,,,,580.0,,0.02,,,5.0,,,,,7.1,KONDAKARLA-AAVA LAKE PARAWADA PHARMA CITY VISHAKHA,17.6022,82.9974,India,,,,,,,,,,,2.6,210.0,,,,,,,,,,,,,,,,,,,,,,,,0.09009999781847,0.04670000076293945,0.05820000171661377,0.09160000085830688,0.06300000101327896,0.13570000231266022,0.19900000095367432,0.2092999964952469,0.1923999935388565,0.2126999944448471
IND00837,2020-12-18,,,,,,640.0,,0.06,,,5.8,,,,,7.2,KONDAKARLA-AAVA LAKE PARAWADA PHARMA CITY VISHAKHA,17.6022,82.9974,India,,,,,,,,,,,2.4,210.0,,,,,,,,,,,,,,,,,,,,,,,,0.06539999693632126,0.02905000001192093,0.0523499995470047,0.08874999731779099,0.051899999380111694,0.10840000212192535,0.1501999944448471,0.14994999766349792,0.1607999950647354,0.1547500044107437
IND00837,2021-01-08,,,,,,658.0,,0.15,,,5.4,,,,,7.8,KONDAKARLA-AAVA LAKE PARAWADA PHARMA CITY VISHAKHA,17.6022,82.9974,India,,,,,,,,,,,2.0,240.0,,,,,,,,,,,,,,,,,,,,,,,,0.07159999758005142,0.03290000185370445,0.039000000804662704,0.07410000264644623,0.04439999908208847,0.11569999903440475,0.16830000281333923,0.16680000722408295,0.1428000032901764,0.16060000658035278
IND00837,2021-02-16,,,,,,912.0,,0.13,,,6.8,,,,,7.5,KONDAKARLA-AAVA LAKE PARAWADA PHARMA CITY VISHAKHA,17.6022,82.9974,India,,,,,,,,,,,1.9,210.0,,,,,,,,,,,,,,,,,,,,,,,,0.10540000349283218,0.0494999997317791,0.07540000230073929,0.11670000106096268,0.07365000247955322,0.1525000035762787,0.22605000436306,0.23350000381469727,0.21729999780654907,0.2387000024318695
IND00837,2021-03-20,,,,,,890.0,,0.04,,,6.0,,,,,7.42,KONDAKARLA-AAVA LAKE PARAWADA PHARMA CITY VISHAKHA,17.6022,82.9974,India,,,,,,,,,,,2.4,210.0,,,,,,,,,,,,,,,,,,,,,,,,0.1281999945640564,0.06260000169277191,0.08950000256299973,0.12380000203847885,0.0860000029206276,0.16120000183582306,0.26159998774528503,0.2791999876499176,0.2651999890804291,0.28189998865127563
IND00904,2018-03-06,,,,,,247.0,,0.4,,,6.8,,,,,7.8,ANSHUPA LAKE KADALIBARI,20.464,85.599,India,,,,,,,,,,,2.2,9200.0,,,,,,,,,,,,,,,,,,,,,,,,0.03660000115633011,0.0272000003606081,0.04529999941587448,0.052799999713897705,0.04529999941587448,0.05559999868273735,0.05139999836683273,0.04699999839067459,0.04560000076889992,0.04569999873638153
IND00904,2019-01-04,,,,,,181.0,,1.7,,,5.5,,,,,7.1,ANSHUPA LAKE KADALIBARI,20.464,85.599,India,,,,,,,,,,,,170.0,,,,,,,,,,,,,,,,,,,,,,,,0.04050000011920929,0.02329999953508377,0.061799999326467514,0.06859999895095825,0.05939999967813492,0.07810000330209732,0.08529999852180481,0.09669999778270721,0.11349999904632568,0.08420000225305557
IND00904,2019-02-05,,,,,,150.0,,0.6,,,4.9,,,,,8.0,ANSHUPA LAKE KADALIBARI,20.464,85.599,India,,,,,,,,,,,1.3,170.0,,,,,,,,,,,,,,,,,,,,,,,,0.02410000003874302,0.015200000256299973,0.048900000751018524,0.05355000123381615,0.042899999767541885,0.04960000142455101,0.04975000023841858,0.055649999529123306,0.06674999743700027,0.0515500009059906
IND00904,2019-03-07,,,,,,234.0,,0.6,,,6.6,,,,,7.4,ANSHUPA LAKE KADALIBARI,20.464,85.599,India,,,,,,,,,,,2.1,5400.0,,,,,,,,,,,,,,,,,,,,,,,,0.04690000042319298,0.027899999171495438,0.05034999921917915,0.05595000088214874,0.04540000110864639,0.06105000153183937,0.06984999775886536,0.07479999959468842,0.06584999710321426,0.07114999741315842
IND00904,2019-04-03,,,,,,150.0,,0.6,,,6.6,,,,,8.4,ANSHUPA LAKE KADALIBARI,20.464,85.599,India,,,,,,,,,,,2.0,2200.0,,,,,,,,,,,,,,,,,,,,,,,,0.04904999956488609,0.03099999949336052,0.040300000458955765,0.04650000110268593,0.03864999860525131,0.05795000120997429,0.07129999995231628,0.07209999859333038,0.060350000858306885,0.07280000299215317
IND00904,2019-05-14,,,,,,155.0,,,,,7.2,,,,,7.0,ANSHUPA LAKE KADALIBARI,20.464,85.599,India,,,,,,,,,,,2.1,2800.0,,,,,,,,,,,,,,,,,,,,,,,,0.08184999972581863,0.05764999985694885,0.06334999948740005,0.0754999965429306,0.061799999326467514,0.08744999766349792,0.10485000163316727,0.10935000330209732,0.10925000160932541,0.10684999823570251
IND00904,2019-06-06,,,,,,150.0,,0.6,,,6.0,,,,,7.1,ANSHUPA LAKE KADALIBARI,20.464,85.599,India,,,,,,,,,,,2.1,400.0,,,,,,,,,,,,,,,,,,,,,,,,0.18690000474452972,0.10840000212192535,0.07559999823570251,0.11779999732971191,0.06610000133514404,0.14480000734329224,0.24330000579357147,0.2578999996185303,0.27549999952316284,0.275299996137619
IND00904,2019-10-01,,,,,,150.0,,0.6,,,6.9,,,,,7.4,ANSHUPA LAKE KADALIBARI,20.464,85.599,India,,,,,,,,,,,,490.0,,,,,,,,,,,,,,,,,,,,,,,,0.026900000870227814,0.017400000244379044,0.05389999970793724,0.05460000038146973,0.035599999129772186,0.04769999906420708,0.05909999832510948,0.06210000067949295,0.05139999836683273,0.055799998342990875
IND00904,2019-11-05,,,,,,150.0,,0.8,,,7.4,,,,,6.7,ANSHUPA LAKE KADALIBARI,20.464,85.599,India,,,,,,,,,,,1.5,460.0,,,,,,,,,,,,,,,,,,,,,,,,0.03344999998807907,0.01679999940097332,0.05900000035762787,0.06610000133514404,0.05054999887943268,0.06610000133514404,0.07109999656677246,0.07429999858140945,0.06210000067949295,0.06949999928474426
IND00904,2019-12-03,,,,,,150.0,,0.6,,,8.1,,,,,7.8,ANSHUPA LAKE KADALIBARI,20.464,85.599,India,,,,,,,,,,,1.2,790.0,,,,,,,,,,,,,,,,,,,,,,,,0.020800000056624413,0.011500000022351742,0.043699998408555984,0.0478999987244606,0.03779999911785126,0.04500000178813934,0.04619999974966049,0.0471000000834465,0.04430000111460686,0.04129999876022339
IND00904,2020-01-03,,,,,,150.0,,0.84,,,6.7,,,,,8.0,ANSHUPA LAKE KADALIBARI,20.464,85.599,India,,,,,,,,,,,1.0,4900.0,,,,,,,,,,,,,,,,,,,,,,,,0.01915000006556511,0.010850000195205212,0.05065000057220459,0.04910000041127205,0.03909999877214432,0.040699999779462814,0.03929999843239784,0.04039999842643738,0.03644999861717224,0.03635000064969063
IND00904,2020-02-04,,,,,,1888.0,,1.12,,,7.5,,,,,8.2,ANSHUPA LAKE KADALIBARI,20.464,85.599,India,,,,,,,,,,,0.8,490.0,,,,,,,,,,,,,,,,,,,,,,,,0.027400000020861626,0.016200000420212746,0.07360000163316727,0.07339999824762344,0.061500001698732376,0.06710000336170197,0.06270000338554382,0.06650000065565109,0.05350000038743019,0.05660000070929527
IND00904,2020-03-02,,,,,,186.0,,0.84,,,6.4,,,,,8.1,ANSHUPA LAKE KADALIBARI,20.464,85.599,India,,,,,,,,,,,1.1,790.0,,,,,,,,,,,,,,,,,,,,,,,,0.022050000727176666,0.014299999922513962,0.0575999990105629,0.05649999901652336,0.0434500016272068,0.0466499999165535,0.04490000009536743,0.04464999958872795,0.039000000804662704,0.03824999928474426
IND00904,2020-04-16,,,,,,196.0,,,,,6.8,,,,,7.9,ANSHUPA LAKE KADALIBARI,20.464,85.599,India,,,,,,,,,,,0.6,1700.0,,,,,,,,,,,,,,,,,,,,,,,,0.046149998903274536,0.03424999862909317,0.06395000219345093,0.06989999860525131,0.0604499988257885,0.06469999998807907,0.05894999951124191,0.05795000120997429,0.04884999990463257,0.05719999969005585
IND00904,2020-05-27,,,,,,157.0,,,,,7.6,,,,,7.4,ANSHUPA LAKE KADALIBARI,20.464,85.599,India,,,,,,,,,,,1.1,2200.0,,,,,,,,,,,,,,,,,,,,,,,,0.09730000048875809,0.07050000131130219,0.121799997985363,0.12999999523162842,0.11840000003576279,0.11209999769926071,0.11100000143051147,0.11860000342130661,0.12300000339746475,0.11069999635219574
IND00904,2020-06-09,,,,,,148.0,,0.56,,,7.8,,,,,7.4,ANSHUPA LAKE KADALIBARI,20.464,85.599,India,,,,,,,,,,,,2800.0,,,,,,,,,,,,,,,,,,,,,,,,0.045899998396635056,0.03310000151395798,0.05700000002980232,0.061400000005960464,0.048700001090765,0.05999999865889549,0.05420000106096268,0.059300001710653305,0.03830000013113022,0.052400000393390656
IND00904,2020-07-01,,,,,,184.0,,,,,7.6,,,,,8.4,ANSHUPA LAKE KADALIBARI,20.464,85.599,India,,,,,,,,,,,2.5,2200.0,,,,,,,,,,,,,,,,,,,,,,,,0.034299999475479126,0.026799999177455902,0.04809999838471413,0.05009999871253967,0.03550000116229057,0.04600000008940697,0.04859999939799309,0.05550000071525574,0.03150000050663948,0.05220000073313713
IND00904,2020-08-05,,,,,,92.0,,2.24,,,5.1,,,,,6.9,ANSHUPA LAKE KADALIBARI,20.464,85.599,India,,,,,,,,,,,1.8,5400.0,,,,,,,,,,,,,,,,,,,,,,,,0.48510000109672546,0.4311999976634979,0.39500001072883606,0.39079999923706055,0.3725999891757965,0.4578000009059906,0.48809999227523804,0.4925999939441681,0.45489999651908875,0.4982999861240387
IND00904,2020-11-04,,,,,,127.0,,0.56,,,7.4,,,,,7.9,ANSHUPA LAKE KADALIBARI,20.464,85.599,India,,,,,,,,,,,1.5,1400.0,,,,,,,,,,,,,,,,,,,,,,,,0.11249999701976776,0.057100001722574234,0.050999999046325684,0.08309999853372574,0.0421999990940094,0.09749999642372131,0.19120000302791595,0.21119999885559082,0.24690000712871552,0.23229999840259552
IND00904,2020-12-14,,,,,,133.0,,,,,7.8,,,,,7.7,ANSHUPA LAKE KADALIBARI,20.464,85.599,India,,,,,,,,,,,1.9,2800.0,,,,,,,,,,,,,,,,,,,,,,,,0.1878499984741211,0.10135000199079514,0.08015000075101852,0.11569999903440475,0.06925000250339508,0.1578499972820282,0.31679999828338623,0.33765000104904175,0.375,0.3485499918460846
IND00904,2021-01-05,,,,,,212.0,,0.56,,,7.5,,,,,7.4,ANSHUPA LAKE KADALIBARI,20.464,85.599,India,,,,,,,,,,,1.4,2200.0,,,,,,,,,,,,,,,,,,,,,,,,0.1876000016927719,0.09600000083446503,0.08380000293254852,0.10899999737739563,0.07419999688863754,0.16189999878406525,0.29409998655319214,0.3303000032901764,0.34599998593330383,0.34689998626708984
IND00904,2021-02-02,,,,,,142.0,,,,,7.5,,,,,8.1,ANSHUPA LAKE KADALIBARI,20.464,85.599,India,,,,,,,,,,,1.5,2400.0,,,,,,,,,,,,,,,,,,,,,,,,0.12144999951124191,0.06655000150203705,0.07284999638795853,0.08784999698400497,0.06674999743700027,0.11990000307559967,0.20669999718666077,0.22679999470710754,0.2467000037431717,0.24255000054836273
IND00904,2021-03-02,,,,,,241.0,,1.68,,,7.2,,,,,8.4,ANSHUPA LAKE KADALIBARI,20.464,85.599,India,,,,,,,,,,,1.5,4700.0,,,,,,,,,,,,,,,,,,,,,,,,0.15680000185966492,0.08219999819993973,0.05730000138282776,0.08330000191926956,0.05299999937415123,0.11860000342130661,0.23119999468326569,0.2578999996185303,0.2897999882698059,0.27379998564720154
IND00943,2018-12-14,,,,,,98.0,,0.4,,,6.9,,,,,7.41,MIRIKH LAKE DARJEELING,26.89,88.1803,India,,,,,,,,,,,2.7,5000.0,,,,,,,,,,,,,,,,,,,,,,,,0.15940000116825104,0.09239999949932098,0.013199999928474426,0.02969999983906746,0.019700000062584877,0.08619999885559082,0.19059999287128448,0.2402999997138977,0.23309999704360962,0.24160000681877136
IND00943,2019-01-17,,,,,,150.0,,,,,7.1,,,,,7.9,MIRIKH LAKE DARJEELING,26.89,88.1803,India,,,,,,,,,,,2.8,6000.0,,,,,,,,,,,,,,,,,,,,,,,,0.18870000541210175,0.11299999803304672,0.040300000458955765,0.057500001043081284,0.04580000042915344,0.09080000221729279,0.18050000071525574,0.21559999883174896,0.20839999616146088,0.23569999635219574
IND00943,2019-02-04,,,,,,150.0,,,,,6.5,,,,,7.7,MIRIKH LAKE DARJEELING,26.89,88.1803,India,,,,,,,,,,,2.8,11000.0,,,,,,,,,,,,,,,,,,,,,,,,0.2134000062942505,0.14569999277591705,0.12285000085830688,0.12195000052452087,0.10175000131130219,0.1570499986410141,0.23029999434947968,0.2447499930858612,0.25725001096725464,0.24719999730587006
IND00943,2019-03-20,,,,,,168.0,,,,,6.7,,,,,6.4,MIRIKH LAKE DARJEELING,26.89,88.1803,India,,,,,,,,,,,2.8,14000.0,,,,,,,,,,,,,,,,,,,,,,,,0.19975000619888306,0.1356000006198883,0.04814999923110008,0.06480000168085098,0.05350000038743019,0.10620000213384628,0.19179999828338623,0.2061000019311905,0.2214999943971634,0.23405000567436218
IND00943,2019-04-12,,,,,,150.0,,,,,6.8,,,,,6.8,MIRIKH LAKE DARJEELING,26.89,88.1803,India,,,,,,,,,,,3.1,14000.0,,,,,,,,,,,,,,,,,,,,,,,,0.19820000231266022,0.11089999973773956,0.0333000011742115,0.0471000000834465,0.03269999846816063,0.1054999977350235,0.22040000557899475,0.23749999701976776,0.23240000009536743,0.26570001244544983
IND00943,2019-11-29,,,,,,150.0,,,,,6.0,,,,,6.9,MIRIKH LAKE DARJEELING,26.89,88.1803,India,,,,,,,,,,,2.7,8000.0,,,,,,,,,,,,,,,,,,,,,,,,0.5831999778747559,0.5382000207901001,0.6747999787330627,0.6592000126838684,0.6308000087738037,0.6639999747276306,0.6586999893188477,0.6439999938011169,0.6908000111579895,0.6349999904632568
IND00943,2020-01-27,,,,,,46.21,,,,,6.7,,,,,6.5,MIRIKH LAKE DARJEELING,26.89,88.1803,India,,,,,,,,,,,2.8,5000.0,,,,,,,,,,,,,,,,,,,,,,,,0.1665000021457672,0.10490000247955322,0.023900000378489494,0.03790000081062317,0.02630000002682209,0.08219999819993973,0.19339999556541443,0.21570000052452087,0.21770000457763672,0.24390000104904175
IND00943,2020-02-26,,,,,,128.0,,,,,5.4,,,,,7.54,MIRIKH LAKE DARJEELING,26.89,88.1803,India,,,,,,,,,,,2.8,2200.0,,,,,,,,,,,,,,,,,,,,,,,,0.17870000004768372,0.1054999977350235,0.01889999955892563,0.03370000049471855,0.02410000003874302,0.094200000166893,0.19169999659061432,0.2378000020980835,0.21480000019073486,0.24490000307559967
IND00943,2021-02-26,,,,,,196.0,,0.73,,,6.5,,,,,6.97,MIRIKH LAKE DARJEELING,26.89,88.1803,India,,,,,,,,,,,1.8,7000.0,,,,,,,,,,,,,,,,,,,,,,,,0.19280000030994415,0.11599999666213989,0.027899999171495438,0.04569999873638153,0.03869999945163727,0.09290000051259995,0.18790000677108765,0.2076999992132187,0.19359999895095825,0.22130000591278076
IND00943,2021-03-25,,,,,,161.0,,,,,6.2,,,,,7.4,MIRIKH LAKE DARJEELING,26.89,88.1803,India,,,,,,,,,,,2.4,14000.0,,,,,,,,,,,,,,,,,,,,,,,,0.18960000574588776,0.13420000672340393,0.055399999022483826,0.06750000268220901,0.06199999898672104,0.11699999868869781,0.17399999499320984,0.17980000376701355,0.19030000269412994,0.21140000224113464
IND00954,2018-12-17,,,,,,438.0,,0.4,,,6.2,,,,,7.4,SAHEBBANDH AT PURULIA,23.3387,86.3574,India,,,,,,,,,,,2.6,5000.0,,,,,,,,,,,,,,,,,,,,,,,,0.09210000187158585,0.05350000038743019,0.07410000264644623,0.0786999985575676,0.06620000302791595,0.08174999803304672,0.13085000216960907,0.1542000025510788,0.15205000340938568,0.16050000488758087
IND00954,2019-01-14,,,,,,470.0,,,,,9.4,,,,,7.6,SAHEBBANDH AT PURULIA,23.3387,86.3574,India,,,,,,,,,,,2.7,17000.0,,,,,,,,,,,,,,,,,,,,,,,,0.04309999942779541,0.026499999687075615,0.08560000360012054,0.08460000157356262,0.06620000302791595,0.07360000163316727,0.07289999723434448,0.07559999823570251,0.06509999930858612,0.06689999997615814
IND00954,2019-02-14,,,,,,550.0,,,,,8.2,,,,,7.6,SAHEBBANDH AT PURULIA,23.3387,86.3574,India,,,,,,,,,,,3.8,28000.0,,,,,,,,,,,,,,,,,,,,,,,,0.049400001764297485,0.03009999915957451,0.0737999975681305,0.07639999687671661,0.0658000037074089,0.0722000002861023,0.07699999958276749,0.07609999924898148,0.06610000133514404,0.07689999788999557
IND00954,2019-03-07,,,,,,604.0,,0.5,,,9.6,,,,,7.8,SAHEBBANDH AT PURULIA,23.3387,86.3574,India,,,,,,,,,,,3.7,3400.0,,,,,,,,,,,,,,,,,,,,,,,,0.05770000070333481,0.039400000125169754,0.024800000712275505,0.03750000149011612,0.03139999881386757,0.04270000010728836,0.05090000107884407,0.05590000003576279,0.04149999842047691,0.07599999755620956
IND00954,2019-04-11,,,,,,617.0,,,,,8.2,,,,,8.2,SAHEBBANDH AT PURULIA,23.3387,86.3574,India,,,,,,,,,,,5.5,14000.0,,,,,,,,,,,,,,,,,,,,,,,,0.07429999858140945,0.05270000174641609,0.05290000140666962,0.06729999929666519,0.054999999701976776,0.07079999893903732,0.07930000126361847,0.08389999717473984,0.0658000037074089,0.0966000035405159
IND00954,2019-05-06,,,,,,552.0,,0.5,,,8.6,,,,,8.3,SAHEBBANDH AT PURULIA,23.3387,86.3574,India,,,,,,,,,,,3.9,14000.0,,,,,,,,,,,,,,,,,,,,,,,,0.1371999979019165,0.10199999809265137,0.06279999762773514,0.08669999986886978,0.0851999968290329,0.11060000211000443,0.14000000059604645,0.14970000088214874,0.12720000743865967,0.16120000183582306
IND00954,2019-06-20,,,,,,562.0,,,,,8.4,,,,,8.2,SAHEBBANDH AT PURULIA,23.3387,86.3574,India,,,,,,,,,,,3.7,4700.0,,,,,,,,,,,,,,,,,,,,,,,,0.09539999812841415,0.06719999760389328,0.027499999850988388,0.04540000110864639,0.04349999874830246,0.07169999927282333,0.08659999817609787,0.09030000120401382,0.05860000103712082,0.10540000349283218
IND00954,2019-09-19,,,,,,349.0,,,,,8.3,,,,,7.8,SAHEBBANDH AT PURULIA,23.3387,86.3574,India,,,,,,,,,,,3.1,2500.0,,,,,,,,,,,,,,,,,,,,,,,,0.03920000046491623,0.022050000727176666,0.05000000074505806,0.06994999945163727,0.04334999993443489,0.07079999893903732,0.07204999774694443,0.08465000241994858,0.05355000123381615,0.07729999721050262
IND00954,2019-10-31,,,,,,406.0,,,,,8.0,,,,,8.5,SAHEBBANDH AT PURULIA,23.3387,86.3574,India,,,,,,,,,,,3.0,12000.0,,,,,,,,,,,,,,,,,,,,,,,,0.03929999843239784,0.022700000554323196,0.09385000169277191,0.10159999877214432,0.0783500000834465,0.0970500037074089,0.0864500030875206,0.08715000003576279,0.07145000249147415,0.07434999942779541
IND00954,2019-11-19,,,,,,338.0,,,,,8.6,,,,,8.2,SAHEBBANDH AT PURULIA,23.3387,86.3574,India,,,,,,,,,,,3.1,3800.0,,,,,,,,,,,,,,,,,,,,,,,,0.03840000182390213,0.022600000724196434,0.045899998396635056,0.061799999326467514,0.038600001484155655,0.06400000303983688,0.05490000173449516,0.06360000371932983,0.03869999945163727,0.06729999929666519
IND00954,2019-12-05,,,,,,,,0.6,,,8.8,,,,,7.7,SAHEBBANDH AT PURULIA,23.3387,86.3574,India,,,,,,,,,,,3.3,4300.0,,,,,,,,,,,,,,,,,,,,,,,,0.04520000144839287,0.02590000070631504,0.09440000355243683,0.10379999876022339,0.08049999922513962,0.09950000047683716,0.094200000166893,0.10080000013113022,0.08229999989271164,0.08560000360012054
IND00954,2020-01-09,,,,,,402.0,,,,,9.1,,,,,7.84,SAHEBBANDH AT PURULIA,23.3387,86.3574,India,,,,,,,,,,,2.85,4000.0,,,,,,,,,,,,,,,,,,,,,,,,0.027400000020861626,0.017000000923871994,0.05310000106692314,0.0746999979019165,0.04820000007748604,0.07810000330209732,0.05909999832510948,0.061900001019239426,0.049300000071525574,0.0471000000834465
IND00954,2020-02-10,,,,,,401.0,,,,,8.9,,,,,7.48,SAHEBBANDH AT PURULIA,23.3387,86.3574,India,,,,,,,,,,,3.55,4100.0,,,,,,,,,,,,,,,,,,,,,,,,0.043800000101327896,0.02979999966919422,0.0494999997317791,0.05790000036358833,0.04470000043511391,0.06889999657869339,0.07109999656677246,0.0714000016450882,0.05260000005364418,0.07599999755620956
IND00954,2020-05-28,,,,,,467.0,,,,,8.7,,,,,7.5,SAHEBBANDH AT PURULIA,23.3387,86.3574,India,,,,,,,,,,,3.4,4900.0,,,,,,,,,,,,,,,,,,,,,,,,0.10554999858140945,0.08240000158548355,0.061250001192092896,0.08624999970197678,0.0723000019788742,0.11490000039339066,0.12129999697208405,0.13650000095367432,0.09194999933242798,0.1348000019788742
IND00954,2020-06-30,,,,,,443.0,,,,,9.2,,,,,8.33,SAHEBBANDH AT PURULIA,23.3387,86.3574,India,,,,,,,,,,,3.85,4600.0,,,,,,,,,,,,,,,,,,,,,,,,0.3330000042915344,0.24969999492168427,0.2773999869823456,0.27079999446868896,0.25459998846054077,0.3001999855041504,0.35100001096725464,0.37139999866485596,0.3319999873638153,0.3790999948978424
IND00954,2020-07-21,,,,,,363.0,,,,,9.5,,,,,7.49,SAHEBBANDH AT PURULIA,23.3387,86.3574,India,,,,,,,,,,,3.95,4800.0,,,,,,,,,,,,,,,,,,,,,,,,0.058400001376867294,0.04149999842047691,0.07670000195503235,0.09399999678134918,0.06530000269412994,0.1039000004529953,0.11129999905824661,0.12530000507831573,0.08780000358819962,0.12240000069141388
IND00954,2021-01-15,,,,,,409.0,,0.21,,,9.2,,,,,7.29,SAHEBBANDH AT PURULIA,23.3387,86.3574,India,,,,,,,,,,,3.1,4700.0,,,,,,,,,,,,,,,,,,,,,,,,0.0677499994635582,0.03994999825954437,0.12470000237226486,0.12639999389648438,0.1103999987244606,0.12479999661445618,0.12764999270439148,0.12770000100135803,0.12049999833106995,0.121799997985363
IND00954,2021-02-05,,,,,,422.0,,0.4,,,8.8,,,,,7.21,SAHEBBANDH AT PURULIA,23.3387,86.3574,India,,,,,,,,,,,3.5,4700.0,,,,,,,,,,,,,,,,,,,,,,,,0.032999999821186066,0.02370000071823597,0.05139999836683273,0.07479999959468842,0.04859999939799309,0.06199999898672104,0.04919999837875366,0.05130000039935112,0.04230000078678131,0.04769999906420708
IND00954,2021-03-08,,,,,,399.0,,0.53,,,9.4,,,,,7.04,SAHEBBANDH AT PURULIA,23.3387,86.3574,India,,,,,,,,,,,3.9,4300.0,,,,,,,,,,,,,,,,,,,,,,,,0.04984999820590019,0.035349998623132706,0.05559999868273735,0.07774999737739563,0.059849999845027924,0.08100000023841858,0.07039999961853027,0.07280000299215317,0.061250001192092896,0.06939999759197235
IND00977,2019-01-22,,,,,,748.0,,,,,10.0,,,,,8.0,MOTI JHEEL AT MOTIHARII,26.6469,84.9228,India,,,,,,,,,,,2.9,11000.0,,,,,,,,,,,,,,,,,,,,,,,,0.08290000259876251,0.058800000697374344,0.13850000500679016,0.1623000055551529,0.1281999945640564,0.1887499988079071,0.1818999946117401,0.18015000224113464,0.14740000665187836,0.157150000333786
IND00977,2019-02-07,,,,,,780.0,,2.0,,,12.6,,,,,9.0,MOTI JHEEL AT MOTIHARII,26.6469,84.9228,India,,,,,,,,,,,2.9,14000.0,,,,,,,,,,,,,,,,,,,,,,,,0.04639999940991402,0.02979999966919422,0.08510000258684158,0.12620000541210175,0.07940000295639038,0.16699999570846558,0.14710000157356262,0.14630000293254852,0.11479999870061874,0.10040000081062317
IND00977,2019-03-25,,,,,,787.0,,0.9,,,9.6,,,,,9.9,MOTI JHEEL AT MOTIHARII,26.6469,84.9228,India,,,,,,,,,,,3.5,12000.0,,,,,,,,,,,,,,,,,,,,,,,,0.06449999660253525,0.04879999905824661,0.07824999839067459,0.12070000171661377,0.07810000330209732,0.14624999463558197,0.12399999797344208,0.12745000422000885,0.10554999858140945,0.09740000218153
IND00977,2019-05-27,,,,,,905.0,,,,,9.6,,,,,8.8,MOTI JHEEL AT MOTIHARII,26.6469,84.9228,India,,,,,,,,,,,2.9,9300.0,,,,,,,,,,,,,,,,,,,,,,,,0.09510000050067902,0.07329999655485153,0.08550000190734863,0.11079999804496765,0.08749999850988388,0.17090000212192535,0.22439999878406525,0.24199999868869781,0.2054000049829483,0.1876000016927719
IND00977,2019-06-24,,,,,,829.0,,1.3,,,10.6,,,,,9.7,MOTI JHEEL AT MOTIHARII,26.6469,84.9228,India,,,,,,,,,,,2.9,1200.0,,,,,,,,,,,,,,,,,,,,,,,,0.08669999986886978,0.06400000303983688,0.125,0.14100000262260437,0.10499999672174454,0.1915999948978424,0.24199999868869781,0.26460000872612,0.2013999968767166,0.21469999849796295
IND00977,2019-10-18,,,,,,660.0,,0.9,,,13.6,,,,,7.6,MOTI JHEEL AT MOTIHARII,26.6469,84.9228,India,,,,,,,,,,,10.0,14000.0,,,,,,,,,,,,,,,,,,,,,,,,0.04565000161528587,0.030700000002980232,0.08070000261068344,0.09109999984502792,0.06764999777078629,0.1216999962925911,0.11445000022649765,0.121799997985363,0.08434999734163284,0.08910000324249268
IND00977,2019-11-19,,,,,,854.0,,,,,9.8,,,,,8.2,MOTI JHEEL AT MOTIHARII,26.6469,84.9228,India,,,,,,,,,,,10.0,3300.0,,,,,,,,,,,,,,,,,,,,,,,,0.08415000140666962,0.05169999971985817,0.09435000270605087,0.10769999772310257,0.07989999651908875,0.15199999511241913,0.19664999842643738,0.20135000348091125,0.14544999599456787,0.18735000491142273
IND00977,2020-05-11,,,,,,780.0,,1.84,,,,,,,,9.7,MOTI JHEEL AT MOTIHARII,26.6469,84.9228,India,,,,,,,,,,,8.0,3300.0,,,,,,,,,,,,,,,,,,,,,,,,0.08460000157356262,0.05649999901652336,0.11720000207424164,0.1395999938249588,0.10719999670982361,0.17350000143051147,0.17560000717639923,0.18140000104904175,0.15479999780654907,0.16349999606609344
IND00977,2020-06-15,,,,,,820.0,,,,,16.0,,,,,8.7,MOTI JHEEL AT MOTIHARII,26.6469,84.9228,India,,,,,,,,,,,26.0,17000.0,,,,,,,,,,,,,,,,,,,,,,,,0.09000000357627869,0.065700002014637,0.10029999911785126,0.12280000001192093,0.09009999781847,0.15950000286102295,0.16269999742507935,0.17430000007152557,0.1395999938249588,0.1467999964952469
IND00977,2020-09-28,,,,,,628.0,,4.77,,,16.6,,,,,7.8,MOTI JHEEL AT MOTIHARII,26.6469,84.9228,India,,,,,,,,,,,4.0,13000.0,,,,,,,,,,,,,,,,,,,,,,,,0.04650000110268593,0.03319999948143959,0.021199999377131462,0.029100000858306885,0.018400000408291817,0.038600001484155655,0.03350000083446503,0.049800001084804535,0.015300000086426735,0.04529999941587448
IND00977,2020-10-27,,,,,,796.0,,8.4,,,4.5,,,,,7.4,MOTI JHEEL AT MOTIHARII,26.6469,84.9228,India,,,,,,,,,,,5.0,35000.0,,,,,,,,,,,,,,,,,,,,,,,,0.11649999767541885,0.06925000250339508,0.07880000025033951,0.09109999984502792,0.06644999980926514,0.1091499999165535,0.19885000586509705,0.22325000166893005,0.20640000700950623,0.22830000519752502
IND00977,2020-11-23,,,,,,832.0,,8.04,,,9.2,,,,,7.3,MOTI JHEEL AT MOTIHARII,26.6469,84.9228,India,,,,,,,,,,,4.0,35000.0,,,,,,,,,,,,,,,,,,,,,,,,0.1673000007867813,0.0786999985575676,0.08910000324249268,0.10700000077486038,0.0763000026345253,0.1347000002861023,0.34630000591278076,0.4108999967575073,0.42399999499320984,0.4309999942779541
IND00977,2020-12-31,,,,,,895.0,,0.21,,,5.2,,,,,7.4,MOTI JHEEL AT MOTIHARII,26.6469,84.9228,India,,,,,,,,,,,6.0,28000.0,,,,,,,,,,,,,,,,,,,,,,,,0.16380000114440918,0.08914999663829803,0.08630000054836273,0.10814999788999557,0.08195000141859055,0.13249999284744263,0.30114999413490295,0.3568499982357025,0.3921999931335449,0.3844499886035919
IND00977,2021-02-20,,,,,,945.0,,2.96,,,7.5,,,,,7.61,MOTI JHEEL AT MOTIHARII,26.6469,84.9228,India,,,,,,,,,,,3.0,14000.0,,,,,,,,,,,,,,,,,,,,,,,,0.20190000534057617,0.13609999418258667,0.07829999923706055,0.08844999969005585,0.08585000038146973,0.12049999833106995,0.19824999570846558,0.22589999437332153,0.26019999384880066,0.2599000036716461
IND00977,2021-03-17,,,,,,1080.0,,1.17,,,22.0,,,,,8.33,MOTI JHEEL AT MOTIHARII,26.6469,84.9228,India,,,,,,,,,,,16.0,160000.0,,,,,,,,,,,,,,,,,,,,,,,,0.17560000717639923,0.1111999973654747,0.09520000219345093,0.1080000028014183,0.09399999678134918,0.12540000677108765,0.26809999346733093,0.3239000141620636,0.34200000762939453,0.3467999994754791
IND01007,2018-03-05,,,,,,215.0,,,,,7.9,,,,,7.76,RIWALSAR LAKE,31.634,76.8336,India,,,,,,,,,,,3.0,920.0,,,,,,,,,,,,,,,,,,,,,,,,0.02070000022649765,0.017999999225139618,0.013700000010430813,0.017400000244379044,0.007400000002235174,0.01590000092983246,0.00559999980032444,0.007300000172108412,0.003700000001117587,0.005499999970197678
IND01007,2018-12-21,,,,,,241.0,,0.56,,,8.3,,,,,8.0,RIWALSAR LAKE,31.634,76.8336,India,,,,,,,,,,,4.0,1600.0,,,,,,,,,,,,,,,,,,,,,,,,0.010499999858438969,0.007600000128149986,0.008299999870359898,0.01679999940097332,0.00989999994635582,0.03819999843835831,0.026100000366568565,0.023099999874830246,0.02019999921321869,0.015399999916553497
IND01007,2019-01-22,,,,,,182.0,,0.8,,,5.3,,,,,6.9,RIWALSAR LAKE,31.634,76.8336,India,,,,,,,,,,,4.0,920.0,,,,,,,,,,,,,,,,,,,,,,,,0.010300000198185444,0.00860000029206276,0.0071000000461936,0.01730000041425228,0.008700000122189522,0.03220000118017197,0.014399999752640724,0.01590000092983246,0.013000000268220901,0.011699999682605267
IND01007,2019-02-13,,,,,,284.0,,0.8,,,7.9,,,,,7.9,RIWALSAR LAKE,31.634,76.8336,India,,,,,,,,,,,17.0,1600.0,,,,,,,,,,,,,,,,,,,,,,,,0.009999999776482582,0.011599999852478504,0.00430000014603138,0.018200000748038292,0.010300000198185444,0.029200000688433647,0.012000000104308128,0.014800000004470348,0.011500000022351742,0.009800000116229057
IND01007,2019-03-01,,,,,,284.0,,0.8,,,7.9,,,,,7.9,RIWALSAR LAKE,31.634,76.8336,India,,,,,,,,,,,17.0,1600.0,,,,,,,,,,,,,,,,,,,,,,,,0.015850000083446503,0.012149999849498272,0.017000000923871994,0.026249999180436134,0.01785000041127205,0.03905000165104866,0.024650000035762787,0.024000000208616257,0.022050000727176666,0.018799999728798866
IND01007,2019-04-05,,,,,,181.0,,0.8,,,12.5,,,,,8.2,RIWALSAR LAKE,31.634,76.8336,India,,,,,,,,,,,3.0,1600.0,,,,,,,,,,,,,,,,,,,,,,,,0.016699999570846558,0.015599999576807022,0.006099999882280827,0.01759999990463257,0.010200000368058681,0.03750000149011612,0.0203000009059906,0.019099999219179153,0.017999999225139618,0.013899999670684338
IND01007,2019-05-13,,,,,,214.0,,0.6,,,6.2,,,,,7.9,RIWALSAR LAKE,31.634,76.8336,India,,,,,,,,,,,4.0,920.0,,,,,,,,,,,,,,,,,,,,,,,,0.16050000488758087,0.12839999794960022,0.1446000039577484,0.16040000319480896,0.15809999406337738,0.17104999721050262,0.17215000092983246,0.17614999413490295,0.19990000128746033,0.16494999825954437
IND01007,2019-06-01,,,,,,225.0,,0.8,,,8.9,,,,,8.1,RIWALSAR LAKE,31.634,76.8336,India,,,,,,,,,,,3.0,920.0,,,,,,,,,,,,,,,,,,,,,,,,0.30219998955726624,0.30254998803138733,0.2989000082015991,0.3736000061035156,0.4318000078201294,0.36934998631477356,0.3504500091075897,0.3413499891757965,0.35530000925064087,0.3828499913215637
IND01007,2019-10-10,,,,,,183.0,,0.8,,,8.5,,,,,8.2,RIWALSAR LAKE,31.634,76.8336,India,,,,,,,,,,,12.0,920.0,,,,,,,,,,,,,,,,,,,,,,,,0.015300000086426735,0.010200000368058681,0.025100000202655792,0.03240000084042549,0.020600000396370888,0.04729999974370003,0.03680000081658363,0.03920000046491623,0.03189999982714653,0.026900000870227814
IND01007,2019-11-04,,,,,,178.0,,0.8,,,8.7,,,,,7.0,RIWALSAR LAKE,31.634,76.8336,India,,,,,,,,,,,6.0,920.0,,,,,,,,,,,,,,,,,,,,,,,,0.015699999406933784,0.011699999682605267,0.023800000548362732,0.037300001829862595,0.020800000056624413,0.05570000037550926,0.038600001484155655,0.03700000047683716,0.03460000082850456,0.02630000002682209
IND01007,2020-01-18,,,,,,160.0,,0.84,,,8.9,,,,,7.5,RIWALSAR LAKE,31.634,76.8336,India,,,,,,,,,,,2.2,350.0,,,,,,,,,,,,,,,,,,,,,,,,0.010499999858438969,0.007400000002235174,0.014000000432133675,0.021400000900030136,0.015200000256299973,0.03060000017285347,0.014800000004470348,0.014399999752640724,0.013399999588727951,0.009800000116229057
IND01007,2020-02-24,,,,,,164.0,,0.84,,,8.0,,,,,8.1,RIWALSAR LAKE,31.634,76.8336,India,,,,,,,,,,,2.0,350.0,,,,,,,,,,,,,,,,,,,,,,,,0.011149999685585499,0.008750000037252903,0.020600000396370888,0.03125,0.019349999725818634,0.02345000021159649,0.016349999234080315,0.017100000753998756,0.012799999676644802,0.014349999837577343
IND01007,2020-03-16,,,,,,175.0,,0.7,,,7.7,,,,,7.2,RIWALSAR LAKE,31.634,76.8336,India,,,,,,,,,,,3.4,540.0,,,,,,,,,,,,,,,,,,,,,,,,0.014750000089406967,0.012350000441074371,0.019899999722838402,0.032749999314546585,0.016850000247359276,0.030050000175833702,0.01785000041127205,0.01834999956190586,0.015049999579787254,0.015949999913573265
IND01007,2020-04-18,,,,,,176.0,,0.84,,,8.7,,,,,7.8,RIWALSAR LAKE,31.634,76.8336,India,,,,,,,,,,,1.6,350.0,,,,,,,,,,,,,,,,,,,,,,,,0.014700000174343586,0.012000000104308128,0.017999999225139618,0.03500000014901161,0.01720000058412552,0.021400000900030136,0.012500000186264515,0.016200000420212746,0.012500000186264515,0.0142000000923872
IND01007,2020-05-09,,,,,,162.0,,0.84,,,8.4,,,,,7.4,RIWALSAR LAKE,31.634,76.8336,India,,,,,,,,,,,2.8,920.0,,,,,,,,,,,,,,,,,,,,,,,,0.04800000041723251,0.04365000128746033,0.05570000037550926,0.07100000232458115,0.053849998861551285,0.053449999541044235,0.045499999076128006,0.04729999974370003,0.04684999957680702,0.04814999923110008
IND01007,2020-06-16,,,,,,187.0,,0.56,,,5.6,,,,,7.3,RIWALSAR LAKE,31.634,76.8336,India,,,,,,,,,,,9.0,920.0,,,,,,,,,,,,,,,,,,,,,,,,0.0494999997317791,0.03779999911785126,0.044599998742341995,0.0625,0.04650000110268593,0.05290000140666962,0.07079999893903732,0.07859999686479568,0.07029999792575836,0.07670000195503235
IND01007,2020-07-04,,,,,,204.0,,0.56,,,9.6,,,,,7.1,RIWALSAR LAKE,31.634,76.8336,India,,,,,,,,,,,2.6,920.0,,,,,,,,,,,,,,,,,,,,,,,,0.574999988079071,0.46790000796318054,0.4336000084877014,0.4819999933242798,0.5112000107765198,0.5446000099182129,0.5760999917984009,0.5871999859809875,0.4959999918937683,0.5877000093460083
IND01007,2020-09-10,,,,,,175.0,,0.84,,,8.2,,,,,7.6,RIWALSAR LAKE,31.634,76.8336,India,,,,,,,,,,,4.0,920.0,,,,,,,,,,,,,,,,,,,,,,,,0.16279999911785126,0.1412000060081482,0.09780000150203705,0.12099999934434891,0.11479999870061874,0.12460000067949295,0.1550000011920929,0.18379999697208405,0.1534000039100647,0.19619999825954437
IND01007,2020-10-09,,,,,,194.0,,0.84,,,8.2,,,,,7.2,RIWALSAR LAKE,31.634,76.8336,India,,,,,,,,,,,2.8,920.0,,,,,,,,,,,,,,,,,,,,,,,,0.019500000402331352,0.012900000438094139,0.033900000154972076,0.04129999876022339,0.028300000354647636,0.04520000144839287,0.03660000115633011,0.03830000013113022,0.03280000016093254,0.03200000151991844
IND01007,2020-11-09,,,,,,160.0,,,,,7.9,,,,,7.7,RIWALSAR LAKE,31.634,76.8336,India,,,,,,,,,,,6.4,1600.0,,,,,,,,,,,,,,,,,,,,,,,,0.015399999916553497,0.010400000028312206,0.027799999341368675,0.042399998754262924,0.02410000003874302,0.05009999871253967,0.03500000014901161,0.03240000084042549,0.02979999966919422,0.023099999874830246
IND01007,2020-12-21,,,,,,144.0,,0.56,,,8.3,,,,,7.8,RIWALSAR LAKE,31.634,76.8336,India,,,,,,,,,,,2.8,540.0,,,,,,,,,,,,,,,,,,,,,,,,0.011699999682605267,0.009800000116229057,0.03009999915957451,0.04439999908208847,0.02410000003874302,0.03869999945163727,0.027499999850988388,0.02329999953508377,0.023000000044703484,0.017100000753998756
IND01007,2021-01-30,,,,,,150.0,,0.56,,,9.8,,,,,8.3,RIWALSAR LAKE,31.634,76.8336,India,,,,,,,,,,,2.2,920.0,,,,,,,,,,,,,,,,,,,,,,,,0.016499999910593033,0.012550000101327896,0.039900001138448715,0.050700001418590546,0.031849998980760574,0.04650000110268593,0.03474999964237213,0.03435000032186508,0.03305000066757202,0.02879999950528145
IND01007,2021-02-12,,,,,,303.0,,1.12,,,5.8,,,,,7.56,RIWALSAR LAKE,31.634,76.8336,India,,,,,,,,,,,2.5,1600.0,,,,,,,,,,,,,,,,,,,,,,,,0.01730000041425228,0.010700000450015068,0.026149999350309372,0.041450001299381256,0.02135000005364418,0.032749999314546585,0.020349999889731407,0.021549999713897705,0.02085000090301037,0.01575000025331974
IND01007,2021-03-27,,,,,,192.0,,1.12,,,8.9,,,,,7.88,RIWALSAR LAKE,31.634,76.8336,India,,,,,,,,,,,,920.0,,,,,,,,,,,,,,,,,,,,,,,,0.0348999984562397,0.025699999183416367,0.01600000075995922,0.03830000013113022,0.02290000021457672,0.03269999846816063,0.0272000003606081,0.030400000512599945,0.03180000185966492,0.030899999663233757
IND01120,2018-12-26,,,,,,243.0,,,,,5.8,,,,,7.4,PUMLEN LAKE AT TOKPACHING,24.4265,93.8781,India,,,,,,,,,,,4.1,88.0,,,,,,,,,,,,,,,,,,,,,,,,0.421099990606308,0.38190001249313354,0.40799999237060547,0.4034000039100647,0.4016000032424927,0.41940000653266907,0.4059000015258789,0.40880000591278076,0.4187999963760376,0.4131999909877777
IND01120,2019-01-25,,,,,,351.0,,,,,6.3,,,,,7.2,PUMLEN LAKE AT TOKPACHING,24.4265,93.8781,India,,,,,,,,,,,3.8,130.0,,,,,,,,,,,,,,,,,,,,,,,,0.0076500000432133675,0.004900000058114529,0.014050000347197056,0.021549999713897705,0.019099999219179153,0.03125,0.029249999672174454,0.02995000034570694,0.026100000366568565,0.02135000005364418
IND01120,2019-03-27,,,,,,255.0,,,,,4.4,,,,,7.2,PUMLEN LAKE AT TOKPACHING,24.4265,93.8781,India,,,,,,,,,,,3.8,120.0,,,,,,,,,,,,,,,,,,,,,,,,0.016300000250339508,0.01075000036507845,0.03604999929666519,0.04100000113248825,0.036649998277425766,0.0544000007212162,0.05034999921917915,0.0551999993622303,0.0434500016272068,0.03889999911189079
IND01120,2019-04-27,,,,,,366.0,,,,,5.5,,,,,7.4,PUMLEN LAKE AT TOKPACHING,24.4265,93.8781,India,,,,,,,,,,,3.1,135.0,,,,,,,,,,,,,,,,,,,,,,,,0.014299999922513962,0.009999999776482582,0.03460000082850456,0.03739999979734421,0.03139999881386757,0.04600000008940697,0.0471000000834465,0.05119999870657921,0.042500000447034836,0.03669999912381172
IND01120,2019-05-25,,,,,,3405.0,,,,,6.2,,,,,7.4,PUMLEN LAKE AT TOKPACHING,24.4265,93.8781,India,,,,,,,,,,,2.6,280.0,,,,,,,,,,,,,,,,,,,,,,,,0.04165000095963478,0.03220000118017197,0.03519999980926514,0.04919999837875366,0.047200001776218414,0.07280000299215317,0.07774999737739563,0.08505000174045563,0.07705000042915344,0.07930000126361847
IND01120,2019-10-24,,,,,,150.0,,,,,8.1,,,,,7.0,PUMLEN LAKE AT TOKPACHING,24.4265,93.8781,India,,,,,,,,,,,3.2,30.0,,,,,,,,,,,,,,,,,,,,,,,,0.10890000313520432,0.0617000013589859,0.03359999880194664,0.05249999836087227,0.032999999821186066,0.09350000321865082,0.15729999542236328,0.18469999730587006,0.1454000025987625,0.18569999933242798
IND01120,2019-12-27,,,,,,150.0,,,,,7.9,,,,,7.5,PUMLEN LAKE AT TOKPACHING,24.4265,93.8781,India,,,,,,,,,,,3.2,40.0,,,,,,,,,,,,,,,,,,,,,,,,0.024299999698996544,0.014000000432133675,0.0272000003606081,0.033399999141693115,0.02979999966919422,0.05290000140666962,0.06120000034570694,0.0658000037074089,0.06310000270605087,0.0649000033736229
IND01120,2020-01-21,,,,,,210.0,,,,,7.1,,,,,7.2,PUMLEN LAKE AT TOKPACHING,24.4265,93.8781,India,,,,,,,,,,,3.8,55.0,,,,,,,,,,,,,,,,,,,,,,,,0.018200000748038292,0.011350000277161598,0.02525000087916851,0.03254999965429306,0.029600000008940697,0.05400000140070915,0.05469999834895134,0.059950001537799835,0.05494999885559082,0.052000001072883606
IND01120,2020-04-16,,,,,,140.0,,,,,6.7,,,,,7.4,PUMLEN LAKE AT TOKPACHING,24.4265,93.8781,India,,,,,,,,,,,3.6,50.0,,,,,,,,,,,,,,,,,,,,,,,,0.0348999984562397,0.02280000038444996,0.043699998408555984,0.050599999725818634,0.04230000078678131,0.0722000002861023,0.08739999681711197,0.09359999746084213,0.07509999722242355,0.07909999787807465
IND01120,2020-10-26,,,,,,241.0,,,,,7.7,,,,,7.4,PUMLEN LAKE AT TOKPACHING,24.4265,93.8781,India,,,,,,,,,,,3.2,15.0,,,,,,,,,,,,,,,,,,,,,,,,0.10719999670982361,0.0544000007212162,0.03420000150799751,0.05900000035762787,0.04800000041723251,0.09589999914169312,0.15800000727176666,0.18140000104904175,0.1670999974012375,0.1923999935388565
IND01120,2021-02-24,,,,,,130.0,,,,,7.4,,,,,7.0,PUMLEN LAKE AT TOKPACHING,24.4265,93.8781,India,,,,,,,,,,,3.2,45.0,,,,,,,,,,,,,,,,,,,,,,,,0.0560000017285347,0.02979999966919422,0.02944999933242798,0.03974999859929085,0.03880000114440918,0.06480000168085098,0.07604999840259552,0.08330000191926956,0.09870000183582306,0.09260000288486481
IND01151,2019-01-10,,,,,,500.0,,0.6,,,4.1,,,,,8.2,RAJSAMAND LAKE  RAJSAMAND- POINT NO. 1 RAJSAMAND R,25.0686,73.8762,India,,,,,,,,,,,2.6,28.0,,,,,,,,,,,,,,,,,,,,,,,,0.24959999322891235,0.19910000264644623,0.1485999971628189,0.17739999294281006,0.2076999992132187,0.23430000245571136,0.24310000240802765,0.23549999296665192,0.2526000142097473,0.24869999289512634
IND01151,2019-04-10,,,,,,560.0,,0.6,,,4.6,,,,,8.2,RAJSAMAND LAKE  RAJSAMAND- POINT NO. 1 RAJSAMAND R,25.0686,73.8762,India,,,,,,,,,,,2.2,28.0,,,,,,,,,,,,,,,,,,,,,,,,0.3621000051498413,0.25679999589920044,0.17219999432563782,0.21379999816417694,0.24040000140666962,0.33660000562667847,0.34389999508857727,0.3353999853134155,0.2766000032424927,0.32109999656677246
IND01151,2019-05-22,,,,,,520.0,,0.7,,,4.3,,,,,8.3,RAJSAMAND LAKE  RAJSAMAND- POINT NO. 1 RAJSAMAND R,25.0686,73.8762,India,,,,,,,,,,,2.2,28.0,,,,,,,,,,,,,,,,,,,,,,,,0.382099986076355,0.28345000743865967,0.21310000121593475,0.2694999873638153,0.2928999960422516,0.36024999618530273,0.36515000462532043,0.37244999408721924,0.3199999928474426,0.3605000078678131
IND01151,2019-06-12,,,,,,600.0,,0.6,,,2.5,,,,,8.4,RAJSAMAND LAKE  RAJSAMAND- POINT NO. 1 RAJSAMAND R,25.0686,73.8762,India,,,,,,,,,,,2.8,75.0,,,,,,,,,,,,,,,,,,,,,,,,0.3734999895095825,0.30744999647140503,0.2160000056028366,0.25690001249313354,0.27709999680519104,0.36535000801086426,0.3666999936103821,0.36079999804496765,0.2919999957084656,0.35089999437332153
IND01151,2019-10-15,,,,,,600.0,,0.7,,,4.4,,,,,7.8,RAJSAMAND LAKE  RAJSAMAND- POINT NO. 1 RAJSAMAND R,25.0686,73.8762,India,,,,,,,,,,,1.2,210.0,,,,,,,,,,,,,,,,,,,,,,,,0.27469998598098755,0.16259999573230743,0.1143999993801117,0.15600000321865082,0.15320000052452087,0.23690000176429749,0.2442999929189682,0.26829999685287476,0.164000004529953,0.2621000111103058
IND01151,2019-11-26,,,,,,520.0,,0.6,,,5.7,,,,,7.7,RAJSAMAND LAKE  RAJSAMAND- POINT NO. 1 RAJSAMAND R,25.0686,73.8762,India,,,,,,,,,,,1.7,150.0,,,,,,,,,,,,,,,,,,,,,,,,0.20810000598430634,0.15549999475479126,0.16820000112056732,0.17960000038146973,0.1656000018119812,0.20640000700950623,0.22120000422000885,0.2282000035047531,0.1860000044107437,0.2134000062942505
IND01151,2019-12-19,,,,,,510.0,,0.6,,,5.1,,,,,8.0,RAJSAMAND LAKE  RAJSAMAND- POINT NO. 1 RAJSAMAND R,25.0686,73.8762,India,,,,,,,,,,,1.9,120.0,,,,,,,,,,,,,,,,,,,,,,,,0.2378000020980835,0.1851000040769577,0.13940000534057617,0.1589999943971634,0.17475000023841858,0.2268500030040741,0.23555000126361847,0.23360000550746918,0.21035000681877136,0.22450000047683716
IND01151,2020-01-28,,,,,,510.0,,0.68,,,6.0,,,,,8.3,RAJSAMAND LAKE  RAJSAMAND- POINT NO. 1 RAJSAMAND R,25.0686,73.8762,India,,,,,,,,,,,2.2,120.0,,,,,,,,,,,,,,,,,,,,,,,,0.23725000023841858,0.18469999730587006,0.11289999634027481,0.1467999964952469,0.1582999974489212,0.24230000376701355,0.2395000010728836,0.24570000171661377,0.18690000474452972,0.23469999432563782
IND01151,2020-02-27,,,,,,510.0,,0.58,,,5.4,,,,,8.4,RAJSAMAND LAKE  RAJSAMAND- POINT NO. 1 RAJSAMAND R,25.0686,73.8762,India,,,,,,,,,,,2.4,120.0,,,,,,,,,,,,,,,,,,,,,,,,0.2925499975681305,0.2236499935388565,0.16060000658035278,0.19030000269412994,0.2249000072479248,0.2634499967098236,0.2799000144004822,0.3000499904155731,0.25360000133514404,0.28665000200271606
IND01151,2020-05-20,,,,,,520.0,,0.44,,,4.1,,,,,8.3,RAJSAMAND LAKE  RAJSAMAND- POINT NO. 1 RAJSAMAND R,25.0686,73.8762,India,,,,,,,,,,,2.0,150.0,,,,,,,,,,,,,,,,,,,,,,,,0.3612000048160553,0.2621000111103058,0.1979999989271164,0.24199999868869781,0.2655999958515167,0.3594000041484833,0.3662000000476837,0.37229999899864197,0.30640000104904175,0.3605000078678131
IND01151,2020-06-25,,,,,,490.0,,0.36,,,5.6,,,,,8.5,RAJSAMAND LAKE  RAJSAMAND- POINT NO. 1 RAJSAMAND R,25.0686,73.8762,India,,,,,,,,,,,1.0,75.0,,,,,,,,,,,,,,,,,,,,,,,,0.1242000013589859,0.09430000185966492,0.02280000038444996,0.05770000070333481,0.07240000367164612,0.11060000211000443,0.11180000007152557,0.1177000030875206,0.09300000220537186,0.11810000240802765
IND01151,2020-10-12,,,,,,470.0,,0.24,,,4.8,,,,,8.6,RAJSAMAND LAKE  RAJSAMAND- POINT NO. 1 RAJSAMAND R,25.0686,73.8762,India,,,,,,,,,,,1.4,210.0,,,,,,,,,,,,,,,,,,,,,,,,0.3043000102043152,0.2122499942779541,0.18330000340938568,0.2303999960422516,0.25609999895095825,0.31040000915527344,0.32739999890327454,0.30684998631477356,0.2808000147342682,0.3043000102043152
IND01151,2020-11-09,,,,,,440.0,,0.16,,,6.6,,,,,8.7,RAJSAMAND LAKE  RAJSAMAND- POINT NO. 1 RAJSAMAND R,25.0686,73.8762,India,,,,,,,,,,,2.3,240.0,,,,,,,,,,,,,,,,,,,,,,,,0.2646999955177307,0.1762000024318695,0.12520000338554382,0.16259999573230743,0.1695999950170517,0.22470000386238098,0.25110000371932983,0.25619998574256897,0.21060000360012054,0.25049999356269836
IND01151,2020-12-10,,,,,,430.0,,0.12,,,6.1,,,,,8.6,RAJSAMAND LAKE  RAJSAMAND- POINT NO. 1 RAJSAMAND R,25.0686,73.8762,India,,,,,,,,,,,1.4,210.0,,,,,,,,,,,,,,,,,,,,,,,,0.25290000438690186,0.1809999942779541,0.15839999914169312,0.2069000005722046,0.23360000550746918,0.25780001282691956,0.2743000090122223,0.25429999828338623,0.26350000500679016,0.2418999969959259
IND01151,2021-01-12,,,,,,460.0,,0.16,,,6.3,,,,,8.7,RAJSAMAND LAKE  RAJSAMAND- POINT NO. 1 RAJSAMAND R,25.0686,73.8762,India,,,,,,,,,,,1.6,240.0,,,,,,,,,,,,,,,,,,,,,,,,0.2515000104904175,0.18250000476837158,0.1378999948501587,0.18140000104904175,0.18880000710487366,0.24435000121593475,0.24879999458789825,0.24969999492168427,0.21844999492168427,0.23714999854564667
IND01151,2021-02-04,,,,,,470.0,,0.28,,,6.6,,,,,8.6,RAJSAMAND LAKE  RAJSAMAND- POINT NO. 1 RAJSAMAND R,25.0686,73.8762,India,,,,,,,,,,,1.5,240.0,,,,,,,,,,,,,,,,,,,,,,,,0.2893500030040741,0.21035000681877136,0.1632000058889389,0.2070000022649765,0.22714999318122864,0.27309998869895935,0.2715499997138977,0.27684998512268066,0.26695001125335693,0.2643499970436096
IND01151,2021-03-04,,,,,,500.0,,0.4,,,7.0,,,,,8.79,RAJSAMAND LAKE  RAJSAMAND- POINT NO. 1 RAJSAMAND R,25.0686,73.8762,India,,,,,,,,,,,2.5,240.0,,,,,,,,,,,,,,,,,,,,,,,,0.32499998807907104,0.24699999392032623,0.20999999344348907,0.2685999870300293,0.29440000653266907,0.314300000667572,0.3215999901294708,0.33480000495910645,0.33320000767707825,0.3174999952316284
IND01152,2019-01-10,,,,,,500.0,,0.5,,,4.6,,,,,8.3,RAJSAMAND LAKE  RAJSAMAND- POINT NO. 2 RAJSAMAND R,25.0614,73.8905,India,,,,,,,,,,,1.5,28.0,,,,,,,,,,,,,,,,,,,,,,,,0.07970000058412552,0.08799999952316284,0.06889999657869339,0.10220000147819519,0.08340000361204147,0.0771000012755394,0.07800000160932541,0.08320000022649765,0.07760000228881836,0.08449999988079071
IND01152,2019-04-10,,,,,,550.0,,0.5,,,4.2,,,,,8.1,RAJSAMAND LAKE  RAJSAMAND- POINT NO. 2 RAJSAMAND R,25.0614,73.8905,India,,,,,,,,,,,2.9,75.0,,,,,,,,,,,,,,,,,,,,,,,,0.08569999784231186,0.08669999986886978,0.023900000378489494,0.05290000140666962,0.03819999843835831,0.07769999653100967,0.0625,0.06809999793767929,0.03460000082850456,0.0754999965429306
IND01152,2019-05-22,,,,,,510.0,,0.6,,,3.8,,,,,8.3,RAJSAMAND LAKE  RAJSAMAND- POINT NO. 2 RAJSAMAND R,25.0614,73.8905,India,,,,,,,,,,,2.3,75.0,,,,,,,,,,,,,,,,,,,,,,,,0.1415500044822693,0.13120000064373016,0.08900000154972076,0.11400000005960464,0.10384999960660934,0.1277499943971634,0.12290000170469284,0.13259999454021454,0.10204999893903732,0.12780000269412994
IND01152,2019-06-12,,,,,,610.0,,0.7,,,2.9,,,,,8.5,RAJSAMAND LAKE  RAJSAMAND- POINT NO. 2 RAJSAMAND R,25.0614,73.8905,India,,,,,,,,,,,3.0,120.0,,,,,,,,,,,,,,,,,,,,,,,,0.3216499984264374,0.28790000081062317,0.2781499922275543,0.27505001425743103,0.26875001192092896,0.2926500141620636,0.2894499897956848,0.290149986743927,0.2888999879360199,0.2859500050544739
IND01152,2019-10-15,,,,,,620.0,,0.7,,,5.5,,,,,8.1,RAJSAMAND LAKE  RAJSAMAND- POINT NO. 2 RAJSAMAND R,25.0614,73.8905,India,,,,,,,,,,,,150.0,,,,,,,,,,,,,,,,,,,,,,,,0.07090000063180923,0.06589999794960022,0.06369999796152115,0.06440000236034393,0.06260000169277191,0.06880000233650208,0.06689999997615814,0.06780000030994415,0.05900000035762787,0.07100000232458115
IND01152,2019-11-26,,,,,,500.0,,0.6,,,5.9,,,,,7.7,RAJSAMAND LAKE  RAJSAMAND- POINT NO. 2 RAJSAMAND R,25.0614,73.8905,India,,,,,,,,,,,1.4,210.0,,,,,,,,,,,,,,,,,,,,,,,,0.09390000253915787,0.0812000036239624,0.15839999914169312,0.15940000116825104,0.14219999313354492,0.14650000631809235,0.149399995803833,0.14399999380111694,0.13459999859333038,0.13689999282360077
IND01152,2019-12-19,,,,,,510.0,,0.6,,,4.8,,,,,8.0,RAJSAMAND LAKE  RAJSAMAND- POINT NO. 2 RAJSAMAND R,25.0614,73.8905,India,,,,,,,,,,,,240.0,,,,,,,,,,,,,,,,,,,,,,,,0.06424999982118607,0.07294999808073044,0.06274999678134918,0.07100000232458115,0.05685000121593475,0.0799499973654747,0.07660000026226044,0.08254999667406082,0.05889999866485596,0.07720000296831131
IND01152,2020-01-28,,,,,,540.0,,0.62,,,5.9,,,,,8.4,RAJSAMAND LAKE  RAJSAMAND- POINT NO. 2 RAJSAMAND R,25.0614,73.8905,India,,,,,,,,,,,1.4,240.0,,,,,,,,,,,,,,,,,,,,,,,,0.06315000355243683,0.07270000129938126,0.05380000174045563,0.06639999896287918,0.05009999871253967,0.057500001043081284,0.04935000091791153,0.050999999046325684,0.04960000142455101,0.05649999901652336
IND01152,2020-02-27,,,,,,530.0,,0.68,,,5.8,,,,,8.4,RAJSAMAND LAKE  RAJSAMAND- POINT NO. 2 RAJSAMAND R,25.0614,73.8905,India,,,,,,,,,,,2.2,210.0,,,,,,,,,,,,,,,,,,,,,,,,0.0737999975681305,0.08489999920129776,0.06809999793767929,0.07900000363588333,0.07190000265836716,0.07460000365972519,0.07249999791383743,0.0737999975681305,0.07559999823570251,0.0681999996304512
IND01152,2020-05-20,,,,,,540.0,,0.48,,,4.0,,,,,8.4,RAJSAMAND LAKE  RAJSAMAND- POINT NO. 2 RAJSAMAND R,25.0614,73.8905,India,,,,,,,,,,,1.8,120.0,,,,,,,,,,,,,,,,,,,,,,,,0.12380000203847885,0.11949999630451202,0.053199999034404755,0.08060000091791153,0.06840000301599503,0.11240000277757645,0.10180000215768814,0.1080000028014183,0.07609999924898148,0.10589999705553055
IND01152,2020-06-25,,,,,,520.0,,0.38,,,5.4,,,,,8.6,RAJSAMAND LAKE  RAJSAMAND- POINT NO. 2 RAJSAMAND R,25.0614,73.8905,India,,,,,,,,,,,0.8,64.0,,,,,,,,,,,,,,,,,,,,,,,,0.13910000026226044,0.1356000006198883,0.08609999716281891,0.10300000011920929,0.11060000211000443,0.11289999634027481,0.12389999628067017,0.13179999589920044,0.14480000734329224,0.13680000603199005
IND01152,2020-10-12,,,,,,480.0,,0.3,,,4.0,,,,,8.7,RAJSAMAND LAKE  RAJSAMAND- POINT NO. 2 RAJSAMAND R,25.0614,73.8905,India,,,,,,,,,,,1.4,460.0,,,,,,,,,,,,,,,,,,,,,,,,0.06624999642372131,0.07715000212192535,0.05119999870657921,0.06939999759197235,0.06055000051856041,0.07225000113248825,0.06894999742507935,0.07339999824762344,0.06030000001192093,0.06684999912977219
IND01152,2020-11-09,,,,,,420.0,,0.14,,,5.8,,,,,8.6,RAJSAMAND LAKE  RAJSAMAND- POINT NO. 2 RAJSAMAND R,25.0614,73.8905,India,,,,,,,,,,,1.2,460.0,,,,,,,,,,,,,,,,,,,,,,,,0.06270000338554382,0.07490000128746033,0.07360000163316727,0.07989999651908875,0.06689999997615814,0.07020000368356705,0.06210000067949295,0.07010000199079514,0.06549999862909317,0.06440000236034393
IND01152,2020-12-10,,,,,,440.0,,0.08,,,6.9,,,,,8.7,RAJSAMAND LAKE  RAJSAMAND- POINT NO. 2 RAJSAMAND R,25.0614,73.8905,India,,,,,,,,,,,1.4,460.0,,,,,,,,,,,,,,,,,,,,,,,,0.0625,0.065700002014637,0.031950000673532486,0.05620000138878822,0.04084999859333038,0.0649000033736229,0.06289999932050705,0.07064999639987946,0.053050000220537186,0.06440000236034393
IND01152,2021-01-12,,,,,,450.0,,0.36,,,7.2,,,,,8.77,RAJSAMAND LAKE  RAJSAMAND- POINT NO. 2 RAJSAMAND R,25.0614,73.8905,India,,,,,,,,,,,2.1,460.0,,,,,,,,,,,,,,,,,,,,,,,,0.0750499963760376,0.06970000267028809,0.05889999866485596,0.07599999755620956,0.06055000051856041,0.07724999636411667,0.09059999883174896,0.0949999988079071,0.05939999967813492,0.09000000357627869
IND01152,2021-02-04,,,,,,480.0,,0.22,,,7.1,,,,,8.7,RAJSAMAND LAKE  RAJSAMAND- POINT NO. 2 RAJSAMAND R,25.0614,73.8905,India,,,,,,,,,,,2.6,407.0,,,,,,,,,,,,,,,,,,,,,,,,0.07609999924898148,0.08150000125169754,0.055799998342990875,0.0617000013589859,0.06369999796152115,0.07904999703168869,0.0872500017285347,0.0868000015616417,0.05835000053048134,0.08489999920129776
IND01152,2021-03-04,,,,,,510.0,,0.4,,,6.7,,,,,8.73,RAJSAMAND LAKE  RAJSAMAND- POINT NO. 2 RAJSAMAND R,25.0614,73.8905,India,,,,,,,,,,,2.2,210.0,,,,,,,,,,,,,,,,,,,,,,,,0.09459999948740005,0.08749999850988388,0.05990000069141388,0.08470000326633453,0.0729999989271164,0.10090000182390213,0.10989999771118164,0.11900000274181366,0.10400000214576721,0.10360000282526016
IND01156,2018-03-07,,,,,,3800.0,,0.52,,,2.9,,,,,8.68,JALMAHAL JAIPUR RAJASTHAN,26.9529,75.8431,India,,,,,,,,,,,9.2,150.0,,,,,,,,,,,,,,,,,,,,,,,,0.22509999573230743,0.19359999895095825,0.10899999737739563,0.14000000059604645,0.15620000660419464,0.17090000212192535,0.2020999938249588,0.22020000219345093,0.2651999890804291,0.24060000479221344
IND01156,2018-12-11,,,,,,3400.0,,1.1,,,2.0,,,,,8.75,JALMAHAL JAIPUR RAJASTHAN,26.9529,75.8431,India,,,,,,,,,,,28.0,210.0,,,,,,,,,,,,,,,,,,,,,,,,0.14399999380111694,0.1151999980211258,0.07079999893903732,0.11140000075101852,0.11299999803304672,0.11969999969005585,0.15880000591278076,0.16259999573230743,0.20909999310970306,0.163100004196167
IND01156,2019-01-23,,,,,,3400.0,,1.1,,,3.8,,,,,7.9,JALMAHAL JAIPUR RAJASTHAN,26.9529,75.8431,India,,,,,,,,,,,22.6,210.0,,,,,,,,,,,,,,,,,,,,,,,,0.15639999508857727,0.12494999915361404,0.07944999635219574,0.1080000028014183,0.11354999989271164,0.12745000422000885,0.15045000612735748,0.17045000195503235,0.19200000166893005,0.16214999556541443
IND01156,2019-02-05,,,,,,3200.0,,1.1,,,2.1,,,,,8.8,JALMAHAL JAIPUR RAJASTHAN,26.9529,75.8431,India,,,,,,,,,,,28.2,460.0,,,,,,,,,,,,,,,,,,,,,,,,0.1753000020980835,0.14270000159740448,0.09290000051259995,0.12380000203847885,0.13019999861717224,0.13989999890327454,0.16500000655651093,0.1868000030517578,0.20399999618530273,0.1770000010728836
IND01156,2019-03-26,,,,,,3600.0,,1.1,,,0.5,,,,,8.7,JALMAHAL JAIPUR RAJASTHAN,26.9529,75.8431,India,,,,,,,,,,,26.3,460.0,,,,,,,,,,,,,,,,,,,,,,,,0.21289999783039093,0.17425000667572021,0.10559999942779541,0.13529999554157257,0.14059999585151672,0.15860000252723694,0.2001499980688095,0.22335000336170197,0.2635999917984009,0.22055000066757202
IND01156,2019-04-24,,,,,,4300.0,,1.1,,,4.9,,,,,8.9,JALMAHAL JAIPUR RAJASTHAN,26.9529,75.8431,India,,,,,,,,,,,16.5,210.0,,,,,,,,,,,,,,,,,,,,,,,,0.22939999401569366,0.19670000672340393,0.1151999980211258,0.15639999508857727,0.1597999930381775,0.1860000044107437,0.22609999775886536,0.23589999973773956,0.2680000066757202,0.24729999899864197
IND01156,2019-05-14,,,,,,4400.0,,1.0,,,5.3,,,,,8.9,JALMAHAL JAIPUR RAJASTHAN,26.9529,75.8431,India,,,,,,,,,,,7.7,120.0,,,,,,,,,,,,,,,,,,,,,,,,0.251800000667572,0.20909999310970306,0.11879999935626984,0.155799999833107,0.1656000018119812,0.19930000603199005,0.23639999330043793,0.24799999594688416,0.2639999985694885,0.26019999384880066
IND01156,2019-06-25,,,,,,4900.0,,1.1,,,1.9,,,,,9.0,JALMAHAL JAIPUR RAJASTHAN,26.9529,75.8431,India,,,,,,,,,,,11.4,240.0,,,,,,,,,,,,,,,,,,,,,,,,0.2443999946117401,0.19840000569820404,0.12530000507831573,0.15440000593662262,0.1657000035047531,0.17955000698566437,0.21960000693798065,0.24345000088214874,0.25220000743865967,0.24535000324249268
IND01156,2019-09-24,,,,,,2700.0,,0.9,,,2.9,,,,,8.8,JALMAHAL JAIPUR RAJASTHAN,26.9529,75.8431,India,,,,,,,,,,,8.0,460.0,,,,,,,,,,,,,,,,,,,,,,,,0.20759999752044678,0.1459999978542328,0.11585000157356262,0.13455000519752502,0.1246500015258789,0.15594999492168427,0.2188500016927719,0.2341500073671341,0.2526499927043915,0.2451000064611435
IND01156,2019-10-16,,,,,,2700.0,,0.9,,,3.3,,,,,8.6,JALMAHAL JAIPUR RAJASTHAN,26.9529,75.8431,India,,,,,,,,,,,8.0,460.0,,,,,,,,,,,,,,,,,,,,,,,,0.1725499927997589,0.1234000027179718,0.08829999715089798,0.1185000017285347,0.1137000024318695,0.13774999976158142,0.19255000352859497,0.2094999998807907,0.24285000562667847,0.22474999725818634
IND01156,2019-11-14,,,,,,2500.0,,0.8,,,2.8,,,,,8.9,JALMAHAL JAIPUR RAJASTHAN,26.9529,75.8431,India,,,,,,,,,,,5.0,240.0,,,,,,,,,,,,,,,,,,,,,,,,0.1632000058889389,0.1177000030875206,0.11980000138282776,0.13019999861717224,0.12460000067949295,0.13965000212192535,0.17374999821186066,0.19629999995231628,0.22050000727176666,0.193900004029274
IND01156,2019-12-17,,,,,,2600.0,,1.1,,,4.3,,,,,8.9,JALMAHAL JAIPUR RAJASTHAN,26.9529,75.8431,India,,,,,,,,,,,10.0,460.0,,,,,,,,,,,,,,,,,,,,,,,,0.16660000383853912,0.13064999878406525,0.11010000109672546,0.12690000236034393,0.12489999830722809,0.13860000669956207,0.164450004696846,0.18025000393390656,0.2053000032901764,0.1826999932527542
IND01237,2019-02-06,,,,,,543.0,,11.0,,,4.0,,,,,8.3,POONDI LAKE AT THIRUVALLUR TAMILNADU,13.1697,79.8882,India,,,,,,,,,,,6.0,210.0,,,,,,,,,,,,,,,,,,,,,,,,0.3774999976158142,0.2572999894618988,0.093299999833107,0.10939999669790268,0.12780000269412994,0.1720000058412552,0.2232999950647354,0.24809999763965607,0.2556000053882599,0.2833000123500824
IND01237,2019-03-11,,,,,,553.0,,6.0,,,7.4,,,,,8.0,POONDI LAKE AT THIRUVALLUR TAMILNADU,13.1697,79.8882,India,,,,,,,,,,,,1100.0,,,,,,,,,,,,,,,,,,,,,,,,0.4108000099658966,0.29109999537467957,0.08100000023841858,0.11079999804496765,0.1459999978542328,0.18150000274181366,0.21220000088214874,0.23649999499320984,0.24899999797344208,0.2709999978542328
IND01237,2019-04-30,,,,,,637.0,,3.0,,,5.6,,,,,8.0,POONDI LAKE AT THIRUVALLUR TAMILNADU,13.1697,79.8882,India,,,,,,,,,,,14.0,61.0,,,,,,,,,,,,,,,,,,,,,,,,0.4438000023365021,0.38089999556541443,0.10920000076293945,0.13439999520778656,0.1712000072002411,0.20170000195503235,0.21469999849796295,0.23980000615119934,0.2574000060558319,0.2721000015735626
IND01237,2019-05-27,,,,,,722.0,,3.0,,,6.2,,,,,7.3,POONDI LAKE AT THIRUVALLUR TAMILNADU,13.1697,79.8882,India,,,,,,,,,,,12.0,9200.0,,,,,,,,,,,,,,,,,,,,,,,,0.438400000333786,0.3490000069141388,0.10760000348091125,0.13539999723434448,0.1770000010728836,0.2053000032901764,0.23000000417232513,0.2533999979496002,0.2574000060558319,0.2851000130176544
IND01237,2019-08-26,,,,,,941.0,,1.0,,,7.0,,,,,7.2,POONDI LAKE AT THIRUVALLUR TAMILNADU,13.1697,79.8882,India,,,,,,,,,,,2.0,170.0,,,,,,,,,,,,,,,,,,,,,,,,0.27649998664855957,0.15860000252723694,0.056699998676776886,0.09960000216960907,0.066600002348423,0.15279999375343323,0.3490999937057495,0.39399999380111694,0.3815999925136566,0.42480000853538513
IND01237,2020-02-04,,,,,,387.0,,,,,6.4,,,,,7.8,POONDI LAKE AT THIRUVALLUR TAMILNADU,13.1697,79.8882,India,,,,,,,,,,,2.0,92.0,,,,,,,,,,,,,,,,,,,,,,,,0.01360000018030405,0.009850000031292439,0.04230000078678131,0.04439999908208847,0.030950000509619713,0.03485000133514404,0.023600000888109207,0.024550000205636024,0.02250000089406967,0.019899999722838402
IND01237,2020-03-05,,,,,,358.0,,,,,6.8,,,,,8.1,POONDI LAKE AT THIRUVALLUR TAMILNADU,13.1697,79.8882,India,,,,,,,,,,,2.0,92.0,,,,,,,,,,,,,,,,,,,,,,,,0.00860000029206276,0.007899999618530273,0.030500000342726707,0.02969999983906746,0.0203000009059906,0.029200000688433647,0.01640000008046627,0.018799999728798866,0.016100000590085983,0.013199999928474426
IND01237,2020-06-01,,,,,,397.0,,,,,5.3,,,,,8.3,POONDI LAKE AT THIRUVALLUR TAMILNADU,13.1697,79.8882,India,,,,,,,,,,,2.8,20.0,,,,,,,,,,,,,,,,,,,,,,,,0.28119999170303345,0.155799999833107,0.09224999696016312,0.12070000171661377,0.10095000267028809,0.14990000426769257,0.2870999872684479,0.3317500054836273,0.34119999408721924,0.36204999685287476
IND01237,2020-10-03,,,,,,583.0,,0.4,,,5.0,,,,,7.2,POONDI LAKE AT THIRUVALLUR TAMILNADU,13.1697,79.8882,India,,,,,,,,,,,2.0,20.0,,,,,,,,,,,,,,,,,,,,,,,,0.30790001153945923,0.17839999496936798,0.050999999046325684,0.08489999920129776,0.07249999791383743,0.13580000400543213,0.273499995470047,0.3174999952316284,0.32739999890327454,0.3547999858856201
IND01237,2020-11-05,,,,,,576.0,,0.4,,,6.5,,,,,7.2,POONDI LAKE AT THIRUVALLUR TAMILNADU,13.1697,79.8882,India,,,,,,,,,,,3.0,2.0,,,,,,,,,,,,,,,,,,,,,,,,0.014600000344216824,0.012000000104308128,0.03180000185966492,0.043699998408555984,0.03229999914765358,0.04670000076293945,0.027000000700354576,0.025699999183416367,0.017500000074505806,0.01940000057220459
IND01237,2020-12-05,,,,,,517.0,,0.4,,,5.9,,,,,7.8,POONDI LAKE AT THIRUVALLUR TAMILNADU,13.1697,79.8882,India,,,,,,,,,,,3.0,20.0,,,,,,,,,,,,,,,,,,,,,,,,0.012000000104308128,0.006300000008195639,0.03799999877810478,0.0430000014603138,0.027699999511241913,0.030300000682473183,0.027000000700354576,0.026900000870227814,0.023399999365210533,0.02419999986886978
IND01237,2021-02-05,,,,,,604.0,,,,,7.0,,,,,7.1,POONDI LAKE AT THIRUVALLUR TAMILNADU,13.1697,79.8882,India,,,,,,,,,,,2.0,68.0,,,,,,,,,,,,,,,,,,,,,,,,0.013700000010430813,0.010400000028312206,0.041999999433755875,0.045099999755620956,0.030950000509619713,0.031599998474121094,0.02669999934732914,0.02710000053048134,0.024250000715255737,0.02345000021159649
IND01237,2021-03-05,,,,,,638.0,,2.0,,,6.5,,,,,7.6,POONDI LAKE AT THIRUVALLUR TAMILNADU,13.1697,79.8882,India,,,,,,,,,,,3.0,2.0,,,,,,,,,,,,,,,,,,,,,,,,0.007000000216066837,0.007000000216066837,0.025200000032782555,0.033399999141693115,0.023900000378489494,0.023800000548362732,0.014800000004470348,0.015200000256299973,0.013700000010430813,0.01140000019222498
IND01269,2018-03-16,,,,,,380.0,,,,,5.8,,,,,7.79,RAMAPPA LAKE WARANGAL,18.2511,79.9394,India,,,,,,,,,,,3.0,90.0,,,,,,,,,,,,,,,,,,,,,,,,0.022199999541044235,0.017400000244379044,0.039000000804662704,0.06560000032186508,0.05220000073313713,0.06080000102519989,0.048500001430511475,0.04729999974370003,0.03999999910593033,0.03830000013113022
IND01269,2019-01-08,,,,,,250.0,,,,,5.6,,,,,7.8,RAMAPPA LAKE WARANGAL,18.2511,79.9394,India,,,,,,,,,,,3.0,42.0,,,,,,,,,,,,,,,,,,,,,,,,0.014399999752640724,0.010700000450015068,0.04560000076889992,0.06289999932050705,0.03880000114440918,0.03790000081062317,0.030899999663233757,0.029899999499320984,0.03020000085234642,0.02590000070631504
IND01269,2019-02-07,,,,,,260.0,,,,,5.4,,,,,8.1,RAMAPPA LAKE WARANGAL,18.2511,79.9394,India,,,,,,,,,,,2.0,22.0,,,,,,,,,,,,,,,,,,,,,,,,0.016249999403953552,0.011099999770522118,0.04769999906420708,0.06509999930858612,0.04295000061392784,0.04410000145435333,0.03449999913573265,0.03290000185370445,0.03139999881386757,0.03150000050663948
IND01269,2019-03-06,,,,,,280.0,,,,,5.2,,,,,8.0,RAMAPPA LAKE WARANGAL,18.2511,79.9394,India,,,,,,,,,,,2.0,22.0,,,,,,,,,,,,,,,,,,,,,,,,0.035999998450279236,0.026000000536441803,0.054999999701976776,0.07190000265836716,0.05130000039935112,0.05420000106096268,0.04690000042319298,0.04830000177025795,0.04430000111460686,0.04399999976158142
IND01269,2019-04-03,,,,,,320.0,,,,,5.0,,,,,7.8,RAMAPPA LAKE WARANGAL,18.2511,79.9394,India,,,,,,,,,,,2.0,24.0,,,,,,,,,,,,,,,,,,,,,,,,0.07294999808073044,0.06364999711513519,0.06445000320672989,0.09324999898672104,0.07824999839067459,0.08259999752044678,0.05934999883174896,0.06134999915957451,0.05835000053048134,0.06019999831914902
IND01269,2019-05-09,,,,,,340.0,,,,,5.2,,,,,7.7,RAMAPPA LAKE WARANGAL,18.2511,79.9394,India,,,,,,,,,,,2.0,24.0,,,,,,,,,,,,,,,,,,,,,,,,0.133200004696846,0.1177000030875206,0.11140000075101852,0.14239999651908875,0.13279999792575836,0.15309999883174896,0.13770000636577606,0.1387999951839447,0.13379999995231628,0.14100000262260437
IND01269,2019-06-01,,,,,,282.0,,,,,6.2,,,,,7.9,RAMAPPA LAKE WARANGAL,18.2511,79.9394,India,,,,,,,,,,,2.0,24.0,,,,,,,,,,,,,,,,,,,,,,,,0.11949999630451202,0.10130000114440918,0.09679999947547913,0.12460000067949295,0.11760000139474869,0.13590000569820404,0.11469999700784683,0.1234000027179718,0.11219999939203262,0.11640000343322754
IND01269,2019-11-07,,,,,,249.0,,,,,6.2,,,,,8.1,RAMAPPA LAKE WARANGAL,18.2511,79.9394,India,,,,,,,,,,,2.0,18.0,,,,,,,,,,,,,,,,,,,,,,,,0.015200000256299973,0.008799999952316284,0.04340000078082085,0.05324999988079071,0.03595000132918358,0.04340000078082085,0.04280000180006027,0.040550000965595245,0.031599998474121094,0.03395000100135803
IND01269,2019-12-07,,,,,,242.0,,,,,6.4,,,,,7.8,RAMAPPA LAKE WARANGAL,18.2511,79.9394,India,,,,,,,,,,,2.3,17.0,,,,,,,,,,,,,,,,,,,,,,,,0.014100000262260437,0.00860000029206276,0.041099999099969864,0.05400000140070915,0.03620000183582306,0.04179999977350235,0.041600000113248825,0.03830000013113022,0.03830000013113022,0.03689999878406525
IND01269,2020-01-04,,,,,,248.0,,,,,5.8,,,,,7.8,RAMAPPA LAKE WARANGAL,18.2511,79.9394,India,,,,,,,,,,,2.1,14.0,,,,,,,,,,,,,,,,,,,,,,,,0.02290000021457672,0.011900000274181366,0.053300000727176666,0.06849999725818634,0.05169999971985817,0.057100001722574234,0.05510000139474869,0.05299999937415123,0.05000000074505806,0.05139999836683273
IND01269,2020-02-11,,,,,,266.0,,,,,5.8,,,,,8.0,RAMAPPA LAKE WARANGAL,18.2511,79.9394,India,,,,,,,,,,,2.1,18.0,,,,,,,,,,,,,,,,,,,,,,,,0.012799999676644802,0.007499999832361937,0.04490000009536743,0.055399999022483826,0.035999998450279236,0.03420000150799751,0.02759999968111515,0.026599999517202377,0.02539999969303608,0.023600000888109207
IND01269,2020-03-07,,,,,,274.0,,,,,6.2,,,,,8.1,RAMAPPA LAKE WARANGAL,18.2511,79.9394,India,,,,,,,,,,,4.0,24.0,,,,,,,,,,,,,,,,,,,,,,,,0.03759999945759773,0.026900000870227814,0.06809999793767929,0.09830000251531601,0.06719999760389328,0.06719999760389328,0.05620000138878822,0.05490000173449516,0.04919999837875366,0.04780000075697899
IND01269,2020-04-09,,,,,,224.0,,1.0,,,6.0,,,,,7.7,RAMAPPA LAKE WARANGAL,18.2511,79.9394,India,,,,,,,,,,,2.1,26.0,,,,,,,,,,,,,,,,,,,,,,,,0.08879999816417694,0.07819999754428864,0.07195000350475311,0.09674999862909317,0.08860000222921371,0.09529999643564224,0.08209999650716782,0.08500000089406967,0.08044999837875366,0.08100000023841858
IND01269,2020-05-06,,,,,,231.0,,0.9,,,6.8,,,,,8.6,RAMAPPA LAKE WARANGAL,18.2511,79.9394,India,,,,,,,,,,,2.1,24.0,,,,,,,,,,,,,,,,,,,,,,,,0.12370000034570694,0.10740000009536743,0.10400000214576721,0.12759999930858612,0.1225999966263771,0.1315000057220459,0.12559999525547028,0.1290999948978424,0.11779999732971191,0.1273999959230423
IND01269,2020-06-06,,,,,,225.0,,,,,6.0,,,,,7.6,RAMAPPA LAKE WARANGAL,18.2511,79.9394,India,,,,,,,,,,,2.3,70.0,,,,,,,,,,,,,,,,,,,,,,,,0.11659999936819077,0.10199999809265137,0.10109999775886536,0.1306000053882599,0.12139999866485596,0.13580000400543213,0.1225999966263771,0.12349999696016312,0.1096000000834465,0.12409999966621399
IND01269,2020-09-04,,,,,,155.0,,0.4,,,6.4,,,,,7.76,RAMAPPA LAKE WARANGAL,18.2511,79.9394,India,,,,,,,,,,,2.1,6.0,,,,,,,,,,,,,,,,,,,,,,,,0.08760000020265579,0.07559999823570251,0.16760000586509705,0.2184000015258789,0.16859999299049377,0.1868000030517578,0.10480000078678131,0.10830000042915344,0.0966000035405159,0.0892999991774559
IND01269,2020-11-03,,,,,,187.0,,0.4,,,6.2,,,,,7.42,RAMAPPA LAKE WARANGAL,18.2511,79.9394,India,,,,,,,,,,,2.2,14.0,,,,,,,,,,,,,,,,,,,,,,,,0.014949999749660492,0.010649999603629112,0.03869999945163727,0.048250000923871994,0.031700000166893005,0.03864999860525131,0.03229999914765358,0.032349999994039536,0.02459999918937683,0.024150000885128975
IND01269,2020-12-04,,,,,,196.0,,0.4,,,6.0,,,,,8.0,RAMAPPA LAKE WARANGAL,18.2511,79.9394,India,,,,,,,,,,,2.1,5.0,,,,,,,,,,,,,,,,,,,,,,,,0.009850000031292439,0.006649999879300594,0.030150000005960464,0.03669999912381172,0.0239499993622303,0.025499999523162842,0.02085000090301037,0.02264999970793724,0.018650000914931297,0.019449999555945396
IND01269,2021-01-06,,,,,,205.0,,0.1,,,6.2,,,,,7.68,RAMAPPA LAKE WARANGAL,18.2511,79.9394,India,,,,,,,,,,,2.3,15.0,,,,,,,,,,,,,,,,,,,,,,,,0.02419999986886978,0.012500000186264515,0.06369999796152115,0.07769999653100967,0.05849999934434891,0.06390000134706497,0.05609999969601631,0.05869999900460243,0.054099999368190765,0.05310000106692314
IND01269,2021-02-08,,,,,,244.0,,0.1,,,5.8,,,,,7.97,RAMAPPA LAKE WARANGAL,18.2511,79.9394,India,,,,,,,,,,,2.1,20.0,,,,,,,,,,,,,,,,,,,,,,,,0.01899999938905239,0.012849999591708183,0.05220000073313713,0.06340000033378601,0.04845000058412552,0.05115000158548355,0.04050000011920929,0.040300000458955765,0.03779999911785126,0.036649998277425766
IND01269,2021-03-09,,,,,,244.0,,0.1,,,6.0,,,,,7.61,RAMAPPA LAKE WARANGAL,18.2511,79.9394,India,,,,,,,,,,,2.1,26.0,,,,,,,,,,,,,,,,,,,,,,,,0.01769999973475933,0.012400000356137753,0.03689999878406525,0.05739999935030937,0.0414000004529953,0.04479999840259552,0.03530000150203705,0.03280000016093254,0.028699999675154686,0.025499999523162842
IND01271,2019-01-05,,,,,,1420.0,,,,,1.4,,,,,7.8,FOX SAGAR JEEDIMETLA RANGA REDDY,17.5249,78.4685,India,,,,,,,,,,,12.0,380.0,,,,,,,,,,,,,,,,,,,,,,,,0.008799999952316284,0.0066999997943639755,0.02410000003874302,0.027699999511241913,0.018200000748038292,0.021449999883770943,0.014499999582767487,0.013249999843537807,0.011649999767541885,0.011649999767541885
IND01271,2019-02-08,,,,,,1638.0,,,,,1.2,,,,,7.3,FOX SAGAR JEEDIMETLA RANGA REDDY,17.5249,78.4685,India,,,,,,,,,,,12.0,350.0,,,,,,,,,,,,,,,,,,,,,,,,0.016200000420212746,0.01209999993443489,0.03530000150203705,0.03920000046491623,0.030400000512599945,0.03440000116825104,0.03139999881386757,0.031300000846385956,0.02810000069439411,0.028300000354647636
IND01271,2019-03-11,,,,,,1690.0,,,,,1.0,,,,,7.6,FOX SAGAR JEEDIMETLA RANGA REDDY,17.5249,78.4685,India,,,,,,,,,,,14.0,430.0,,,,,,,,,,,,,,,,,,,,,,,,0.027550000697374344,0.02174999937415123,0.03319999948143959,0.03590000048279762,0.02979999966919422,0.0364999994635582,0.029249999672174454,0.032249998301267624,0.027899999171495438,0.02785000018775463
IND01271,2019-04-17,,,,,,1710.0,,,,,1.2,,,,,7.4,FOX SAGAR JEEDIMETLA RANGA REDDY,17.5249,78.4685,India,,,,,,,,,,,16.0,450.0,,,,,,,,,,,,,,,,,,,,,,,,0.035999998450279236,0.028349999338388443,0.05220000073313713,0.05274999886751175,0.04414999857544899,0.05139999836683273,0.045049998909235,0.04594999924302101,0.04205000028014183,0.04179999977350235
IND01271,2019-05-06,,,,,,1836.0,,,,,1.5,,,,,7.3,FOX SAGAR JEEDIMETLA RANGA REDDY,17.5249,78.4685,India,,,,,,,,,,,18.0,540.0,,,,,,,,,,,,,,,,,,,,,,,,0.054249998182058334,0.04574999958276749,0.06030000001192093,0.0640999972820282,0.056299999356269836,0.06705000251531601,0.05745000019669533,0.05914999917149544,0.05730000138282776,0.05714999884366989
IND01271,2019-06-04,,,,,,1840.0,,,,,1.3,,,,,7.6,FOX SAGAR JEEDIMETLA RANGA REDDY,17.5249,78.4685,India,,,,,,,,,,,16.0,350.0,,,,,,,,,,,,,,,,,,,,,,,,0.05050000175833702,0.042100001126527786,0.05745000019669533,0.059300001710653305,0.049800001084804535,0.06289999932050705,0.05355000123381615,0.05620000138878822,0.05324999988079071,0.05355000123381615
IND01271,2020-01-10,,,,,,2496.0,,,,,0.1,,,,,7.5,FOX SAGAR JEEDIMETLA RANGA REDDY,17.5249,78.4685,India,,,,,,,,,,,48.0,520.0,,,,,,,,,,,,,,,,,,,,,,,,0.01600000075995922,0.009150000289082527,0.05249999836087227,0.04569999873638153,0.034949999302625656,0.04179999977350235,0.03970000147819519,0.041749998927116394,0.03709999844431877,0.03474999964237213
IND01271,2020-02-11,,,,,,1510.0,,,,,0.1,,,,,7.6,FOX SAGAR JEEDIMETLA RANGA REDDY,17.5249,78.4685,India,,,,,,,,,,,24.0,350.0,,,,,,,,,,,,,,,,,,,,,,,,0.009549999609589577,0.0066999997943639755,0.02889999933540821,0.025800000876188278,0.01795000024139881,0.02850000001490116,0.021250000223517418,0.020600000396370888,0.0182499997317791,0.015599999576807022
IND01271,2020-03-05,,,,,,1618.0,,,,,3.9,,,,,7.5,FOX SAGAR JEEDIMETLA RANGA REDDY,17.5249,78.4685,India,,,,,,,,,,,18.0,350.0,,,,,,,,,,,,,,,,,,,,,,,,0.021649999544024467,0.017000000923871994,0.03220000118017197,0.03644999861717224,0.0284000001847744,0.043150000274181366,0.03125,0.03099999949336052,0.027550000697374344,0.028300000354647636
IND01271,2020-04-13,,,,,,1618.0,,1.0,,,4.5,,,,,7.5,FOX SAGAR JEEDIMETLA RANGA REDDY,17.5249,78.4685,India,,,,,,,,,,,10.0,79.0,,,,,,,,,,,,,,,,,,,,,,,,0.036400001496076584,0.02944999933242798,0.04989999905228615,0.0544000007212162,0.04659999907016754,0.05820000171661377,0.10050000250339508,0.04984999820590019,0.04610000178217888,0.09679999947547913
IND01271,2020-05-06,,,,,,1465.0,,2.8,,,3.4,,,,,7.6,FOX SAGAR JEEDIMETLA RANGA REDDY,17.5249,78.4685,India,,,,,,,,,,,20.0,1600.0,,,,,,,,,,,,,,,,,,,,,,,,0.047200001776218414,0.03310000151395798,0.05050000175833702,0.0531499981880188,0.04205000028014183,0.05889999866485596,0.08354999870061874,0.0860000029206276,0.07500000298023224,0.07490000128746033
IND01271,2020-06-10,,,,,,1880.0,,4.2,,,2.6,,,,,7.2,FOX SAGAR JEEDIMETLA RANGA REDDY,17.5249,78.4685,India,,,,,,,,,,,30.0,1600.0,,,,,,,,,,,,,,,,,,,,,,,,0.04904999956488609,0.040300000458955765,0.050450000911951065,0.0580499991774559,0.04989999905228615,0.06560000032186508,0.05270000174641609,0.052949998527765274,0.046149998903274536,0.050700001418590546
IND01271,2020-11-10,,,,,,1066.0,,0.4,,,4.8,,,,,7.35,FOX SAGAR JEEDIMETLA RANGA REDDY,17.5249,78.4685,India,,,,,,,,,,,7.0,280.0,,,,,,,,,,,,,,,,,,,,,,,,0.008349999785423279,0.006500000134110451,0.02135000005364418,0.030249999836087227,0.02329999953508377,0.030750000849366188,0.024250000715255737,0.0243500005453825,0.01860000006854534,0.0210999995470047
IND01271,2020-12-30,,,,,,1138.0,,0.4,,,3.9,,,,,7.6,FOX SAGAR JEEDIMETLA RANGA REDDY,17.5249,78.4685,India,,,,,,,,,,,6.0,350.0,,,,,,,,,,,,,,,,,,,,,,,,0.06615000218153,0.027899999171495438,0.04205000028014183,0.048500001430511475,0.030799999833106995,0.05860000103712082,0.179749995470047,0.2215999960899353,0.2228499948978424,0.23205000162124634
IND01271,2021-01-15,,,,,,1080.0,,0.1,,,3.2,,,,,7.76,FOX SAGAR JEEDIMETLA RANGA REDDY,17.5249,78.4685,India,,,,,,,,,,,3.0,350.0,,,,,,,,,,,,,,,,,,,,,,,,0.15004999935626984,0.060499999672174454,0.0799499973654747,0.08874999731779099,0.061000000685453415,0.1039000004529953,0.3346000015735626,0.421999990940094,0.4375999867916107,0.45544999837875366
IND01271,2021-02-26,,,,,,1042.0,,0.1,,,2.8,,,,,7.68,FOX SAGAR JEEDIMETLA RANGA REDDY,17.5249,78.4685,India,,,,,,,,,,,4.0,350.0,,,,,,,,,,,,,,,,,,,,,,,,0.043699998408555984,0.02630000002682209,0.04910000041127205,0.05485000088810921,0.03689999878406525,0.07684999704360962,0.10189999639987946,0.10585000365972519,0.09375,0.09880000352859497
IND01271,2021-03-05,,,,,,1356.0,,0.1,,,2.2,,,,,7.92,FOX SAGAR JEEDIMETLA RANGA REDDY,17.5249,78.4685,India,,,,,,,,,,,5.6,430.0,,,,,,,,,,,,,,,,,,,,,,,,0.019099999219179153,0.01549999974668026,0.037300001829862595,0.046149998903274536,0.03545000031590462,0.04699999839067459,0.0385500006377697,0.04010000079870224,0.031849998980760574,0.03060000017285347
IND01389,2020-01-06,,,,,,362.0,,0.9,,,7.9,,,,,7.2,WAINGANGA AT CHHAPARA NEAR ROAD BRIDGE AFTER MIXIN,22.3879,79.5426,India,,,,,,,,,,,1.1,39.0,,,,,,,,,,,,,,,,,,,,,,,,0.11185000091791153,0.08940000087022781,0.186599999666214,0.18664999306201935,0.15449999272823334,0.15700000524520874,0.15485000610351562,0.15434999763965607,0.16699999570846558,0.14704999327659607
IND01389,2020-02-05,,,,,,382.0,,0.44,,,7.8,,,,,7.1,WAINGANGA AT CHHAPARA NEAR ROAD BRIDGE AFTER MIXIN,22.3879,79.5426,India,,,,,,,,,,,1.2,21.0,,,,,,,,,,,,,,,,,,,,,,,,0.014600000344216824,0.012799999676644802,0.041200000792741776,0.06109999865293503,0.042100001126527786,0.041200000792741776,0.025599999353289604,0.023399999365210533,0.018200000748038292,0.014100000262260437
IND01389,2020-03-05,,,,,,628.0,,0.64,,,6.8,,,,,7.2,WAINGANGA AT CHHAPARA NEAR ROAD BRIDGE AFTER MIXIN,22.3879,79.5426,India,,,,,,,,,,,1.8,250.0,,,,,,,,,,,,,,,,,,,,,,,,0.023749999701976776,0.020800000056624413,0.036649998277425766,0.0575999990105629,0.03700000047683716,0.036400001496076584,0.016699999570846558,0.017550000920891762,0.01640000008046627,0.014050000347197056
IND01389,2020-04-16,,,,,,280.0,,,,,7.5,,,,,7.2,WAINGANGA AT CHHAPARA NEAR ROAD BRIDGE AFTER MIXIN,22.3879,79.5426,India,,,,,,,,,,,0.9,7.0,,,,,,,,,,,,,,,,,,,,,,,,0.04729999974370003,0.03869999945163727,0.0568000003695488,0.06840000301599503,0.05550000071525574,0.05649999901652336,0.04800000041723251,0.04969999939203262,0.04650000110268593,0.04769999906420708
IND01389,2020-05-02,,,,,,252.0,,0.44,,,7.4,,,,,7.3,WAINGANGA AT CHHAPARA NEAR ROAD BRIDGE AFTER MIXIN,22.3879,79.5426,India,,,,,,,,,,,0.8,24.0,,,,,,,,,,,,,,,,,,,,,,,,0.0560000017285347,0.050599999725818634,0.0568000003695488,0.06480000168085098,0.06040000170469284,0.06300000101327896,0.05139999836683273,0.05400000140070915,0.05290000140666962,0.049400001764297485
IND01389,2020-09-04,,,,,,326.0,,0.48,,,7.6,,,,,7.2,WAINGANGA AT CHHAPARA NEAR ROAD BRIDGE AFTER MIXIN,22.3879,79.5426,India,,,,,,,,,,,1.8,48.0,,,,,,,,,,,,,,,,,,,,,,,,0.015300000086426735,0.010599999688565731,0.04859999939799309,0.07810000330209732,0.04500000178813934,0.04439999908208847,0.021400000900030136,0.02070000022649765,0.017000000923871994,0.020999999716877937
IND01389,2020-11-06,,,,,,294.0,,0.17,,,7.5,,,,,8.2,WAINGANGA AT CHHAPARA NEAR ROAD BRIDGE AFTER MIXIN,22.3879,79.5426,India,,,,,,,,,,,1.9,41.0,,,,,,,,,,,,,,,,,,,,,,,,0.01810000091791153,0.013899999670684338,0.05510000139474869,0.057999998331069946,0.039400000125169754,0.03929999843239784,0.0333000011742115,0.032600000500679016,0.030700000002980232,0.029400000348687172
IND01389,2020-12-04,,,,,,268.0,,0.62,,,7.0,,,,,7.5,WAINGANGA AT CHHAPARA NEAR ROAD BRIDGE AFTER MIXIN,22.3879,79.5426,India,,,,,,,,,,,1.4,25.0,,,,,,,,,,,,,,,,,,,,,,,,0.010099999606609344,0.007799999788403511,0.03420000150799751,0.040800001472234726,0.026100000366568565,0.026100000366568565,0.016049999743700027,0.015599999576807022,0.015549999661743641,0.014050000347197056
IND01455,2019-01-06,,,,,,200.0,,,,,5.9,,,,,6.8,VELLAYANI LAKE AT VANDITHADOM THIRUVANANTHAPURAM,8.4317,76.9903,India,,,,,,,,,,,3.4,1500.0,,,,,,,,,,,,,,,,,,,,,,,,0.11010000109672546,0.061149999499320984,0.06480000168085098,0.08990000188350677,0.07440000027418137,0.11379999667406082,0.15469999611377716,0.17444999516010284,0.20149999856948853,0.1709499955177307
IND01455,2019-02-06,,,,,,180.0,,,,,5.6,,,,,6.7,VELLAYANI LAKE AT VANDITHADOM THIRUVANANTHAPURAM,8.4317,76.9903,India,,,,,,,,,,,3.6,2000.0,,,,,,,,,,,,,,,,,,,,,,,,0.14634999632835388,0.0880500003695488,0.053849998861551285,0.0794999971985817,0.07129999995231628,0.10790000110864639,0.1513500064611435,0.1758500039577484,0.20724999904632568,0.18330000340938568
IND01455,2019-03-13,,,,,,204.0,,,,,1.8,,,,,6.4,VELLAYANI LAKE AT VANDITHADOM THIRUVANANTHAPURAM,8.4317,76.9903,India,,,,,,,,,,,5.2,1600.0,,,,,,,,,,,,,,,,,,,,,,,,0.17364999651908875,0.10130000114440918,0.06885000318288803,0.09025000035762787,0.0750499963760376,0.1303499937057495,0.21040000021457672,0.23604999482631683,0.25745001435279846,0.24285000562667847
IND01455,2019-04-17,,,,,,218.0,,,,,6.2,,,,,7.1,VELLAYANI LAKE AT VANDITHADOM THIRUVANANTHAPURAM,8.4317,76.9903,India,,,,,,,,,,,5.6,1800.0,,,,,,,,,,,,,,,,,,,,,,,,0.17579999566078186,0.09780000150203705,0.06790000200271606,0.09489999711513519,0.08049999922513962,0.13529999554157257,0.22669999301433563,0.2459000051021576,0.2897000014781952,0.2587999999523163
IND01455,2019-05-14,,,,,,225.0,,,,,1.0,,,,,5.8,VELLAYANI LAKE AT VANDITHADOM THIRUVANANTHAPURAM,8.4317,76.9903,India,,,,,,,,,,,4.0,1100.0,,,,,,,,,,,,,,,,,,,,,,,,0.16290000081062317,0.09335000067949295,0.06624999642372131,0.0961500033736229,0.08275000005960464,0.13809999823570251,0.22085000574588776,0.25084999203681946,0.27459999918937683,0.2579500079154968
IND01455,2020-01-21,,,,,,212.0,,,,,3.1,,,,,7.2,VELLAYANI LAKE AT VANDITHADOM THIRUVANANTHAPURAM,8.4317,76.9903,India,,,,,,,,,,,8.4,910.0,,,,,,,,,,,,,,,,,,,,,,,,0.09674999862909317,0.0575999990105629,0.05654999986290932,0.0694499984383583,0.05285000056028366,0.08049999922513962,0.13324999809265137,0.15015000104904175,0.17430000007152557,0.15084999799728394
IND01455,2020-02-07,,,,,,125.0,,,,,3.7,,,,,6.0,VELLAYANI LAKE AT VANDITHADOM THIRUVANANTHAPURAM,8.4317,76.9903,India,,,,,,,,,,,13.2,1400.0,,,,,,,,,,,,,,,,,,,,,,,,0.13660000264644623,0.07880000025033951,0.07270000129938126,0.09160000085830688,0.07429999858140945,0.10980000346899033,0.17479999363422394,0.2011999934911728,0.2273000031709671,0.21330000460147858
IND01455,2020-03-11,,,,,,142.0,,,,,4.1,,,,,6.8,VELLAYANI LAKE AT VANDITHADOM THIRUVANANTHAPURAM,8.4317,76.9903,India,,,,,,,,,,,9.6,1100.0,,,,,,,,,,,,,,,,,,,,,,,,0.1745000034570694,0.10610000044107437,0.07559999823570251,0.09629999846220016,0.0803999975323677,0.12630000710487366,0.21639999747276306,0.23489999771118164,0.26080000400543213,0.24379999935626984
IND01455,2020-04-13,,,,,,145.0,,,,,4.2,,,,,7.2,VELLAYANI LAKE AT VANDITHADOM THIRUVANANTHAPURAM,8.4317,76.9903,India,,,,,,,,,,,8.4,910.0,,,,,,,,,,,,,,,,,,,,,,,,0.19990000128746033,0.11079999804496765,0.06689999997615814,0.09430000185966492,0.0778999999165535,0.15929999947547913,0.26510000228881836,0.2935999929904938,0.2994000017642975,0.31839999556541443
IND01455,2020-05-06,,,,,,144.0,,,,,1.8,,,,,6.2,VELLAYANI LAKE AT VANDITHADOM THIRUVANANTHAPURAM,8.4317,76.9903,India,,,,,,,,,,,5.4,810.0,,,,,,,,,,,,,,,,,,,,,,,,0.1809999942779541,0.10270000249147415,0.07999999821186066,0.09369999915361404,0.07840000092983246,0.1379999965429306,0.23929999768733978,0.27300000190734863,0.2743000090122223,0.28760001063346863
IND01455,2020-07-04,,,,,,128.0,,,,,6.4,,,,,6.7,VELLAYANI LAKE AT VANDITHADOM THIRUVANANTHAPURAM,8.4317,76.9903,India,,,,,,,,,,,1.6,630.0,,,,,,,,,,,,,,,,,,,,,,,,0.1737000048160553,0.09430000185966492,0.03660000115633011,0.07450000196695328,0.05119999870657921,0.1281999945640564,0.2533999979496002,0.28290000557899475,0.3075000047683716,0.3109999895095825
IND01455,2020-10-09,,,,,,112.0,,,,,6.2,,,,,6.4,VELLAYANI LAKE AT VANDITHADOM THIRUVANANTHAPURAM,8.4317,76.9903,India,,,,,,,,,,,1.7,490.0,,,,,,,,,,,,,,,,,,,,,,,,0.1868000030517578,0.10249999910593033,0.038600001484155655,0.07479999959468842,0.04479999840259552,0.13689999282360077,0.26820001006126404,0.30889999866485596,0.34220001101493835,0.3206999897956848
IND01455,2020-11-04,,,,,,102.0,,,,,6.4,,,,,6.4,VELLAYANI LAKE AT VANDITHADOM THIRUVANANTHAPURAM,8.4317,76.9903,India,,,,,,,,,,,1.5,400.0,,,,,,,,,,,,,,,,,,,,,,,,0.1526000052690506,0.09179999679327011,0.054499998688697815,0.07349999994039536,0.06120000034570694,0.10580000281333923,0.1979999989271164,0.22910000383853912,0.2409999966621399,0.24969999492168427
IND01455,2021-01-12,,,,,,136.0,,,,,6.5,,,,,6.9,VELLAYANI LAKE AT VANDITHADOM THIRUVANANTHAPURAM,8.4317,76.9903,India,,,,,,,,,,,2.8,700.0,,,,,,,,,,,,,,,,,,,,,,,,0.14399999380111694,0.07930000126361847,0.04170000180602074,0.0617000013589859,0.043699998408555984,0.09430000185966492,0.18709999322891235,0.21719999611377716,0.2653999924659729,0.2337999939918518
IND01455,2021-02-04,,,,,,134.0,,,,,6.3,,,,,6.8,VELLAYANI LAKE AT VANDITHADOM THIRUVANANTHAPURAM,8.4317,76.9903,India,,,,,,,,,,,2.7,700.0,,,,,,,,,,,,,,,,,,,,,,,,0.15970000624656677,0.08990000188350677,0.05270000174641609,0.07970000058412552,0.054999999701976776,0.1071000024676323,0.19699999690055847,0.2337999939918518,0.2522999942302704,0.23989999294281006
IND01455,2021-03-08,,,,,,134.0,,,,,7.1,,,,,6.4,VELLAYANI LAKE AT VANDITHADOM THIRUVANANTHAPURAM,8.4317,76.9903,India,,,,,,,,,,,2.1,790.0,,,,,,,,,,,,,,,,,,,,,,,,0.1664000004529953,0.09560000151395798,0.05209999904036522,0.07840000092983246,0.06700000166893005,0.11909999698400497,0.2249000072479248,0.25060001015663147,0.2709999978542328,0.26350000500679016
IND01527,2019-01-24,,,,,,150.0,,,,,4.1,,,,,7.3,SON BEEL WATER AT KARIMGANJ,24.6893,92.4324,India,,,,,,,,,,,4.0,910.0,,,,,,,,,,,,,,,,,,,,,,,,0.1120000034570694,0.055799998342990875,0.04639999940991402,0.07819999754428864,0.041600000113248825,0.11479999870061874,0.24009999632835388,0.274399995803833,0.2680000066757202,0.2741999924182892
IND01527,2019-02-25,,,,,,150.0,,,,,4.1,,,,,7.3,SON BEEL WATER AT KARIMGANJ,24.6893,92.4324,India,,,,,,,,,,,3.2,910.0,,,,,,,,,,,,,,,,,,,,,,,,0.16410000622272491,0.08569999784231186,0.09399999678134918,0.11800000071525574,0.08919999748468399,0.15469999611377716,0.3084000051021576,0.34220001101493835,0.3465999960899353,0.35409998893737793
IND01527,2019-03-26,,,,,,150.0,,,,,4.1,,,,,6.8,SON BEEL WATER AT KARIMGANJ,24.6893,92.4324,India,,,,,,,,,,,3.4,1500.0,,,,,,,,,,,,,,,,,,,,,,,,0.17865000665187836,0.09745000302791595,0.07495000213384628,0.10260000079870224,0.07545000314712524,0.14384999871253967,0.27854999899864197,0.3000999987125397,0.298799991607666,0.3093999922275543
IND01527,2019-04-24,,,,,,150.0,,,,,4.2,,,,,7.4,SON BEEL WATER AT KARIMGANJ,24.6893,92.4324,India,,,,,,,,,,,4.0,910.0,,,,,,,,,,,,,,,,,,,,,,,,0.10520000010728836,0.0608999989926815,0.06960000097751617,0.08980000019073486,0.06300000101327896,0.11559999734163284,0.17470000684261322,0.17739999294281006,0.16699999570846558,0.18039999902248383
IND01527,2019-06-17,,,,,,150.0,,,,,5.3,,,,,6.7,SON BEEL WATER AT KARIMGANJ,24.6893,92.4324,India,,,,,,,,,,,1.2,910.0,,,,,,,,,,,,,,,,,,,,,,,,0.02759999968111515,0.017999999225139618,0.066600002348423,0.08879999816417694,0.06729999929666519,0.06949999928474426,0.053300000727176666,0.050200000405311584,0.039000000804662704,0.0430000014603138
IND01527,2019-08-26,,,,,,150.0,,,,,5.3,,,,,6.4,SON BEEL WATER AT KARIMGANJ,24.6893,92.4324,India,,,,,,,,,,,2.8,1400.0,,,,,,,,,,,,,,,,,,,,,,,,0.00419999985024333,0.003000000026077032,0.045899998396635056,0.07249999791383743,0.04969999939203262,0.040300000458955765,0.011699999682605267,0.013399999588727951,0.008700000122189522,0.005799999926239252
IND01527,2019-09-23,,,,,,150.0,,,,,5.2,,,,,6.4,SON BEEL WATER AT KARIMGANJ,24.6893,92.4324,India,,,,,,,,,,,2.7,910.0,,,,,,,,,,,,,,,,,,,,,,,,0.005049999803304672,0.003650000086054206,0.052000001072883606,0.06925000250339508,0.03905000165104866,0.03424999862909317,0.0203000009059906,0.020800000056624413,0.015150000341236591,0.015150000341236591
IND01527,2019-10-30,,,,,,150.0,,,,,5.1,,,,,7.3,SON BEEL WATER AT KARIMGANJ,24.6893,92.4324,India,,,,,,,,,,,2.1,2000.0,,,,,,,,,,,,,,,,,,,,,,,,0.010350000113248825,0.004449999891221523,0.08470000326633453,0.11800000071525574,0.09149999916553497,0.08160000294446945,0.04554999992251396,0.04405000060796738,0.03700000047683716,0.0340999998152256
IND01527,2019-12-20,,,,,,150.0,,,,,4.2,,,,,7.2,SON BEEL WATER AT KARIMGANJ,24.6893,92.4324,India,,,,,,,,,,,2.1,720.0,,,,,,,,,,,,,,,,,,,,,,,,0.019500000402331352,0.010599999688565731,0.08630000054836273,0.11580000072717667,0.09359999746084213,0.10225000232458115,0.06975000351667404,0.0693499967455864,0.05914999917149544,0.05335000157356262
IND01527,2020-01-29,,,,,,112.0,,0.3,,,4.2,,,,,7.3,SON BEEL WATER AT KARIMGANJ,24.6893,92.4324,India,,,,,,,,,,,2.1,910.0,,,,,,,,,,,,,,,,,,,,,,,,0.08375000208616257,0.041999999433755875,0.06960000097751617,0.08444999903440475,0.06064999848604202,0.10984999686479568,0.19539999961853027,0.2089499980211258,0.2062000036239624,0.2037000060081482
IND01527,2020-02-19,,,,,,106.0,,0.22,,,5.8,,,,,7.2,SON BEEL WATER AT KARIMGANJ,24.6893,92.4324,India,,,,,,,,,,,2.1,720.0,,,,,,,,,,,,,,,,,,,,,,,,0.06939999759197235,0.03480000048875809,0.03150000050663948,0.052400000393390656,0.033900000154972076,0.08110000193119049,0.14659999310970306,0.16599999368190765,0.15960000455379486,0.16300000250339508
IND01527,2020-10-27,,,,,,119.0,,0.2,,,4.2,,,,,6.8,SON BEEL WATER AT KARIMGANJ,24.6893,92.4324,India,,,,,,,,,,,2.0,730.0,,,,,,,,,,,,,,,,,,,,,,,,0.006399999838322401,0.004449999891221523,0.060750000178813934,0.10194999724626541,0.07010000199079514,0.06255000084638596,0.025800000876188278,0.026900000870227814,0.020600000396370888,0.017650000751018524
IND01527,2020-11-17,,,,,,150.0,,0.23,,,4.1,,,,,7.0,SON BEEL WATER AT KARIMGANJ,24.6893,92.4324,India,,,,,,,,,,,2.3,1100.0,,,,,,,,,,,,,,,,,,,,,,,,0.002300000051036477,0.00139999995008111,0.04879999905824661,0.07750000059604645,0.0502999983727932,0.04100000113248825,0.01600000075995922,0.014999999664723873,0.01209999993443489,0.009600000455975533
IND01527,2020-12-16,,,,,,127.0,,0.5,,,4.1,,,,,7.0,SON BEEL WATER AT KARIMGANJ,24.6893,92.4324,India,,,,,,,,,,,2.1,720.0,,,,,,,,,,,,,,,,,,,,,,,,0.16304999589920044,0.1376499980688095,0.17755000293254852,0.1903499960899353,0.17470000684261322,0.2093999981880188,0.1871500015258789,0.18365000188350677,0.16680000722408295,0.1764499992132187
IND01527,2021-01-27,,,,,,154.0,,0.46,,,4.2,,,,,7.2,SON BEEL WATER AT KARIMGANJ,24.6893,92.4324,India,,,,,,,,,,,2.4,910.0,,,,,,,,,,,,,,,,,,,,,,,,0.10289999842643738,0.049800001084804535,0.04910000041127205,0.07199999690055847,0.04470000043511391,0.10849999636411667,0.22059999406337738,0.23600000143051147,0.24140000343322754,0.23389999568462372
IND01527,2021-02-22,,,,,,150.0,,1.8,,,4.1,,,,,7.0,SON BEEL WATER AT KARIMGANJ,24.6893,92.4324,India,,,,,,,,,,,2.2,1100.0,,,,,,,,,,,,,,,,,,,,,,,,0.09854999929666519,0.05014999955892563,0.07254999876022339,0.09485000371932983,0.07119999825954437,0.12269999831914902,0.20794999599456787,0.22785000503063202,0.22439999878406525,0.22470000386238098
IND01527,2021-03-17,,,,,,158.0,,1.6,,,4.2,,,,,7.5,SON BEEL WATER AT KARIMGANJ,24.6893,92.4324,India,,,,,,,,,,,2.4,1100.0,,,,,,,,,,,,,,,,,,,,,,,,0.12300000339746475,0.06804999709129333,0.06915000081062317,0.09375,0.07859999686479568,0.13204999268054962,0.1988999992609024,0.21934999525547028,0.2110999971628189,0.2282000035047531
IND01624,2018-03-07,,,,,,522.0,,0.4,,,10.0,,,,,8.0,TAMPADA LAKE AT CHHATRAPUR,19.3436,84.9888,India,,,,,,,,,,,16.9,490.0,,,,,,,,,,,,,,,,,,,,,,,,0.062199998646974564,0.036400001496076584,0.0,0.03099999949336052,0.03959999978542328,0.04780000075697899,0.04639999940991402,0.05849999934434891,0.08980000019073486,0.05400000140070915
IND01624,2019-01-05,,,,,,773.0,,,,,5.7,,,,,6.7,TAMPADA LAKE AT CHHATRAPUR,19.3436,84.9888,India,,,,,,,,,,,2.5,490.0,,,,,,,,,,,,,,,,,,,,,,,,0.04349999874830246,0.02419999986886978,0.06589999794960022,0.0737999975681305,0.057500001043081284,0.07930000126361847,0.07280000299215317,0.07370000332593918,0.06469999998807907,0.07069999724626541
IND01624,2019-02-04,,,,,,422.0,,0.6,,,10.0,,,,,8.2,TAMPADA LAKE AT CHHATRAPUR,19.3436,84.9888,India,,,,,,,,,,,4.7,1400.0,,,,,,,,,,,,,,,,,,,,,,,,0.05570000037550926,0.03344999998807907,0.04670000076293945,0.060499999672174454,0.047200001776218414,0.06655000150203705,0.06315000355243683,0.0729999989271164,0.08974999934434891,0.07744999974966049
IND01624,2019-03-06,,,,,,364.0,,1.4,,,8.5,,,,,8.4,TAMPADA LAKE AT CHHATRAPUR,19.3436,84.9888,India,,,,,,,,,,,4.2,1100.0,,,,,,,,,,,,,,,,,,,,,,,,0.07280000299215317,0.04179999977350235,0.03790000081062317,0.06390000134706497,0.04839999973773956,0.07980000227689743,0.08429999649524689,0.09189999848604202,0.1151999980211258,0.09300000220537186
IND01624,2019-04-02,,,,,,476.0,,1.1,,,6.8,,,,,8.3,TAMPADA LAKE AT CHHATRAPUR,19.3436,84.9888,India,,,,,,,,,,,4.6,1300.0,,,,,,,,,,,,,,,,,,,,,,,,0.08659999817609787,0.058150000870227814,0.05389999970793724,0.08079999685287476,0.06790000200271606,0.09664999693632126,0.0970500037074089,0.10875000059604645,0.11954999715089798,0.10045000165700912
IND01624,2019-05-09,,,,,,778.0,,,,,4.6,,,,,8.0,TAMPADA LAKE AT CHHATRAPUR,19.3436,84.9888,India,,,,,,,,,,,5.9,170.0,,,,,,,,,,,,,,,,,,,,,,,,0.12309999763965607,0.09425000101327896,0.08425000309944153,0.11550000309944153,0.09844999760389328,0.13815000653266907,0.1358499974012375,0.14595000445842743,0.1476999968290329,0.14425000548362732
IND01624,2019-06-04,,,,,,734.0,,2.2,,,8.4,,,,,8.4,TAMPADA LAKE AT CHHATRAPUR,19.3436,84.9888,India,,,,,,,,,,,5.6,5400.0,,,,,,,,,,,,,,,,,,,,,,,,0.12325000017881393,0.0872500017285347,0.07800000160932541,0.10480000078678131,0.09305000305175781,0.13189999759197235,0.13050000369548798,0.1453000009059906,0.16155000030994415,0.14544999599456787
IND01624,2019-11-05,,,,,,1385.0,,,,,5.5,,,,,7.9,TAMPADA LAKE AT CHHATRAPUR,19.3436,84.9888,India,,,,,,,,,,,2.1,490.0,,,,,,,,,,,,,,,,,,,,,,,,0.05350000038743019,0.024700000882148743,0.08209999650716782,0.09279999881982803,0.07199999690055847,0.0860000029206276,0.12380000203847885,0.1306000053882599,0.14000000059604645,0.12150000035762787
IND01624,2019-12-04,,,,,,660.0,,2.2,,,9.0,,,,,8.2,TAMPADA LAKE AT CHHATRAPUR,19.3436,84.9888,India,,,,,,,,,,,5.2,3500.0,,,,,,,,,,,,,,,,,,,,,,,,0.05090000107884407,0.025800000876188278,0.09960000216960907,0.10819999873638153,0.08540000021457672,0.09529999643564224,0.11710000038146973,0.11919999867677689,0.11299999803304672,0.11339999735355377
IND01624,2020-01-03,,,,,,672.0,,0.56,,,5.0,,,,,8.2,TAMPADA LAKE AT CHHATRAPUR,19.3436,84.9888,India,,,,,,,,,,,4.5,3500.0,,,,,,,,,,,,,,,,,,,,,,,,0.036649998277425766,0.02070000022649765,0.03779999911785126,0.04800000041723251,0.03200000151991844,0.040550000965595245,0.05460000038146973,0.06400000303983688,0.06194999814033508,0.06424999982118607
IND01624,2020-03-02,,,,,,760.0,,0.84,,,5.6,,,,,7.8,TAMPADA LAKE AT CHHATRAPUR,19.3436,84.9888,India,,,,,,,,,,,4.6,4600.0,,,,,,,,,,,,,,,,,,,,,,,,0.04690000042319298,0.026599999517202377,0.05299999937415123,0.061900001019239426,0.04520000144839287,0.055399999022483826,0.07050000131130219,0.07609999924898148,0.05310000106692314,0.07050000131130219
IND01624,2020-04-12,,,,,,550.0,,,,,9.7,,,,,8.0,TAMPADA LAKE AT CHHATRAPUR,19.3436,84.9888,India,,,,,,,,,,,2.1,3900.0,,,,,,,,,,,,,,,,,,,,,,,,0.06729999929666519,0.04749999940395355,0.051600001752376556,0.06759999692440033,0.05389999970793724,0.07090000063180923,0.07500000298023224,0.0868000015616417,0.10119999945163727,0.08829999715089798
IND01624,2020-05-19,,,,,,612.0,,,,,6.2,,,,,8.3,TAMPADA LAKE AT CHHATRAPUR,19.3436,84.9888,India,,,,,,,,,,,2.5,3300.0,,,,,,,,,,,,,,,,,,,,,,,,0.08449999988079071,0.05400000140070915,0.051600001752376556,0.07530000060796738,0.05660000070929527,0.07779999822378159,0.10890000313520432,0.1290999948978424,0.11860000342130661,0.12150000035762787
IND01624,2020-06-04,,,,,,1614.0,,0.28,,,5.2,,,,,8.1,TAMPADA LAKE AT CHHATRAPUR,19.3436,84.9888,India,,,,,,,,,,,4.4,4300.0,,,,,,,,,,,,,,,,,,,,,,,,0.10180000215768814,0.07090000063180923,0.056699998676776886,0.08299999684095383,0.06210000067949295,0.0997999981045723,0.1282999962568283,0.14959999918937683,0.15160000324249268,0.13259999454021454
IND01624,2020-07-07,,,,,,327.0,,,,,3.0,,,,,8.2,TAMPADA LAKE AT CHHATRAPUR,19.3436,84.9888,India,,,,,,,,,,,3.8,3500.0,,,,,,,,,,,,,,,,,,,,,,,,0.09860000014305115,0.06620000302791595,0.05050000175833702,0.08349999785423279,0.061000000685453415,0.1005999967455864,0.1444000005722046,0.1543000042438507,0.17479999363422394,0.1550000011920929
IND01624,2020-08-06,,,,,,542.0,,1.68,,,4.0,,,,,7.8,TAMPADA LAKE AT CHHATRAPUR,19.3436,84.9888,India,,,,,,,,,,,8.3,17000.0,,,,,,,,,,,,,,,,,,,,,,,,0.0885000005364418,0.04430000111460686,0.03500000014901161,0.06520000100135803,0.043299999088048935,0.07970000058412552,0.13590000569820404,0.1445000022649765,0.2287999987602234,0.1581999957561493
IND01624,2020-11-03,,,,,,305.0,,1.68,,,3.5,,,,,8.2,TAMPADA LAKE AT CHHATRAPUR,19.3436,84.9888,India,,,,,,,,,,,4.3,2800.0,,,,,,,,,,,,,,,,,,,,,,,,0.04089999943971634,0.021700000390410423,0.045899998396635056,0.053700000047683716,0.044599998742341995,0.060499999672174454,0.07280000299215317,0.08820000290870667,0.08820000290870667,0.08699999749660492
IND01624,2020-12-17,,,,,,595.0,,,,,4.2,,,,,8.2,TAMPADA LAKE AT CHHATRAPUR,19.3436,84.9888,India,,,,,,,,,,,4.7,790.0,,,,,,,,,,,,,,,,,,,,,,,,0.03914999961853027,0.02319999970495701,0.04594999924302101,0.052149999886751175,0.04039999842643738,0.05770000070333481,0.07119999825954437,0.07635000348091125,0.07864999771118164,0.07495000213384628
IND01624,2021-01-12,,,,,,696.0,,,,,3.0,,,,,8.2,TAMPADA LAKE AT CHHATRAPUR,19.3436,84.9888,India,,,,,,,,,,,4.2,460.0,,,,,,,,,,,,,,,,,,,,,,,,0.03909999877214432,0.020899999886751175,0.06689999997615814,0.08330000191926956,0.06459999829530716,0.07660000026226044,0.07519999891519547,0.07900000363588333,0.0731000006198883,0.07779999822378159
IND01624,2021-02-03,,,,,,945.0,,,,,3.5,,,,,8.1,TAMPADA LAKE AT CHHATRAPUR,19.3436,84.9888,India,,,,,,,,,,,1.9,700.0,,,,,,,,,,,,,,,,,,,,,,,,0.05950000137090683,0.03474999964237213,0.07145000249147415,0.0791499987244606,0.06814999878406525,0.08164999634027481,0.10209999978542328,0.1006999984383583,0.1160999983549118,0.09740000218153
IND01624,2021-03-04,,,,,,805.0,,0.56,,,5.0,,,,,8.2,TAMPADA LAKE AT CHHATRAPUR,19.3436,84.9888,India,,,,,,,,,,,3.7,1700.0,,,,,,,,,,,,,,,,,,,,,,,,0.05460000038146973,0.031300000846385956,0.04439999908208847,0.05950000137090683,0.04520000144839287,0.058400001376867294,0.065700002014637,0.0723000019788742,0.0763000026345253,0.06530000269412994
IND01625,2018-03-06,,,,,,213.0,,0.4,,,7.2,,,,,7.6,ANSHUPA AT SUBARANAPUR,20.4475,85.6063,India,,,,,,,,,,,2.4,460.0,,,,,,,,,,,,,,,,,,,,,,,,0.1160999983549118,0.0729999989271164,0.045099999755620956,0.06870000064373016,0.058800000697374344,0.09929999709129333,0.1485999971628189,0.16910000145435333,0.1915999948978424,0.17870000004768372
IND01625,2019-01-04,,,,,,192.0,,1.1,,,7.0,,,,,7.0,ANSHUPA AT SUBARANAPUR,20.4475,85.6063,India,,,,,,,,,,,,1700.0,,,,,,,,,,,,,,,,,,,,,,,,0.06040000170469284,0.03269999846816063,0.0649000033736229,0.07349999994039536,0.057999998331069946,0.09430000185966492,0.13420000672340393,0.14249999821186066,0.13009999692440033,0.14270000159740448
IND01625,2019-02-05,,,,,,150.0,,0.6,,,6.9,,,,,7.8,ANSHUPA AT SUBARANAPUR,20.4475,85.6063,India,,,,,,,,,,,1.9,4300.0,,,,,,,,,,,,,,,,,,,,,,,,0.048700001090765,0.026650000363588333,0.04374999925494194,0.053449999541044235,0.04104999825358391,0.07209999859333038,0.10520000010728836,0.10869999974966049,0.09539999812841415,0.10944999754428864
IND01625,2019-03-07,,,,,,213.0,,1.1,,,6.6,,,,,7.6,ANSHUPA AT SUBARANAPUR,20.4475,85.6063,India,,,,,,,,,,,1.5,490.0,,,,,,,,,,,,,,,,,,,,,,,,0.16859999299049377,0.12025000154972076,0.12479999661445618,0.13729999959468842,0.1242000013589859,0.16380000114440918,0.20890000462532043,0.2268500030040741,0.2085999995470047,0.23399999737739563
IND01625,2019-04-03,,,,,,150.0,,,,,7.3,,,,,8.0,ANSHUPA AT SUBARANAPUR,20.4475,85.6063,India,,,,,,,,,,,1.1,790.0,,,,,,,,,,,,,,,,,,,,,,,,0.10010000318288803,0.05820000171661377,0.04764999821782112,0.07175000011920929,0.04814999923110008,0.1039000004529953,0.17479999363422394,0.1979999989271164,0.17059999704360962,0.19875000417232513
IND01625,2019-05-14,,,,,,150.0,,0.8,,,6.9,,,,,7.0,ANSHUPA AT SUBARANAPUR,20.4475,85.6063,India,,,,,,,,,,,1.4,2800.0,,,,,,,,,,,,,,,,,,,,,,,,0.21105000376701355,0.12309999763965607,0.07445000112056732,0.12309999763965607,0.06814999878406525,0.17215000092983246,0.31850001215934753,0.3453499972820282,0.365200012922287,0.3558500111103058
IND01625,2019-06-03,,,,,,150.0,,1.4,,,7.9,,,,,6.6,ANSHUPA AT SUBARANAPUR,20.4475,85.6063,India,,,,,,,,,,,,490.0,,,,,,,,,,,,,,,,,,,,,,,,0.22769999504089355,0.12800000607967377,0.06449999660253525,0.1128000020980835,0.06289999932050705,0.1703999936580658,0.4058000147342682,0.3993000090122223,0.42879998683929443,0.45579999685287476
IND01625,2019-10-01,,,,,,150.0,,0.6,,,7.9,,,,,7.3,ANSHUPA AT SUBARANAPUR,20.4475,85.6063,India,,,,,,,,,,,1.3,3500.0,,,,,,,,,,,,,,,,,,,,,,,,0.058400001376867294,0.033799998462200165,0.05000000074505806,0.06300000101327896,0.03790000081062317,0.06870000064373016,0.10700000077486038,0.11100000143051147,0.09589999914169312,0.10610000044107437
IND01625,2019-11-05,,,,,,150.0,,0.6,,,6.2,,,,,6.8,ANSHUPA AT SUBARANAPUR,20.4475,85.6063,India,,,,,,,,,,,,2200.0,,,,,,,,,,,,,,,,,,,,,,,,0.21469999849796295,0.12195000052452087,0.08025000244379044,0.11540000140666962,0.06459999829530716,0.15974999964237213,0.3043999969959259,0.32019999623298645,0.31369999051094055,0.326200008392334
IND01625,2019-12-03,,,,,,150.0,,0.8,,,7.6,,,,,7.6,ANSHUPA AT SUBARANAPUR,20.4475,85.6063,India,,,,,,,,,,,1.4,1700.0,,,,,,,,,,,,,,,,,,,,,,,,0.14350000023841858,0.07530000060796738,0.06109999865293503,0.08320000022649765,0.05490000173449516,0.11720000207424164,0.20970000326633453,0.23250000178813934,0.22910000383853912,0.2451999932527542
IND01625,2020-01-03,,,,,,123.0,,0.56,,,6.2,,,,,8.0,ANSHUPA AT SUBARANAPUR,20.4475,85.6063,India,,,,,,,,,,,0.9,780.0,,,,,,,,,,,,,,,,,,,,,,,,0.10565000027418137,0.05694999918341637,0.06310000270605087,0.07774999737739563,0.05534999817609787,0.10254999995231628,0.16609999537467957,0.17915000021457672,0.17755000293254852,0.18230000138282776
IND01625,2020-02-04,,,,,,171.0,,0.56,,,6.5,,,,,8.4,ANSHUPA AT SUBARANAPUR,20.4475,85.6063,India,,,,,,,,,,,1.1,230.0,,,,,,,,,,,,,,,,,,,,,,,,0.13120000064373016,0.07090000063180923,0.07240000367164612,0.09440000355243683,0.06620000302791595,0.11980000138282776,0.19040000438690186,0.21649999916553497,0.19900000095367432,0.21289999783039093
IND01625,2020-03-02,,,,,,156.0,,0.84,,,6.3,,,,,8.3,ANSHUPA AT SUBARANAPUR,20.4475,85.6063,India,,,,,,,,,,,1.2,330.0,,,,,,,,,,,,,,,,,,,,,,,,0.13204999268054962,0.06949999928474426,0.061650000512599945,0.08105000108480453,0.05195000022649765,0.11375000327825546,0.2029999941587448,0.21140000224113464,0.21389999985694885,0.21789999306201935
IND01625,2020-04-16,,,,,,192.0,,,,,8.0,,,,,7.9,ANSHUPA AT SUBARANAPUR,20.4475,85.6063,India,,,,,,,,,,,0.6,220.0,,,,,,,,,,,,,,,,,,,,,,,,0.18125000596046448,0.10490000247955322,0.06800000369548798,0.0925000011920929,0.06475000083446503,0.13165000081062317,0.22190000116825104,0.24295000731945038,0.24690000712871552,0.26034998893737793
IND01625,2020-05-27,,,,,,123.0,,,,,7.4,,,,,7.7,ANSHUPA AT SUBARANAPUR,20.4475,85.6063,India,,,,,,,,,,,0.8,1300.0,,,,,,,,,,,,,,,,,,,,,,,,0.2240999937057495,0.1356000006198883,0.07249999791383743,0.09179999679327011,0.0731000006198883,0.131400004029274,0.22210000455379486,0.2475000023841858,0.2531000077724457,0.2766999900341034
IND01625,2020-06-09,,,,,,156.0,,1.12,,,8.2,,,,,7.1,ANSHUPA AT SUBARANAPUR,20.4475,85.6063,India,,,,,,,,,,,,1700.0,,,,,,,,,,,,,,,,,,,,,,,,0.1761000007390976,0.10499999672174454,0.05640000104904175,0.07360000163316727,0.06369999796152115,0.1111999973654747,0.18520000576972961,0.2069000005722046,0.19089999794960022,0.22139999270439148
IND01625,2020-07-01,,,,,,164.0,,,,,7.1,,,,,6.8,ANSHUPA AT SUBARANAPUR,20.4475,85.6063,India,,,,,,,,,,,2.1,3500.0,,,,,,,,,,,,,,,,,,,,,,,,0.11429999768733978,0.06710000336170197,0.06719999760389328,0.07339999824762344,0.052299998700618744,0.09399999678134918,0.14470000565052032,0.16200000047683716,0.163100004196167,0.1720999926328659
IND01625,2020-08-05,,,,,,239.0,,2.8,,,5.8,,,,,6.6,ANSHUPA AT SUBARANAPUR,20.4475,85.6063,India,,,,,,,,,,,1.3,1700.0,,,,,,,,,,,,,,,,,,,,,,,,0.14970000088214874,0.07320000231266022,0.040800001472234726,0.07199999690055847,0.039900001138448715,0.11079999804496765,0.23749999701976776,0.26499998569488525,0.28940001130104065,0.28360000252723694
IND01625,2020-11-04,,,,,,108.0,,1.12,,,7.0,,,,,7.3,ANSHUPA AT SUBARANAPUR,20.4475,85.6063,India,,,,,,,,,,,1.6,1700.0,,,,,,,,,,,,,,,,,,,,,,,,0.03310000151395798,0.0203000009059906,0.027899999171495438,0.04050000011920929,0.02930000051856041,0.04490000009536743,0.05040000006556511,0.05620000138878822,0.07119999825954437,0.04749999940395355
IND01625,2020-12-14,,,,,,118.0,,,,,8.4,,,,,7.6,ANSHUPA AT SUBARANAPUR,20.4475,85.6063,India,,,,,,,,,,,1.7,2200.0,,,,,,,,,,,,,,,,,,,,,,,,0.04780000075697899,0.0272000003606081,0.05829999968409538,0.06650000065565109,0.04704999923706055,0.06965000182390213,0.08924999833106995,0.09130000323057175,0.0934000015258789,0.08240000158548355
IND01625,2021-01-05,,,,,,132.0,,,,,6.9,,,,,7.5,ANSHUPA AT SUBARANAPUR,20.4475,85.6063,India,,,,,,,,,,,1.9,2800.0,,,,,,,,,,,,,,,,,,,,,,,,0.051600001752376556,0.030400000512599945,0.06260000169277191,0.06809999793767929,0.04740000143647194,0.0803999975323677,0.09889999777078629,0.09790000319480896,0.10620000213384628,0.09369999915361404
IND01625,2021-02-02,,,,,,102.0,,,,,6.9,,,,,8.0,ANSHUPA AT SUBARANAPUR,20.4475,85.6063,India,,,,,,,,,,,1.4,1700.0,,,,,,,,,,,,,,,,,,,,,,,,0.06235000118613243,0.03750000149011612,0.05954999849200249,0.06859999895095825,0.0531499981880188,0.0848499983549118,0.11479999870061874,0.1225999966263771,0.12720000743865967,0.10840000212192535
IND01625,2021-03-02,,,,,,154.0,,1.12,,,7.2,,,,,8.3,ANSHUPA AT SUBARANAPUR,20.4475,85.6063,India,,,,,,,,,,,1.4,1100.0,,,,,,,,,,,,,,,,,,,,,,,,0.054099999368190765,0.033900000154972076,0.0406000018119812,0.051600001752376556,0.038600001484155655,0.06369999796152115,0.09950000047683716,0.11079999804496765,0.121799997985363,0.10559999942779541
IND01626,2018-03-06,,,,,,187.0,,70.0,,,5.4,,,,,7.7,ANSHUPA AT BISHNUPUR,20.4572,85.6072,India,,,,,,,,,,,2.4,2800.0,,,,,,,,,,,,,,,,,,,,,,,,0.12409999966621399,0.07370000332593918,0.04699999839067459,0.0681999996304512,0.057999998331069946,0.11060000211000443,0.1826000064611435,0.2071000039577484,0.1842000037431717,0.2190999984741211
IND01626,2019-01-04,,,,,,172.0,,0.8,,,6.7,,,,,7.0,ANSHUPA AT BISHNUPUR,20.4572,85.6072,India,,,,,,,,,,,,1100.0,,,,,,,,,,,,,,,,,,,,,,,,0.026399999856948853,0.01860000006854534,0.05350000038743019,0.06080000102519989,0.049300000071525574,0.050200000405311584,0.05389999970793724,0.04580000042915344,0.05040000006556511,0.050200000405311584
IND01626,2019-02-05,,,,,,150.0,,1.4,,,5.6,,,,,7.8,ANSHUPA AT BISHNUPUR,20.4572,85.6072,India,,,,,,,,,,,1.6,5400.0,,,,,,,,,,,,,,,,,,,,,,,,0.023600000888109207,0.014800000004470348,0.04385000094771385,0.046549998223781586,0.032099999487400055,0.040800001472234726,0.03999999910593033,0.033900000154972076,0.031700000166893005,0.03269999846816063
IND01626,2019-05-14,,,,,,150.0,,1.1,,,6.7,,,,,7.0,ANSHUPA AT BISHNUPUR,20.4572,85.6072,India,,,,,,,,,,,1.2,3500.0,,,,,,,,,,,,,,,,,,,,,,,,0.08865000307559967,0.05649999901652336,0.05654999986290932,0.06650000065565109,0.059450000524520874,0.08919999748468399,0.14110000431537628,0.14435000717639923,0.08810000121593475,0.15195000171661377
IND01626,2019-06-03,,,,,,150.0,,0.6,,,8.3,,,,,6.7,ANSHUPA AT BISHNUPUR,20.4572,85.6072,India,,,,,,,,,,,1.2,210.0,,,,,,,,,,,,,,,,,,,,,,,,0.11230000108480453,0.07289999723434448,0.054499998688697815,0.06989999860525131,0.0625,0.10750000178813934,0.20319999754428864,0.23759999871253967,0.11240000277757645,0.22709999978542328
IND01626,2019-10-01,,,,,,150.0,,1.1,,,6.4,,,,,7.2,ANSHUPA AT BISHNUPUR,20.4572,85.6072,India,,,,,,,,,,,2.8,4700.0,,,,,,,,,,,,,,,,,,,,,,,,0.019700000062584877,0.010900000110268593,0.048700001090765,0.05530000105500221,0.03629999980330467,0.03869999945163727,0.04569999873638153,0.04230000078678131,0.03929999843239784,0.03970000147819519
IND01626,2019-11-05,,,,,,150.0,,1.1,,,7.4,,,,,6.5,ANSHUPA AT BISHNUPUR,20.4572,85.6072,India,,,,,,,,,,,1.4,7000.0,,,,,,,,,,,,,,,,,,,,,,,,0.0243500005453825,0.014150000177323818,0.06310000270605087,0.06735000014305115,0.05209999904036522,0.05754999816417694,0.06185000017285347,0.06159999966621399,0.05144999921321869,0.05389999970793724
IND01626,2019-12-03,,,,,,150.0,,0.8,,,7.8,,,,,7.6,ANSHUPA AT BISHNUPUR,20.4572,85.6072,India,,,,,,,,,,,2.1,4600.0,,,,,,,,,,,,,,,,,,,,,,,,0.02250000089406967,0.009800000116229057,0.039900001138448715,0.04540000110864639,0.03449999913573265,0.03889999911189079,0.03660000115633011,0.03999999910593033,0.034299999475479126,0.0357000008225441
IND01626,2020-01-03,,,,,,128.0,,0.56,,,6.4,,,,,7.8,ANSHUPA AT BISHNUPUR,20.4572,85.6072,India,,,,,,,,,,,1.1,3500.0,,,,,,,,,,,,,,,,,,,,,,,,0.023250000551342964,0.012249999679625034,0.054749999195337296,0.061149999499320984,0.04464999958872795,0.04515000060200691,0.04230000078678131,0.041850000619888306,0.03959999978542328,0.039500001817941666
IND01626,2020-02-04,,,,,,209.0,,0.56,,,6.9,,,,,7.7,ANSHUPA AT BISHNUPUR,20.4572,85.6072,India,,,,,,,,,,,2.2,330.0,,,,,,,,,,,,,,,,,,,,,,,,0.03200000151991844,0.0142000000923872,0.06419999897480011,0.07419999688863754,0.058400001376867294,0.065700002014637,0.06390000134706497,0.06449999660253525,0.05299999937415123,0.05429999902844429
IND01626,2020-03-02,,,,,,188.0,,1.68,,,6.8,,,,,7.8,ANSHUPA AT BISHNUPUR,20.4572,85.6072,India,,,,,,,,,,,0.5,330.0,,,,,,,,,,,,,,,,,,,,,,,,0.026850000023841858,0.014100000262260437,0.06040000170469284,0.06594999879598618,0.048500001430511475,0.053050000220537186,0.04944999888539314,0.04960000142455101,0.04529999941587448,0.04560000076889992
IND01626,2020-04-16,,,,,,112.0,,,,,7.8,,,,,7.9,ANSHUPA AT BISHNUPUR,20.4572,85.6072,India,,,,,,,,,,,0.5,110.0,,,,,,,,,,,,,,,,,,,,,,,,0.0572500005364418,0.03869999945163727,0.05640000104904175,0.057100001722574234,0.050850000232458115,0.0786999985575676,0.10724999755620956,0.11959999799728394,0.0934000015258789,0.10570000112056732
IND01626,2020-05-27,,,,,,145.0,,,,,7.3,,,,,7.0,ANSHUPA AT BISHNUPUR,20.4572,85.6072,India,,,,,,,,,,,0.8,1700.0,,,,,,,,,,,,,,,,,,,,,,,,0.1152999997138977,0.09019999951124191,0.06989999860525131,0.08110000193119049,0.07739999890327454,0.11050000041723251,0.1437000036239624,0.16750000417232513,0.12540000677108765,0.1761000007390976
IND01626,2020-06-09,,,,,,158.0,,2.24,,,6.2,,,,,6.9,ANSHUPA AT BISHNUPUR,20.4572,85.6072,India,,,,,,,,,,,,2800.0,,,,,,,,,,,,,,,,,,,,,,,,0.08060000091791153,0.05860000103712082,0.049400001764297485,0.05469999834895134,0.05180000141263008,0.08910000324249268,0.12530000507831573,0.14810000360012054,0.09619999676942825,0.1412999927997589
IND01626,2020-07-01,,,,,,154.0,,,,,6.0,,,,,7.3,ANSHUPA AT BISHNUPUR,20.4572,85.6072,India,,,,,,,,,,,2.3,3500.0,,,,,,,,,,,,,,,,,,,,,,,,0.09629999846220016,0.07240000367164612,0.06350000202655792,0.06859999895095825,0.062199998646974564,0.11789999902248383,0.1876000016927719,0.19670000672340393,0.13689999282360077,0.19290000200271606
IND01626,2020-08-05,,,,,,125.0,,1.12,,,6.4,,,,,7.1,ANSHUPA AT BISHNUPUR,20.4572,85.6072,India,,,,,,,,,,,1.5,2400.0,,,,,,,,,,,,,,,,,,,,,,,,0.0723000019788742,0.05389999970793724,0.053199999034404755,0.0625,0.05119999870657921,0.09099999815225601,0.1738000065088272,0.17589999735355377,0.1517000049352646,0.17159999907016754
IND01626,2020-11-04,,,,,,125.0,,2.24,,,7.2,,,,,7.3,ANSHUPA AT BISHNUPUR,20.4572,85.6072,India,,,,,,,,,,,2.4,700.0,,,,,,,,,,,,,,,,,,,,,,,,0.017999999225139618,0.014000000432133675,0.033900000154972076,0.0421999990940094,0.031599998474121094,0.030799999833106995,0.024299999698996544,0.02590000070631504,0.02199999988079071,0.02370000071823597
IND01626,2020-12-14,,,,,,117.0,,,,,6.8,,,,,7.6,ANSHUPA AT BISHNUPUR,20.4572,85.6072,India,,,,,,,,,,,1.7,1700.0,,,,,,,,,,,,,,,,,,,,,,,,0.02459999918937683,0.015350000001490116,0.05324999988079071,0.05654999986290932,0.04455000162124634,0.04729999974370003,0.046300001442432404,0.04650000110268593,0.0406000018119812,0.043699998408555984
IND01626,2021-01-05,,,,,,184.0,,,,,7.5,,,,,7.4,ANSHUPA AT BISHNUPUR,20.4572,85.6072,India,,,,,,,,,,,2.1,16000.0,,,,,,,,,,,,,,,,,,,,,,,,0.029200000688433647,0.015699999406933784,0.06719999760389328,0.06400000303983688,0.05290000140666962,0.05339999869465828,0.054499998688697815,0.05689999833703041,0.04450000077486038,0.05350000038743019
IND01626,2021-02-02,,,,,,130.0,,,,,7.5,,,,,7.9,ANSHUPA AT BISHNUPUR,20.4572,85.6072,India,,,,,,,,,,,1.9,2400.0,,,,,,,,,,,,,,,,,,,,,,,,0.036400001496076584,0.02500000037252903,0.06174999848008156,0.06475000083446503,0.05310000106692314,0.06255000084638596,0.06385000050067902,0.06350000202655792,0.05665000155568123,0.06134999915957451
IND01626,2021-03-02,,,,,,180.0,,1.68,,,7.0,,,,,8.0,ANSHUPA AT BISHNUPUR,20.4572,85.6072,India,,,,,,,,,,,1.6,3500.0,,,,,,,,,,,,,,,,,,,,,,,,0.04839999973773956,0.033900000154972076,0.0414000004529953,0.04610000178217888,0.03629999980330467,0.056299999356269836,0.0640999972820282,0.06679999828338623,0.05420000106096268,0.06270000338554382
IND01627,2018-03-06,,,,,,206.0,,0.4,,,6.8,,,,,8.1,ANSHUPA AT SARANDAGARH,20.4598,85.6039,India,,,,,,,,,,,2.9,5400.0,,,,,,,,,,,,,,,,,,,,,,,,0.04309999942779541,0.030400000512599945,0.04879999905824661,0.05649999901652336,0.04540000110864639,0.05889999866485596,0.059700001031160355,0.05779999867081642,0.05350000038743019,0.057500001043081284
IND01627,2019-01-04,,,,,,170.0,,0.6,,,8.4,,,,,7.0,ANSHUPA AT SARANDAGARH,20.4598,85.6039,India,,,,,,,,,,,1.8,1700.0,,,,,,,,,,,,,,,,,,,,,,,,0.022099999710917473,0.014499999582767487,0.05820000171661377,0.05920000001788139,0.04439999908208847,0.049400001764297485,0.044599998742341995,0.04479999840259552,0.040300000458955765,0.04089999943971634
IND01627,2019-02-05,,,,,,150.0,,1.4,,,7.5,,,,,7.8,ANSHUPA AT SARANDAGARH,20.4598,85.6039,India,,,,,,,,,,,1.5,1700.0,,,,,,,,,,,,,,,,,,,,,,,,0.013450000435113907,0.008750000037252903,0.043949998915195465,0.04230000078678131,0.03254999965429306,0.03220000118017197,0.028449999168515205,0.02745000086724758,0.025499999523162842,0.02319999970495701
IND01627,2019-04-03,,,,,,161.0,,0.6,,,7.8,,,,,7.5,ANSHUPA AT SARANDAGARH,20.4598,85.6039,India,,,,,,,,,,,1.8,1100.0,,,,,,,,,,,,,,,,,,,,,,,,0.05204999819397926,0.031950000673532486,0.04450000077486038,0.057100001722574234,0.04154999926686287,0.05855000019073486,0.0860000029206276,0.09075000137090683,0.12985000014305115,0.10170000046491623
IND01627,2019-05-14,,,,,,150.0,,,,,7.4,,,,,7.4,ANSHUPA AT SARANDAGARH,20.4598,85.6039,India,,,,,,,,,,,1.9,3500.0,,,,,,,,,,,,,,,,,,,,,,,,0.07594999670982361,0.05204999819397926,0.06064999848604202,0.0726500004529953,0.0617000013589859,0.0820000022649765,0.10130000114440918,0.10840000212192535,0.1354999989271164,0.10694999992847443
IND01627,2019-06-03,,,,,,150.0,,0.8,,,7.8,,,,,6.8,ANSHUPA AT SARANDAGARH,20.4598,85.6039,India,,,,,,,,,,,1.8,640.0,,,,,,,,,,,,,,,,,,,,,,,,0.10440000146627426,0.0681999996304512,0.048900000751018524,0.0737999975681305,0.05609999969601631,0.09269999712705612,0.15719999372959137,0.1624000072479248,0.23000000417232513,0.19140000641345978
IND01627,2019-10-01,,,,,,150.0,,1.1,,,6.9,,,,,7.0,ANSHUPA AT SARANDAGARH,20.4598,85.6039,India,,,,,,,,,,,,330.0,,,,,,,,,,,,,,,,,,,,,,,,0.012900000438094139,0.008899999782443047,0.04879999905824661,0.04619999974966049,0.03220000118017197,0.03790000081062317,0.03889999911189079,0.039799999445676804,0.026200000196695328,0.03180000185966492
IND01627,2019-11-05,,,,,,150.0,,,,,5.8,,,,,6.9,ANSHUPA AT SARANDAGARH,20.4598,85.6039,India,,,,,,,,,,,1.9,1700.0,,,,,,,,,,,,,,,,,,,,,,,,0.018050000071525574,0.010950000025331974,0.06199999898672104,0.06830000132322311,0.05195000022649765,0.05849999934434891,0.0551999993622303,0.05389999970793724,0.039799999445676804,0.046549998223781586
IND01627,2019-12-03,,,,,,150.0,,2.2,,,6.7,,,,,7.4,ANSHUPA AT SARANDAGARH,20.4598,85.6039,India,,,,,,,,,,,1.6,4600.0,,,,,,,,,,,,,,,,,,,,,,,,0.016100000590085983,0.009600000455975533,0.04690000042319298,0.0471000000834465,0.0348999984562397,0.041999999433755875,0.04769999906420708,0.04670000076293945,0.03669999912381172,0.04360000044107437
IND01627,2020-01-03,,,,,,120.0,,0.84,,,6.8,,,,,7.7,ANSHUPA AT SARANDAGARH,20.4598,85.6039,India,,,,,,,,,,,1.2,2300.0,,,,,,,,,,,,,,,,,,,,,,,,0.015449999831616879,0.010400000028312206,0.04910000041127205,0.04904999956488609,0.03564999997615814,0.04639999940991402,0.049300000071525574,0.05534999817609787,0.0430000014603138,0.043549999594688416
IND01627,2020-02-04,,,,,,219.0,,0.84,,,6.7,,,,,6.8,ANSHUPA AT SARANDAGARH,20.4598,85.6039,India,,,,,,,,,,,2.4,330.0,,,,,,,,,,,,,,,,,,,,,,,,0.02329999953508377,0.015200000256299973,0.0625,0.06400000303983688,0.050599999725818634,0.06909999996423721,0.0722000002861023,0.07810000330209732,0.06310000270605087,0.06610000133514404
IND01627,2020-03-02,,,,,,135.0,,0.84,,,7.2,,,,,7.1,ANSHUPA AT SARANDAGARH,20.4598,85.6039,India,,,,,,,,,,,0.6,490.0,,,,,,,,,,,,,,,,,,,,,,,,0.024299999698996544,0.015399999916553497,0.05169999971985817,0.053300000727176666,0.039799999445676804,0.05950000137090683,0.08124999701976776,0.08410000056028366,0.0702499970793724,0.06554999947547913
IND01627,2020-04-16,,,,,,125.0,,,,,6.4,,,,,8.3,ANSHUPA AT SARANDAGARH,20.4598,85.6039,India,,,,,,,,,,,1.0,170.0,,,,,,,,,,,,,,,,,,,,,,,,0.05260000005364418,0.03415000066161156,0.0572500005364418,0.06395000219345093,0.05555000156164169,0.07715000212192535,0.11079999804496765,0.11185000091791153,0.11590000241994858,0.1083500012755394
IND01627,2020-05-27,,,,,,160.0,,,,,8.1,,,,,7.8,ANSHUPA AT SARANDAGARH,20.4598,85.6039,India,,,,,,,,,,,1.8,1100.0,,,,,,,,,,,,,,,,,,,,,,,,0.08070000261068344,0.061900001019239426,0.07259999960660934,0.07959999889135361,0.07240000367164612,0.0997999981045723,0.1193000003695488,0.13009999692440033,0.11400000005960464,0.12359999865293503
IND01627,2020-06-09,,,,,,156.0,,1.12,,,7.8,,,,,6.6,ANSHUPA AT SARANDAGARH,20.4598,85.6039,India,,,,,,,,,,,,3500.0,,,,,,,,,,,,,,,,,,,,,,,,0.05860000103712082,0.04639999940991402,0.05820000171661377,0.06019999831914902,0.05389999970793724,0.08429999649524689,0.11670000106096268,0.1347000002861023,0.10010000318288803,0.10930000245571136
IND01627,2020-07-01,,,,,,163.0,,,,,6.8,,,,,6.9,ANSHUPA AT SARANDAGARH,20.4598,85.6039,India,,,,,,,,,,,1.2,2800.0,,,,,,,,,,,,,,,,,,,,,,,,0.058800000697374344,0.04569999873638153,0.05260000005364418,0.055799998342990875,0.04899999871850014,0.08940000087022781,0.1370999962091446,0.15189999341964722,0.12939999997615814,0.14329999685287476
IND01627,2020-08-05,,,,,,90.0,,1.12,,,4.8,,,,,6.7,ANSHUPA AT SARANDAGARH,20.4598,85.6039,India,,,,,,,,,,,1.4,3500.0,,,,,,,,,,,,,,,,,,,,,,,,0.2630000114440918,0.211899995803833,0.1746000051498413,0.1858000010251999,0.17339999973773956,0.226500004529953,0.28630000352859497,0.3077999949455261,0.27730000019073486,0.3095000088214874
IND01627,2020-11-04,,,,,,218.0,,1.12,,,6.4,,,,,7.5,ANSHUPA AT SARANDAGARH,20.4598,85.6039,India,,,,,,,,,,,1.2,1100.0,,,,,,,,,,,,,,,,,,,,,,,,0.0142000000923872,0.010900000110268593,0.035100001841783524,0.045899998396635056,0.03139999881386757,0.03240000084042549,0.02199999988079071,0.022700000554323196,0.023499999195337296,0.017000000923871994
IND01627,2020-12-14,,,,,,127.0,,,,,7.6,,,,,7.5,ANSHUPA AT SARANDAGARH,20.4598,85.6039,India,,,,,,,,,,,2.0,3500.0,,,,,,,,,,,,,,,,,,,,,,,,0.02355000004172325,0.013000000268220901,0.0568000003695488,0.05810000002384186,0.04520000144839287,0.050050001591444016,0.04874999821186066,0.04684999957680702,0.042399998754262924,0.040300000458955765
IND01627,2021-01-05,,,,,,159.0,,,,,7.7,,,,,7.1,ANSHUPA AT SARANDAGARH,20.4598,85.6039,India,,,,,,,,,,,1.4,790.0,,,,,,,,,,,,,,,,,,,,,,,,0.026200000196695328,0.013799999840557575,0.06530000269412994,0.0625,0.048500001430511475,0.05559999868273735,0.04919999837875366,0.053300000727176666,0.04439999908208847,0.04699999839067459
IND01627,2021-02-02,,,,,,141.0,,,,,7.7,,,,,7.7,ANSHUPA AT SARANDAGARH,20.4598,85.6039,India,,,,,,,,,,,1.1,1300.0,,,,,,,,,,,,,,,,,,,,,,,,0.032499998807907104,0.01850000023841858,0.0628499984741211,0.06674999743700027,0.052650000900030136,0.06864999979734421,0.07235000282526016,0.07374999672174454,0.0681999996304512,0.05939999967813492
IND01627,2021-03-02,,,,,,186.0,,1.12,,,6.8,,,,,8.2,ANSHUPA AT SARANDAGARH,20.4598,85.6039,India,,,,,,,,,,,1.1,4900.0,,,,,,,,,,,,,,,,,,,,,,,,0.03720000013709068,0.023800000548362732,0.04190000146627426,0.04650000110268593,0.034699998795986176,0.060100000351667404,0.09070000052452087,0.10260000079870224,0.08709999918937683,0.07919999957084656
IND01788,2020-01-08,,,,,,1351.0,,1.1,,,5.4,,,,,7.0,RIVER TUNGABHADRA UPSTREAM OF KURNOOL TOWN BEFORE ,15.8258,78.0646,India,,,,,,,,,,,2.0,800.0,,,,,,,,,,,,,,,,,,,,,,,,0.04639999940991402,0.03440000116825104,0.05909999832510948,0.06430000066757202,0.05119999870657921,0.06199999898672104,0.057100001722574234,0.06549999862909317,0.05689999833703041,0.05649999901652336
IND01788,2020-02-04,,,,,,1520.0,,7.6,,,5.6,,,,,7.1,RIVER TUNGABHADRA UPSTREAM OF KURNOOL TOWN BEFORE ,15.8258,78.0646,India,,,,,,,,,,,1.9,1200.0,,,,,,,,,,,,,,,,,,,,,,,,0.05999999865889549,0.0385500006377697,0.05525000020861626,0.0658000037074089,0.05139999836683273,0.06674999743700027,0.07050000131130219,0.07395000010728836,0.05784999951720238,0.07485000044107437
IND01788,2020-03-03,,,,,,1435.0,,1.4,,,5.7,,,,,7.2,RIVER TUNGABHADRA UPSTREAM OF KURNOOL TOWN BEFORE ,15.8258,78.0646,India,,,,,,,,,,,2.5,700.0,,,,,,,,,,,,,,,,,,,,,,,,0.14409999549388885,0.09610000252723694,0.14239999651908875,0.14114999771118164,0.12919999659061432,0.15845000743865967,0.16940000653266907,0.17329999804496765,0.15444999933242798,0.1708499938249588
IND01788,2020-04-14,,,,,,2551.0,,1.1,,,5.1,,,,,6.6,RIVER TUNGABHADRA UPSTREAM OF KURNOOL TOWN BEFORE ,15.8258,78.0646,India,,,,,,,,,,,3.0,700.0,,,,,,,,,,,,,,,,,,,,,,,,0.07599999755620956,0.05040000006556511,0.06880000233650208,0.07500000298023224,0.06830000132322311,0.08470000326633453,0.09309999644756317,0.10000000149011612,0.08139999955892563,0.10329999774694443
IND01788,2020-05-01,,,,,,2876.0,,1.1,,,5.4,,,,,6.2,RIVER TUNGABHADRA UPSTREAM OF KURNOOL TOWN BEFORE ,15.8258,78.0646,India,,,,,,,,,,,3.0,800.0,,,,,,,,,,,,,,,,,,,,,,,,0.09380000084638596,0.06350000202655792,0.0723000019788742,0.07779999822378159,0.06800000369548798,0.09650000184774399,0.10289999842643738,0.10750000178813934,0.08320000022649765,0.11110000312328339
IND01788,2020-06-04,,,,,,2948.0,,1.0,,,5.5,,,,,6.7,RIVER TUNGABHADRA UPSTREAM OF KURNOOL TOWN BEFORE ,15.8258,78.0646,India,,,,,,,,,,,2.7,900.0,,,,,,,,,,,,,,,,,,,,,,,,0.09989999979734421,0.0767500028014183,0.0568000003695488,0.0731000006198883,0.07064999639987946,0.08765000104904175,0.08115000277757645,0.09184999763965607,0.08765000104904175,0.10180000215768814
IND01788,2020-10-19,,,,,,996.0,,4.2,,,6.2,,,,,7.5,RIVER TUNGABHADRA UPSTREAM OF KURNOOL TOWN BEFORE ,15.8258,78.0646,India,,,,,,,,,,,2.3,600.0,,,,,,,,,,,,,,,,,,,,,,,,0.0333000011742115,0.018799999728798866,0.1005999967455864,0.1306000053882599,0.13539999723434448,0.14350000023841858,0.10279999673366547,0.1071000024676323,0.09210000187158585,0.08380000293254852
IND01788,2020-11-04,,,,,,709.0,,4.2,,,6.0,,,,,7.8,RIVER TUNGABHADRA UPSTREAM OF KURNOOL TOWN BEFORE ,15.8258,78.0646,India,,,,,,,,,,,1.5,540.0,,,,,,,,,,,,,,,,,,,,,,,,0.02419999986886978,0.01549999974668026,0.046149998903274536,0.06445000320672989,0.039400000125169754,0.052400000393390656,0.03725000098347664,0.03689999878406525,0.03164999932050705,0.032999999821186066
IND01788,2020-12-08,,,,,,1028.0,,3.1,,,5.7,,,,,8.0,RIVER TUNGABHADRA UPSTREAM OF KURNOOL TOWN BEFORE ,15.8258,78.0646,India,,,,,,,,,,,2.5,540.0,,,,,,,,,,,,,,,,,,,,,,,,0.03280000016093254,0.021199999377131462,0.0478999987244606,0.06300000101327896,0.04405000060796738,0.04874999821186066,0.03595000132918358,0.037050001323223114,0.03305000066757202,0.03454999998211861
IND01890,2020-01-25,,,,,,269.0,,0.01,,,7.6,,,,,7.8,DEJLA DEWDA KHARGON,21.5932,75.6236,India,,,,,,,,,,,1.1,47.0,,,,,,,,,,,,,,,,,,,,,,,,0.011149999685585499,0.008100000210106373,0.05505000054836273,0.07154999673366547,0.044849999248981476,0.042100001126527786,0.026850000023841858,0.02645000070333481,0.023350000381469727,0.0210999995470047
IND01890,2020-02-08,,,,,,275.0,,0.01,,,7.5,,,,,8.0,DEJLA DEWDA KHARGON,21.5932,75.6236,India,,,,,,,,,,,1.0,47.0,,,,,,,,,,,,,,,,,,,,,,,,0.012500000186264515,0.008700000122189522,0.06629999727010727,0.07900000363588333,0.050999999046325684,0.04879999905824661,0.03610000014305115,0.035100001841783524,0.03060000017285347,0.028699999675154686
IND01890,2020-04-26,,,,,,261.0,,0.01,,,7.6,,,,,8.4,DEJLA DEWDA KHARGON,21.5932,75.6236,India,,,,,,,,,,,0.8,43.0,,,,,,,,,,,,,,,,,,,,,,,,0.07840000092983246,0.05290000140666962,0.1088000014424324,0.12200000137090683,0.11219999939203262,0.12349999696016312,0.10379999876022339,0.10239999741315842,0.09889999777078629,0.09130000323057175
IND01890,2020-05-30,,,,,,255.0,,0.0,,,7.5,,,,,8.5,DEJLA DEWDA KHARGON,21.5932,75.6236,India,,,,,,,,,,,0.6,40.0,,,,,,,,,,,,,,,,,,,,,,,,0.12084999680519104,0.10899999737739563,0.15569999814033508,0.18129999935626984,0.1859000027179718,0.19120000302791595,0.1462000012397766,0.14685000479221344,0.1444000005722046,0.13064999878406525
IND01890,2020-09-07,,,,,,436.0,,0.02,,,7.3,,,,,7.8,DEJLA DEWDA KHARGON,21.5932,75.6236,India,,,,,,,,,,,0.8,43.0,,,,,,,,,,,,,,,,,,,,,,,,0.02239999920129776,0.01269999984651804,0.1103999987244606,0.13500000536441803,0.0738999992609024,0.08510000258684158,0.06480000168085098,0.06629999727010727,0.051500000059604645,0.051600001752376556
IND01890,2020-10-21,,,,,,556.0,,0.02,,,6.3,,,,,8.1,DEJLA DEWDA KHARGON,21.5932,75.6236,India,,,,,,,,,,,1.2,63.0,,,,,,,,,,,,,,,,,,,,,,,,0.021449999883770943,0.012500000186264515,0.08489999920129776,0.11420000344514847,0.06849999725818634,0.07329999655485153,0.06459999829530716,0.06440000236034393,0.05494999885559082,0.056299999356269836
IND01890,2020-11-05,,,,,,549.0,,0.01,,,7.4,,,,,8.2,DEJLA DEWDA KHARGON,21.5932,75.6236,India,,,,,,,,,,,1.1,46.0,,,,,,,,,,,,,,,,,,,,,,,,0.01360000018030405,0.008999999612569809,0.05380000174045563,0.07739999890327454,0.04919999837875366,0.051500000059604645,0.0357000008225441,0.03280000016093254,0.030799999833106995,0.02800000086426735
IND01890,2020-12-30,,,,,,402.0,,0.01,,,1.0,,,,,7.9,DEJLA DEWDA KHARGON,21.5932,75.6236,India,,,,,,,,,,,1.0,41.0,,,,,,,,,,,,,,,,,,,,,,,,0.023099999874830246,0.013949999585747719,0.09364999830722809,0.10535000264644623,0.0783500000834465,0.08044999837875366,0.06915000081062317,0.06830000132322311,0.06030000001192093,0.05860000103712082
IND01896,2020-02-14,,,,,,121.0,,0.09,,,5.5,,,,,6.9,RUDRASAGAR EAST LAKE TRIPURA,23.4992,91.3211,India,,,,,,,,,,,0.6,110.0,,,,,,,,,,,,,,,,,,,,,,,,0.05065000057220459,0.034449998289346695,0.07360000163316727,0.08079999685287476,0.06665000319480896,0.09165000170469284,0.1043500006198883,0.10485000163316727,0.1026500016450882,0.09894999861717224
IND01896,2020-03-19,,,,,,135.0,,0.11,,,5.3,,,,,6.8,RUDRASAGAR EAST LAKE TRIPURA,23.4992,91.3211,India,,,,,,,,,,,0.5,110.0,,,,,,,,,,,,,,,,,,,,,,,,0.11855000257492065,0.06840000301599503,0.08545000106096268,0.10294999927282333,0.07665000110864639,0.1266999989748001,0.18825000524520874,0.2032500058412552,0.21250000596046448,0.19265000522136688
IND01896,2020-04-12,,,,,,143.0,,0.1,,,5.8,,,,,6.9,RUDRASAGAR EAST LAKE TRIPURA,23.4992,91.3211,India,,,,,,,,,,,0.4,84.0,,,,,,,,,,,,,,,,,,,,,,,,0.2013999968767166,0.11159999668598175,0.07580000162124634,0.121799997985363,0.07460000365972519,0.15889999270439148,0.3037000000476837,0.32749998569488525,0.39559999108314514,0.3433000147342682
IND01896,2021-01-21,,,,,,161.0,,,,,6.3,,,,,7.37,RUDRASAGAR EAST LAKE TRIPURA,23.4992,91.3211,India,,,,,,,,,,,1.1,110.0,,,,,,,,,,,,,,,,,,,,,,,,0.0843999981880188,0.04984999820590019,0.11569999903440475,0.1200999990105629,0.10140000283718109,0.13459999859333038,0.1618500053882599,0.16740000247955322,0.16554999351501465,0.16335000097751617
IND01896,2021-03-17,,,,,,169.0,,,,,6.0,,,,,7.12,RUDRASAGAR EAST LAKE TRIPURA,23.4992,91.3211,India,,,,,,,,,,,1.2,110.0,,,,,,,,,,,,,,,,,,,,,,,,0.1691499948501587,0.09380000084638596,0.0706000030040741,0.10429999977350235,0.07975000143051147,0.1465499997138977,0.26684999465942383,0.291049987077713,0.24085000157356262,0.29124999046325684
IND01897,2020-02-14,,,,,,117.0,,0.1,,,5.8,,,,,6.8,RUDRASAGAR WEST LAKE TRIPURA,23.4918,91.3211,India,,,,,,,,,,,0.4,110.0,,,,,,,,,,,,,,,,,,,,,,,,0.14820000529289246,0.08604999631643295,0.07095000147819519,0.08429999649524689,0.07249999791383743,0.11375000327825546,0.17430000007152557,0.18940000236034393,0.24729999899864197,0.20964999496936798
IND01897,2020-03-19,,,,,,129.0,,0.08,,,5.7,,,,,6.7,RUDRASAGAR WEST LAKE TRIPURA,23.4918,91.3211,India,,,,,,,,,,,0.3,70.0,,,,,,,,,,,,,,,,,,,,,,,,0.1737000048160553,0.09984999895095825,0.0754999965429306,0.09520000219345093,0.06994999945163727,0.12444999814033508,0.2361000031232834,0.27810001373291016,0.3041499853134155,0.2921999990940094
IND01897,2020-04-12,,,,,,135.0,,0.08,,,5.9,,,,,6.9,RUDRASAGAR WEST LAKE TRIPURA,23.4918,91.3211,India,,,,,,,,,,,0.3,58.0,,,,,,,,,,,,,,,,,,,,,,,,0.20170000195503235,0.11710000038146973,0.050999999046325684,0.07739999890327454,0.05950000137090683,0.11249999701976776,0.25049999356269836,0.32010000944137573,0.30059999227523804,0.33009999990463257
IND01897,2021-02-19,,,,,,129.0,,,,,6.3,,,,,7.36,RUDRASAGAR WEST LAKE TRIPURA,23.4918,91.3211,India,,,,,,,,,,,1.1,150.0,,,,,,,,,,,,,,,,,,,,,,,,0.1854500025510788,0.13740000128746033,0.11379999667406082,0.12039999663829803,0.11079999804496765,0.13670000433921814,0.17104999721050262,0.18449999392032623,0.20389999449253082,0.2012999951839447
IND01897,2021-03-17,,,,,,145.0,,,,,6.1,,,,,7.15,RUDRASAGAR WEST LAKE TRIPURA,23.4918,91.3211,India,,,,,,,,,,,1.3,170.0,,,,,,,,,,,,,,,,,,,,,,,,0.20819999277591705,0.12794999778270721,0.06260000169277191,0.09064999967813492,0.07554999738931656,0.12394999712705612,0.23149999976158142,0.26420000195503235,0.27730000019073486,0.2865999937057495
IND02315,2019-10-03,,,,,,321.0,,0.07,,,,,,,,7.99,A.B.Road X-ing,24.3458,77.1125,India,,,,,,,,,,,2.27,170000.0,,,,,,,,,,,,,,,,,,,,,,,,0.020800000056624413,0.014000000432133675,0.07209999859333038,0.11060000211000443,0.09070000052452087,0.0869000032544136,0.045499999076128006,0.04619999974966049,0.03750000149011612,0.039900001138448715
