Chl-a,B11,B12,B2,B3,B4,B5,B6,B7,B8,B8A
28.47,0.0147000001743435,0.0125000001862645,0.0500999987125396,0.0724999979138374,0.0375999994575977,0.0432999990880489,0.0251000002026557,0.024100000038743,0.0220999997109174,0.0206000003963708
16.77,0.0141000002622604,0.0110999997705221,0.0511000007390975,0.0714000016450882,0.0370000004768371,0.0362999998033046,0.0228000003844499,0.0232999995350837,0.0197000000625848,0.0182000007480382
14.3,0.0210999995470047,0.019200000911951,0.0588999986648559,0.0782999992370605,0.0432999990880489,0.0443999990820884,0.0306000001728534,0.031199999153614,0.0272000003606081,0.0272000003606081
4.64,0.0152000002562999,0.012699999846518,0.0472999997437,0.0531999990344047,0.0252999998629093,0.024100000038743,0.019200000911951,0.0210999995470047,0.0188999995589256,0.0175999999046325
20.48,0.0054999999701976,0.0037000000011175,0.0535999983549118,0.0712999999523162,0.0346000008285045,0.034400001168251,0.017799999564886,0.0160000007599592,0.015599999576807,0.0130000002682209
15.67,0.0070000002160668,0.0057999999262392,0.0546999983489513,0.0781999975442886,0.0350000001490116,0.0401000007987022,0.0199999995529651,0.0200999993830919,0.0168999992311,0.0149999996647238
45.11,0.0073500000871717,0.0062000001780688,0.0570500008761882,0.0840499997138977,0.0570500008761882,0.0676999986171722,0.0314499996602535,0.0319500006735324,0.0265500005334615,0.0214000009000301
14.5,0.0105999996885657,0.0087000001221895,0.0518999993801116,0.067500002682209,0.0355999991297721,0.0381000004708766,0.0223999992012977,0.0223999992012977,0.0204000007361173,0.0178999993950128
12.92,0.0078999996185302,0.0059000002220273,0.0533000007271766,0.0822499990463256,0.0400499999523162,0.0574500001966953,0.0304499994963407,0.0305499993264675,0.0246500000357627,0.0226499997079372
12.79,0.0066499998793005,0.0050499998033046,0.0430499985814094,0.0507000014185905,0.0211999993771314,0.0192499998956918,0.0142000000923872,0.0142000000923872,0.0109500000253319,0.0114500001072883
43.53,0.0081000002101063,0.006349999923259,0.0544500015676021,0.0807500034570694,0.0375999994575977,0.046349998563528,0.0259499996900558,0.0264500007033348,0.0212999992072582,0.0201999992132186
96.43,0.0093999998643994,0.0070500001311302,0.0591499991714954,0.0931499972939491,0.0577500015497207,0.0939000025391578,0.051350001245737,0.0526500009000301,0.0431500002741813,0.0351999998092651
11.47,0.0068500000052154,0.0052499999292194,0.0494499988853931,0.0654999986290931,0.0313000008463859,0.0287500005215406,0.0188500005751848,0.0179999992251396,0.0165500007569789,0.0148499999195337
12.49,0.0068999999202787,0.0054500000551342,0.0488499999046325,0.0582499988377094,0.0243500005453825,0.0238499995321035,0.0156500004231929,0.0147500000894069,0.014050000347197,0.0135000003501772
14.22,0.0073500000871717,0.0056500001810491,0.0529000014066696,0.0712999999523162,0.0313500016927719,0.0287500005215406,0.0177500005811452,0.0188999995589256,0.0157999992370605,0.0142500000074505
0.77,0.0054000001400709,0.0037000000011175,0.0566999986767768,0.0606000013649463,0.025450000539422,0.0229499991983175,0.0152500001713633,0.0150499995797872,0.013150000013411,0.010700000450015
8.27,0.0099999997764825,0.0086500002071261,0.0673500001430511,0.0908999964594841,0.0559500008821487,0.0639500021934509,0.0374500006437301,0.0389499999582767,0.0353499986231327,0.0297999996691942
24.83,0.0062500000931322,0.0040000001899898,0.0544000007212162,0.0662000030279159,0.0320000015199184,0.0305499993264675,0.0172000005841255,0.0167999994009733,0.014050000347197,0.0122999995946884
12.19,0.0059500001370906,0.0037499999161809,0.0597000010311603,0.0728000029921531,0.0308999996632337,0.0277500003576278,0.0183499995619058,0.0179500002413988,0.0159000009298324,0.0143999997526407
1.74,0.0066999997943639,0.0052000000141561,0.0504000000655651,0.0617999993264675,0.0233999993652105,0.0173000004142522,0.0105999996885657,0.0078999996185302,0.0074999998323619,0.0091000003740191
9.95,0.008899999782443,0.0063000000081956,0.0427000001072883,0.0697999969124794,0.0333999991416931,0.0318000018596649,0.0208000000566244,0.0223999992012977,0.0189999993890523,0.0179999992251396
6.79,0.0089999996125698,0.0063999998383224,0.0617999993264675,0.0812000036239624,0.0469999983906745,0.0434999987483024,0.0269000008702278,0.0237000007182359,0.0225000008940696,0.0190999992191791
9.98,0.0094999996945261,0.0082499999552965,0.050450000911951,0.0740000009536743,0.045949999243021,0.0376500003039836,0.0224500000476837,0.0219000000506639,0.0194499995559453,0.017799999564886
9.65,0.0054999999701976,0.0057999999262392,0.0516000017523765,0.0750000029802322,0.0331999994814395,0.0307000000029802,0.0111999996006488,0.0104000000283122,0.0092000002041459,0.0055999998003244
3.91,0.0057999999262392,0.0054999999701976,0.052700001746416,0.0672999992966651,0.0228000003844499,0.0197000000625848,0.0060999998822808,0.0062000001780688,0.0082000000402331,0.0049000000581145
6.36,0.0054000001400709,0.0044999998062849,0.0467000007629394,0.0627999976277351,0.0218000002205371,0.0173000004142522,0.0086000002920627,0.0048000002279877,0.0055999998003244,0.0054000001400709
43.02,0.0185000002384185,0.0130000002682209,0.0671999976038932,0.0747999995946884,0.0515000000596046,0.0504000000655651,0.033900000154972,0.0333999991416931,0.0270000007003545,0.0288999993354082
42.01,0.0214000009000301,0.018300000578165,0.0615999996662139,0.0671999976038932,0.0480999983847141,0.0478999987244606,0.0350000001490116,0.0326999984681606,0.0285000000149011,0.0291000008583068
33.76,0.0232999995350837,0.0189999993890523,0.0671000033617019,0.0766000002622604,0.0522000007331371,0.0555000007152557,0.0397000014781951,0.0384999997913837,0.0303000006824731,0.0357000008225441
36.06,0.0233999993652105,0.0188999995589256,0.0606000013649463,0.0619000010192394,0.0425999984145164,0.0419000014662742,0.0355000011622905,0.0350000001490116,0.0296999998390674,0.0304000005125999
10.24,0.0153999999165534,0.0120000001043081,0.062399998307228,0.0650999993085861,0.0395000018179416,0.0403999984264373,0.0296000000089406,0.0293000005185604,0.0252000000327825,0.0256999991834163
8.31,0.0219999998807907,0.0167999994009733,0.0590999983251094,0.0597999989986419,0.0417000018060207,0.0421000011265277,0.033900000154972,0.0331999994814395,0.0282000005245208,0.0285000000149011
28.35,0.018300000578165,0.0148999998345971,0.0612000003457069,0.0738999992609024,0.0544000007212162,0.0502000004053115,0.0346999987959861,0.031599998474121,0.0292000006884336,0.0284000001847744
3.04,0.0199999995529651,0.0159000009298324,0.062399998307228,0.0675999969244003,0.0450000017881393,0.0452000014483928,0.0320000015199184,0.0318999998271465,0.0283000003546476,0.0274999998509883
11.18,0.0209999997168779,0.0190999992191791,0.066100001335144,0.0737000033259391,0.0511999987065792,0.0537000000476837,0.0399999991059303,0.0366999991238117,0.0296999998390674,0.0337000004947185
32.08,0.0220500007271766,0.0199500005692243,0.0595000013709068,0.0870499983429908,0.0736500024795532,0.0795999988913536,0.0436000004410743,0.0441000014543533,0.0390000008046627,0.0336499996483325
25.88,0.0233999993652105,0.0188999995589256,0.0597000010311603,0.0603000000119209,0.0401999987661838,0.0417999997735023,0.0361000001430511,0.0342000015079975,0.0295000001788139,0.0299999993294477
8.61,0.0284000001847744,0.0234999991953372,0.0709000006318092,0.0715000033378601,0.0502999983727932,0.0489000007510185,0.0410000011324882,0.0408999994397163,0.0340000018477439,0.0372000001370906
14.92,0.0203000009059906,0.0165999997407197,0.0592000000178813,0.064300000667572,0.0379999987781047,0.0383000001311302,0.0320999994874,0.0308999996632337,0.0273000001907348,0.0265999995172023
35.15,0.016950000077486,0.0142000000923872,0.0549499988555908,0.0754000023007392,0.0497500002384185,0.0516000017523765,0.0285500008612871,0.0291499998420476,0.0291499998420476,0.0233999993652105
6.7,0.0158500000834465,0.0129500003531575,0.0543499998748302,0.0540999993681907,0.0305499993264675,0.0287500005215406,0.0260499995201826,0.0252999998629093,0.0261499993503093,0.0234500002115964
88.92,0.0220999997109174,0.0198500007390975,0.0545499995350837,0.0767500028014183,0.0639500021934509,0.067950002849102,0.0380499996244907,0.0392999984323978,0.0354500003159046,0.0326999984681606
26.39,0.0251000002026557,0.0215499997138977,0.0623500011861324,0.0719999969005584,0.0533999986946582,0.0498000010848045,0.0354500003159046,0.0376500003039836,0.0353499986231327,0.0326999984681606
36.51,0.0222999993711709,0.0201999992132186,0.0595999993383884,0.0879499986767768,0.0745500028133392,0.0785500034689903,0.0429500006139278,0.0447000004351139,0.0379000008106231,0.0340000018477439
28.86,0.0192499998956918,0.0170499999076128,0.0568000003695488,0.0728000029921531,0.0476000010967254,0.052250001579523,0.0320499986410141,0.0324000008404254,0.0282499995082616,0.0269000008702278
8.03,0.0174499992281198,0.0152000002562999,0.050500001758337,0.0524000003933906,0.0333000011742115,0.031700000166893,0.0243999995291233,0.0236000008881092,0.0243999995291233,0.0220500007271766
7.92,0.0219500008970499,0.0186999998986721,0.0641999989748001,0.0740500018000602,0.0478500016033649,0.0404499992728233,0.0290500000119209,0.0302000008523464,0.0298500005155801,0.0273000001907348
143.23,0.0093999998643994,0.0074000000022351,0.0511999987065792,0.068800002336502,0.0388999991118907,0.050000000745058,0.0285000000149011,0.0278999991714954,0.0267999991774559,0.0214000009000301
18.4,0.0124000003561377,0.0096000004559755,0.0573999993503093,0.0894000008702278,0.0476000010967254,0.0957000032067298,0.0529000014066696,0.0524999983608722,0.0458000004291534,0.033900000154972
97.5,0.0054999999701976,0.0044999998062849,0.0449000000953674,0.0692000016570091,0.0489999987185001,0.0653000026941299,0.0324000008404254,0.0340000018477439,0.0278999991714954,0.0226000007241964
49.79,0.0149999996647238,0.0124000003561377,0.0560000017285347,0.0865999981760978,0.0498000010848045,0.0956000015139579,0.0551000013947486,0.0570000000298023,0.0474999994039535,0.0395000018179416
71.27,0.0036500000860542,0.0029500001110136,0.0502999983727932,0.0784000009298324,0.0645999982953071,0.0810000002384185,0.0396500006318092,0.0416500009596347,0.032999999821186,0.025000000372529
13.98,0.0149999996647238,0.0121999997645616,0.0680999979376792,0.0904000028967857,0.0507000014185905,0.0601000003516674,0.032600000500679,0.032600000500679,0.0297999996691942,0.02449999935925
7.64,0.017400000244379,0.0148000000044703,0.0566999986767768,0.0659999996423721,0.033900000154972,0.0322000011801719,0.0248000007122755,0.0232999995350837,0.0237000007182359,0.0209999997168779
6.82,0.017400000244379,0.0142999999225139,0.0663999989628791,0.0847000032663345,0.0467000007629394,0.0425000004470348,0.0280000008642673,0.0280000008642673,0.025399999693036,0.0255999993532896
52.36,0.0124000003561377,0.0104999998584389,0.0546999983489513,0.0895000025629997,0.045899998396635,0.0926999971270561,0.0491999983787536,0.0509999990463256,0.0436000004410743,0.0315000005066394
42.9,0.0110999997705221,0.009800000116229,0.0551999993622303,0.0869000032544136,0.0476000010967254,0.1080999970436096,0.062399998307228,0.066100001335144,0.0531999990344047,0.0421000011265277
74.3,0.0118500003591179,0.0054999999701976,0.052250001579523,0.0866999998688697,0.0578499995172023,0.1121999993920326,0.0944499969482421,0.0901499986648559,0.0737999975681305,0.0654999986290931
49.63,0.0144999995827674,0.0100999996066093,0.0654999986290931,0.091899998486042,0.0524999983608722,0.0615999996662139,0.033500000834465,0.0346000008285045,0.0307000000029802,0.0256999991834163
20.22,0.0164000000804662,0.0129000004380941,0.0555999986827373,0.0650999993085861,0.032999999821186,0.0297999996691942,0.0230999998748302,0.0229000002145767,0.0212999992072582,0.0208000000566244
30.36,0.0165999997407197,0.013600000180304,0.0710000023245811,0.0842999964952468,0.0483000017702579,0.046799998730421,0.0285999998450279,0.0277999993413686,0.0258000008761882,0.0236000008881092
52.87,0.0218000002205371,0.0186999998986721,0.0684999972581863,0.0926000028848648,0.0560000017285347,0.064699999988079,0.0388000011444091,0.0383000001311302,0.0355999991297721,0.0297999996691942
5.63,0.0187999997287988,0.0164000000804662,0.0535999983549118,0.0542999990284442,0.0289999991655349,0.0289999991655349,0.0242999996989965,0.0252999998629093,0.026300000026822,0.0216000005602836
100.53,0.0186999998986721,0.0153000000864267,0.0681999996304512,0.0948999971151351,0.060199998319149,0.0895000025629997,0.0520999990403652,0.0520000010728836,0.0423000007867813,0.0381000004708766
51.57,0.0379000008106231,0.033900000154972,0.0671999976038932,0.0834999978542327,0.0542999990284442,0.0750999972224235,0.0505999997258186,0.0557000003755092,0.0364000014960765,0.0480000004172325
42.47,0.0214000009000301,0.018300000578165,0.0767000019550323,0.096400000154972,0.0581000000238418,0.0593000017106533,0.0377999991178512,0.0368000008165836,0.0359999984502792,0.0307999998331069
6.22,0.0217000003904104,0.0199999995529651,0.0710999965667724,0.0781999975442886,0.0414999984204769,0.0399999991059303,0.0280000008642673,0.0283000003546476,0.0289999991655349,0.0255999993532896
29.29,0.0234999991953372,0.0203000009059906,0.0764999985694885,0.0965000018477439,0.0575999990105629,0.0645999982953071,0.0384999997913837,0.0384000018239021,0.0342999994754791,0.031700000166893
68.01,0.0049000000581145,0.0038999998942017,0.0522999987006187,0.0873999968171119,0.0542999990284442,0.0797000005841255,0.0368000008165836,0.0366999991238117,0.0309999994933605,0.0227000005543231
13.36,0.006000000052154,0.0052999998442828,0.0502999983727932,0.0777999982237815,0.0335999988019466,0.0416000001132488,0.0186999998986721,0.0181000009179115,0.0172000005841255,0.013600000180304
140.89,0.006800000090152,0.0052999998442828,0.0606999993324279,0.09009999781847,0.0632999986410141,0.0812999978661537,0.0359000004827976,0.0379000008106231,0.0304000005125999,0.0232999995350837
59.87,0.0116999996826052,0.0085000004619359,0.0700000002980232,0.1110000014305114,0.0615999996662139,0.0786999985575676,0.0348999984562397,0.0362999998033046,0.0322999991476535,0.0255999993532896
72.35,0.0070000002160668,0.0059000002220273,0.0551000013947486,0.0793000012636184,0.0434999987483024,0.0507000014185905,0.0220999997109174,0.0221999995410442,0.0200999993830919,0.0152000002562999
8.95,0.0070000002160668,0.0063999998383224,0.0458000004291534,0.0584999993443489,0.0237000007182359,0.0222999993711709,0.0126000000163912,0.0115999998524785,0.0116999996826052,0.0110999997705221
41.19,0.0110999997705221,0.009800000116229,0.0603000000119209,0.0975999981164932,0.0471000000834465,0.0522999987006187,0.0262000001966953,0.025000000372529,0.0251000002026557,0.0187999997287988
69.27,0.0102000003680586,0.0087000001221895,0.063799999654293,0.0926999971270561,0.0584000013768672,0.0746000036597251,0.0346999987959861,0.0346000008285045,0.0289999991655349,0.0222999993711709
63.91,0.0068999999202787,0.0063999998383224,0.0612000003457069,0.0916000008583068,0.048599999397993,0.0597000010311603,0.0230999998748302,0.0230999998748302,0.0203000009059906,0.0160000007599592
45.48,0.0083999997004866,0.0074000000022351,0.0573000013828277,0.0806000009179115,0.0381000004708766,0.0353999994695186,0.0135000003501772,0.0138999996706843,0.0142999999225139,0.012699999846518
70.64,0.0057500000111758,0.0046999999321997,0.0695500001311302,0.1003499999642372,0.0627999976277351,0.0789500027894973,0.0350500009953975,0.0351000018417835,0.0300500001758337,0.0223999992012977
45.97,0.0060499999672174,0.0049000000581145,0.0568500012159347,0.0779500007629394,0.0424499996006488,0.0483000017702579,0.0209999997168779,0.0207499992102384,0.0187999997287988,0.0141500001773238
106.76,0.00844999961555,0.0071000000461936,0.070200003683567,0.1058999970555305,0.0746000036597251,0.1006999984383583,0.050500001758337,0.0517500005662441,0.0410999990999698,0.031700000166893
93.65,0.0082999998703598,0.0068999999202787,0.0626000016927719,0.0877000018954277,0.0560999996960163,0.0717500001192092,0.0340499989688396,0.034400001168251,0.0282000005245208,0.0228499993681907
69.37,0.0076500000432133,0.0062500000931322,0.0680000036954879,0.0989999994635582,0.0742999985814094,0.0993499979376792,0.048700001090765,0.0504000000655651,0.0412000007927417,0.0326999984681606
46.75,0.0071000000461936,0.0053500002250075,0.0635000020265579,0.0925000011920929,0.0551000013947486,0.0653500035405159,0.0286999996751546,0.0276999995112419,0.0217499993741512,0.0192499998956918
22.62,0.0067500001750886,0.0053500002250075,0.0597000010311603,0.0836500003933906,0.0390000008046627,0.0388499982655048,0.0181000009179115,0.0182499997317791,0.0162000004202127,0.0120000001043081
25.22,0.0067500001750886,0.0055999998003244,0.0568500012159347,0.0863500013947486,0.0443000011146068,0.0474999994039535,0.0199999995529651,0.0210999995470047,0.0185499992221593,0.0152500001713633
28.93,0.003400000045076,0.002199999988079,0.0696000009775161,0.1062000021338462,0.0666999965906143,0.093699999153614,0.0452000014483928,0.0432000011205673,0.0335999988019466,0.0247000008821487
84.24,0.0035000001080334,0.001700000022538,0.0630000010132789,0.0976999998092651,0.0640000030398368,0.0961000025272369,0.0452000014483928,0.0450999997556209,0.034800000488758,0.0275999996811151
32.44,0.0038999998942017,0.0031999999191612,0.0522000007331371,0.0780000016093254,0.0480999983847141,0.0653999969363212,0.0276999995112419,0.0288999993354082,0.0218000002205371,0.0175999999046325
64.3,0.0037499999161809,0.003400000045076,0.0574500001966953,0.09094999730587,0.0573000013828277,0.096450001001358,0.0469500012695789,0.0475500002503395,0.0364999994635582,0.0274999998509883
56.4,0.002600000007078,0.0019000000320374,0.0644000023603439,0.093199998140335,0.0520999990403652,0.0555999986827373,0.0197000000625848,0.0220999997109174,0.0193000007420778,0.0131000000983476
54.5,0.0043000001460313,0.0027000000700354,0.0612000003457069,0.0807999968528747,0.0366999991238117,0.0368999987840652,0.0132999997586011,0.0129000004380941,0.0126000000163912,0.0097000002861022
35.04,0.0028999999631196,0.0019000000320374,0.0560000017285347,0.0828000009059906,0.0414999984204769,0.0445999987423419,0.0175000000745058,0.0182000007480382,0.0162000004202127,0.0094999996945261
10.8,0.0052999998442828,0.0044999998062849,0.0606999993324279,0.0810000002384185,0.0469000004231929,0.0414000004529953,0.0173000004142522,0.0179999992251396,0.0156999994069337,0.0127999996766448
4.74,0.0057999999262392,0.0046999999321997,0.0439000017940998,0.049600001424551,0.0215000007301569,0.019200000911951,0.0118000004440546,0.0138999996706843,0.0103000001981854,0.0103000001981854
34.52,0.0038999998942017,0.0035999999381601,0.0734999999403953,0.1033999994397163,0.0719999969005584,0.0625,0.0248000007122755,0.0247000008821487,0.0201999992132186,0.0173000004142522
12.34,0.0059000002220273,0.0043000001460313,0.0672999992966651,0.0944000035524368,0.0608000010251998,0.0573000013828277,0.0242999996989965,0.0242999996989965,0.0182000007480382,0.0171000007539987
25.81,0.0081500001251697,0.0068500000052154,0.070150002837181,0.1012500002980232,0.0794000029563903,0.0745000019669532,0.0351999998092651,0.0337000004947185,0.0265999995172023,0.0213500000536441
13.46,0.0057000000961124,0.0054000001400709,0.0560000017285347,0.0729999989271164,0.0414000004529953,0.0353999994695186,0.0173000004142522,0.0163000002503395,0.0121999997645616,0.0131999999284744
8.59,0.0054000001400709,0.0054000001400709,0.0428999997675418,0.0538000017404556,0.0252000000327825,0.0232999995350837,0.0131999999284744,0.0116999996826052,0.0097000002861022,0.0098999999463558
9.69,0.0065000001341104,0.0051000001840293,0.0507999993860721,0.065600000321865,0.0299999993294477,0.0242999996989965,0.0137999998405575,0.0142000000923872,0.0122999995946884,0.0108000002801418
10.8,0.0052999998442828,0.0042500002309679,0.0808499976992607,0.1107999980449676,0.0825499966740608,0.0689499974250793,0.026300000026822,0.0245999991893768,0.023199999704957,0.0157999992370605
5.46,0.0270000007003545,0.0214499998837709,0.0746499970555305,0.1040999963879585,0.0860499963164329,0.0803499966859817,0.0447500012814998,0.0469999983906745,0.0427500009536743,0.0406999997794628
22.88,0.0031500000040978,0.0024000001139938,0.0513000003993511,0.0831499993801117,0.0671499967575073,0.0653500035405159,0.025399999693036,0.026300000026822,0.0228000003844499,0.0149999996647238
2.33429603855309,0.0040000001899898,0.0038000000640749,0.0176500007510185,0.0176999997347593,0.00844999961555,0.0082000000402331,0.006800000090152,0.006349999923259,0.006800000090152,0.0057500000111758
2.33429603855309,0.0040000001899898,0.0038000000640749,0.0176500007510185,0.0176999997347593,0.00844999961555,0.0082000000402331,0.006800000090152,0.006349999923259,0.006800000090152,0.0057500000111758
2.33429603855309,0.0040000001899898,0.0038000000640749,0.0176500007510185,0.0176999997347593,0.00844999961555,0.0082000000402331,0.006800000090152,0.006349999923259,0.006800000090152,0.0057500000111758
2.33429603855309,0.0040000001899898,0.0038000000640749,0.0176500007510185,0.0176999997347593,0.00844999961555,0.0082000000402331,0.006800000090152,0.006349999923259,0.006800000090152,0.0057500000111758
2.33429603855309,0.0040000001899898,0.0038000000640749,0.0176500007510185,0.0176999997347593,0.00844999961555,0.0082000000402331,0.006800000090152,0.006349999923259,0.006800000090152,0.0057500000111758
2.33429603855309,0.0040000001899898,0.0038000000640749,0.0176500007510185,0.0176999997347593,0.00844999961555,0.0082000000402331,0.006800000090152,0.006349999923259,0.006800000090152,0.0057500000111758
2.33429603855309,0.0040000001899898,0.0038000000640749,0.0176500007510185,0.0176999997347593,0.00844999961555,0.0082000000402331,0.006800000090152,0.006349999923259,0.006800000090152,0.0057500000111758
2.33429603855309,0.0040000001899898,0.0038000000640749,0.0176500007510185,0.0176999997347593,0.00844999961555,0.0082000000402331,0.006800000090152,0.006349999923259,0.006800000090152,0.0057500000111758
2.33429603855309,0.0040000001899898,0.0038000000640749,0.0176500007510185,0.0176999997347593,0.00844999961555,0.0082000000402331,0.006800000090152,0.006349999923259,0.006800000090152,0.0057500000111758
2.33429603855309,0.0040000001899898,0.0038000000640749,0.0176500007510185,0.0176999997347593,0.00844999961555,0.0082000000402331,0.006800000090152,0.006349999923259,0.006800000090152,0.0057500000111758
2.33429603855309,0.0040000001899898,0.0038000000640749,0.0176500007510185,0.0176999997347593,0.00844999961555,0.0082000000402331,0.006800000090152,0.006349999923259,0.006800000090152,0.0057500000111758
2.33429603855309,0.0040000001899898,0.0038000000640749,0.0176500007510185,0.0176999997347593,0.00844999961555,0.0082000000402331,0.006800000090152,0.006349999923259,0.006800000090152,0.0057500000111758
2.33429603855309,0.0040000001899898,0.0038000000640749,0.0176500007510185,0.0176999997347593,0.00844999961555,0.0082000000402331,0.006800000090152,0.006349999923259,0.006800000090152,0.0057500000111758
2.33429603855309,0.0040000001899898,0.0038000000640749,0.0176500007510185,0.0176999997347593,0.00844999961555,0.0082000000402331,0.006800000090152,0.006349999923259,0.006800000090152,0.0057500000111758
2.33429603855309,0.0040000001899898,0.0038000000640749,0.0176500007510185,0.0176999997347593,0.00844999961555,0.0082000000402331,0.006800000090152,0.006349999923259,0.006800000090152,0.0057500000111758
2.33429603855309,0.0040000001899898,0.0038000000640749,0.0176500007510185,0.0176999997347593,0.00844999961555,0.0082000000402331,0.006800000090152,0.006349999923259,0.006800000090152,0.0057500000111758
2.33429603855309,0.0040000001899898,0.0038000000640749,0.0176500007510185,0.0176999997347593,0.00844999961555,0.0082000000402331,0.006800000090152,0.006349999923259,0.006800000090152,0.0057500000111758
2.33429603855309,0.0040000001899898,0.0038000000640749,0.0176500007510185,0.0176999997347593,0.00844999961555,0.0082000000402331,0.006800000090152,0.006349999923259,0.006800000090152,0.0057500000111758
2.33429603855309,0.0040000001899898,0.0038000000640749,0.0176500007510185,0.0176999997347593,0.00844999961555,0.0082000000402331,0.006800000090152,0.006349999923259,0.006800000090152,0.0057500000111758
2.33429603855309,0.0040000001899898,0.0038000000640749,0.0176500007510185,0.0176999997347593,0.00844999961555,0.0082000000402331,0.006800000090152,0.006349999923259,0.006800000090152,0.0057500000111758
2.33429603855309,0.0040000001899898,0.0038000000640749,0.0176500007510185,0.0176999997347593,0.00844999961555,0.0082000000402331,0.006800000090152,0.006349999923259,0.006800000090152,0.0057500000111758
2.33429603855309,0.0040000001899898,0.0038000000640749,0.0176500007510185,0.0176999997347593,0.00844999961555,0.0082000000402331,0.006800000090152,0.006349999923259,0.006800000090152,0.0057500000111758
2.33429603855309,0.0040000001899898,0.0038000000640749,0.0176500007510185,0.0176999997347593,0.00844999961555,0.0082000000402331,0.006800000090152,0.006349999923259,0.006800000090152,0.0057500000111758
2.33429603855309,0.0040000001899898,0.0038000000640749,0.0176500007510185,0.0176999997347593,0.00844999961555,0.0082000000402331,0.006800000090152,0.006349999923259,0.006800000090152,0.0057500000111758
2.33429603855309,0.0040000001899898,0.0038000000640749,0.0176500007510185,0.0176999997347593,0.00844999961555,0.0082000000402331,0.006800000090152,0.006349999923259,0.006800000090152,0.0057500000111758
2.33429603855309,0.0040000001899898,0.0038000000640749,0.0176500007510185,0.0176999997347593,0.00844999961555,0.0082000000402331,0.006800000090152,0.006349999923259,0.006800000090152,0.0057500000111758
2.33429603855309,0.0040000001899898,0.0038000000640749,0.0176500007510185,0.0176999997347593,0.00844999961555,0.0082000000402331,0.006800000090152,0.006349999923259,0.006800000090152,0.0057500000111758
2.33429603855309,0.0040000001899898,0.0038000000640749,0.0176500007510185,0.0176999997347593,0.00844999961555,0.0082000000402331,0.006800000090152,0.006349999923259,0.006800000090152,0.0057500000111758
2.33429603855309,0.0040000001899898,0.0038000000640749,0.0176500007510185,0.0176999997347593,0.00844999961555,0.0082000000402331,0.006800000090152,0.006349999923259,0.006800000090152,0.0057500000111758
2.33429603855309,0.0040000001899898,0.0038000000640749,0.0176500007510185,0.0176999997347593,0.00844999961555,0.0082000000402331,0.006800000090152,0.006349999923259,0.006800000090152,0.0057500000111758
2.33429603855309,0.0040000001899898,0.0038000000640749,0.0176500007510185,0.0176999997347593,0.00844999961555,0.0082000000402331,0.006800000090152,0.006349999923259,0.006800000090152,0.0057500000111758
2.33429603855309,0.0040000001899898,0.0038000000640749,0.0176500007510185,0.0176999997347593,0.00844999961555,0.0082000000402331,0.006800000090152,0.006349999923259,0.006800000090152,0.0057500000111758
2.33429603855309,0.0040000001899898,0.0038000000640749,0.0176500007510185,0.0176999997347593,0.00844999961555,0.0082000000402331,0.006800000090152,0.006349999923259,0.006800000090152,0.0057500000111758
2.33429603855309,0.0040000001899898,0.0038000000640749,0.0176500007510185,0.0176999997347593,0.00844999961555,0.0082000000402331,0.006800000090152,0.006349999923259,0.006800000090152,0.0057500000111758
2.33429603855309,0.0040000001899898,0.0038000000640749,0.0176500007510185,0.0176999997347593,0.00844999961555,0.0082000000402331,0.006800000090152,0.006349999923259,0.006800000090152,0.0057500000111758
2.33429603855309,0.0040000001899898,0.0038000000640749,0.0176500007510185,0.0176999997347593,0.00844999961555,0.0082000000402331,0.006800000090152,0.006349999923259,0.006800000090152,0.0057500000111758
2.33429603855309,0.0040000001899898,0.0038000000640749,0.0176500007510185,0.0176999997347593,0.00844999961555,0.0082000000402331,0.006800000090152,0.006349999923259,0.006800000090152,0.0057500000111758
2.33429603855309,0.0040000001899898,0.0038000000640749,0.0176500007510185,0.0176999997347593,0.00844999961555,0.0082000000402331,0.006800000090152,0.006349999923259,0.006800000090152,0.0057500000111758
2.33429603855309,0.0040000001899898,0.0038000000640749,0.0176500007510185,0.0176999997347593,0.00844999961555,0.0082000000402331,0.006800000090152,0.006349999923259,0.006800000090152,0.0057500000111758
2.33429603855309,0.0040000001899898,0.0038000000640749,0.0176500007510185,0.0176999997347593,0.00844999961555,0.0082000000402331,0.006800000090152,0.006349999923259,0.006800000090152,0.0057500000111758
2.33429603855309,0.0040000001899898,0.0038000000640749,0.0176500007510185,0.0176999997347593,0.00844999961555,0.0082000000402331,0.006800000090152,0.006349999923259,0.006800000090152,0.0057500000111758
2.33429603855309,0.0040000001899898,0.0038000000640749,0.0176500007510185,0.0176999997347593,0.00844999961555,0.0082000000402331,0.006800000090152,0.006349999923259,0.006800000090152,0.0057500000111758
2.33429603855309,0.0040000001899898,0.0038000000640749,0.0176500007510185,0.0176999997347593,0.00844999961555,0.0082000000402331,0.006800000090152,0.006349999923259,0.006800000090152,0.0057500000111758
2.33429603855309,0.0040000001899898,0.0038000000640749,0.0176500007510185,0.0176999997347593,0.00844999961555,0.0082000000402331,0.006800000090152,0.006349999923259,0.006800000090152,0.0057500000111758
2.33429603855309,0.0040000001899898,0.0038000000640749,0.0176500007510185,0.0176999997347593,0.00844999961555,0.0082000000402331,0.006800000090152,0.006349999923259,0.006800000090152,0.0057500000111758
2.33429603855309,0.0040000001899898,0.0038000000640749,0.0176500007510185,0.0176999997347593,0.00844999961555,0.0082000000402331,0.006800000090152,0.006349999923259,0.006800000090152,0.0057500000111758
2.33429603855309,0.0040000001899898,0.0038000000640749,0.0176500007510185,0.0176999997347593,0.00844999961555,0.0082000000402331,0.006800000090152,0.006349999923259,0.006800000090152,0.0057500000111758
2.33429603855309,0.0040000001899898,0.0038000000640749,0.0176500007510185,0.0176999997347593,0.00844999961555,0.0082000000402331,0.006800000090152,0.006349999923259,0.006800000090152,0.0057500000111758
2.33429603855309,0.0040000001899898,0.0038000000640749,0.0176500007510185,0.0176999997347593,0.00844999961555,0.0082000000402331,0.006800000090152,0.006349999923259,0.006800000090152,0.0057500000111758
2.33429603855309,0.0040000001899898,0.0038000000640749,0.0176500007510185,0.0176999997347593,0.00844999961555,0.0082000000402331,0.006800000090152,0.006349999923259,0.006800000090152,0.0057500000111758
2.33429603855309,0.0040000001899898,0.0038000000640749,0.0176500007510185,0.0176999997347593,0.00844999961555,0.0082000000402331,0.006800000090152,0.006349999923259,0.006800000090152,0.0057500000111758
2.33429603855309,0.0040000001899898,0.0038000000640749,0.0176500007510185,0.0176999997347593,0.00844999961555,0.0082000000402331,0.006800000090152,0.006349999923259,0.006800000090152,0.0057500000111758
2.33429603855309,0.0040000001899898,0.0038000000640749,0.0176500007510185,0.0176999997347593,0.00844999961555,0.0082000000402331,0.006800000090152,0.006349999923259,0.006800000090152,0.0057500000111758
2.33429603855309,0.0040000001899898,0.0038000000640749,0.0176500007510185,0.0176999997347593,0.00844999961555,0.0082000000402331,0.006800000090152,0.006349999923259,0.006800000090152,0.0057500000111758
2.33429603855309,0.0040000001899898,0.0038000000640749,0.0176500007510185,0.0176999997347593,0.00844999961555,0.0082000000402331,0.006800000090152,0.006349999923259,0.006800000090152,0.0057500000111758
2.33429603855309,0.0040000001899898,0.0038000000640749,0.0176500007510185,0.0176999997347593,0.00844999961555,0.0082000000402331,0.006800000090152,0.006349999923259,0.006800000090152,0.0057500000111758
2.33429603855309,0.0040000001899898,0.0038000000640749,0.0176500007510185,0.0176999997347593,0.00844999961555,0.0082000000402331,0.006800000090152,0.006349999923259,0.006800000090152,0.0057500000111758
2.33429603855309,0.0040000001899898,0.0038000000640749,0.0176500007510185,0.0176999997347593,0.00844999961555,0.0082000000402331,0.006800000090152,0.006349999923259,0.006800000090152,0.0057500000111758
2.33429603855309,0.0040000001899898,0.0038000000640749,0.0176500007510185,0.0176999997347593,0.00844999961555,0.0082000000402331,0.006800000090152,0.006349999923259,0.006800000090152,0.0057500000111758
2.33429603855309,0.0040000001899898,0.0038000000640749,0.0176500007510185,0.0176999997347593,0.00844999961555,0.0082000000402331,0.006800000090152,0.006349999923259,0.006800000090152,0.0057500000111758
2.33429603855309,0.0040000001899898,0.0038000000640749,0.0176500007510185,0.0176999997347593,0.00844999961555,0.0082000000402331,0.006800000090152,0.006349999923259,0.006800000090152,0.0057500000111758
2.33429603855309,0.0040000001899898,0.0038000000640749,0.0176500007510185,0.0176999997347593,0.00844999961555,0.0082000000402331,0.006800000090152,0.006349999923259,0.006800000090152,0.0057500000111758
2.33429603855309,0.0040000001899898,0.0038000000640749,0.0176500007510185,0.0176999997347593,0.00844999961555,0.0082000000402331,0.006800000090152,0.006349999923259,0.006800000090152,0.0057500000111758
2.33429603855309,0.0040000001899898,0.0038000000640749,0.0176500007510185,0.0176999997347593,0.00844999961555,0.0082000000402331,0.006800000090152,0.006349999923259,0.006800000090152,0.0057500000111758
2.33429603855309,0.0040000001899898,0.0038000000640749,0.0176500007510185,0.0176999997347593,0.00844999961555,0.0082000000402331,0.006800000090152,0.006349999923259,0.006800000090152,0.0057500000111758
2.33429603855309,0.0040000001899898,0.0038000000640749,0.0176500007510185,0.0176999997347593,0.00844999961555,0.0082000000402331,0.006800000090152,0.006349999923259,0.006800000090152,0.0057500000111758
2.33429603855309,0.0040000001899898,0.0038000000640749,0.0176500007510185,0.0176999997347593,0.00844999961555,0.0082000000402331,0.006800000090152,0.006349999923259,0.006800000090152,0.0057500000111758
2.33429603855309,0.0040000001899898,0.0038000000640749,0.0176500007510185,0.0176999997347593,0.00844999961555,0.0082000000402331,0.006800000090152,0.006349999923259,0.006800000090152,0.0057500000111758
2.33429603855309,0.0040000001899898,0.0038000000640749,0.0176500007510185,0.0176999997347593,0.00844999961555,0.0082000000402331,0.006800000090152,0.006349999923259,0.006800000090152,0.0057500000111758
2.33429603855309,0.0040000001899898,0.0038000000640749,0.0176500007510185,0.0176999997347593,0.00844999961555,0.0082000000402331,0.006800000090152,0.006349999923259,0.006800000090152,0.0057500000111758
2.33429603855309,0.0040000001899898,0.0038000000640749,0.0176500007510185,0.0176999997347593,0.00844999961555,0.0082000000402331,0.006800000090152,0.006349999923259,0.006800000090152,0.0057500000111758
2.33429603855309,0.0040000001899898,0.0038000000640749,0.0176500007510185,0.0176999997347593,0.00844999961555,0.0082000000402331,0.006800000090152,0.006349999923259,0.006800000090152,0.0057500000111758
2.33429603855309,0.0040000001899898,0.0038000000640749,0.0176500007510185,0.0176999997347593,0.00844999961555,0.0082000000402331,0.006800000090152,0.006349999923259,0.006800000090152,0.0057500000111758
2.33429603855309,0.0040000001899898,0.0038000000640749,0.0176500007510185,0.0176999997347593,0.00844999961555,0.0082000000402331,0.006800000090152,0.006349999923259,0.006800000090152,0.0057500000111758
2.33429603855309,0.0040000001899898,0.0038000000640749,0.0176500007510185,0.0176999997347593,0.00844999961555,0.0082000000402331,0.006800000090152,0.006349999923259,0.006800000090152,0.0057500000111758
2.33429603855309,0.0040000001899898,0.0038000000640749,0.0176500007510185,0.0176999997347593,0.00844999961555,0.0082000000402331,0.006800000090152,0.006349999923259,0.006800000090152,0.0057500000111758
2.33429603855309,0.0040000001899898,0.0038000000640749,0.0176500007510185,0.0176999997347593,0.00844999961555,0.0082000000402331,0.006800000090152,0.006349999923259,0.006800000090152,0.0057500000111758
2.33429603855309,0.0040000001899898,0.0038000000640749,0.0176500007510185,0.0176999997347593,0.00844999961555,0.0082000000402331,0.006800000090152,0.006349999923259,0.006800000090152,0.0057500000111758
2.33429603855309,0.0040000001899898,0.0038000000640749,0.0176500007510185,0.0176999997347593,0.00844999961555,0.0082000000402331,0.006800000090152,0.006349999923259,0.006800000090152,0.0057500000111758
2.33429603855309,0.0040000001899898,0.0038000000640749,0.0176500007510185,0.0176999997347593,0.00844999961555,0.0082000000402331,0.006800000090152,0.006349999923259,0.006800000090152,0.0057500000111758
2.33429603855309,0.0040000001899898,0.0038000000640749,0.0176500007510185,0.0176999997347593,0.00844999961555,0.0082000000402331,0.006800000090152,0.006349999923259,0.006800000090152,0.0057500000111758
2.33429603855309,0.0040000001899898,0.0038000000640749,0.0176500007510185,0.0176999997347593,0.00844999961555,0.0082000000402331,0.006800000090152,0.006349999923259,0.006800000090152,0.0057500000111758
2.33429603855309,0.0040000001899898,0.0038000000640749,0.0176500007510185,0.0176999997347593,0.00844999961555,0.0082000000402331,0.006800000090152,0.006349999923259,0.006800000090152,0.0057500000111758
2.33429603855309,0.0040000001899898,0.0038000000640749,0.0176500007510185,0.0176999997347593,0.00844999961555,0.0082000000402331,0.006800000090152,0.006349999923259,0.006800000090152,0.0057500000111758
2.33429603855309,0.0040000001899898,0.0038000000640749,0.0176500007510185,0.0176999997347593,0.00844999961555,0.0082000000402331,0.006800000090152,0.006349999923259,0.006800000090152,0.0057500000111758
2.33429603855309,0.0040000001899898,0.0038000000640749,0.0176500007510185,0.0176999997347593,0.00844999961555,0.0082000000402331,0.006800000090152,0.006349999923259,0.006800000090152,0.0057500000111758
2.33429603855309,0.0040000001899898,0.0038000000640749,0.0176500007510185,0.0176999997347593,0.00844999961555,0.0082000000402331,0.006800000090152,0.006349999923259,0.006800000090152,0.0057500000111758
2.33429603855309,0.0040000001899898,0.0038000000640749,0.0176500007510185,0.0176999997347593,0.00844999961555,0.0082000000402331,0.006800000090152,0.006349999923259,0.006800000090152,0.0057500000111758
2.33429603855309,0.0040000001899898,0.0038000000640749,0.0176500007510185,0.0176999997347593,0.00844999961555,0.0082000000402331,0.006800000090152,0.006349999923259,0.006800000090152,0.0057500000111758
2.33429603855309,0.0040000001899898,0.0038000000640749,0.0176500007510185,0.0176999997347593,0.00844999961555,0.0082000000402331,0.006800000090152,0.006349999923259,0.006800000090152,0.0057500000111758
2.33429603855309,0.0040000001899898,0.0038000000640749,0.0176500007510185,0.0176999997347593,0.00844999961555,0.0082000000402331,0.006800000090152,0.006349999923259,0.006800000090152,0.0057500000111758
2.33429603855309,0.0040000001899898,0.0038000000640749,0.0176500007510185,0.0176999997347593,0.00844999961555,0.0082000000402331,0.006800000090152,0.006349999923259,0.006800000090152,0.0057500000111758
2.33429603855309,0.0040000001899898,0.0038000000640749,0.0176500007510185,0.0176999997347593,0.00844999961555,0.0082000000402331,0.006800000090152,0.006349999923259,0.006800000090152,0.0057500000111758
2.33429603855309,0.0040000001899898,0.0038000000640749,0.0176500007510185,0.0176999997347593,0.00844999961555,0.0082000000402331,0.006800000090152,0.006349999923259,0.006800000090152,0.0057500000111758
2.33429603855309,0.0040000001899898,0.0038000000640749,0.0176500007510185,0.0176999997347593,0.00844999961555,0.0082000000402331,0.006800000090152,0.006349999923259,0.006800000090152,0.0057500000111758
2.33429603855309,0.0040000001899898,0.0038000000640749,0.0176500007510185,0.0176999997347593,0.00844999961555,0.0082000000402331,0.006800000090152,0.006349999923259,0.006800000090152,0.0057500000111758
2.33429603855309,0.0040000001899898,0.0038000000640749,0.0176500007510185,0.0176999997347593,0.00844999961555,0.0082000000402331,0.006800000090152,0.006349999923259,0.006800000090152,0.0057500000111758
2.33429603855309,0.0040000001899898,0.0038000000640749,0.0176500007510185,0.0176999997347593,0.00844999961555,0.0082000000402331,0.006800000090152,0.006349999923259,0.006800000090152,0.0057500000111758
2.33429603855309,0.0040000001899898,0.0038000000640749,0.0176500007510185,0.0176999997347593,0.00844999961555,0.0082000000402331,0.006800000090152,0.006349999923259,0.006800000090152,0.0057500000111758
2.33429603855309,0.0040000001899898,0.0038000000640749,0.0176500007510185,0.0176999997347593,0.00844999961555,0.0082000000402331,0.006800000090152,0.006349999923259,0.006800000090152,0.0057500000111758
2.33429603855309,0.0040000001899898,0.0038000000640749,0.0176500007510185,0.0176999997347593,0.00844999961555,0.0082000000402331,0.006800000090152,0.006349999923259,0.006800000090152,0.0057500000111758
2.33429603855309,0.0040000001899898,0.0038000000640749,0.0176500007510185,0.0176999997347593,0.00844999961555,0.0082000000402331,0.006800000090152,0.006349999923259,0.006800000090152,0.0057500000111758
2.33429603855309,0.0040000001899898,0.0038000000640749,0.0176500007510185,0.0176999997347593,0.00844999961555,0.0082000000402331,0.006800000090152,0.006349999923259,0.006800000090152,0.0057500000111758
2.33429603855309,0.0040000001899898,0.0038000000640749,0.0176500007510185,0.0176999997347593,0.00844999961555,0.0082000000402331,0.006800000090152,0.006349999923259,0.006800000090152,0.0057500000111758
2.33429603855309,0.0040000001899898,0.0038000000640749,0.0176500007510185,0.0176999997347593,0.00844999961555,0.0082000000402331,0.006800000090152,0.006349999923259,0.006800000090152,0.0057500000111758
2.33429603855309,0.0040000001899898,0.0038000000640749,0.0176500007510185,0.0176999997347593,0.00844999961555,0.0082000000402331,0.006800000090152,0.006349999923259,0.006800000090152,0.0057500000111758
2.33429603855309,0.0040000001899898,0.0038000000640749,0.0176500007510185,0.0176999997347593,0.00844999961555,0.0082000000402331,0.006800000090152,0.006349999923259,0.006800000090152,0.0057500000111758
2.33429603855309,0.0040000001899898,0.0038000000640749,0.0176500007510185,0.0176999997347593,0.00844999961555,0.0082000000402331,0.006800000090152,0.006349999923259,0.006800000090152,0.0057500000111758
2.33429603855309,0.0040000001899898,0.0038000000640749,0.0176500007510185,0.0176999997347593,0.00844999961555,0.0082000000402331,0.006800000090152,0.006349999923259,0.006800000090152,0.0057500000111758
2.33429603855309,0.0040000001899898,0.0038000000640749,0.0176500007510185,0.0176999997347593,0.00844999961555,0.0082000000402331,0.006800000090152,0.006349999923259,0.006800000090152,0.0057500000111758
2.33429603855309,0.0040000001899898,0.0038000000640749,0.0176500007510185,0.0176999997347593,0.00844999961555,0.0082000000402331,0.006800000090152,0.006349999923259,0.006800000090152,0.0057500000111758
2.33429603855309,0.0040000001899898,0.0038000000640749,0.0176500007510185,0.0176999997347593,0.00844999961555,0.0082000000402331,0.006800000090152,0.006349999923259,0.006800000090152,0.0057500000111758
2.33429603855309,0.0040000001899898,0.0038000000640749,0.0176500007510185,0.0176999997347593,0.00844999961555,0.0082000000402331,0.006800000090152,0.006349999923259,0.006800000090152,0.0057500000111758
2.33429603855309,0.0040000001899898,0.0038000000640749,0.0176500007510185,0.0176999997347593,0.00844999961555,0.0082000000402331,0.006800000090152,0.006349999923259,0.006800000090152,0.0057500000111758
2.33429603855309,0.0040000001899898,0.0038000000640749,0.0176500007510185,0.0176999997347593,0.00844999961555,0.0082000000402331,0.006800000090152,0.006349999923259,0.006800000090152,0.0057500000111758
2.33429603855309,0.0040000001899898,0.0038000000640749,0.0176500007510185,0.0176999997347593,0.00844999961555,0.0082000000402331,0.006800000090152,0.006349999923259,0.006800000090152,0.0057500000111758
2.33429603855309,0.0040000001899898,0.0038000000640749,0.0176500007510185,0.0176999997347593,0.00844999961555,0.0082000000402331,0.006800000090152,0.006349999923259,0.006800000090152,0.0057500000111758
2.33429603855309,0.0040000001899898,0.0038000000640749,0.0176500007510185,0.0176999997347593,0.00844999961555,0.0082000000402331,0.006800000090152,0.006349999923259,0.006800000090152,0.0057500000111758
2.33429603855309,0.0040000001899898,0.0038000000640749,0.0176500007510185,0.0176999997347593,0.00844999961555,0.0082000000402331,0.006800000090152,0.006349999923259,0.006800000090152,0.0057500000111758
2.33429603855309,0.0040000001899898,0.0038000000640749,0.0176500007510185,0.0176999997347593,0.00844999961555,0.0082000000402331,0.006800000090152,0.006349999923259,0.006800000090152,0.0057500000111758
2.33429603855309,0.0040000001899898,0.0038000000640749,0.0176500007510185,0.0176999997347593,0.00844999961555,0.0082000000402331,0.006800000090152,0.006349999923259,0.006800000090152,0.0057500000111758
2.33429603855309,0.0040000001899898,0.0038000000640749,0.0176500007510185,0.0176999997347593,0.00844999961555,0.0082000000402331,0.006800000090152,0.006349999923259,0.006800000090152,0.0057500000111758
2.33429603855309,0.0040000001899898,0.0038000000640749,0.0176500007510185,0.0176999997347593,0.00844999961555,0.0082000000402331,0.006800000090152,0.006349999923259,0.006800000090152,0.0057500000111758
2.33429603855309,0.0040000001899898,0.0038000000640749,0.0176500007510185,0.0176999997347593,0.00844999961555,0.0082000000402331,0.006800000090152,0.006349999923259,0.006800000090152,0.0057500000111758
2.33429603855309,0.0040000001899898,0.0038000000640749,0.0176500007510185,0.0176999997347593,0.00844999961555,0.0082000000402331,0.006800000090152,0.006349999923259,0.006800000090152,0.0057500000111758
2.33429603855309,0.0040000001899898,0.0038000000640749,0.0176500007510185,0.0176999997347593,0.00844999961555,0.0082000000402331,0.006800000090152,0.006349999923259,0.006800000090152,0.0057500000111758
2.33429603855309,0.0040000001899898,0.0038000000640749,0.0176500007510185,0.0176999997347593,0.00844999961555,0.0082000000402331,0.006800000090152,0.006349999923259,0.006800000090152,0.0057500000111758
2.33429603855309,0.0040000001899898,0.0038000000640749,0.0176500007510185,0.0176999997347593,0.00844999961555,0.0082000000402331,0.006800000090152,0.006349999923259,0.006800000090152,0.0057500000111758
2.33429603855309,0.0040000001899898,0.0038000000640749,0.0176500007510185,0.0176999997347593,0.00844999961555,0.0082000000402331,0.006800000090152,0.006349999923259,0.006800000090152,0.0057500000111758
2.33429603855309,0.0040000001899898,0.0038000000640749,0.0176500007510185,0.0176999997347593,0.00844999961555,0.0082000000402331,0.006800000090152,0.006349999923259,0.006800000090152,0.0057500000111758
2.33429603855309,0.0040000001899898,0.0038000000640749,0.0176500007510185,0.0176999997347593,0.00844999961555,0.0082000000402331,0.006800000090152,0.006349999923259,0.006800000090152,0.0057500000111758
2.33429603855309,0.0040000001899898,0.0038000000640749,0.0176500007510185,0.0176999997347593,0.00844999961555,0.0082000000402331,0.006800000090152,0.006349999923259,0.006800000090152,0.0057500000111758
2.33429603855309,0.0040000001899898,0.0038000000640749,0.0176500007510185,0.0176999997347593,0.00844999961555,0.0082000000402331,0.006800000090152,0.006349999923259,0.006800000090152,0.0057500000111758
2.33429603855309,0.0040000001899898,0.0038000000640749,0.0176500007510185,0.0176999997347593,0.00844999961555,0.0082000000402331,0.006800000090152,0.006349999923259,0.006800000090152,0.0057500000111758
2.33429603855309,0.0040000001899898,0.0038000000640749,0.0176500007510185,0.0176999997347593,0.00844999961555,0.0082000000402331,0.006800000090152,0.006349999923259,0.006800000090152,0.0057500000111758
2.33429603855309,0.0040000001899898,0.0038000000640749,0.0176500007510185,0.0176999997347593,0.00844999961555,0.0082000000402331,0.006800000090152,0.006349999923259,0.006800000090152,0.0057500000111758
2.33429603855309,0.0040000001899898,0.0038000000640749,0.0176500007510185,0.0176999997347593,0.00844999961555,0.0082000000402331,0.006800000090152,0.006349999923259,0.006800000090152,0.0057500000111758
2.33429603855309,0.0040000001899898,0.0038000000640749,0.0176500007510185,0.0176999997347593,0.00844999961555,0.0082000000402331,0.006800000090152,0.006349999923259,0.006800000090152,0.0057500000111758
2.33429603855309,0.0040000001899898,0.0038000000640749,0.0176500007510185,0.0176999997347593,0.00844999961555,0.0082000000402331,0.006800000090152,0.006349999923259,0.006800000090152,0.0057500000111758
2.33429603855309,0.0040000001899898,0.0038000000640749,0.0176500007510185,0.0176999997347593,0.00844999961555,0.0082000000402331,0.006800000090152,0.006349999923259,0.006800000090152,0.0057500000111758
2.33429603855309,0.0040000001899898,0.0038000000640749,0.0176500007510185,0.0176999997347593,0.00844999961555,0.0082000000402331,0.006800000090152,0.006349999923259,0.006800000090152,0.0057500000111758
2.33429603855309,0.0040000001899898,0.0038000000640749,0.0176500007510185,0.0176999997347593,0.00844999961555,0.0082000000402331,0.006800000090152,0.006349999923259,0.006800000090152,0.0057500000111758
2.33429603855309,0.0040000001899898,0.0038000000640749,0.0176500007510185,0.0176999997347593,0.00844999961555,0.0082000000402331,0.006800000090152,0.006349999923259,0.006800000090152,0.0057500000111758
2.33429603855309,0.0040000001899898,0.0038000000640749,0.0176500007510185,0.0176999997347593,0.00844999961555,0.0082000000402331,0.006800000090152,0.006349999923259,0.006800000090152,0.0057500000111758
2.33429603855309,0.0040000001899898,0.0038000000640749,0.0176500007510185,0.0176999997347593,0.00844999961555,0.0082000000402331,0.006800000090152,0.006349999923259,0.006800000090152,0.0057500000111758
2.33429603855309,0.0040000001899898,0.0038000000640749,0.0176500007510185,0.0176999997347593,0.00844999961555,0.0082000000402331,0.006800000090152,0.006349999923259,0.006800000090152,0.0057500000111758
2.33429603855309,0.0040000001899898,0.0038000000640749,0.0176500007510185,0.0176999997347593,0.00844999961555,0.0082000000402331,0.006800000090152,0.006349999923259,0.006800000090152,0.0057500000111758
2.33429603855309,0.0040000001899898,0.0038000000640749,0.0176500007510185,0.0176999997347593,0.00844999961555,0.0082000000402331,0.006800000090152,0.006349999923259,0.006800000090152,0.0057500000111758
2.33429603855309,0.0040000001899898,0.0038000000640749,0.0176500007510185,0.0176999997347593,0.00844999961555,0.0082000000402331,0.006800000090152,0.006349999923259,0.006800000090152,0.0057500000111758
2.33429603855309,0.0040000001899898,0.0038000000640749,0.0176500007510185,0.0176999997347593,0.00844999961555,0.0082000000402331,0.006800000090152,0.006349999923259,0.006800000090152,0.0057500000111758
2.33429603855309,0.0040000001899898,0.0038000000640749,0.0176500007510185,0.0176999997347593,0.00844999961555,0.0082000000402331,0.006800000090152,0.006349999923259,0.006800000090152,0.0057500000111758
2.33429603855309,0.0040000001899898,0.0038000000640749,0.0176500007510185,0.0176999997347593,0.00844999961555,0.0082000000402331,0.006800000090152,0.006349999923259,0.006800000090152,0.0057500000111758
2.33429603855309,0.0040000001899898,0.0038000000640749,0.0176500007510185,0.0176999997347593,0.00844999961555,0.0082000000402331,0.006800000090152,0.006349999923259,0.006800000090152,0.0057500000111758
2.33429603855309,0.0040000001899898,0.0038000000640749,0.0176500007510185,0.0176999997347593,0.00844999961555,0.0082000000402331,0.006800000090152,0.006349999923259,0.006800000090152,0.0057500000111758
2.33429603855309,0.0040000001899898,0.0038000000640749,0.0176500007510185,0.0176999997347593,0.00844999961555,0.0082000000402331,0.006800000090152,0.006349999923259,0.006800000090152,0.0057500000111758
2.33429603855309,0.0040000001899898,0.0038000000640749,0.0176500007510185,0.0176999997347593,0.00844999961555,0.0082000000402331,0.006800000090152,0.006349999923259,0.006800000090152,0.0057500000111758
2.33429603855309,0.0040000001899898,0.0038000000640749,0.0176500007510185,0.0176999997347593,0.00844999961555,0.0082000000402331,0.006800000090152,0.006349999923259,0.006800000090152,0.0057500000111758
2.33429603855309,0.0040000001899898,0.0038000000640749,0.0176500007510185,0.0176999997347593,0.00844999961555,0.0082000000402331,0.006800000090152,0.006349999923259,0.006800000090152,0.0057500000111758
2.33429603855309,0.0040000001899898,0.0038000000640749,0.0176500007510185,0.0176999997347593,0.00844999961555,0.0082000000402331,0.006800000090152,0.006349999923259,0.006800000090152,0.0057500000111758
2.33429603855309,0.0040000001899898,0.0038000000640749,0.0176500007510185,0.0176999997347593,0.00844999961555,0.0082000000402331,0.006800000090152,0.006349999923259,0.006800000090152,0.0057500000111758
2.33429603855309,0.0040000001899898,0.0038000000640749,0.0176500007510185,0.0176999997347593,0.00844999961555,0.0082000000402331,0.006800000090152,0.006349999923259,0.006800000090152,0.0057500000111758
2.33429603855309,0.0040000001899898,0.0038000000640749,0.0176500007510185,0.0176999997347593,0.00844999961555,0.0082000000402331,0.006800000090152,0.006349999923259,0.006800000090152,0.0057500000111758
2.33429603855309,0.0040000001899898,0.0038000000640749,0.0176500007510185,0.0176999997347593,0.00844999961555,0.0082000000402331,0.006800000090152,0.006349999923259,0.006800000090152,0.0057500000111758
2.33429603855309,0.0040000001899898,0.0038000000640749,0.0176500007510185,0.0176999997347593,0.00844999961555,0.0082000000402331,0.006800000090152,0.006349999923259,0.006800000090152,0.0057500000111758
2.33429603855309,0.0040000001899898,0.0038000000640749,0.0176500007510185,0.0176999997347593,0.00844999961555,0.0082000000402331,0.006800000090152,0.006349999923259,0.006800000090152,0.0057500000111758
2.33429603855309,0.0040000001899898,0.0038000000640749,0.0176500007510185,0.0176999997347593,0.00844999961555,0.0082000000402331,0.006800000090152,0.006349999923259,0.006800000090152,0.0057500000111758
2.33429603855309,0.0040000001899898,0.0038000000640749,0.0176500007510185,0.0176999997347593,0.00844999961555,0.0082000000402331,0.006800000090152,0.006349999923259,0.006800000090152,0.0057500000111758
2.33429603855309,0.0040000001899898,0.0038000000640749,0.0176500007510185,0.0176999997347593,0.00844999961555,0.0082000000402331,0.006800000090152,0.006349999923259,0.006800000090152,0.0057500000111758
2.33429603855309,0.0040000001899898,0.0038000000640749,0.0176500007510185,0.0176999997347593,0.00844999961555,0.0082000000402331,0.006800000090152,0.006349999923259,0.006800000090152,0.0057500000111758
2.33429603855309,0.0040000001899898,0.0038000000640749,0.0176500007510185,0.0176999997347593,0.00844999961555,0.0082000000402331,0.006800000090152,0.006349999923259,0.006800000090152,0.0057500000111758
2.33429603855309,0.0040000001899898,0.0038000000640749,0.0176500007510185,0.0176999997347593,0.00844999961555,0.0082000000402331,0.006800000090152,0.006349999923259,0.006800000090152,0.0057500000111758
2.33429603855309,0.0040000001899898,0.0038000000640749,0.0176500007510185,0.0176999997347593,0.00844999961555,0.0082000000402331,0.006800000090152,0.006349999923259,0.006800000090152,0.0057500000111758
2.33429603855309,0.0040000001899898,0.0038000000640749,0.0176500007510185,0.0176999997347593,0.00844999961555,0.0082000000402331,0.006800000090152,0.006349999923259,0.006800000090152,0.0057500000111758
2.33429603855309,0.0040000001899898,0.0038000000640749,0.0176500007510185,0.0176999997347593,0.00844999961555,0.0082000000402331,0.006800000090152,0.006349999923259,0.006800000090152,0.0057500000111758
2.33429603855309,0.0040000001899898,0.0038000000640749,0.0176500007510185,0.0176999997347593,0.00844999961555,0.0082000000402331,0.006800000090152,0.006349999923259,0.006800000090152,0.0057500000111758
2.33429603855309,0.0040000001899898,0.0038000000640749,0.0176500007510185,0.0176999997347593,0.00844999961555,0.0082000000402331,0.006800000090152,0.006349999923259,0.006800000090152,0.0057500000111758
2.33429603855309,0.0040000001899898,0.0038000000640749,0.0176500007510185,0.0176999997347593,0.00844999961555,0.0082000000402331,0.006800000090152,0.006349999923259,0.006800000090152,0.0057500000111758
2.33429603855309,0.0040000001899898,0.0038000000640749,0.0176500007510185,0.0176999997347593,0.00844999961555,0.0082000000402331,0.006800000090152,0.006349999923259,0.006800000090152,0.0057500000111758
2.33429603855309,0.0040000001899898,0.0038000000640749,0.0176500007510185,0.0176999997347593,0.00844999961555,0.0082000000402331,0.006800000090152,0.006349999923259,0.006800000090152,0.0057500000111758
2.33429603855309,0.0040000001899898,0.0038000000640749,0.0176500007510185,0.0176999997347593,0.00844999961555,0.0082000000402331,0.006800000090152,0.006349999923259,0.006800000090152,0.0057500000111758
2.33429603855309,0.0040000001899898,0.0038000000640749,0.0176500007510185,0.0176999997347593,0.00844999961555,0.0082000000402331,0.006800000090152,0.006349999923259,0.006800000090152,0.0057500000111758
2.33429603855309,0.0040000001899898,0.0038000000640749,0.0176500007510185,0.0176999997347593,0.00844999961555,0.0082000000402331,0.006800000090152,0.006349999923259,0.006800000090152,0.0057500000111758
2.33429603855309,0.0040000001899898,0.0038000000640749,0.0176500007510185,0.0176999997347593,0.00844999961555,0.0082000000402331,0.006800000090152,0.006349999923259,0.006800000090152,0.0057500000111758
2.33429603855309,0.0040000001899898,0.0038000000640749,0.0176500007510185,0.0176999997347593,0.00844999961555,0.0082000000402331,0.006800000090152,0.006349999923259,0.006800000090152,0.0057500000111758
2.33429603855309,0.0040000001899898,0.0038000000640749,0.0176500007510185,0.0176999997347593,0.00844999961555,0.0082000000402331,0.006800000090152,0.006349999923259,0.006800000090152,0.0057500000111758
2.33429603855309,0.0040000001899898,0.0038000000640749,0.0176500007510185,0.0176999997347593,0.00844999961555,0.0082000000402331,0.006800000090152,0.006349999923259,0.006800000090152,0.0057500000111758
2.33429603855309,0.0040000001899898,0.0038000000640749,0.0176500007510185,0.0176999997347593,0.00844999961555,0.0082000000402331,0.006800000090152,0.006349999923259,0.006800000090152,0.0057500000111758
2.33429603855309,0.0040000001899898,0.0038000000640749,0.0176500007510185,0.0176999997347593,0.00844999961555,0.0082000000402331,0.006800000090152,0.006349999923259,0.006800000090152,0.0057500000111758
2.33429603855309,0.0040000001899898,0.0038000000640749,0.0176500007510185,0.0176999997347593,0.00844999961555,0.0082000000402331,0.006800000090152,0.006349999923259,0.006800000090152,0.0057500000111758
2.33429603855309,0.0040000001899898,0.0038000000640749,0.0176500007510185,0.0176999997347593,0.00844999961555,0.0082000000402331,0.006800000090152,0.006349999923259,0.006800000090152,0.0057500000111758
2.33429603855309,0.0040000001899898,0.0038000000640749,0.0176500007510185,0.0176999997347593,0.00844999961555,0.0082000000402331,0.006800000090152,0.006349999923259,0.006800000090152,0.0057500000111758
2.33429603855309,0.0040000001899898,0.0038000000640749,0.0176500007510185,0.0176999997347593,0.00844999961555,0.0082000000402331,0.006800000090152,0.006349999923259,0.006800000090152,0.0057500000111758
2.33429603855309,0.0040000001899898,0.0038000000640749,0.0176500007510185,0.0176999997347593,0.00844999961555,0.0082000000402331,0.006800000090152,0.006349999923259,0.006800000090152,0.0057500000111758
2.33429603855309,0.0040000001899898,0.0038000000640749,0.0176500007510185,0.0176999997347593,0.00844999961555,0.0082000000402331,0.006800000090152,0.006349999923259,0.006800000090152,0.0057500000111758
2.33429603855309,0.0040000001899898,0.0038000000640749,0.0176500007510185,0.0176999997347593,0.00844999961555,0.0082000000402331,0.006800000090152,0.006349999923259,0.006800000090152,0.0057500000111758
2.33429603855309,0.0040000001899898,0.0038000000640749,0.0176500007510185,0.0176999997347593,0.00844999961555,0.0082000000402331,0.006800000090152,0.006349999923259,0.006800000090152,0.0057500000111758
2.33429603855309,0.0040000001899898,0.0038000000640749,0.0176500007510185,0.0176999997347593,0.00844999961555,0.0082000000402331,0.006800000090152,0.006349999923259,0.006800000090152,0.0057500000111758
2.33429603855309,0.0040000001899898,0.0038000000640749,0.0176500007510185,0.0176999997347593,0.00844999961555,0.0082000000402331,0.006800000090152,0.006349999923259,0.006800000090152,0.0057500000111758
2.33429603855309,0.0040000001899898,0.0038000000640749,0.0176500007510185,0.0176999997347593,0.00844999961555,0.0082000000402331,0.006800000090152,0.006349999923259,0.006800000090152,0.0057500000111758
2.33429603855309,0.0040000001899898,0.0038000000640749,0.0176500007510185,0.0176999997347593,0.00844999961555,0.0082000000402331,0.006800000090152,0.006349999923259,0.006800000090152,0.0057500000111758
2.33429603855309,0.0040000001899898,0.0038000000640749,0.0176500007510185,0.0176999997347593,0.00844999961555,0.0082000000402331,0.006800000090152,0.006349999923259,0.006800000090152,0.0057500000111758
2.33429603855309,0.0040000001899898,0.0038000000640749,0.0176500007510185,0.0176999997347593,0.00844999961555,0.0082000000402331,0.006800000090152,0.006349999923259,0.006800000090152,0.0057500000111758
2.33429603855309,0.0040000001899898,0.0038000000640749,0.0176500007510185,0.0176999997347593,0.00844999961555,0.0082000000402331,0.006800000090152,0.006349999923259,0.006800000090152,0.0057500000111758
2.33429603855309,0.0040000001899898,0.0038000000640749,0.0176500007510185,0.0176999997347593,0.00844999961555,0.0082000000402331,0.006800000090152,0.006349999923259,0.006800000090152,0.0057500000111758
2.33429603855309,0.0040000001899898,0.0038000000640749,0.0176500007510185,0.0176999997347593,0.00844999961555,0.0082000000402331,0.006800000090152,0.006349999923259,0.006800000090152,0.0057500000111758
2.33429603855309,0.0040000001899898,0.0038000000640749,0.0176500007510185,0.0176999997347593,0.00844999961555,0.0082000000402331,0.006800000090152,0.006349999923259,0.006800000090152,0.0057500000111758
2.33429603855309,0.0040000001899898,0.0038000000640749,0.0176500007510185,0.0176999997347593,0.00844999961555,0.0082000000402331,0.006800000090152,0.006349999923259,0.006800000090152,0.0057500000111758
2.33429603855309,0.0040000001899898,0.0038000000640749,0.0176500007510185,0.0176999997347593,0.00844999961555,0.0082000000402331,0.006800000090152,0.006349999923259,0.006800000090152,0.0057500000111758
2.33429603855309,0.0040000001899898,0.0038000000640749,0.0176500007510185,0.0176999997347593,0.00844999961555,0.0082000000402331,0.006800000090152,0.006349999923259,0.006800000090152,0.0057500000111758
2.33429603855309,0.0040000001899898,0.0038000000640749,0.0176500007510185,0.0176999997347593,0.00844999961555,0.0082000000402331,0.006800000090152,0.006349999923259,0.006800000090152,0.0057500000111758
2.33429603855309,0.0040000001899898,0.0038000000640749,0.0176500007510185,0.0176999997347593,0.00844999961555,0.0082000000402331,0.006800000090152,0.006349999923259,0.006800000090152,0.0057500000111758
2.33429603855309,0.0040000001899898,0.0038000000640749,0.0176500007510185,0.0176999997347593,0.00844999961555,0.0082000000402331,0.006800000090152,0.006349999923259,0.006800000090152,0.0057500000111758
2.33429603855309,0.0040000001899898,0.0038000000640749,0.0176500007510185,0.0176999997347593,0.00844999961555,0.0082000000402331,0.006800000090152,0.006349999923259,0.006800000090152,0.0057500000111758
2.33429603855309,0.0040000001899898,0.0038000000640749,0.0176500007510185,0.0176999997347593,0.00844999961555,0.0082000000402331,0.006800000090152,0.006349999923259,0.006800000090152,0.0057500000111758
2.33429603855309,0.0040000001899898,0.0038000000640749,0.0176500007510185,0.0176999997347593,0.00844999961555,0.0082000000402331,0.006800000090152,0.006349999923259,0.006800000090152,0.0057500000111758
2.33429603855309,0.0040000001899898,0.0038000000640749,0.0176500007510185,0.0176999997347593,0.00844999961555,0.0082000000402331,0.006800000090152,0.006349999923259,0.006800000090152,0.0057500000111758
2.37739540712639,0.0040000001899898,0.0038000000640749,0.0176500007510185,0.0176999997347593,0.00844999961555,0.0082000000402331,0.006800000090152,0.006349999923259,0.006800000090152,0.0057500000111758
2.37739540712639,0.0040000001899898,0.0038000000640749,0.0176500007510185,0.0176999997347593,0.00844999961555,0.0082000000402331,0.006800000090152,0.006349999923259,0.006800000090152,0.0057500000111758
2.37739540712639,0.0040000001899898,0.0038000000640749,0.0176500007510185,0.0176999997347593,0.00844999961555,0.0082000000402331,0.006800000090152,0.006349999923259,0.006800000090152,0.0057500000111758
2.37739540712639,0.0040000001899898,0.0038000000640749,0.0176500007510185,0.0176999997347593,0.00844999961555,0.0082000000402331,0.006800000090152,0.006349999923259,0.006800000090152,0.0057500000111758
2.37739540712639,0.0040000001899898,0.0038000000640749,0.0176500007510185,0.0176999997347593,0.00844999961555,0.0082000000402331,0.006800000090152,0.006349999923259,0.006800000090152,0.0057500000111758
2.37739540712639,0.0040000001899898,0.0038000000640749,0.0176500007510185,0.0176999997347593,0.00844999961555,0.0082000000402331,0.006800000090152,0.006349999923259,0.006800000090152,0.0057500000111758
2.37739540712639,0.0040000001899898,0.0038000000640749,0.0176500007510185,0.0176999997347593,0.00844999961555,0.0082000000402331,0.006800000090152,0.006349999923259,0.006800000090152,0.0057500000111758
2.37739540712639,0.0040000001899898,0.0038000000640749,0.0176500007510185,0.0176999997347593,0.00844999961555,0.0082000000402331,0.006800000090152,0.006349999923259,0.006800000090152,0.0057500000111758
2.37739540712639,0.0040000001899898,0.0038000000640749,0.0176500007510185,0.0176999997347593,0.00844999961555,0.0082000000402331,0.006800000090152,0.006349999923259,0.006800000090152,0.0057500000111758
2.37739540712639,0.0040000001899898,0.0038000000640749,0.0176500007510185,0.0176999997347593,0.00844999961555,0.0082000000402331,0.006800000090152,0.006349999923259,0.006800000090152,0.0057500000111758
2.37739540712639,0.0040000001899898,0.0038000000640749,0.0176500007510185,0.0176999997347593,0.00844999961555,0.0082000000402331,0.006800000090152,0.006349999923259,0.006800000090152,0.0057500000111758
2.37739540712639,0.0040000001899898,0.0038000000640749,0.0176500007510185,0.0176999997347593,0.00844999961555,0.0082000000402331,0.006800000090152,0.006349999923259,0.006800000090152,0.0057500000111758
2.37739540712639,0.0040000001899898,0.0038000000640749,0.0176500007510185,0.0176999997347593,0.00844999961555,0.0082000000402331,0.006800000090152,0.006349999923259,0.006800000090152,0.0057500000111758
2.37739540712639,0.0040000001899898,0.0038000000640749,0.0176500007510185,0.0176999997347593,0.00844999961555,0.0082000000402331,0.006800000090152,0.006349999923259,0.006800000090152,0.0057500000111758
2.37739540712639,0.0040000001899898,0.0038000000640749,0.0176500007510185,0.0176999997347593,0.00844999961555,0.0082000000402331,0.006800000090152,0.006349999923259,0.006800000090152,0.0057500000111758
2.37739540712639,0.0040000001899898,0.0038000000640749,0.0176500007510185,0.0176999997347593,0.00844999961555,0.0082000000402331,0.006800000090152,0.006349999923259,0.006800000090152,0.0057500000111758
2.37739540712639,0.0040000001899898,0.0038000000640749,0.0176500007510185,0.0176999997347593,0.00844999961555,0.0082000000402331,0.006800000090152,0.006349999923259,0.006800000090152,0.0057500000111758
2.37739540712639,0.0040000001899898,0.0038000000640749,0.0176500007510185,0.0176999997347593,0.00844999961555,0.0082000000402331,0.006800000090152,0.006349999923259,0.006800000090152,0.0057500000111758
2.37739540712639,0.0040000001899898,0.0038000000640749,0.0176500007510185,0.0176999997347593,0.00844999961555,0.0082000000402331,0.006800000090152,0.006349999923259,0.006800000090152,0.0057500000111758
2.37739540712639,0.0040000001899898,0.0038000000640749,0.0176500007510185,0.0176999997347593,0.00844999961555,0.0082000000402331,0.006800000090152,0.006349999923259,0.006800000090152,0.0057500000111758
2.37739540712639,0.0040000001899898,0.0038000000640749,0.0176500007510185,0.0176999997347593,0.00844999961555,0.0082000000402331,0.006800000090152,0.006349999923259,0.006800000090152,0.0057500000111758
2.37739540712639,0.0040000001899898,0.0038000000640749,0.0176500007510185,0.0176999997347593,0.00844999961555,0.0082000000402331,0.006800000090152,0.006349999923259,0.006800000090152,0.0057500000111758
2.37739540712639,0.0040000001899898,0.0038000000640749,0.0176500007510185,0.0176999997347593,0.00844999961555,0.0082000000402331,0.006800000090152,0.006349999923259,0.006800000090152,0.0057500000111758
2.37739540712639,0.0040000001899898,0.0038000000640749,0.0176500007510185,0.0176999997347593,0.00844999961555,0.0082000000402331,0.006800000090152,0.006349999923259,0.006800000090152,0.0057500000111758
2.37739540712639,0.0040000001899898,0.0038000000640749,0.0176500007510185,0.0176999997347593,0.00844999961555,0.0082000000402331,0.006800000090152,0.006349999923259,0.006800000090152,0.0057500000111758
2.37739540712639,0.0040000001899898,0.0038000000640749,0.0176500007510185,0.0176999997347593,0.00844999961555,0.0082000000402331,0.006800000090152,0.006349999923259,0.006800000090152,0.0057500000111758
2.37739540712639,0.0040000001899898,0.0038000000640749,0.0176500007510185,0.0176999997347593,0.00844999961555,0.0082000000402331,0.006800000090152,0.006349999923259,0.006800000090152,0.0057500000111758
2.37739540712639,0.0040000001899898,0.0038000000640749,0.0176500007510185,0.0176999997347593,0.00844999961555,0.0082000000402331,0.006800000090152,0.006349999923259,0.006800000090152,0.0057500000111758
2.37739540712639,0.0040000001899898,0.0038000000640749,0.0176500007510185,0.0176999997347593,0.00844999961555,0.0082000000402331,0.006800000090152,0.006349999923259,0.006800000090152,0.0057500000111758
2.37739540712639,0.0040000001899898,0.0038000000640749,0.0176500007510185,0.0176999997347593,0.00844999961555,0.0082000000402331,0.006800000090152,0.006349999923259,0.006800000090152,0.0057500000111758
2.37739540712639,0.0040000001899898,0.0038000000640749,0.0176500007510185,0.0176999997347593,0.00844999961555,0.0082000000402331,0.006800000090152,0.006349999923259,0.006800000090152,0.0057500000111758
2.37739540712639,0.0040000001899898,0.0038000000640749,0.0176500007510185,0.0176999997347593,0.00844999961555,0.0082000000402331,0.006800000090152,0.006349999923259,0.006800000090152,0.0057500000111758
2.37739540712639,0.0040000001899898,0.0038000000640749,0.0176500007510185,0.0176999997347593,0.00844999961555,0.0082000000402331,0.006800000090152,0.006349999923259,0.006800000090152,0.0057500000111758
2.37739540712639,0.0040000001899898,0.0038000000640749,0.0176500007510185,0.0176999997347593,0.00844999961555,0.0082000000402331,0.006800000090152,0.006349999923259,0.006800000090152,0.0057500000111758
2.37739540712639,0.0040000001899898,0.0038000000640749,0.0176500007510185,0.0176999997347593,0.00844999961555,0.0082000000402331,0.006800000090152,0.006349999923259,0.006800000090152,0.0057500000111758
2.37739540712639,0.0040000001899898,0.0038000000640749,0.0176500007510185,0.0176999997347593,0.00844999961555,0.0082000000402331,0.006800000090152,0.006349999923259,0.006800000090152,0.0057500000111758
2.37739540712639,0.0040000001899898,0.0038000000640749,0.0176500007510185,0.0176999997347593,0.00844999961555,0.0082000000402331,0.006800000090152,0.006349999923259,0.006800000090152,0.0057500000111758
2.37739540712639,0.0040000001899898,0.0038000000640749,0.0176500007510185,0.0176999997347593,0.00844999961555,0.0082000000402331,0.006800000090152,0.006349999923259,0.006800000090152,0.0057500000111758
2.37739540712639,0.0040000001899898,0.0038000000640749,0.0176500007510185,0.0176999997347593,0.00844999961555,0.0082000000402331,0.006800000090152,0.006349999923259,0.006800000090152,0.0057500000111758
2.37739540712639,0.0040000001899898,0.0038000000640749,0.0176500007510185,0.0176999997347593,0.00844999961555,0.0082000000402331,0.006800000090152,0.006349999923259,0.006800000090152,0.0057500000111758
2.37739540712639,0.0040000001899898,0.0038000000640749,0.0176500007510185,0.0176999997347593,0.00844999961555,0.0082000000402331,0.006800000090152,0.006349999923259,0.006800000090152,0.0057500000111758
2.37739540712639,0.0040000001899898,0.0038000000640749,0.0176500007510185,0.0176999997347593,0.00844999961555,0.0082000000402331,0.006800000090152,0.006349999923259,0.006800000090152,0.0057500000111758
2.37739540712639,0.0040000001899898,0.0038000000640749,0.0176500007510185,0.0176999997347593,0.00844999961555,0.0082000000402331,0.006800000090152,0.006349999923259,0.006800000090152,0.0057500000111758
2.37739540712639,0.0040000001899898,0.0038000000640749,0.0176500007510185,0.0176999997347593,0.00844999961555,0.0082000000402331,0.006800000090152,0.006349999923259,0.006800000090152,0.0057500000111758
2.37739540712639,0.0040000001899898,0.0038000000640749,0.0176500007510185,0.0176999997347593,0.00844999961555,0.0082000000402331,0.006800000090152,0.006349999923259,0.006800000090152,0.0057500000111758
2.37739540712639,0.0040000001899898,0.0038000000640749,0.0176500007510185,0.0176999997347593,0.00844999961555,0.0082000000402331,0.006800000090152,0.006349999923259,0.006800000090152,0.0057500000111758
2.37739540712639,0.0040000001899898,0.0038000000640749,0.0176500007510185,0.0176999997347593,0.00844999961555,0.0082000000402331,0.006800000090152,0.006349999923259,0.006800000090152,0.0057500000111758
2.37739540712639,0.0040000001899898,0.0038000000640749,0.0176500007510185,0.0176999997347593,0.00844999961555,0.0082000000402331,0.006800000090152,0.006349999923259,0.006800000090152,0.0057500000111758
2.37739540712639,0.0040000001899898,0.0038000000640749,0.0176500007510185,0.0176999997347593,0.00844999961555,0.0082000000402331,0.006800000090152,0.006349999923259,0.006800000090152,0.0057500000111758
2.37739540712639,0.0040000001899898,0.0038000000640749,0.0176500007510185,0.0176999997347593,0.00844999961555,0.0082000000402331,0.006800000090152,0.006349999923259,0.006800000090152,0.0057500000111758
2.37739540712639,0.0040000001899898,0.0038000000640749,0.0176500007510185,0.0176999997347593,0.00844999961555,0.0082000000402331,0.006800000090152,0.006349999923259,0.006800000090152,0.0057500000111758
2.37739540712639,0.0040000001899898,0.0038000000640749,0.0176500007510185,0.0176999997347593,0.00844999961555,0.0082000000402331,0.006800000090152,0.006349999923259,0.006800000090152,0.0057500000111758
2.37739540712639,0.0040000001899898,0.0038000000640749,0.0176500007510185,0.0176999997347593,0.00844999961555,0.0082000000402331,0.006800000090152,0.006349999923259,0.006800000090152,0.0057500000111758
2.37739540712639,0.0040000001899898,0.0038000000640749,0.0176500007510185,0.0176999997347593,0.00844999961555,0.0082000000402331,0.006800000090152,0.006349999923259,0.006800000090152,0.0057500000111758
2.37739540712639,0.0040000001899898,0.0038000000640749,0.0176500007510185,0.0176999997347593,0.00844999961555,0.0082000000402331,0.006800000090152,0.006349999923259,0.006800000090152,0.0057500000111758
2.37739540712639,0.0040000001899898,0.0038000000640749,0.0176500007510185,0.0176999997347593,0.00844999961555,0.0082000000402331,0.006800000090152,0.006349999923259,0.006800000090152,0.0057500000111758
2.37739540712639,0.0040000001899898,0.0038000000640749,0.0176500007510185,0.0176999997347593,0.00844999961555,0.0082000000402331,0.006800000090152,0.006349999923259,0.006800000090152,0.0057500000111758
2.37739540712639,0.0040000001899898,0.0038000000640749,0.0176500007510185,0.0176999997347593,0.00844999961555,0.0082000000402331,0.006800000090152,0.006349999923259,0.006800000090152,0.0057500000111758
2.37739540712639,0.0040000001899898,0.0038000000640749,0.0176500007510185,0.0176999997347593,0.00844999961555,0.0082000000402331,0.006800000090152,0.006349999923259,0.006800000090152,0.0057500000111758
2.37739540712639,0.0040000001899898,0.0038000000640749,0.0176500007510185,0.0176999997347593,0.00844999961555,0.0082000000402331,0.006800000090152,0.006349999923259,0.006800000090152,0.0057500000111758
2.37739540712639,0.0040000001899898,0.0038000000640749,0.0176500007510185,0.0176999997347593,0.00844999961555,0.0082000000402331,0.006800000090152,0.006349999923259,0.006800000090152,0.0057500000111758
2.37739540712639,0.0040000001899898,0.0038000000640749,0.0176500007510185,0.0176999997347593,0.00844999961555,0.0082000000402331,0.006800000090152,0.006349999923259,0.006800000090152,0.0057500000111758
2.37739540712639,0.0040000001899898,0.0038000000640749,0.0176500007510185,0.0176999997347593,0.00844999961555,0.0082000000402331,0.006800000090152,0.006349999923259,0.006800000090152,0.0057500000111758
2.37739540712639,0.0040000001899898,0.0038000000640749,0.0176500007510185,0.0176999997347593,0.00844999961555,0.0082000000402331,0.006800000090152,0.006349999923259,0.006800000090152,0.0057500000111758
2.37739540712639,0.0040000001899898,0.0038000000640749,0.0176500007510185,0.0176999997347593,0.00844999961555,0.0082000000402331,0.006800000090152,0.006349999923259,0.006800000090152,0.0057500000111758
2.37739540712639,0.0040000001899898,0.0038000000640749,0.0176500007510185,0.0176999997347593,0.00844999961555,0.0082000000402331,0.006800000090152,0.006349999923259,0.006800000090152,0.0057500000111758
2.37739540712639,0.0040000001899898,0.0038000000640749,0.0176500007510185,0.0176999997347593,0.00844999961555,0.0082000000402331,0.006800000090152,0.006349999923259,0.006800000090152,0.0057500000111758
2.37739540712639,0.0040000001899898,0.0038000000640749,0.0176500007510185,0.0176999997347593,0.00844999961555,0.0082000000402331,0.006800000090152,0.006349999923259,0.006800000090152,0.0057500000111758
2.37739540712639,0.0040000001899898,0.0038000000640749,0.0176500007510185,0.0176999997347593,0.00844999961555,0.0082000000402331,0.006800000090152,0.006349999923259,0.006800000090152,0.0057500000111758
2.37739540712639,0.0040000001899898,0.0038000000640749,0.0176500007510185,0.0176999997347593,0.00844999961555,0.0082000000402331,0.006800000090152,0.006349999923259,0.006800000090152,0.0057500000111758
2.37739540712639,0.0040000001899898,0.0038000000640749,0.0176500007510185,0.0176999997347593,0.00844999961555,0.0082000000402331,0.006800000090152,0.006349999923259,0.006800000090152,0.0057500000111758
2.37739540712639,0.0040000001899898,0.0038000000640749,0.0176500007510185,0.0176999997347593,0.00844999961555,0.0082000000402331,0.006800000090152,0.006349999923259,0.006800000090152,0.0057500000111758
2.37739540712639,0.0040000001899898,0.0038000000640749,0.0176500007510185,0.0176999997347593,0.00844999961555,0.0082000000402331,0.006800000090152,0.006349999923259,0.006800000090152,0.0057500000111758
2.37739540712639,0.0040000001899898,0.0038000000640749,0.0176500007510185,0.0176999997347593,0.00844999961555,0.0082000000402331,0.006800000090152,0.006349999923259,0.006800000090152,0.0057500000111758
2.37739540712639,0.0040000001899898,0.0038000000640749,0.0176500007510185,0.0176999997347593,0.00844999961555,0.0082000000402331,0.006800000090152,0.006349999923259,0.006800000090152,0.0057500000111758
2.37739540712639,0.0040000001899898,0.0038000000640749,0.0176500007510185,0.0176999997347593,0.00844999961555,0.0082000000402331,0.006800000090152,0.006349999923259,0.006800000090152,0.0057500000111758
2.37739540712639,0.0040000001899898,0.0038000000640749,0.0176500007510185,0.0176999997347593,0.00844999961555,0.0082000000402331,0.006800000090152,0.006349999923259,0.006800000090152,0.0057500000111758
2.37739540712639,0.0040000001899898,0.0038000000640749,0.0176500007510185,0.0176999997347593,0.00844999961555,0.0082000000402331,0.006800000090152,0.006349999923259,0.006800000090152,0.0057500000111758
2.37739540712639,0.0040000001899898,0.0038000000640749,0.0176500007510185,0.0176999997347593,0.00844999961555,0.0082000000402331,0.006800000090152,0.006349999923259,0.006800000090152,0.0057500000111758
2.37739540712639,0.0040000001899898,0.0038000000640749,0.0176500007510185,0.0176999997347593,0.00844999961555,0.0082000000402331,0.006800000090152,0.006349999923259,0.006800000090152,0.0057500000111758
2.37739540712639,0.0040000001899898,0.0038000000640749,0.0176500007510185,0.0176999997347593,0.00844999961555,0.0082000000402331,0.006800000090152,0.006349999923259,0.006800000090152,0.0057500000111758
2.37739540712639,0.0040000001899898,0.0038000000640749,0.0176500007510185,0.0176999997347593,0.00844999961555,0.0082000000402331,0.006800000090152,0.006349999923259,0.006800000090152,0.0057500000111758
2.37739540712639,0.0040000001899898,0.0038000000640749,0.0176500007510185,0.0176999997347593,0.00844999961555,0.0082000000402331,0.006800000090152,0.006349999923259,0.006800000090152,0.0057500000111758
2.37739540712639,0.0040000001899898,0.0038000000640749,0.0176500007510185,0.0176999997347593,0.00844999961555,0.0082000000402331,0.006800000090152,0.006349999923259,0.006800000090152,0.0057500000111758
2.37739540712639,0.0040000001899898,0.0038000000640749,0.0176500007510185,0.0176999997347593,0.00844999961555,0.0082000000402331,0.006800000090152,0.006349999923259,0.006800000090152,0.0057500000111758
2.37739540712639,0.0040000001899898,0.0038000000640749,0.0176500007510185,0.0176999997347593,0.00844999961555,0.0082000000402331,0.006800000090152,0.006349999923259,0.006800000090152,0.0057500000111758
2.37739540712639,0.0040000001899898,0.0038000000640749,0.0176500007510185,0.0176999997347593,0.00844999961555,0.0082000000402331,0.006800000090152,0.006349999923259,0.006800000090152,0.0057500000111758
2.37739540712639,0.0040000001899898,0.0038000000640749,0.0176500007510185,0.0176999997347593,0.00844999961555,0.0082000000402331,0.006800000090152,0.006349999923259,0.006800000090152,0.0057500000111758
2.37739540712639,0.0040000001899898,0.0038000000640749,0.0176500007510185,0.0176999997347593,0.00844999961555,0.0082000000402331,0.006800000090152,0.006349999923259,0.006800000090152,0.0057500000111758
2.37739540712639,0.0040000001899898,0.0038000000640749,0.0176500007510185,0.0176999997347593,0.00844999961555,0.0082000000402331,0.006800000090152,0.006349999923259,0.006800000090152,0.0057500000111758
2.37739540712639,0.0040000001899898,0.0038000000640749,0.0176500007510185,0.0176999997347593,0.00844999961555,0.0082000000402331,0.006800000090152,0.006349999923259,0.006800000090152,0.0057500000111758
2.37739540712639,0.0040000001899898,0.0038000000640749,0.0176500007510185,0.0176999997347593,0.00844999961555,0.0082000000402331,0.006800000090152,0.006349999923259,0.006800000090152,0.0057500000111758
2.37739540712639,0.0040000001899898,0.0038000000640749,0.0176500007510185,0.0176999997347593,0.00844999961555,0.0082000000402331,0.006800000090152,0.006349999923259,0.006800000090152,0.0057500000111758
2.37739540712639,0.0040000001899898,0.0038000000640749,0.0176500007510185,0.0176999997347593,0.00844999961555,0.0082000000402331,0.006800000090152,0.006349999923259,0.006800000090152,0.0057500000111758
2.37739540712639,0.0040000001899898,0.0038000000640749,0.0176500007510185,0.0176999997347593,0.00844999961555,0.0082000000402331,0.006800000090152,0.006349999923259,0.006800000090152,0.0057500000111758
2.37739540712639,0.0040000001899898,0.0038000000640749,0.0176500007510185,0.0176999997347593,0.00844999961555,0.0082000000402331,0.006800000090152,0.006349999923259,0.006800000090152,0.0057500000111758
2.37739540712639,0.0040000001899898,0.0038000000640749,0.0176500007510185,0.0176999997347593,0.00844999961555,0.0082000000402331,0.006800000090152,0.006349999923259,0.006800000090152,0.0057500000111758
2.37739540712639,0.0040000001899898,0.0038000000640749,0.0176500007510185,0.0176999997347593,0.00844999961555,0.0082000000402331,0.006800000090152,0.006349999923259,0.006800000090152,0.0057500000111758
2.37739540712639,0.0040000001899898,0.0038000000640749,0.0176500007510185,0.0176999997347593,0.00844999961555,0.0082000000402331,0.006800000090152,0.006349999923259,0.006800000090152,0.0057500000111758
2.37739540712639,0.0040000001899898,0.0038000000640749,0.0176500007510185,0.0176999997347593,0.00844999961555,0.0082000000402331,0.006800000090152,0.006349999923259,0.006800000090152,0.0057500000111758
2.37739540712639,0.0040000001899898,0.0038000000640749,0.0176500007510185,0.0176999997347593,0.00844999961555,0.0082000000402331,0.006800000090152,0.006349999923259,0.006800000090152,0.0057500000111758
2.37739540712639,0.0040000001899898,0.0038000000640749,0.0176500007510185,0.0176999997347593,0.00844999961555,0.0082000000402331,0.006800000090152,0.006349999923259,0.006800000090152,0.0057500000111758
2.37739540712639,0.0040000001899898,0.0038000000640749,0.0176500007510185,0.0176999997347593,0.00844999961555,0.0082000000402331,0.006800000090152,0.006349999923259,0.006800000090152,0.0057500000111758
2.37739540712639,0.0040000001899898,0.0038000000640749,0.0176500007510185,0.0176999997347593,0.00844999961555,0.0082000000402331,0.006800000090152,0.006349999923259,0.006800000090152,0.0057500000111758
2.37739540712639,0.0040000001899898,0.0038000000640749,0.0176500007510185,0.0176999997347593,0.00844999961555,0.0082000000402331,0.006800000090152,0.006349999923259,0.006800000090152,0.0057500000111758
2.37739540712639,0.0040000001899898,0.0038000000640749,0.0176500007510185,0.0176999997347593,0.00844999961555,0.0082000000402331,0.006800000090152,0.006349999923259,0.006800000090152,0.0057500000111758
2.37739540712639,0.0040000001899898,0.0038000000640749,0.0176500007510185,0.0176999997347593,0.00844999961555,0.0082000000402331,0.006800000090152,0.006349999923259,0.006800000090152,0.0057500000111758
2.37739540712639,0.0040000001899898,0.0038000000640749,0.0176500007510185,0.0176999997347593,0.00844999961555,0.0082000000402331,0.006800000090152,0.006349999923259,0.006800000090152,0.0057500000111758
2.37739540712639,0.0040000001899898,0.0038000000640749,0.0176500007510185,0.0176999997347593,0.00844999961555,0.0082000000402331,0.006800000090152,0.006349999923259,0.006800000090152,0.0057500000111758
2.37739540712639,0.0040000001899898,0.0038000000640749,0.0176500007510185,0.0176999997347593,0.00844999961555,0.0082000000402331,0.006800000090152,0.006349999923259,0.006800000090152,0.0057500000111758
2.37739540712639,0.0040000001899898,0.0038000000640749,0.0176500007510185,0.0176999997347593,0.00844999961555,0.0082000000402331,0.006800000090152,0.006349999923259,0.006800000090152,0.0057500000111758
2.37739540712639,0.0040000001899898,0.0038000000640749,0.0176500007510185,0.0176999997347593,0.00844999961555,0.0082000000402331,0.006800000090152,0.006349999923259,0.006800000090152,0.0057500000111758
2.37739540712639,0.0040000001899898,0.0038000000640749,0.0176500007510185,0.0176999997347593,0.00844999961555,0.0082000000402331,0.006800000090152,0.006349999923259,0.006800000090152,0.0057500000111758
2.37739540712639,0.0040000001899898,0.0038000000640749,0.0176500007510185,0.0176999997347593,0.00844999961555,0.0082000000402331,0.006800000090152,0.006349999923259,0.006800000090152,0.0057500000111758
2.37739540712639,0.0040000001899898,0.0038000000640749,0.0176500007510185,0.0176999997347593,0.00844999961555,0.0082000000402331,0.006800000090152,0.006349999923259,0.006800000090152,0.0057500000111758
2.37739540712639,0.0040000001899898,0.0038000000640749,0.0176500007510185,0.0176999997347593,0.00844999961555,0.0082000000402331,0.006800000090152,0.006349999923259,0.006800000090152,0.0057500000111758
2.37739540712639,0.0040000001899898,0.0038000000640749,0.0176500007510185,0.0176999997347593,0.00844999961555,0.0082000000402331,0.006800000090152,0.006349999923259,0.006800000090152,0.0057500000111758
2.37739540712639,0.0040000001899898,0.0038000000640749,0.0176500007510185,0.0176999997347593,0.00844999961555,0.0082000000402331,0.006800000090152,0.006349999923259,0.006800000090152,0.0057500000111758
2.37739540712639,0.0040000001899898,0.0038000000640749,0.0176500007510185,0.0176999997347593,0.00844999961555,0.0082000000402331,0.006800000090152,0.006349999923259,0.006800000090152,0.0057500000111758
2.37739540712639,0.0040000001899898,0.0038000000640749,0.0176500007510185,0.0176999997347593,0.00844999961555,0.0082000000402331,0.006800000090152,0.006349999923259,0.006800000090152,0.0057500000111758
2.37739540712639,0.0040000001899898,0.0038000000640749,0.0176500007510185,0.0176999997347593,0.00844999961555,0.0082000000402331,0.006800000090152,0.006349999923259,0.006800000090152,0.0057500000111758
2.37739540712639,0.0040000001899898,0.0038000000640749,0.0176500007510185,0.0176999997347593,0.00844999961555,0.0082000000402331,0.006800000090152,0.006349999923259,0.006800000090152,0.0057500000111758
2.37739540712639,0.0040000001899898,0.0038000000640749,0.0176500007510185,0.0176999997347593,0.00844999961555,0.0082000000402331,0.006800000090152,0.006349999923259,0.006800000090152,0.0057500000111758
2.37739540712639,0.0040000001899898,0.0038000000640749,0.0176500007510185,0.0176999997347593,0.00844999961555,0.0082000000402331,0.006800000090152,0.006349999923259,0.006800000090152,0.0057500000111758
2.37739540712639,0.0040000001899898,0.0038000000640749,0.0176500007510185,0.0176999997347593,0.00844999961555,0.0082000000402331,0.006800000090152,0.006349999923259,0.006800000090152,0.0057500000111758
2.37739540712639,0.0040000001899898,0.0038000000640749,0.0176500007510185,0.0176999997347593,0.00844999961555,0.0082000000402331,0.006800000090152,0.006349999923259,0.006800000090152,0.0057500000111758
2.37739540712639,0.0040000001899898,0.0038000000640749,0.0176500007510185,0.0176999997347593,0.00844999961555,0.0082000000402331,0.006800000090152,0.006349999923259,0.006800000090152,0.0057500000111758
2.37739540712639,0.0040000001899898,0.0038000000640749,0.0176500007510185,0.0176999997347593,0.00844999961555,0.0082000000402331,0.006800000090152,0.006349999923259,0.006800000090152,0.0057500000111758
2.37739540712639,0.0040000001899898,0.0038000000640749,0.0176500007510185,0.0176999997347593,0.00844999961555,0.0082000000402331,0.006800000090152,0.006349999923259,0.006800000090152,0.0057500000111758
2.37739540712639,0.0040000001899898,0.0038000000640749,0.0176500007510185,0.0176999997347593,0.00844999961555,0.0082000000402331,0.006800000090152,0.006349999923259,0.006800000090152,0.0057500000111758
2.37739540712639,0.0040000001899898,0.0038000000640749,0.0176500007510185,0.0176999997347593,0.00844999961555,0.0082000000402331,0.006800000090152,0.006349999923259,0.006800000090152,0.0057500000111758
2.37739540712639,0.0040000001899898,0.0038000000640749,0.0176500007510185,0.0176999997347593,0.00844999961555,0.0082000000402331,0.006800000090152,0.006349999923259,0.006800000090152,0.0057500000111758
2.37739540712639,0.0040000001899898,0.0038000000640749,0.0176500007510185,0.0176999997347593,0.00844999961555,0.0082000000402331,0.006800000090152,0.006349999923259,0.006800000090152,0.0057500000111758
2.37739540712639,0.0040000001899898,0.0038000000640749,0.0176500007510185,0.0176999997347593,0.00844999961555,0.0082000000402331,0.006800000090152,0.006349999923259,0.006800000090152,0.0057500000111758
2.37739540712639,0.0040000001899898,0.0038000000640749,0.0176500007510185,0.0176999997347593,0.00844999961555,0.0082000000402331,0.006800000090152,0.006349999923259,0.006800000090152,0.0057500000111758
2.37739540712639,0.0040000001899898,0.0038000000640749,0.0176500007510185,0.0176999997347593,0.00844999961555,0.0082000000402331,0.006800000090152,0.006349999923259,0.006800000090152,0.0057500000111758
2.37739540712639,0.0040000001899898,0.0038000000640749,0.0176500007510185,0.0176999997347593,0.00844999961555,0.0082000000402331,0.006800000090152,0.006349999923259,0.006800000090152,0.0057500000111758
2.37739540712639,0.0040000001899898,0.0038000000640749,0.0176500007510185,0.0176999997347593,0.00844999961555,0.0082000000402331,0.006800000090152,0.006349999923259,0.006800000090152,0.0057500000111758
2.37739540712639,0.0040000001899898,0.0038000000640749,0.0176500007510185,0.0176999997347593,0.00844999961555,0.0082000000402331,0.006800000090152,0.006349999923259,0.006800000090152,0.0057500000111758
2.37739540712639,0.0040000001899898,0.0038000000640749,0.0176500007510185,0.0176999997347593,0.00844999961555,0.0082000000402331,0.006800000090152,0.006349999923259,0.006800000090152,0.0057500000111758
2.37739540712639,0.0040000001899898,0.0038000000640749,0.0176500007510185,0.0176999997347593,0.00844999961555,0.0082000000402331,0.006800000090152,0.006349999923259,0.006800000090152,0.0057500000111758
2.37739540712639,0.0040000001899898,0.0038000000640749,0.0176500007510185,0.0176999997347593,0.00844999961555,0.0082000000402331,0.006800000090152,0.006349999923259,0.006800000090152,0.0057500000111758
2.37739540712639,0.0040000001899898,0.0038000000640749,0.0176500007510185,0.0176999997347593,0.00844999961555,0.0082000000402331,0.006800000090152,0.006349999923259,0.006800000090152,0.0057500000111758
2.37739540712639,0.0040000001899898,0.0038000000640749,0.0176500007510185,0.0176999997347593,0.00844999961555,0.0082000000402331,0.006800000090152,0.006349999923259,0.006800000090152,0.0057500000111758
2.37739540712639,0.0040000001899898,0.0038000000640749,0.0176500007510185,0.0176999997347593,0.00844999961555,0.0082000000402331,0.006800000090152,0.006349999923259,0.006800000090152,0.0057500000111758
2.37739540712639,0.0040000001899898,0.0038000000640749,0.0176500007510185,0.0176999997347593,0.00844999961555,0.0082000000402331,0.006800000090152,0.006349999923259,0.006800000090152,0.0057500000111758
2.37739540712639,0.0040000001899898,0.0038000000640749,0.0176500007510185,0.0176999997347593,0.00844999961555,0.0082000000402331,0.006800000090152,0.006349999923259,0.006800000090152,0.0057500000111758
2.37739540712639,0.0040000001899898,0.0038000000640749,0.0176500007510185,0.0176999997347593,0.00844999961555,0.0082000000402331,0.006800000090152,0.006349999923259,0.006800000090152,0.0057500000111758
2.37739540712639,0.0040000001899898,0.0038000000640749,0.0176500007510185,0.0176999997347593,0.00844999961555,0.0082000000402331,0.006800000090152,0.006349999923259,0.006800000090152,0.0057500000111758
2.37739540712639,0.0040000001899898,0.0038000000640749,0.0176500007510185,0.0176999997347593,0.00844999961555,0.0082000000402331,0.006800000090152,0.006349999923259,0.006800000090152,0.0057500000111758
2.37739540712639,0.0040000001899898,0.0038000000640749,0.0176500007510185,0.0176999997347593,0.00844999961555,0.0082000000402331,0.006800000090152,0.006349999923259,0.006800000090152,0.0057500000111758
2.37739540712639,0.0040000001899898,0.0038000000640749,0.0176500007510185,0.0176999997347593,0.00844999961555,0.0082000000402331,0.006800000090152,0.006349999923259,0.006800000090152,0.0057500000111758
2.37739540712639,0.0040000001899898,0.0038000000640749,0.0176500007510185,0.0176999997347593,0.00844999961555,0.0082000000402331,0.006800000090152,0.006349999923259,0.006800000090152,0.0057500000111758
2.37739540712639,0.0040000001899898,0.0038000000640749,0.0176500007510185,0.0176999997347593,0.00844999961555,0.0082000000402331,0.006800000090152,0.006349999923259,0.006800000090152,0.0057500000111758
2.37739540712639,0.0040000001899898,0.0038000000640749,0.0176500007510185,0.0176999997347593,0.00844999961555,0.0082000000402331,0.006800000090152,0.006349999923259,0.006800000090152,0.0057500000111758
2.37739540712639,0.0040000001899898,0.0038000000640749,0.0176500007510185,0.0176999997347593,0.00844999961555,0.0082000000402331,0.006800000090152,0.006349999923259,0.006800000090152,0.0057500000111758
2.37739540712639,0.0040000001899898,0.0038000000640749,0.0176500007510185,0.0176999997347593,0.00844999961555,0.0082000000402331,0.006800000090152,0.006349999923259,0.006800000090152,0.0057500000111758
2.37739540712639,0.0040000001899898,0.0038000000640749,0.0176500007510185,0.0176999997347593,0.00844999961555,0.0082000000402331,0.006800000090152,0.006349999923259,0.006800000090152,0.0057500000111758
2.37739540712639,0.0040000001899898,0.0038000000640749,0.0176500007510185,0.0176999997347593,0.00844999961555,0.0082000000402331,0.006800000090152,0.006349999923259,0.006800000090152,0.0057500000111758
2.37739540712639,0.0040000001899898,0.0038000000640749,0.0176500007510185,0.0176999997347593,0.00844999961555,0.0082000000402331,0.006800000090152,0.006349999923259,0.006800000090152,0.0057500000111758
2.37739540712639,0.0040000001899898,0.0038000000640749,0.0176500007510185,0.0176999997347593,0.00844999961555,0.0082000000402331,0.006800000090152,0.006349999923259,0.006800000090152,0.0057500000111758
2.37739540712639,0.0040000001899898,0.0038000000640749,0.0176500007510185,0.0176999997347593,0.00844999961555,0.0082000000402331,0.006800000090152,0.006349999923259,0.006800000090152,0.0057500000111758
2.37739540712639,0.0040000001899898,0.0038000000640749,0.0176500007510185,0.0176999997347593,0.00844999961555,0.0082000000402331,0.006800000090152,0.006349999923259,0.006800000090152,0.0057500000111758
2.37739540712639,0.0040000001899898,0.0038000000640749,0.0176500007510185,0.0176999997347593,0.00844999961555,0.0082000000402331,0.006800000090152,0.006349999923259,0.006800000090152,0.0057500000111758
2.37739540712639,0.0040000001899898,0.0038000000640749,0.0176500007510185,0.0176999997347593,0.00844999961555,0.0082000000402331,0.006800000090152,0.006349999923259,0.006800000090152,0.0057500000111758
2.37739540712639,0.0040000001899898,0.0038000000640749,0.0176500007510185,0.0176999997347593,0.00844999961555,0.0082000000402331,0.006800000090152,0.006349999923259,0.006800000090152,0.0057500000111758
2.37739540712639,0.0040000001899898,0.0038000000640749,0.0176500007510185,0.0176999997347593,0.00844999961555,0.0082000000402331,0.006800000090152,0.006349999923259,0.006800000090152,0.0057500000111758
2.37739540712639,0.0040000001899898,0.0038000000640749,0.0176500007510185,0.0176999997347593,0.00844999961555,0.0082000000402331,0.006800000090152,0.006349999923259,0.006800000090152,0.0057500000111758
2.37739540712639,0.0040000001899898,0.0038000000640749,0.0176500007510185,0.0176999997347593,0.00844999961555,0.0082000000402331,0.006800000090152,0.006349999923259,0.006800000090152,0.0057500000111758
2.37739540712639,0.0040000001899898,0.0038000000640749,0.0176500007510185,0.0176999997347593,0.00844999961555,0.0082000000402331,0.006800000090152,0.006349999923259,0.006800000090152,0.0057500000111758
2.37739540712639,0.0040000001899898,0.0038000000640749,0.0176500007510185,0.0176999997347593,0.00844999961555,0.0082000000402331,0.006800000090152,0.006349999923259,0.006800000090152,0.0057500000111758
2.37739540712639,0.0040000001899898,0.0038000000640749,0.0176500007510185,0.0176999997347593,0.00844999961555,0.0082000000402331,0.006800000090152,0.006349999923259,0.006800000090152,0.0057500000111758
2.37739540712639,0.0040000001899898,0.0038000000640749,0.0176500007510185,0.0176999997347593,0.00844999961555,0.0082000000402331,0.006800000090152,0.006349999923259,0.006800000090152,0.0057500000111758
2.37739540712639,0.0040000001899898,0.0038000000640749,0.0176500007510185,0.0176999997347593,0.00844999961555,0.0082000000402331,0.006800000090152,0.006349999923259,0.006800000090152,0.0057500000111758
2.37739540712639,0.0040000001899898,0.0038000000640749,0.0176500007510185,0.0176999997347593,0.00844999961555,0.0082000000402331,0.006800000090152,0.006349999923259,0.006800000090152,0.0057500000111758
2.37739540712639,0.0040000001899898,0.0038000000640749,0.0176500007510185,0.0176999997347593,0.00844999961555,0.0082000000402331,0.006800000090152,0.006349999923259,0.006800000090152,0.0057500000111758
2.37739540712639,0.0040000001899898,0.0038000000640749,0.0176500007510185,0.0176999997347593,0.00844999961555,0.0082000000402331,0.006800000090152,0.006349999923259,0.006800000090152,0.0057500000111758
2.37739540712639,0.0040000001899898,0.0038000000640749,0.0176500007510185,0.0176999997347593,0.00844999961555,0.0082000000402331,0.006800000090152,0.006349999923259,0.006800000090152,0.0057500000111758
2.37739540712639,0.0040000001899898,0.0038000000640749,0.0176500007510185,0.0176999997347593,0.00844999961555,0.0082000000402331,0.006800000090152,0.006349999923259,0.006800000090152,0.0057500000111758
2.37739540712639,0.0040000001899898,0.0038000000640749,0.0176500007510185,0.0176999997347593,0.00844999961555,0.0082000000402331,0.006800000090152,0.006349999923259,0.006800000090152,0.0057500000111758
2.37739540712639,0.0040000001899898,0.0038000000640749,0.0176500007510185,0.0176999997347593,0.00844999961555,0.0082000000402331,0.006800000090152,0.006349999923259,0.006800000090152,0.0057500000111758
2.37739540712639,0.0040000001899898,0.0038000000640749,0.0176500007510185,0.0176999997347593,0.00844999961555,0.0082000000402331,0.006800000090152,0.006349999923259,0.006800000090152,0.0057500000111758
2.37739540712639,0.0040000001899898,0.0038000000640749,0.0176500007510185,0.0176999997347593,0.00844999961555,0.0082000000402331,0.006800000090152,0.006349999923259,0.006800000090152,0.0057500000111758
2.37739540712639,0.0040000001899898,0.0038000000640749,0.0176500007510185,0.0176999997347593,0.00844999961555,0.0082000000402331,0.006800000090152,0.006349999923259,0.006800000090152,0.0057500000111758
2.37739540712639,0.0040000001899898,0.0038000000640749,0.0176500007510185,0.0176999997347593,0.00844999961555,0.0082000000402331,0.006800000090152,0.006349999923259,0.006800000090152,0.0057500000111758
2.37739540712639,0.0040000001899898,0.0038000000640749,0.0176500007510185,0.0176999997347593,0.00844999961555,0.0082000000402331,0.006800000090152,0.006349999923259,0.006800000090152,0.0057500000111758
2.37739540712639,0.0040000001899898,0.0038000000640749,0.0176500007510185,0.0176999997347593,0.00844999961555,0.0082000000402331,0.006800000090152,0.006349999923259,0.006800000090152,0.0057500000111758
2.37739540712639,0.0040000001899898,0.0038000000640749,0.0176500007510185,0.0176999997347593,0.00844999961555,0.0082000000402331,0.006800000090152,0.006349999923259,0.006800000090152,0.0057500000111758
2.37739540712639,0.0040000001899898,0.0038000000640749,0.0176500007510185,0.0176999997347593,0.00844999961555,0.0082000000402331,0.006800000090152,0.006349999923259,0.006800000090152,0.0057500000111758
2.37739540712639,0.0040000001899898,0.0038000000640749,0.0176500007510185,0.0176999997347593,0.00844999961555,0.0082000000402331,0.006800000090152,0.006349999923259,0.006800000090152,0.0057500000111758
2.37739540712639,0.0040000001899898,0.0038000000640749,0.0176500007510185,0.0176999997347593,0.00844999961555,0.0082000000402331,0.006800000090152,0.006349999923259,0.006800000090152,0.0057500000111758
2.37739540712639,0.0040000001899898,0.0038000000640749,0.0176500007510185,0.0176999997347593,0.00844999961555,0.0082000000402331,0.006800000090152,0.006349999923259,0.006800000090152,0.0057500000111758
2.37739540712639,0.0040000001899898,0.0038000000640749,0.0176500007510185,0.0176999997347593,0.00844999961555,0.0082000000402331,0.006800000090152,0.006349999923259,0.006800000090152,0.0057500000111758
2.37739540712639,0.0040000001899898,0.0038000000640749,0.0176500007510185,0.0176999997347593,0.00844999961555,0.0082000000402331,0.006800000090152,0.006349999923259,0.006800000090152,0.0057500000111758
2.37739540712639,0.0040000001899898,0.0038000000640749,0.0176500007510185,0.0176999997347593,0.00844999961555,0.0082000000402331,0.006800000090152,0.006349999923259,0.006800000090152,0.0057500000111758
2.37739540712639,0.0040000001899898,0.0038000000640749,0.0176500007510185,0.0176999997347593,0.00844999961555,0.0082000000402331,0.006800000090152,0.006349999923259,0.006800000090152,0.0057500000111758
2.37739540712639,0.0040000001899898,0.0038000000640749,0.0176500007510185,0.0176999997347593,0.00844999961555,0.0082000000402331,0.006800000090152,0.006349999923259,0.006800000090152,0.0057500000111758
2.37739540712639,0.0040000001899898,0.0038000000640749,0.0176500007510185,0.0176999997347593,0.00844999961555,0.0082000000402331,0.006800000090152,0.006349999923259,0.006800000090152,0.0057500000111758
2.37739540712639,0.0040000001899898,0.0038000000640749,0.0176500007510185,0.0176999997347593,0.00844999961555,0.0082000000402331,0.006800000090152,0.006349999923259,0.006800000090152,0.0057500000111758
2.37739540712639,0.0040000001899898,0.0038000000640749,0.0176500007510185,0.0176999997347593,0.00844999961555,0.0082000000402331,0.006800000090152,0.006349999923259,0.006800000090152,0.0057500000111758
2.37739540712639,0.0040000001899898,0.0038000000640749,0.0176500007510185,0.0176999997347593,0.00844999961555,0.0082000000402331,0.006800000090152,0.006349999923259,0.006800000090152,0.0057500000111758
2.37739540712639,0.0040000001899898,0.0038000000640749,0.0176500007510185,0.0176999997347593,0.00844999961555,0.0082000000402331,0.006800000090152,0.006349999923259,0.006800000090152,0.0057500000111758
2.37739540712639,0.0040000001899898,0.0038000000640749,0.0176500007510185,0.0176999997347593,0.00844999961555,0.0082000000402331,0.006800000090152,0.006349999923259,0.006800000090152,0.0057500000111758
2.37739540712639,0.0040000001899898,0.0038000000640749,0.0176500007510185,0.0176999997347593,0.00844999961555,0.0082000000402331,0.006800000090152,0.006349999923259,0.006800000090152,0.0057500000111758
2.37739540712639,0.0040000001899898,0.0038000000640749,0.0176500007510185,0.0176999997347593,0.00844999961555,0.0082000000402331,0.006800000090152,0.006349999923259,0.006800000090152,0.0057500000111758
2.37739540712639,0.0040000001899898,0.0038000000640749,0.0176500007510185,0.0176999997347593,0.00844999961555,0.0082000000402331,0.006800000090152,0.006349999923259,0.006800000090152,0.0057500000111758
2.37739540712639,0.0040000001899898,0.0038000000640749,0.0176500007510185,0.0176999997347593,0.00844999961555,0.0082000000402331,0.006800000090152,0.006349999923259,0.006800000090152,0.0057500000111758
2.37739540712639,0.0040000001899898,0.0038000000640749,0.0176500007510185,0.0176999997347593,0.00844999961555,0.0082000000402331,0.006800000090152,0.006349999923259,0.006800000090152,0.0057500000111758
2.37739540712639,0.0040000001899898,0.0038000000640749,0.0176500007510185,0.0176999997347593,0.00844999961555,0.0082000000402331,0.006800000090152,0.006349999923259,0.006800000090152,0.0057500000111758
2.37739540712639,0.0040000001899898,0.0038000000640749,0.0176500007510185,0.0176999997347593,0.00844999961555,0.0082000000402331,0.006800000090152,0.006349999923259,0.006800000090152,0.0057500000111758
2.37739540712639,0.0040000001899898,0.0038000000640749,0.0176500007510185,0.0176999997347593,0.00844999961555,0.0082000000402331,0.006800000090152,0.006349999923259,0.006800000090152,0.0057500000111758
2.37739540712639,0.0040000001899898,0.0038000000640749,0.0176500007510185,0.0176999997347593,0.00844999961555,0.0082000000402331,0.006800000090152,0.006349999923259,0.006800000090152,0.0057500000111758
2.37739540712639,0.0040000001899898,0.0038000000640749,0.0176500007510185,0.0176999997347593,0.00844999961555,0.0082000000402331,0.006800000090152,0.006349999923259,0.006800000090152,0.0057500000111758
2.37739540712639,0.0040000001899898,0.0038000000640749,0.0176500007510185,0.0176999997347593,0.00844999961555,0.0082000000402331,0.006800000090152,0.006349999923259,0.006800000090152,0.0057500000111758
2.37739540712639,0.0040000001899898,0.0038000000640749,0.0176500007510185,0.0176999997347593,0.00844999961555,0.0082000000402331,0.006800000090152,0.006349999923259,0.006800000090152,0.0057500000111758
2.37739540712639,0.0040000001899898,0.0038000000640749,0.0176500007510185,0.0176999997347593,0.00844999961555,0.0082000000402331,0.006800000090152,0.006349999923259,0.006800000090152,0.0057500000111758
2.47756698650803,0.0040000001899898,0.0038000000640749,0.0176500007510185,0.0176999997347593,0.00844999961555,0.0082000000402331,0.006800000090152,0.006349999923259,0.006800000090152,0.0057500000111758
2.47756698650803,0.0040000001899898,0.0038000000640749,0.0176500007510185,0.0176999997347593,0.00844999961555,0.0082000000402331,0.006800000090152,0.006349999923259,0.006800000090152,0.0057500000111758
2.47756698650803,0.0040000001899898,0.0038000000640749,0.0176500007510185,0.0176999997347593,0.00844999961555,0.0082000000402331,0.006800000090152,0.006349999923259,0.006800000090152,0.0057500000111758
2.47756698650803,0.0040000001899898,0.0038000000640749,0.0176500007510185,0.0176999997347593,0.00844999961555,0.0082000000402331,0.006800000090152,0.006349999923259,0.006800000090152,0.0057500000111758
2.47756698650803,0.0040000001899898,0.0038000000640749,0.0176500007510185,0.0176999997347593,0.00844999961555,0.0082000000402331,0.006800000090152,0.006349999923259,0.006800000090152,0.0057500000111758
2.47756698650803,0.0040000001899898,0.0038000000640749,0.0176500007510185,0.0176999997347593,0.00844999961555,0.0082000000402331,0.006800000090152,0.006349999923259,0.006800000090152,0.0057500000111758
2.47756698650803,0.0040000001899898,0.0038000000640749,0.0176500007510185,0.0176999997347593,0.00844999961555,0.0082000000402331,0.006800000090152,0.006349999923259,0.006800000090152,0.0057500000111758
2.47756698650803,0.0040000001899898,0.0038000000640749,0.0176500007510185,0.0176999997347593,0.00844999961555,0.0082000000402331,0.006800000090152,0.006349999923259,0.006800000090152,0.0057500000111758
2.47756698650803,0.0040000001899898,0.0038000000640749,0.0176500007510185,0.0176999997347593,0.00844999961555,0.0082000000402331,0.006800000090152,0.006349999923259,0.006800000090152,0.0057500000111758
2.47756698650803,0.0040000001899898,0.0038000000640749,0.0176500007510185,0.0176999997347593,0.00844999961555,0.0082000000402331,0.006800000090152,0.006349999923259,0.006800000090152,0.0057500000111758
2.47756698650803,0.0040000001899898,0.0038000000640749,0.0176500007510185,0.0176999997347593,0.00844999961555,0.0082000000402331,0.006800000090152,0.006349999923259,0.006800000090152,0.0057500000111758
2.47756698650803,0.0040000001899898,0.0038000000640749,0.0176500007510185,0.0176999997347593,0.00844999961555,0.0082000000402331,0.006800000090152,0.006349999923259,0.006800000090152,0.0057500000111758
2.47756698650803,0.0040000001899898,0.0038000000640749,0.0176500007510185,0.0176999997347593,0.00844999961555,0.0082000000402331,0.006800000090152,0.006349999923259,0.006800000090152,0.0057500000111758
2.47756698650803,0.0040000001899898,0.0038000000640749,0.0176500007510185,0.0176999997347593,0.00844999961555,0.0082000000402331,0.006800000090152,0.006349999923259,0.006800000090152,0.0057500000111758
2.47756698650803,0.0040000001899898,0.0038000000640749,0.0176500007510185,0.0176999997347593,0.00844999961555,0.0082000000402331,0.006800000090152,0.006349999923259,0.006800000090152,0.0057500000111758
2.47756698650803,0.0040000001899898,0.0038000000640749,0.0176500007510185,0.0176999997347593,0.00844999961555,0.0082000000402331,0.006800000090152,0.006349999923259,0.006800000090152,0.0057500000111758
2.47756698650803,0.0040000001899898,0.0038000000640749,0.0176500007510185,0.0176999997347593,0.00844999961555,0.0082000000402331,0.006800000090152,0.006349999923259,0.006800000090152,0.0057500000111758
2.47756698650803,0.0040000001899898,0.0038000000640749,0.0176500007510185,0.0176999997347593,0.00844999961555,0.0082000000402331,0.006800000090152,0.006349999923259,0.006800000090152,0.0057500000111758
2.47756698650803,0.0040000001899898,0.0038000000640749,0.0176500007510185,0.0176999997347593,0.00844999961555,0.0082000000402331,0.006800000090152,0.006349999923259,0.006800000090152,0.0057500000111758
2.47756698650803,0.0040000001899898,0.0038000000640749,0.0176500007510185,0.0176999997347593,0.00844999961555,0.0082000000402331,0.006800000090152,0.006349999923259,0.006800000090152,0.0057500000111758
2.47756698650803,0.0040000001899898,0.0038000000640749,0.0176500007510185,0.0176999997347593,0.00844999961555,0.0082000000402331,0.006800000090152,0.006349999923259,0.006800000090152,0.0057500000111758
2.47756698650803,0.0040000001899898,0.0038000000640749,0.0176500007510185,0.0176999997347593,0.00844999961555,0.0082000000402331,0.006800000090152,0.006349999923259,0.006800000090152,0.0057500000111758
2.47756698650803,0.0040000001899898,0.0038000000640749,0.0176500007510185,0.0176999997347593,0.00844999961555,0.0082000000402331,0.006800000090152,0.006349999923259,0.006800000090152,0.0057500000111758
2.47756698650803,0.0040000001899898,0.0038000000640749,0.0176500007510185,0.0176999997347593,0.00844999961555,0.0082000000402331,0.006800000090152,0.006349999923259,0.006800000090152,0.0057500000111758
2.47756698650803,0.0040000001899898,0.0038000000640749,0.0176500007510185,0.0176999997347593,0.00844999961555,0.0082000000402331,0.006800000090152,0.006349999923259,0.006800000090152,0.0057500000111758
2.47756698650803,0.0040000001899898,0.0038000000640749,0.0176500007510185,0.0176999997347593,0.00844999961555,0.0082000000402331,0.006800000090152,0.006349999923259,0.006800000090152,0.0057500000111758
2.47756698650803,0.0040000001899898,0.0038000000640749,0.0176500007510185,0.0176999997347593,0.00844999961555,0.0082000000402331,0.006800000090152,0.006349999923259,0.006800000090152,0.0057500000111758
2.47756698650803,0.0040000001899898,0.0038000000640749,0.0176500007510185,0.0176999997347593,0.00844999961555,0.0082000000402331,0.006800000090152,0.006349999923259,0.006800000090152,0.0057500000111758
2.47756698650803,0.0040000001899898,0.0038000000640749,0.0176500007510185,0.0176999997347593,0.00844999961555,0.0082000000402331,0.006800000090152,0.006349999923259,0.006800000090152,0.0057500000111758
2.47756698650803,0.0040000001899898,0.0038000000640749,0.0176500007510185,0.0176999997347593,0.00844999961555,0.0082000000402331,0.006800000090152,0.006349999923259,0.006800000090152,0.0057500000111758
2.47756698650803,0.0040000001899898,0.0038000000640749,0.0176500007510185,0.0176999997347593,0.00844999961555,0.0082000000402331,0.006800000090152,0.006349999923259,0.006800000090152,0.0057500000111758
2.47756698650803,0.0040000001899898,0.0038000000640749,0.0176500007510185,0.0176999997347593,0.00844999961555,0.0082000000402331,0.006800000090152,0.006349999923259,0.006800000090152,0.0057500000111758
2.47756698650803,0.0040000001899898,0.0038000000640749,0.0176500007510185,0.0176999997347593,0.00844999961555,0.0082000000402331,0.006800000090152,0.006349999923259,0.006800000090152,0.0057500000111758
2.47756698650803,0.0040000001899898,0.0038000000640749,0.0176500007510185,0.0176999997347593,0.00844999961555,0.0082000000402331,0.006800000090152,0.006349999923259,0.006800000090152,0.0057500000111758
2.47756698650803,0.0040000001899898,0.0038000000640749,0.0176500007510185,0.0176999997347593,0.00844999961555,0.0082000000402331,0.006800000090152,0.006349999923259,0.006800000090152,0.0057500000111758
2.47756698650803,0.0040000001899898,0.0038000000640749,0.0176500007510185,0.0176999997347593,0.00844999961555,0.0082000000402331,0.006800000090152,0.006349999923259,0.006800000090152,0.0057500000111758
2.47756698650803,0.0040000001899898,0.0038000000640749,0.0176500007510185,0.0176999997347593,0.00844999961555,0.0082000000402331,0.006800000090152,0.006349999923259,0.006800000090152,0.0057500000111758
2.47756698650803,0.0040000001899898,0.0038000000640749,0.0176500007510185,0.0176999997347593,0.00844999961555,0.0082000000402331,0.006800000090152,0.006349999923259,0.006800000090152,0.0057500000111758
2.47756698650803,0.0040000001899898,0.0038000000640749,0.0176500007510185,0.0176999997347593,0.00844999961555,0.0082000000402331,0.006800000090152,0.006349999923259,0.006800000090152,0.0057500000111758
2.47756698650803,0.0040000001899898,0.0038000000640749,0.0176500007510185,0.0176999997347593,0.00844999961555,0.0082000000402331,0.006800000090152,0.006349999923259,0.006800000090152,0.0057500000111758
2.47756698650803,0.0040000001899898,0.0038000000640749,0.0176500007510185,0.0176999997347593,0.00844999961555,0.0082000000402331,0.006800000090152,0.006349999923259,0.006800000090152,0.0057500000111758
2.47756698650803,0.0040000001899898,0.0038000000640749,0.0176500007510185,0.0176999997347593,0.00844999961555,0.0082000000402331,0.006800000090152,0.006349999923259,0.006800000090152,0.0057500000111758
2.47756698650803,0.0040000001899898,0.0038000000640749,0.0176500007510185,0.0176999997347593,0.00844999961555,0.0082000000402331,0.006800000090152,0.006349999923259,0.006800000090152,0.0057500000111758
2.47756698650803,0.0040000001899898,0.0038000000640749,0.0176500007510185,0.0176999997347593,0.00844999961555,0.0082000000402331,0.006800000090152,0.006349999923259,0.006800000090152,0.0057500000111758
2.47756698650803,0.0040000001899898,0.0038000000640749,0.0176500007510185,0.0176999997347593,0.00844999961555,0.0082000000402331,0.006800000090152,0.006349999923259,0.006800000090152,0.0057500000111758
2.47756698650803,0.0040000001899898,0.0038000000640749,0.0176500007510185,0.0176999997347593,0.00844999961555,0.0082000000402331,0.006800000090152,0.006349999923259,0.006800000090152,0.0057500000111758
2.47756698650803,0.0040000001899898,0.0038000000640749,0.0176500007510185,0.0176999997347593,0.00844999961555,0.0082000000402331,0.006800000090152,0.006349999923259,0.006800000090152,0.0057500000111758
2.47756698650803,0.0040000001899898,0.0038000000640749,0.0176500007510185,0.0176999997347593,0.00844999961555,0.0082000000402331,0.006800000090152,0.006349999923259,0.006800000090152,0.0057500000111758
2.47756698650803,0.0040000001899898,0.0038000000640749,0.0176500007510185,0.0176999997347593,0.00844999961555,0.0082000000402331,0.006800000090152,0.006349999923259,0.006800000090152,0.0057500000111758
2.47756698650803,0.0040000001899898,0.0038000000640749,0.0176500007510185,0.0176999997347593,0.00844999961555,0.0082000000402331,0.006800000090152,0.006349999923259,0.006800000090152,0.0057500000111758
2.47756698650803,0.0040000001899898,0.0038000000640749,0.0176500007510185,0.0176999997347593,0.00844999961555,0.0082000000402331,0.006800000090152,0.006349999923259,0.006800000090152,0.0057500000111758
2.47756698650803,0.0040000001899898,0.0038000000640749,0.0176500007510185,0.0176999997347593,0.00844999961555,0.0082000000402331,0.006800000090152,0.006349999923259,0.006800000090152,0.0057500000111758
2.47756698650803,0.0040000001899898,0.0038000000640749,0.0176500007510185,0.0176999997347593,0.00844999961555,0.0082000000402331,0.006800000090152,0.006349999923259,0.006800000090152,0.0057500000111758
2.47756698650803,0.0040000001899898,0.0038000000640749,0.0176500007510185,0.0176999997347593,0.00844999961555,0.0082000000402331,0.006800000090152,0.006349999923259,0.006800000090152,0.0057500000111758
2.47756698650803,0.0040000001899898,0.0038000000640749,0.0176500007510185,0.0176999997347593,0.00844999961555,0.0082000000402331,0.006800000090152,0.006349999923259,0.006800000090152,0.0057500000111758
2.47756698650803,0.0040000001899898,0.0038000000640749,0.0176500007510185,0.0176999997347593,0.00844999961555,0.0082000000402331,0.006800000090152,0.006349999923259,0.006800000090152,0.0057500000111758
2.47756698650803,0.0040000001899898,0.0038000000640749,0.0176500007510185,0.0176999997347593,0.00844999961555,0.0082000000402331,0.006800000090152,0.006349999923259,0.006800000090152,0.0057500000111758
2.47756698650803,0.0040000001899898,0.0038000000640749,0.0176500007510185,0.0176999997347593,0.00844999961555,0.0082000000402331,0.006800000090152,0.006349999923259,0.006800000090152,0.0057500000111758
2.47756698650803,0.0040000001899898,0.0038000000640749,0.0176500007510185,0.0176999997347593,0.00844999961555,0.0082000000402331,0.006800000090152,0.006349999923259,0.006800000090152,0.0057500000111758
2.47756698650803,0.0040000001899898,0.0038000000640749,0.0176500007510185,0.0176999997347593,0.00844999961555,0.0082000000402331,0.006800000090152,0.006349999923259,0.006800000090152,0.0057500000111758
2.47756698650803,0.0040000001899898,0.0038000000640749,0.0176500007510185,0.0176999997347593,0.00844999961555,0.0082000000402331,0.006800000090152,0.006349999923259,0.006800000090152,0.0057500000111758
2.47756698650803,0.0040000001899898,0.0038000000640749,0.0176500007510185,0.0176999997347593,0.00844999961555,0.0082000000402331,0.006800000090152,0.006349999923259,0.006800000090152,0.0057500000111758
2.47756698650803,0.0040000001899898,0.0038000000640749,0.0176500007510185,0.0176999997347593,0.00844999961555,0.0082000000402331,0.006800000090152,0.006349999923259,0.006800000090152,0.0057500000111758
2.47756698650803,0.0040000001899898,0.0038000000640749,0.0176500007510185,0.0176999997347593,0.00844999961555,0.0082000000402331,0.006800000090152,0.006349999923259,0.006800000090152,0.0057500000111758
2.47756698650803,0.0040000001899898,0.0038000000640749,0.0176500007510185,0.0176999997347593,0.00844999961555,0.0082000000402331,0.006800000090152,0.006349999923259,0.006800000090152,0.0057500000111758
2.47756698650803,0.0040000001899898,0.0038000000640749,0.0176500007510185,0.0176999997347593,0.00844999961555,0.0082000000402331,0.006800000090152,0.006349999923259,0.006800000090152,0.0057500000111758
2.47756698650803,0.0040000001899898,0.0038000000640749,0.0176500007510185,0.0176999997347593,0.00844999961555,0.0082000000402331,0.006800000090152,0.006349999923259,0.006800000090152,0.0057500000111758
2.47756698650803,0.0040000001899898,0.0038000000640749,0.0176500007510185,0.0176999997347593,0.00844999961555,0.0082000000402331,0.006800000090152,0.006349999923259,0.006800000090152,0.0057500000111758
2.47756698650803,0.0040000001899898,0.0038000000640749,0.0176500007510185,0.0176999997347593,0.00844999961555,0.0082000000402331,0.006800000090152,0.006349999923259,0.006800000090152,0.0057500000111758
2.47756698650803,0.0040000001899898,0.0038000000640749,0.0176500007510185,0.0176999997347593,0.00844999961555,0.0082000000402331,0.006800000090152,0.006349999923259,0.006800000090152,0.0057500000111758
2.47756698650803,0.0040000001899898,0.0038000000640749,0.0176500007510185,0.0176999997347593,0.00844999961555,0.0082000000402331,0.006800000090152,0.006349999923259,0.006800000090152,0.0057500000111758
2.47756698650803,0.0040000001899898,0.0038000000640749,0.0176500007510185,0.0176999997347593,0.00844999961555,0.0082000000402331,0.006800000090152,0.006349999923259,0.006800000090152,0.0057500000111758
2.47756698650803,0.0040000001899898,0.0038000000640749,0.0176500007510185,0.0176999997347593,0.00844999961555,0.0082000000402331,0.006800000090152,0.006349999923259,0.006800000090152,0.0057500000111758
2.47756698650803,0.0040000001899898,0.0038000000640749,0.0176500007510185,0.0176999997347593,0.00844999961555,0.0082000000402331,0.006800000090152,0.006349999923259,0.006800000090152,0.0057500000111758
2.47756698650803,0.0040000001899898,0.0038000000640749,0.0176500007510185,0.0176999997347593,0.00844999961555,0.0082000000402331,0.006800000090152,0.006349999923259,0.006800000090152,0.0057500000111758
2.47756698650803,0.0040000001899898,0.0038000000640749,0.0176500007510185,0.0176999997347593,0.00844999961555,0.0082000000402331,0.006800000090152,0.006349999923259,0.006800000090152,0.0057500000111758
2.47756698650803,0.0040000001899898,0.0038000000640749,0.0176500007510185,0.0176999997347593,0.00844999961555,0.0082000000402331,0.006800000090152,0.006349999923259,0.006800000090152,0.0057500000111758
2.47756698650803,0.0040000001899898,0.0038000000640749,0.0176500007510185,0.0176999997347593,0.00844999961555,0.0082000000402331,0.006800000090152,0.006349999923259,0.006800000090152,0.0057500000111758
2.47756698650803,0.0040000001899898,0.0038000000640749,0.0176500007510185,0.0176999997347593,0.00844999961555,0.0082000000402331,0.006800000090152,0.006349999923259,0.006800000090152,0.0057500000111758
2.47756698650803,0.0040000001899898,0.0038000000640749,0.0176500007510185,0.0176999997347593,0.00844999961555,0.0082000000402331,0.006800000090152,0.006349999923259,0.006800000090152,0.0057500000111758
2.47756698650803,0.0040000001899898,0.0038000000640749,0.0176500007510185,0.0176999997347593,0.00844999961555,0.0082000000402331,0.006800000090152,0.006349999923259,0.006800000090152,0.0057500000111758
2.47756698650803,0.0040000001899898,0.0038000000640749,0.0176500007510185,0.0176999997347593,0.00844999961555,0.0082000000402331,0.006800000090152,0.006349999923259,0.006800000090152,0.0057500000111758
2.47756698650803,0.0040000001899898,0.0038000000640749,0.0176500007510185,0.0176999997347593,0.00844999961555,0.0082000000402331,0.006800000090152,0.006349999923259,0.006800000090152,0.0057500000111758
2.47756698650803,0.0040000001899898,0.0038000000640749,0.0176500007510185,0.0176999997347593,0.00844999961555,0.0082000000402331,0.006800000090152,0.006349999923259,0.006800000090152,0.0057500000111758
2.47756698650803,0.0040000001899898,0.0038000000640749,0.0176500007510185,0.0176999997347593,0.00844999961555,0.0082000000402331,0.006800000090152,0.006349999923259,0.006800000090152,0.0057500000111758
2.47756698650803,0.0040000001899898,0.0038000000640749,0.0176500007510185,0.0176999997347593,0.00844999961555,0.0082000000402331,0.006800000090152,0.006349999923259,0.006800000090152,0.0057500000111758
2.47756698650803,0.0040000001899898,0.0038000000640749,0.0176500007510185,0.0176999997347593,0.00844999961555,0.0082000000402331,0.006800000090152,0.006349999923259,0.006800000090152,0.0057500000111758
2.47756698650803,0.0040000001899898,0.0038000000640749,0.0176500007510185,0.0176999997347593,0.00844999961555,0.0082000000402331,0.006800000090152,0.006349999923259,0.006800000090152,0.0057500000111758
2.47756698650803,0.0040000001899898,0.0038000000640749,0.0176500007510185,0.0176999997347593,0.00844999961555,0.0082000000402331,0.006800000090152,0.006349999923259,0.006800000090152,0.0057500000111758
2.47756698650803,0.0040000001899898,0.0038000000640749,0.0176500007510185,0.0176999997347593,0.00844999961555,0.0082000000402331,0.006800000090152,0.006349999923259,0.006800000090152,0.0057500000111758
2.47756698650803,0.0040000001899898,0.0038000000640749,0.0176500007510185,0.0176999997347593,0.00844999961555,0.0082000000402331,0.006800000090152,0.006349999923259,0.006800000090152,0.0057500000111758
2.47756698650803,0.0040000001899898,0.0038000000640749,0.0176500007510185,0.0176999997347593,0.00844999961555,0.0082000000402331,0.006800000090152,0.006349999923259,0.006800000090152,0.0057500000111758
2.47756698650803,0.0040000001899898,0.0038000000640749,0.0176500007510185,0.0176999997347593,0.00844999961555,0.0082000000402331,0.006800000090152,0.006349999923259,0.006800000090152,0.0057500000111758
2.47756698650803,0.0040000001899898,0.0038000000640749,0.0176500007510185,0.0176999997347593,0.00844999961555,0.0082000000402331,0.006800000090152,0.006349999923259,0.006800000090152,0.0057500000111758
2.47756698650803,0.0040000001899898,0.0038000000640749,0.0176500007510185,0.0176999997347593,0.00844999961555,0.0082000000402331,0.006800000090152,0.006349999923259,0.006800000090152,0.0057500000111758
2.47756698650803,0.0040000001899898,0.0038000000640749,0.0176500007510185,0.0176999997347593,0.00844999961555,0.0082000000402331,0.006800000090152,0.006349999923259,0.006800000090152,0.0057500000111758
2.47756698650803,0.0040000001899898,0.0038000000640749,0.0176500007510185,0.0176999997347593,0.00844999961555,0.0082000000402331,0.006800000090152,0.006349999923259,0.006800000090152,0.0057500000111758
2.47756698650803,0.0040000001899898,0.0038000000640749,0.0176500007510185,0.0176999997347593,0.00844999961555,0.0082000000402331,0.006800000090152,0.006349999923259,0.006800000090152,0.0057500000111758
2.47756698650803,0.0040000001899898,0.0038000000640749,0.0176500007510185,0.0176999997347593,0.00844999961555,0.0082000000402331,0.006800000090152,0.006349999923259,0.006800000090152,0.0057500000111758
2.47756698650803,0.0040000001899898,0.0038000000640749,0.0176500007510185,0.0176999997347593,0.00844999961555,0.0082000000402331,0.006800000090152,0.006349999923259,0.006800000090152,0.0057500000111758
2.47756698650803,0.0040000001899898,0.0038000000640749,0.0176500007510185,0.0176999997347593,0.00844999961555,0.0082000000402331,0.006800000090152,0.006349999923259,0.006800000090152,0.0057500000111758
2.47756698650803,0.0040000001899898,0.0038000000640749,0.0176500007510185,0.0176999997347593,0.00844999961555,0.0082000000402331,0.006800000090152,0.006349999923259,0.006800000090152,0.0057500000111758
2.47756698650803,0.0040000001899898,0.0038000000640749,0.0176500007510185,0.0176999997347593,0.00844999961555,0.0082000000402331,0.006800000090152,0.006349999923259,0.006800000090152,0.0057500000111758
2.47756698650803,0.0040000001899898,0.0038000000640749,0.0176500007510185,0.0176999997347593,0.00844999961555,0.0082000000402331,0.006800000090152,0.006349999923259,0.006800000090152,0.0057500000111758
2.47756698650803,0.0040000001899898,0.0038000000640749,0.0176500007510185,0.0176999997347593,0.00844999961555,0.0082000000402331,0.006800000090152,0.006349999923259,0.006800000090152,0.0057500000111758
2.47756698650803,0.0040000001899898,0.0038000000640749,0.0176500007510185,0.0176999997347593,0.00844999961555,0.0082000000402331,0.006800000090152,0.006349999923259,0.006800000090152,0.0057500000111758
2.47756698650803,0.0040000001899898,0.0038000000640749,0.0176500007510185,0.0176999997347593,0.00844999961555,0.0082000000402331,0.006800000090152,0.006349999923259,0.006800000090152,0.0057500000111758
2.47756698650803,0.0040000001899898,0.0038000000640749,0.0176500007510185,0.0176999997347593,0.00844999961555,0.0082000000402331,0.006800000090152,0.006349999923259,0.006800000090152,0.0057500000111758
2.47756698650803,0.0040000001899898,0.0038000000640749,0.0176500007510185,0.0176999997347593,0.00844999961555,0.0082000000402331,0.006800000090152,0.006349999923259,0.006800000090152,0.0057500000111758
2.47756698650803,0.0040000001899898,0.0038000000640749,0.0176500007510185,0.0176999997347593,0.00844999961555,0.0082000000402331,0.006800000090152,0.006349999923259,0.006800000090152,0.0057500000111758
2.47756698650803,0.0040000001899898,0.0038000000640749,0.0176500007510185,0.0176999997347593,0.00844999961555,0.0082000000402331,0.006800000090152,0.006349999923259,0.006800000090152,0.0057500000111758
2.47756698650803,0.0040000001899898,0.0038000000640749,0.0176500007510185,0.0176999997347593,0.00844999961555,0.0082000000402331,0.006800000090152,0.006349999923259,0.006800000090152,0.0057500000111758
2.47756698650803,0.0040000001899898,0.0038000000640749,0.0176500007510185,0.0176999997347593,0.00844999961555,0.0082000000402331,0.006800000090152,0.006349999923259,0.006800000090152,0.0057500000111758
2.47756698650803,0.0040000001899898,0.0038000000640749,0.0176500007510185,0.0176999997347593,0.00844999961555,0.0082000000402331,0.006800000090152,0.006349999923259,0.006800000090152,0.0057500000111758
2.47756698650803,0.0040000001899898,0.0038000000640749,0.0176500007510185,0.0176999997347593,0.00844999961555,0.0082000000402331,0.006800000090152,0.006349999923259,0.006800000090152,0.0057500000111758
2.47756698650803,0.0040000001899898,0.0038000000640749,0.0176500007510185,0.0176999997347593,0.00844999961555,0.0082000000402331,0.006800000090152,0.006349999923259,0.006800000090152,0.0057500000111758
2.47756698650803,0.0040000001899898,0.0038000000640749,0.0176500007510185,0.0176999997347593,0.00844999961555,0.0082000000402331,0.006800000090152,0.006349999923259,0.006800000090152,0.0057500000111758
2.47756698650803,0.0040000001899898,0.0038000000640749,0.0176500007510185,0.0176999997347593,0.00844999961555,0.0082000000402331,0.006800000090152,0.006349999923259,0.006800000090152,0.0057500000111758
2.47756698650803,0.0040000001899898,0.0038000000640749,0.0176500007510185,0.0176999997347593,0.00844999961555,0.0082000000402331,0.006800000090152,0.006349999923259,0.006800000090152,0.0057500000111758
2.47756698650803,0.0040000001899898,0.0038000000640749,0.0176500007510185,0.0176999997347593,0.00844999961555,0.0082000000402331,0.006800000090152,0.006349999923259,0.006800000090152,0.0057500000111758
2.47756698650803,0.0040000001899898,0.0038000000640749,0.0176500007510185,0.0176999997347593,0.00844999961555,0.0082000000402331,0.006800000090152,0.006349999923259,0.006800000090152,0.0057500000111758
2.47756698650803,0.0040000001899898,0.0038000000640749,0.0176500007510185,0.0176999997347593,0.00844999961555,0.0082000000402331,0.006800000090152,0.006349999923259,0.006800000090152,0.0057500000111758
2.47756698650803,0.0040000001899898,0.0038000000640749,0.0176500007510185,0.0176999997347593,0.00844999961555,0.0082000000402331,0.006800000090152,0.006349999923259,0.006800000090152,0.0057500000111758
2.47756698650803,0.0040000001899898,0.0038000000640749,0.0176500007510185,0.0176999997347593,0.00844999961555,0.0082000000402331,0.006800000090152,0.006349999923259,0.006800000090152,0.0057500000111758
2.47756698650803,0.0040000001899898,0.0038000000640749,0.0176500007510185,0.0176999997347593,0.00844999961555,0.0082000000402331,0.006800000090152,0.006349999923259,0.006800000090152,0.0057500000111758
2.47756698650803,0.0040000001899898,0.0038000000640749,0.0176500007510185,0.0176999997347593,0.00844999961555,0.0082000000402331,0.006800000090152,0.006349999923259,0.006800000090152,0.0057500000111758
2.47756698650803,0.0040000001899898,0.0038000000640749,0.0176500007510185,0.0176999997347593,0.00844999961555,0.0082000000402331,0.006800000090152,0.006349999923259,0.006800000090152,0.0057500000111758
2.47756698650803,0.0040000001899898,0.0038000000640749,0.0176500007510185,0.0176999997347593,0.00844999961555,0.0082000000402331,0.006800000090152,0.006349999923259,0.006800000090152,0.0057500000111758
2.47756698650803,0.0040000001899898,0.0038000000640749,0.0176500007510185,0.0176999997347593,0.00844999961555,0.0082000000402331,0.006800000090152,0.006349999923259,0.006800000090152,0.0057500000111758
2.47756698650803,0.0040000001899898,0.0038000000640749,0.0176500007510185,0.0176999997347593,0.00844999961555,0.0082000000402331,0.006800000090152,0.006349999923259,0.006800000090152,0.0057500000111758
2.47756698650803,0.0040000001899898,0.0038000000640749,0.0176500007510185,0.0176999997347593,0.00844999961555,0.0082000000402331,0.006800000090152,0.006349999923259,0.006800000090152,0.0057500000111758
2.47756698650803,0.0040000001899898,0.0038000000640749,0.0176500007510185,0.0176999997347593,0.00844999961555,0.0082000000402331,0.006800000090152,0.006349999923259,0.006800000090152,0.0057500000111758
2.47756698650803,0.0040000001899898,0.0038000000640749,0.0176500007510185,0.0176999997347593,0.00844999961555,0.0082000000402331,0.006800000090152,0.006349999923259,0.006800000090152,0.0057500000111758
2.47756698650803,0.0040000001899898,0.0038000000640749,0.0176500007510185,0.0176999997347593,0.00844999961555,0.0082000000402331,0.006800000090152,0.006349999923259,0.006800000090152,0.0057500000111758
2.47756698650803,0.0040000001899898,0.0038000000640749,0.0176500007510185,0.0176999997347593,0.00844999961555,0.0082000000402331,0.006800000090152,0.006349999923259,0.006800000090152,0.0057500000111758
2.47756698650803,0.0040000001899898,0.0038000000640749,0.0176500007510185,0.0176999997347593,0.00844999961555,0.0082000000402331,0.006800000090152,0.006349999923259,0.006800000090152,0.0057500000111758
2.47756698650803,0.0040000001899898,0.0038000000640749,0.0176500007510185,0.0176999997347593,0.00844999961555,0.0082000000402331,0.006800000090152,0.006349999923259,0.006800000090152,0.0057500000111758
2.47756698650803,0.0040000001899898,0.0038000000640749,0.0176500007510185,0.0176999997347593,0.00844999961555,0.0082000000402331,0.006800000090152,0.006349999923259,0.006800000090152,0.0057500000111758
2.47756698650803,0.0040000001899898,0.0038000000640749,0.0176500007510185,0.0176999997347593,0.00844999961555,0.0082000000402331,0.006800000090152,0.006349999923259,0.006800000090152,0.0057500000111758
2.47756698650803,0.0040000001899898,0.0038000000640749,0.0176500007510185,0.0176999997347593,0.00844999961555,0.0082000000402331,0.006800000090152,0.006349999923259,0.006800000090152,0.0057500000111758
2.47756698650803,0.0040000001899898,0.0038000000640749,0.0176500007510185,0.0176999997347593,0.00844999961555,0.0082000000402331,0.006800000090152,0.006349999923259,0.006800000090152,0.0057500000111758
2.47756698650803,0.0040000001899898,0.0038000000640749,0.0176500007510185,0.0176999997347593,0.00844999961555,0.0082000000402331,0.006800000090152,0.006349999923259,0.006800000090152,0.0057500000111758
2.47756698650803,0.0040000001899898,0.0038000000640749,0.0176500007510185,0.0176999997347593,0.00844999961555,0.0082000000402331,0.006800000090152,0.006349999923259,0.006800000090152,0.0057500000111758
2.47756698650803,0.0040000001899898,0.0038000000640749,0.0176500007510185,0.0176999997347593,0.00844999961555,0.0082000000402331,0.006800000090152,0.006349999923259,0.006800000090152,0.0057500000111758
2.47756698650803,0.0040000001899898,0.0038000000640749,0.0176500007510185,0.0176999997347593,0.00844999961555,0.0082000000402331,0.006800000090152,0.006349999923259,0.006800000090152,0.0057500000111758
2.47756698650803,0.0040000001899898,0.0038000000640749,0.0176500007510185,0.0176999997347593,0.00844999961555,0.0082000000402331,0.006800000090152,0.006349999923259,0.006800000090152,0.0057500000111758
2.47756698650803,0.0040000001899898,0.0038000000640749,0.0176500007510185,0.0176999997347593,0.00844999961555,0.0082000000402331,0.006800000090152,0.006349999923259,0.006800000090152,0.0057500000111758
2.47756698650803,0.0040000001899898,0.0038000000640749,0.0176500007510185,0.0176999997347593,0.00844999961555,0.0082000000402331,0.006800000090152,0.006349999923259,0.006800000090152,0.0057500000111758
2.47756698650803,0.0040000001899898,0.0038000000640749,0.0176500007510185,0.0176999997347593,0.00844999961555,0.0082000000402331,0.006800000090152,0.006349999923259,0.006800000090152,0.0057500000111758
2.47756698650803,0.0040000001899898,0.0038000000640749,0.0176500007510185,0.0176999997347593,0.00844999961555,0.0082000000402331,0.006800000090152,0.006349999923259,0.006800000090152,0.0057500000111758
2.47756698650803,0.0040000001899898,0.0038000000640749,0.0176500007510185,0.0176999997347593,0.00844999961555,0.0082000000402331,0.006800000090152,0.006349999923259,0.006800000090152,0.0057500000111758
2.47756698650803,0.0040000001899898,0.0038000000640749,0.0176500007510185,0.0176999997347593,0.00844999961555,0.0082000000402331,0.006800000090152,0.006349999923259,0.006800000090152,0.0057500000111758
2.47756698650803,0.0040000001899898,0.0038000000640749,0.0176500007510185,0.0176999997347593,0.00844999961555,0.0082000000402331,0.006800000090152,0.006349999923259,0.006800000090152,0.0057500000111758
2.47756698650803,0.0040000001899898,0.0038000000640749,0.0176500007510185,0.0176999997347593,0.00844999961555,0.0082000000402331,0.006800000090152,0.006349999923259,0.006800000090152,0.0057500000111758
2.47756698650803,0.0040000001899898,0.0038000000640749,0.0176500007510185,0.0176999997347593,0.00844999961555,0.0082000000402331,0.006800000090152,0.006349999923259,0.006800000090152,0.0057500000111758
2.47756698650803,0.0040000001899898,0.0038000000640749,0.0176500007510185,0.0176999997347593,0.00844999961555,0.0082000000402331,0.006800000090152,0.006349999923259,0.006800000090152,0.0057500000111758
2.47756698650803,0.0040000001899898,0.0038000000640749,0.0176500007510185,0.0176999997347593,0.00844999961555,0.0082000000402331,0.006800000090152,0.006349999923259,0.006800000090152,0.0057500000111758
2.47756698650803,0.0040000001899898,0.0038000000640749,0.0176500007510185,0.0176999997347593,0.00844999961555,0.0082000000402331,0.006800000090152,0.006349999923259,0.006800000090152,0.0057500000111758
2.47756698650803,0.0040000001899898,0.0038000000640749,0.0176500007510185,0.0176999997347593,0.00844999961555,0.0082000000402331,0.006800000090152,0.006349999923259,0.006800000090152,0.0057500000111758
2.47756698650803,0.0040000001899898,0.0038000000640749,0.0176500007510185,0.0176999997347593,0.00844999961555,0.0082000000402331,0.006800000090152,0.006349999923259,0.006800000090152,0.0057500000111758
2.47756698650803,0.0040000001899898,0.0038000000640749,0.0176500007510185,0.0176999997347593,0.00844999961555,0.0082000000402331,0.006800000090152,0.006349999923259,0.006800000090152,0.0057500000111758
2.47756698650803,0.0040000001899898,0.0038000000640749,0.0176500007510185,0.0176999997347593,0.00844999961555,0.0082000000402331,0.006800000090152,0.006349999923259,0.006800000090152,0.0057500000111758
2.47756698650803,0.0040000001899898,0.0038000000640749,0.0176500007510185,0.0176999997347593,0.00844999961555,0.0082000000402331,0.006800000090152,0.006349999923259,0.006800000090152,0.0057500000111758
2.47756698650803,0.0040000001899898,0.0038000000640749,0.0176500007510185,0.0176999997347593,0.00844999961555,0.0082000000402331,0.006800000090152,0.006349999923259,0.006800000090152,0.0057500000111758
2.47756698650803,0.0040000001899898,0.0038000000640749,0.0176500007510185,0.0176999997347593,0.00844999961555,0.0082000000402331,0.006800000090152,0.006349999923259,0.006800000090152,0.0057500000111758
2.47756698650803,0.0040000001899898,0.0038000000640749,0.0176500007510185,0.0176999997347593,0.00844999961555,0.0082000000402331,0.006800000090152,0.006349999923259,0.006800000090152,0.0057500000111758
2.47756698650803,0.0040000001899898,0.0038000000640749,0.0176500007510185,0.0176999997347593,0.00844999961555,0.0082000000402331,0.006800000090152,0.006349999923259,0.006800000090152,0.0057500000111758
2.47756698650803,0.0040000001899898,0.0038000000640749,0.0176500007510185,0.0176999997347593,0.00844999961555,0.0082000000402331,0.006800000090152,0.006349999923259,0.006800000090152,0.0057500000111758
2.47756698650803,0.0040000001899898,0.0038000000640749,0.0176500007510185,0.0176999997347593,0.00844999961555,0.0082000000402331,0.006800000090152,0.006349999923259,0.006800000090152,0.0057500000111758
2.47756698650803,0.0040000001899898,0.0038000000640749,0.0176500007510185,0.0176999997347593,0.00844999961555,0.0082000000402331,0.006800000090152,0.006349999923259,0.006800000090152,0.0057500000111758
2.47756698650803,0.0040000001899898,0.0038000000640749,0.0176500007510185,0.0176999997347593,0.00844999961555,0.0082000000402331,0.006800000090152,0.006349999923259,0.006800000090152,0.0057500000111758
2.47756698650803,0.0040000001899898,0.0038000000640749,0.0176500007510185,0.0176999997347593,0.00844999961555,0.0082000000402331,0.006800000090152,0.006349999923259,0.006800000090152,0.0057500000111758
2.47756698650803,0.0040000001899898,0.0038000000640749,0.0176500007510185,0.0176999997347593,0.00844999961555,0.0082000000402331,0.006800000090152,0.006349999923259,0.006800000090152,0.0057500000111758
2.47756698650803,0.0040000001899898,0.0038000000640749,0.0176500007510185,0.0176999997347593,0.00844999961555,0.0082000000402331,0.006800000090152,0.006349999923259,0.006800000090152,0.0057500000111758
2.47756698650803,0.0040000001899898,0.0038000000640749,0.0176500007510185,0.0176999997347593,0.00844999961555,0.0082000000402331,0.006800000090152,0.006349999923259,0.006800000090152,0.0057500000111758
2.47756698650803,0.0040000001899898,0.0038000000640749,0.0176500007510185,0.0176999997347593,0.00844999961555,0.0082000000402331,0.006800000090152,0.006349999923259,0.006800000090152,0.0057500000111758
2.47756698650803,0.0040000001899898,0.0038000000640749,0.0176500007510185,0.0176999997347593,0.00844999961555,0.0082000000402331,0.006800000090152,0.006349999923259,0.006800000090152,0.0057500000111758
2.47756698650803,0.0040000001899898,0.0038000000640749,0.0176500007510185,0.0176999997347593,0.00844999961555,0.0082000000402331,0.006800000090152,0.006349999923259,0.006800000090152,0.0057500000111758
2.47756698650803,0.0040000001899898,0.0038000000640749,0.0176500007510185,0.0176999997347593,0.00844999961555,0.0082000000402331,0.006800000090152,0.006349999923259,0.006800000090152,0.0057500000111758
2.47756698650803,0.0040000001899898,0.0038000000640749,0.0176500007510185,0.0176999997347593,0.00844999961555,0.0082000000402331,0.006800000090152,0.006349999923259,0.006800000090152,0.0057500000111758
2.47756698650803,0.0040000001899898,0.0038000000640749,0.0176500007510185,0.0176999997347593,0.00844999961555,0.0082000000402331,0.006800000090152,0.006349999923259,0.006800000090152,0.0057500000111758
2.47756698650803,0.0040000001899898,0.0038000000640749,0.0176500007510185,0.0176999997347593,0.00844999961555,0.0082000000402331,0.006800000090152,0.006349999923259,0.006800000090152,0.0057500000111758
2.47756698650803,0.0040000001899898,0.0038000000640749,0.0176500007510185,0.0176999997347593,0.00844999961555,0.0082000000402331,0.006800000090152,0.006349999923259,0.006800000090152,0.0057500000111758
2.47756698650803,0.0040000001899898,0.0038000000640749,0.0176500007510185,0.0176999997347593,0.00844999961555,0.0082000000402331,0.006800000090152,0.006349999923259,0.006800000090152,0.0057500000111758
2.47756698650803,0.0040000001899898,0.0038000000640749,0.0176500007510185,0.0176999997347593,0.00844999961555,0.0082000000402331,0.006800000090152,0.006349999923259,0.006800000090152,0.0057500000111758
2.47756698650803,0.0040000001899898,0.0038000000640749,0.0176500007510185,0.0176999997347593,0.00844999961555,0.0082000000402331,0.006800000090152,0.006349999923259,0.006800000090152,0.0057500000111758
2.47756698650803,0.0040000001899898,0.0038000000640749,0.0176500007510185,0.0176999997347593,0.00844999961555,0.0082000000402331,0.006800000090152,0.006349999923259,0.006800000090152,0.0057500000111758
2.47756698650803,0.0040000001899898,0.0038000000640749,0.0176500007510185,0.0176999997347593,0.00844999961555,0.0082000000402331,0.006800000090152,0.006349999923259,0.006800000090152,0.0057500000111758
2.47756698650803,0.0040000001899898,0.0038000000640749,0.0176500007510185,0.0176999997347593,0.00844999961555,0.0082000000402331,0.006800000090152,0.006349999923259,0.006800000090152,0.0057500000111758
2.47756698650803,0.0040000001899898,0.0038000000640749,0.0176500007510185,0.0176999997347593,0.00844999961555,0.0082000000402331,0.006800000090152,0.006349999923259,0.006800000090152,0.0057500000111758
2.47756698650803,0.0040000001899898,0.0038000000640749,0.0176500007510185,0.0176999997347593,0.00844999961555,0.0082000000402331,0.006800000090152,0.006349999923259,0.006800000090152,0.0057500000111758
2.47756698650803,0.0040000001899898,0.0038000000640749,0.0176500007510185,0.0176999997347593,0.00844999961555,0.0082000000402331,0.006800000090152,0.006349999923259,0.006800000090152,0.0057500000111758
2.47756698650803,0.0040000001899898,0.0038000000640749,0.0176500007510185,0.0176999997347593,0.00844999961555,0.0082000000402331,0.006800000090152,0.006349999923259,0.006800000090152,0.0057500000111758
2.47756698650803,0.0040000001899898,0.0038000000640749,0.0176500007510185,0.0176999997347593,0.00844999961555,0.0082000000402331,0.006800000090152,0.006349999923259,0.006800000090152,0.0057500000111758
2.47756698650803,0.0040000001899898,0.0038000000640749,0.0176500007510185,0.0176999997347593,0.00844999961555,0.0082000000402331,0.006800000090152,0.006349999923259,0.006800000090152,0.0057500000111758
2.47756698650803,0.0040000001899898,0.0038000000640749,0.0176500007510185,0.0176999997347593,0.00844999961555,0.0082000000402331,0.006800000090152,0.006349999923259,0.006800000090152,0.0057500000111758
2.47756698650803,0.0040000001899898,0.0038000000640749,0.0176500007510185,0.0176999997347593,0.00844999961555,0.0082000000402331,0.006800000090152,0.006349999923259,0.006800000090152,0.0057500000111758
2.47756698650803,0.0040000001899898,0.0038000000640749,0.0176500007510185,0.0176999997347593,0.00844999961555,0.0082000000402331,0.006800000090152,0.006349999923259,0.006800000090152,0.0057500000111758
2.47756698650803,0.0040000001899898,0.0038000000640749,0.0176500007510185,0.0176999997347593,0.00844999961555,0.0082000000402331,0.006800000090152,0.006349999923259,0.006800000090152,0.0057500000111758
2.47756698650803,0.0040000001899898,0.0038000000640749,0.0176500007510185,0.0176999997347593,0.00844999961555,0.0082000000402331,0.006800000090152,0.006349999923259,0.006800000090152,0.0057500000111758
2.47756698650803,0.0040000001899898,0.0038000000640749,0.0176500007510185,0.0176999997347593,0.00844999961555,0.0082000000402331,0.006800000090152,0.006349999923259,0.006800000090152,0.0057500000111758
2.47756698650803,0.0040000001899898,0.0038000000640749,0.0176500007510185,0.0176999997347593,0.00844999961555,0.0082000000402331,0.006800000090152,0.006349999923259,0.006800000090152,0.0057500000111758
2.47756698650803,0.0040000001899898,0.0038000000640749,0.0176500007510185,0.0176999997347593,0.00844999961555,0.0082000000402331,0.006800000090152,0.006349999923259,0.006800000090152,0.0057500000111758
2.47756698650803,0.0040000001899898,0.0038000000640749,0.0176500007510185,0.0176999997347593,0.00844999961555,0.0082000000402331,0.006800000090152,0.006349999923259,0.006800000090152,0.0057500000111758
2.47756698650803,0.0040000001899898,0.0038000000640749,0.0176500007510185,0.0176999997347593,0.00844999961555,0.0082000000402331,0.006800000090152,0.006349999923259,0.006800000090152,0.0057500000111758
2.47756698650803,0.0040000001899898,0.0038000000640749,0.0176500007510185,0.0176999997347593,0.00844999961555,0.0082000000402331,0.006800000090152,0.006349999923259,0.006800000090152,0.0057500000111758
2.47756698650803,0.0040000001899898,0.0038000000640749,0.0176500007510185,0.0176999997347593,0.00844999961555,0.0082000000402331,0.006800000090152,0.006349999923259,0.006800000090152,0.0057500000111758
2.47756698650803,0.0040000001899898,0.0038000000640749,0.0176500007510185,0.0176999997347593,0.00844999961555,0.0082000000402331,0.006800000090152,0.006349999923259,0.006800000090152,0.0057500000111758
2.47756698650803,0.0040000001899898,0.0038000000640749,0.0176500007510185,0.0176999997347593,0.00844999961555,0.0082000000402331,0.006800000090152,0.006349999923259,0.006800000090152,0.0057500000111758
2.47756698650803,0.0040000001899898,0.0038000000640749,0.0176500007510185,0.0176999997347593,0.00844999961555,0.0082000000402331,0.006800000090152,0.006349999923259,0.006800000090152,0.0057500000111758
2.47756698650803,0.0040000001899898,0.0038000000640749,0.0176500007510185,0.0176999997347593,0.00844999961555,0.0082000000402331,0.006800000090152,0.006349999923259,0.006800000090152,0.0057500000111758
2.47756698650803,0.0040000001899898,0.0038000000640749,0.0176500007510185,0.0176999997347593,0.00844999961555,0.0082000000402331,0.006800000090152,0.006349999923259,0.006800000090152,0.0057500000111758
2.47756698650803,0.0040000001899898,0.0038000000640749,0.0176500007510185,0.0176999997347593,0.00844999961555,0.0082000000402331,0.006800000090152,0.006349999923259,0.006800000090152,0.0057500000111758
2.47756698650803,0.0040000001899898,0.0038000000640749,0.0176500007510185,0.0176999997347593,0.00844999961555,0.0082000000402331,0.006800000090152,0.006349999923259,0.006800000090152,0.0057500000111758
2.47756698650803,0.0040000001899898,0.0038000000640749,0.0176500007510185,0.0176999997347593,0.00844999961555,0.0082000000402331,0.006800000090152,0.006349999923259,0.006800000090152,0.0057500000111758
2.47756698650803,0.0040000001899898,0.0038000000640749,0.0176500007510185,0.0176999997347593,0.00844999961555,0.0082000000402331,0.006800000090152,0.006349999923259,0.006800000090152,0.0057500000111758
2.2651293295702,0.0040000001899898,0.0038000000640749,0.0176500007510185,0.0176999997347593,0.00844999961555,0.0082000000402331,0.006800000090152,0.006349999923259,0.006800000090152,0.0057500000111758
2.2651293295702,0.0040000001899898,0.0038000000640749,0.0176500007510185,0.0176999997347593,0.00844999961555,0.0082000000402331,0.006800000090152,0.006349999923259,0.006800000090152,0.0057500000111758
2.2651293295702,0.0040000001899898,0.0038000000640749,0.0176500007510185,0.0176999997347593,0.00844999961555,0.0082000000402331,0.006800000090152,0.006349999923259,0.006800000090152,0.0057500000111758
2.2651293295702,0.0040000001899898,0.0038000000640749,0.0176500007510185,0.0176999997347593,0.00844999961555,0.0082000000402331,0.006800000090152,0.006349999923259,0.006800000090152,0.0057500000111758
2.2651293295702,0.0040000001899898,0.0038000000640749,0.0176500007510185,0.0176999997347593,0.00844999961555,0.0082000000402331,0.006800000090152,0.006349999923259,0.006800000090152,0.0057500000111758
2.2651293295702,0.0040000001899898,0.0038000000640749,0.0176500007510185,0.0176999997347593,0.00844999961555,0.0082000000402331,0.006800000090152,0.006349999923259,0.006800000090152,0.0057500000111758
2.2651293295702,0.0040000001899898,0.0038000000640749,0.0176500007510185,0.0176999997347593,0.00844999961555,0.0082000000402331,0.006800000090152,0.006349999923259,0.006800000090152,0.0057500000111758
2.2651293295702,0.0040000001899898,0.0038000000640749,0.0176500007510185,0.0176999997347593,0.00844999961555,0.0082000000402331,0.006800000090152,0.006349999923259,0.006800000090152,0.0057500000111758
2.2651293295702,0.0040000001899898,0.0038000000640749,0.0176500007510185,0.0176999997347593,0.00844999961555,0.0082000000402331,0.006800000090152,0.006349999923259,0.006800000090152,0.0057500000111758
2.2651293295702,0.0040000001899898,0.0038000000640749,0.0176500007510185,0.0176999997347593,0.00844999961555,0.0082000000402331,0.006800000090152,0.006349999923259,0.006800000090152,0.0057500000111758
2.2651293295702,0.0040000001899898,0.0038000000640749,0.0176500007510185,0.0176999997347593,0.00844999961555,0.0082000000402331,0.006800000090152,0.006349999923259,0.006800000090152,0.0057500000111758
2.2651293295702,0.0040000001899898,0.0038000000640749,0.0176500007510185,0.0176999997347593,0.00844999961555,0.0082000000402331,0.006800000090152,0.006349999923259,0.006800000090152,0.0057500000111758
2.2651293295702,0.0040000001899898,0.0038000000640749,0.0176500007510185,0.0176999997347593,0.00844999961555,0.0082000000402331,0.006800000090152,0.006349999923259,0.006800000090152,0.0057500000111758
2.2651293295702,0.0040000001899898,0.0038000000640749,0.0176500007510185,0.0176999997347593,0.00844999961555,0.0082000000402331,0.006800000090152,0.006349999923259,0.006800000090152,0.0057500000111758
2.2651293295702,0.0040000001899898,0.0038000000640749,0.0176500007510185,0.0176999997347593,0.00844999961555,0.0082000000402331,0.006800000090152,0.006349999923259,0.006800000090152,0.0057500000111758
2.2651293295702,0.0040000001899898,0.0038000000640749,0.0176500007510185,0.0176999997347593,0.00844999961555,0.0082000000402331,0.006800000090152,0.006349999923259,0.006800000090152,0.0057500000111758
2.2651293295702,0.0040000001899898,0.0038000000640749,0.0176500007510185,0.0176999997347593,0.00844999961555,0.0082000000402331,0.006800000090152,0.006349999923259,0.006800000090152,0.0057500000111758
2.2651293295702,0.0040000001899898,0.0038000000640749,0.0176500007510185,0.0176999997347593,0.00844999961555,0.0082000000402331,0.006800000090152,0.006349999923259,0.006800000090152,0.0057500000111758
2.2651293295702,0.0040000001899898,0.0038000000640749,0.0176500007510185,0.0176999997347593,0.00844999961555,0.0082000000402331,0.006800000090152,0.006349999923259,0.006800000090152,0.0057500000111758
2.2651293295702,0.0040000001899898,0.0038000000640749,0.0176500007510185,0.0176999997347593,0.00844999961555,0.0082000000402331,0.006800000090152,0.006349999923259,0.006800000090152,0.0057500000111758
2.2651293295702,0.0040000001899898,0.0038000000640749,0.0176500007510185,0.0176999997347593,0.00844999961555,0.0082000000402331,0.006800000090152,0.006349999923259,0.006800000090152,0.0057500000111758
2.2651293295702,0.0040000001899898,0.0038000000640749,0.0176500007510185,0.0176999997347593,0.00844999961555,0.0082000000402331,0.006800000090152,0.006349999923259,0.006800000090152,0.0057500000111758
2.2651293295702,0.0040000001899898,0.0038000000640749,0.0176500007510185,0.0176999997347593,0.00844999961555,0.0082000000402331,0.006800000090152,0.006349999923259,0.006800000090152,0.0057500000111758
2.2651293295702,0.0040000001899898,0.0038000000640749,0.0176500007510185,0.0176999997347593,0.00844999961555,0.0082000000402331,0.006800000090152,0.006349999923259,0.006800000090152,0.0057500000111758
2.2651293295702,0.0040000001899898,0.0038000000640749,0.0176500007510185,0.0176999997347593,0.00844999961555,0.0082000000402331,0.006800000090152,0.006349999923259,0.006800000090152,0.0057500000111758
2.2651293295702,0.0040000001899898,0.0038000000640749,0.0176500007510185,0.0176999997347593,0.00844999961555,0.0082000000402331,0.006800000090152,0.006349999923259,0.006800000090152,0.0057500000111758
2.2651293295702,0.0040000001899898,0.0038000000640749,0.0176500007510185,0.0176999997347593,0.00844999961555,0.0082000000402331,0.006800000090152,0.006349999923259,0.006800000090152,0.0057500000111758
2.2651293295702,0.0040000001899898,0.0038000000640749,0.0176500007510185,0.0176999997347593,0.00844999961555,0.0082000000402331,0.006800000090152,0.006349999923259,0.006800000090152,0.0057500000111758
2.2651293295702,0.0040000001899898,0.0038000000640749,0.0176500007510185,0.0176999997347593,0.00844999961555,0.0082000000402331,0.006800000090152,0.006349999923259,0.006800000090152,0.0057500000111758
2.2651293295702,0.0040000001899898,0.0038000000640749,0.0176500007510185,0.0176999997347593,0.00844999961555,0.0082000000402331,0.006800000090152,0.006349999923259,0.006800000090152,0.0057500000111758
2.2651293295702,0.0040000001899898,0.0038000000640749,0.0176500007510185,0.0176999997347593,0.00844999961555,0.0082000000402331,0.006800000090152,0.006349999923259,0.006800000090152,0.0057500000111758
2.2651293295702,0.0040000001899898,0.0038000000640749,0.0176500007510185,0.0176999997347593,0.00844999961555,0.0082000000402331,0.006800000090152,0.006349999923259,0.006800000090152,0.0057500000111758
2.2651293295702,0.0040000001899898,0.0038000000640749,0.0176500007510185,0.0176999997347593,0.00844999961555,0.0082000000402331,0.006800000090152,0.006349999923259,0.006800000090152,0.0057500000111758
2.2651293295702,0.0040000001899898,0.0038000000640749,0.0176500007510185,0.0176999997347593,0.00844999961555,0.0082000000402331,0.006800000090152,0.006349999923259,0.006800000090152,0.0057500000111758
2.2651293295702,0.0040000001899898,0.0038000000640749,0.0176500007510185,0.0176999997347593,0.00844999961555,0.0082000000402331,0.006800000090152,0.006349999923259,0.006800000090152,0.0057500000111758
2.2651293295702,0.0040000001899898,0.0038000000640749,0.0176500007510185,0.0176999997347593,0.00844999961555,0.0082000000402331,0.006800000090152,0.006349999923259,0.006800000090152,0.0057500000111758
2.2651293295702,0.0040000001899898,0.0038000000640749,0.0176500007510185,0.0176999997347593,0.00844999961555,0.0082000000402331,0.006800000090152,0.006349999923259,0.006800000090152,0.0057500000111758
2.2651293295702,0.0040000001899898,0.0038000000640749,0.0176500007510185,0.0176999997347593,0.00844999961555,0.0082000000402331,0.006800000090152,0.006349999923259,0.006800000090152,0.0057500000111758
2.2651293295702,0.0040000001899898,0.0038000000640749,0.0176500007510185,0.0176999997347593,0.00844999961555,0.0082000000402331,0.006800000090152,0.006349999923259,0.006800000090152,0.0057500000111758
2.2651293295702,0.0040000001899898,0.0038000000640749,0.0176500007510185,0.0176999997347593,0.00844999961555,0.0082000000402331,0.006800000090152,0.006349999923259,0.006800000090152,0.0057500000111758
2.2651293295702,0.0040000001899898,0.0038000000640749,0.0176500007510185,0.0176999997347593,0.00844999961555,0.0082000000402331,0.006800000090152,0.006349999923259,0.006800000090152,0.0057500000111758
2.2651293295702,0.0040000001899898,0.0038000000640749,0.0176500007510185,0.0176999997347593,0.00844999961555,0.0082000000402331,0.006800000090152,0.006349999923259,0.006800000090152,0.0057500000111758
2.2651293295702,0.0040000001899898,0.0038000000640749,0.0176500007510185,0.0176999997347593,0.00844999961555,0.0082000000402331,0.006800000090152,0.006349999923259,0.006800000090152,0.0057500000111758
2.2651293295702,0.0040000001899898,0.0038000000640749,0.0176500007510185,0.0176999997347593,0.00844999961555,0.0082000000402331,0.006800000090152,0.006349999923259,0.006800000090152,0.0057500000111758
2.2651293295702,0.0040000001899898,0.0038000000640749,0.0176500007510185,0.0176999997347593,0.00844999961555,0.0082000000402331,0.006800000090152,0.006349999923259,0.006800000090152,0.0057500000111758
2.2651293295702,0.0040000001899898,0.0038000000640749,0.0176500007510185,0.0176999997347593,0.00844999961555,0.0082000000402331,0.006800000090152,0.006349999923259,0.006800000090152,0.0057500000111758
2.2651293295702,0.0040000001899898,0.0038000000640749,0.0176500007510185,0.0176999997347593,0.00844999961555,0.0082000000402331,0.006800000090152,0.006349999923259,0.006800000090152,0.0057500000111758
2.2651293295702,0.0040000001899898,0.0038000000640749,0.0176500007510185,0.0176999997347593,0.00844999961555,0.0082000000402331,0.006800000090152,0.006349999923259,0.006800000090152,0.0057500000111758
2.2651293295702,0.0040000001899898,0.0038000000640749,0.0176500007510185,0.0176999997347593,0.00844999961555,0.0082000000402331,0.006800000090152,0.006349999923259,0.006800000090152,0.0057500000111758
2.2651293295702,0.0040000001899898,0.0038000000640749,0.0176500007510185,0.0176999997347593,0.00844999961555,0.0082000000402331,0.006800000090152,0.006349999923259,0.006800000090152,0.0057500000111758
2.2651293295702,0.0040000001899898,0.0038000000640749,0.0176500007510185,0.0176999997347593,0.00844999961555,0.0082000000402331,0.006800000090152,0.006349999923259,0.006800000090152,0.0057500000111758
2.2651293295702,0.0040000001899898,0.0038000000640749,0.0176500007510185,0.0176999997347593,0.00844999961555,0.0082000000402331,0.006800000090152,0.006349999923259,0.006800000090152,0.0057500000111758
2.2651293295702,0.0040000001899898,0.0038000000640749,0.0176500007510185,0.0176999997347593,0.00844999961555,0.0082000000402331,0.006800000090152,0.006349999923259,0.006800000090152,0.0057500000111758
2.2651293295702,0.0040000001899898,0.0038000000640749,0.0176500007510185,0.0176999997347593,0.00844999961555,0.0082000000402331,0.006800000090152,0.006349999923259,0.006800000090152,0.0057500000111758
2.2651293295702,0.0040000001899898,0.0038000000640749,0.0176500007510185,0.0176999997347593,0.00844999961555,0.0082000000402331,0.006800000090152,0.006349999923259,0.006800000090152,0.0057500000111758
2.2651293295702,0.0040000001899898,0.0038000000640749,0.0176500007510185,0.0176999997347593,0.00844999961555,0.0082000000402331,0.006800000090152,0.006349999923259,0.006800000090152,0.0057500000111758
2.2651293295702,0.0040000001899898,0.0038000000640749,0.0176500007510185,0.0176999997347593,0.00844999961555,0.0082000000402331,0.006800000090152,0.006349999923259,0.006800000090152,0.0057500000111758
2.2651293295702,0.0040000001899898,0.0038000000640749,0.0176500007510185,0.0176999997347593,0.00844999961555,0.0082000000402331,0.006800000090152,0.006349999923259,0.006800000090152,0.0057500000111758
2.2651293295702,0.0040000001899898,0.0038000000640749,0.0176500007510185,0.0176999997347593,0.00844999961555,0.0082000000402331,0.006800000090152,0.006349999923259,0.006800000090152,0.0057500000111758
2.2651293295702,0.0040000001899898,0.0038000000640749,0.0176500007510185,0.0176999997347593,0.00844999961555,0.0082000000402331,0.006800000090152,0.006349999923259,0.006800000090152,0.0057500000111758
2.2651293295702,0.0040000001899898,0.0038000000640749,0.0176500007510185,0.0176999997347593,0.00844999961555,0.0082000000402331,0.006800000090152,0.006349999923259,0.006800000090152,0.0057500000111758
2.2651293295702,0.0040000001899898,0.0038000000640749,0.0176500007510185,0.0176999997347593,0.00844999961555,0.0082000000402331,0.006800000090152,0.006349999923259,0.006800000090152,0.0057500000111758
2.2651293295702,0.0040000001899898,0.0038000000640749,0.0176500007510185,0.0176999997347593,0.00844999961555,0.0082000000402331,0.006800000090152,0.006349999923259,0.006800000090152,0.0057500000111758
2.2651293295702,0.0040000001899898,0.0038000000640749,0.0176500007510185,0.0176999997347593,0.00844999961555,0.0082000000402331,0.006800000090152,0.006349999923259,0.006800000090152,0.0057500000111758
2.2651293295702,0.0040000001899898,0.0038000000640749,0.0176500007510185,0.0176999997347593,0.00844999961555,0.0082000000402331,0.006800000090152,0.006349999923259,0.006800000090152,0.0057500000111758
2.2651293295702,0.0040000001899898,0.0038000000640749,0.0176500007510185,0.0176999997347593,0.00844999961555,0.0082000000402331,0.006800000090152,0.006349999923259,0.006800000090152,0.0057500000111758
2.2651293295702,0.0040000001899898,0.0038000000640749,0.0176500007510185,0.0176999997347593,0.00844999961555,0.0082000000402331,0.006800000090152,0.006349999923259,0.006800000090152,0.0057500000111758
2.2651293295702,0.0040000001899898,0.0038000000640749,0.0176500007510185,0.0176999997347593,0.00844999961555,0.0082000000402331,0.006800000090152,0.006349999923259,0.006800000090152,0.0057500000111758
2.2651293295702,0.0040000001899898,0.0038000000640749,0.0176500007510185,0.0176999997347593,0.00844999961555,0.0082000000402331,0.006800000090152,0.006349999923259,0.006800000090152,0.0057500000111758
2.2651293295702,0.0040000001899898,0.0038000000640749,0.0176500007510185,0.0176999997347593,0.00844999961555,0.0082000000402331,0.006800000090152,0.006349999923259,0.006800000090152,0.0057500000111758
2.2651293295702,0.0040000001899898,0.0038000000640749,0.0176500007510185,0.0176999997347593,0.00844999961555,0.0082000000402331,0.006800000090152,0.006349999923259,0.006800000090152,0.0057500000111758
2.2651293295702,0.0040000001899898,0.0038000000640749,0.0176500007510185,0.0176999997347593,0.00844999961555,0.0082000000402331,0.006800000090152,0.006349999923259,0.006800000090152,0.0057500000111758
2.2651293295702,0.0040000001899898,0.0038000000640749,0.0176500007510185,0.0176999997347593,0.00844999961555,0.0082000000402331,0.006800000090152,0.006349999923259,0.006800000090152,0.0057500000111758
2.2651293295702,0.0040000001899898,0.0038000000640749,0.0176500007510185,0.0176999997347593,0.00844999961555,0.0082000000402331,0.006800000090152,0.006349999923259,0.006800000090152,0.0057500000111758
2.2651293295702,0.0040000001899898,0.0038000000640749,0.0176500007510185,0.0176999997347593,0.00844999961555,0.0082000000402331,0.006800000090152,0.006349999923259,0.006800000090152,0.0057500000111758
2.2651293295702,0.0040000001899898,0.0038000000640749,0.0176500007510185,0.0176999997347593,0.00844999961555,0.0082000000402331,0.006800000090152,0.006349999923259,0.006800000090152,0.0057500000111758
2.2651293295702,0.0040000001899898,0.0038000000640749,0.0176500007510185,0.0176999997347593,0.00844999961555,0.0082000000402331,0.006800000090152,0.006349999923259,0.006800000090152,0.0057500000111758
2.2651293295702,0.0040000001899898,0.0038000000640749,0.0176500007510185,0.0176999997347593,0.00844999961555,0.0082000000402331,0.006800000090152,0.006349999923259,0.006800000090152,0.0057500000111758
2.2651293295702,0.0040000001899898,0.0038000000640749,0.0176500007510185,0.0176999997347593,0.00844999961555,0.0082000000402331,0.006800000090152,0.006349999923259,0.006800000090152,0.0057500000111758
2.2651293295702,0.0040000001899898,0.0038000000640749,0.0176500007510185,0.0176999997347593,0.00844999961555,0.0082000000402331,0.006800000090152,0.006349999923259,0.006800000090152,0.0057500000111758
2.2651293295702,0.0040000001899898,0.0038000000640749,0.0176500007510185,0.0176999997347593,0.00844999961555,0.0082000000402331,0.006800000090152,0.006349999923259,0.006800000090152,0.0057500000111758
2.2651293295702,0.0040000001899898,0.0038000000640749,0.0176500007510185,0.0176999997347593,0.00844999961555,0.0082000000402331,0.006800000090152,0.006349999923259,0.006800000090152,0.0057500000111758
2.2651293295702,0.0040000001899898,0.0038000000640749,0.0176500007510185,0.0176999997347593,0.00844999961555,0.0082000000402331,0.006800000090152,0.006349999923259,0.006800000090152,0.0057500000111758
2.2651293295702,0.0040000001899898,0.0038000000640749,0.0176500007510185,0.0176999997347593,0.00844999961555,0.0082000000402331,0.006800000090152,0.006349999923259,0.006800000090152,0.0057500000111758
2.2651293295702,0.0040000001899898,0.0038000000640749,0.0176500007510185,0.0176999997347593,0.00844999961555,0.0082000000402331,0.006800000090152,0.006349999923259,0.006800000090152,0.0057500000111758
2.2651293295702,0.0040000001899898,0.0038000000640749,0.0176500007510185,0.0176999997347593,0.00844999961555,0.0082000000402331,0.006800000090152,0.006349999923259,0.006800000090152,0.0057500000111758
2.2651293295702,0.0040000001899898,0.0038000000640749,0.0176500007510185,0.0176999997347593,0.00844999961555,0.0082000000402331,0.006800000090152,0.006349999923259,0.006800000090152,0.0057500000111758
2.2651293295702,0.0040000001899898,0.0038000000640749,0.0176500007510185,0.0176999997347593,0.00844999961555,0.0082000000402331,0.006800000090152,0.006349999923259,0.006800000090152,0.0057500000111758
2.2651293295702,0.0040000001899898,0.0038000000640749,0.0176500007510185,0.0176999997347593,0.00844999961555,0.0082000000402331,0.006800000090152,0.006349999923259,0.006800000090152,0.0057500000111758
2.2651293295702,0.0040000001899898,0.0038000000640749,0.0176500007510185,0.0176999997347593,0.00844999961555,0.0082000000402331,0.006800000090152,0.006349999923259,0.006800000090152,0.0057500000111758
2.2651293295702,0.0040000001899898,0.0038000000640749,0.0176500007510185,0.0176999997347593,0.00844999961555,0.0082000000402331,0.006800000090152,0.006349999923259,0.006800000090152,0.0057500000111758
2.2651293295702,0.0040000001899898,0.0038000000640749,0.0176500007510185,0.0176999997347593,0.00844999961555,0.0082000000402331,0.006800000090152,0.006349999923259,0.006800000090152,0.0057500000111758
2.2651293295702,0.0040000001899898,0.0038000000640749,0.0176500007510185,0.0176999997347593,0.00844999961555,0.0082000000402331,0.006800000090152,0.006349999923259,0.006800000090152,0.0057500000111758
2.2651293295702,0.0040000001899898,0.0038000000640749,0.0176500007510185,0.0176999997347593,0.00844999961555,0.0082000000402331,0.006800000090152,0.006349999923259,0.006800000090152,0.0057500000111758
2.2651293295702,0.0040000001899898,0.0038000000640749,0.0176500007510185,0.0176999997347593,0.00844999961555,0.0082000000402331,0.006800000090152,0.006349999923259,0.006800000090152,0.0057500000111758
2.2651293295702,0.0040000001899898,0.0038000000640749,0.0176500007510185,0.0176999997347593,0.00844999961555,0.0082000000402331,0.006800000090152,0.006349999923259,0.006800000090152,0.0057500000111758
2.2651293295702,0.0040000001899898,0.0038000000640749,0.0176500007510185,0.0176999997347593,0.00844999961555,0.0082000000402331,0.006800000090152,0.006349999923259,0.006800000090152,0.0057500000111758
2.2651293295702,0.0040000001899898,0.0038000000640749,0.0176500007510185,0.0176999997347593,0.00844999961555,0.0082000000402331,0.006800000090152,0.006349999923259,0.006800000090152,0.0057500000111758
2.2651293295702,0.0040000001899898,0.0038000000640749,0.0176500007510185,0.0176999997347593,0.00844999961555,0.0082000000402331,0.006800000090152,0.006349999923259,0.006800000090152,0.0057500000111758
2.2651293295702,0.0040000001899898,0.0038000000640749,0.0176500007510185,0.0176999997347593,0.00844999961555,0.0082000000402331,0.006800000090152,0.006349999923259,0.006800000090152,0.0057500000111758
2.2651293295702,0.0040000001899898,0.0038000000640749,0.0176500007510185,0.0176999997347593,0.00844999961555,0.0082000000402331,0.006800000090152,0.006349999923259,0.006800000090152,0.0057500000111758
2.2651293295702,0.0040000001899898,0.0038000000640749,0.0176500007510185,0.0176999997347593,0.00844999961555,0.0082000000402331,0.006800000090152,0.006349999923259,0.006800000090152,0.0057500000111758
2.2651293295702,0.0040000001899898,0.0038000000640749,0.0176500007510185,0.0176999997347593,0.00844999961555,0.0082000000402331,0.006800000090152,0.006349999923259,0.006800000090152,0.0057500000111758
2.2651293295702,0.0040000001899898,0.0038000000640749,0.0176500007510185,0.0176999997347593,0.00844999961555,0.0082000000402331,0.006800000090152,0.006349999923259,0.006800000090152,0.0057500000111758
2.2651293295702,0.0040000001899898,0.0038000000640749,0.0176500007510185,0.0176999997347593,0.00844999961555,0.0082000000402331,0.006800000090152,0.006349999923259,0.006800000090152,0.0057500000111758
2.2651293295702,0.0040000001899898,0.0038000000640749,0.0176500007510185,0.0176999997347593,0.00844999961555,0.0082000000402331,0.006800000090152,0.006349999923259,0.006800000090152,0.0057500000111758
2.2651293295702,0.0040000001899898,0.0038000000640749,0.0176500007510185,0.0176999997347593,0.00844999961555,0.0082000000402331,0.006800000090152,0.006349999923259,0.006800000090152,0.0057500000111758
2.2651293295702,0.0040000001899898,0.0038000000640749,0.0176500007510185,0.0176999997347593,0.00844999961555,0.0082000000402331,0.006800000090152,0.006349999923259,0.006800000090152,0.0057500000111758
2.2651293295702,0.0040000001899898,0.0038000000640749,0.0176500007510185,0.0176999997347593,0.00844999961555,0.0082000000402331,0.006800000090152,0.006349999923259,0.006800000090152,0.0057500000111758
2.2651293295702,0.0040000001899898,0.0038000000640749,0.0176500007510185,0.0176999997347593,0.00844999961555,0.0082000000402331,0.006800000090152,0.006349999923259,0.006800000090152,0.0057500000111758
2.2651293295702,0.0040000001899898,0.0038000000640749,0.0176500007510185,0.0176999997347593,0.00844999961555,0.0082000000402331,0.006800000090152,0.006349999923259,0.006800000090152,0.0057500000111758
2.2651293295702,0.0040000001899898,0.0038000000640749,0.0176500007510185,0.0176999997347593,0.00844999961555,0.0082000000402331,0.006800000090152,0.006349999923259,0.006800000090152,0.0057500000111758
2.2651293295702,0.0040000001899898,0.0038000000640749,0.0176500007510185,0.0176999997347593,0.00844999961555,0.0082000000402331,0.006800000090152,0.006349999923259,0.006800000090152,0.0057500000111758
2.2651293295702,0.0040000001899898,0.0038000000640749,0.0176500007510185,0.0176999997347593,0.00844999961555,0.0082000000402331,0.006800000090152,0.006349999923259,0.006800000090152,0.0057500000111758
2.2651293295702,0.0040000001899898,0.0038000000640749,0.0176500007510185,0.0176999997347593,0.00844999961555,0.0082000000402331,0.006800000090152,0.006349999923259,0.006800000090152,0.0057500000111758
2.2651293295702,0.0040000001899898,0.0038000000640749,0.0176500007510185,0.0176999997347593,0.00844999961555,0.0082000000402331,0.006800000090152,0.006349999923259,0.006800000090152,0.0057500000111758
2.2651293295702,0.0040000001899898,0.0038000000640749,0.0176500007510185,0.0176999997347593,0.00844999961555,0.0082000000402331,0.006800000090152,0.006349999923259,0.006800000090152,0.0057500000111758
2.2651293295702,0.0040000001899898,0.0038000000640749,0.0176500007510185,0.0176999997347593,0.00844999961555,0.0082000000402331,0.006800000090152,0.006349999923259,0.006800000090152,0.0057500000111758
2.2651293295702,0.0040000001899898,0.0038000000640749,0.0176500007510185,0.0176999997347593,0.00844999961555,0.0082000000402331,0.006800000090152,0.006349999923259,0.006800000090152,0.0057500000111758
2.2651293295702,0.0040000001899898,0.0038000000640749,0.0176500007510185,0.0176999997347593,0.00844999961555,0.0082000000402331,0.006800000090152,0.006349999923259,0.006800000090152,0.0057500000111758
2.2651293295702,0.0040000001899898,0.0038000000640749,0.0176500007510185,0.0176999997347593,0.00844999961555,0.0082000000402331,0.006800000090152,0.006349999923259,0.006800000090152,0.0057500000111758
2.2651293295702,0.0040000001899898,0.0038000000640749,0.0176500007510185,0.0176999997347593,0.00844999961555,0.0082000000402331,0.006800000090152,0.006349999923259,0.006800000090152,0.0057500000111758
2.2651293295702,0.0040000001899898,0.0038000000640749,0.0176500007510185,0.0176999997347593,0.00844999961555,0.0082000000402331,0.006800000090152,0.006349999923259,0.006800000090152,0.0057500000111758
2.2651293295702,0.0040000001899898,0.0038000000640749,0.0176500007510185,0.0176999997347593,0.00844999961555,0.0082000000402331,0.006800000090152,0.006349999923259,0.006800000090152,0.0057500000111758
2.2651293295702,0.0040000001899898,0.0038000000640749,0.0176500007510185,0.0176999997347593,0.00844999961555,0.0082000000402331,0.006800000090152,0.006349999923259,0.006800000090152,0.0057500000111758
2.2651293295702,0.0040000001899898,0.0038000000640749,0.0176500007510185,0.0176999997347593,0.00844999961555,0.0082000000402331,0.006800000090152,0.006349999923259,0.006800000090152,0.0057500000111758
2.2651293295702,0.0040000001899898,0.0038000000640749,0.0176500007510185,0.0176999997347593,0.00844999961555,0.0082000000402331,0.006800000090152,0.006349999923259,0.006800000090152,0.0057500000111758
2.2651293295702,0.0040000001899898,0.0038000000640749,0.0176500007510185,0.0176999997347593,0.00844999961555,0.0082000000402331,0.006800000090152,0.006349999923259,0.006800000090152,0.0057500000111758
2.2651293295702,0.0040000001899898,0.0038000000640749,0.0176500007510185,0.0176999997347593,0.00844999961555,0.0082000000402331,0.006800000090152,0.006349999923259,0.006800000090152,0.0057500000111758
2.2651293295702,0.0040000001899898,0.0038000000640749,0.0176500007510185,0.0176999997347593,0.00844999961555,0.0082000000402331,0.006800000090152,0.006349999923259,0.006800000090152,0.0057500000111758
2.2651293295702,0.0040000001899898,0.0038000000640749,0.0176500007510185,0.0176999997347593,0.00844999961555,0.0082000000402331,0.006800000090152,0.006349999923259,0.006800000090152,0.0057500000111758
2.2651293295702,0.0040000001899898,0.0038000000640749,0.0176500007510185,0.0176999997347593,0.00844999961555,0.0082000000402331,0.006800000090152,0.006349999923259,0.006800000090152,0.0057500000111758
2.2651293295702,0.0040000001899898,0.0038000000640749,0.0176500007510185,0.0176999997347593,0.00844999961555,0.0082000000402331,0.006800000090152,0.006349999923259,0.006800000090152,0.0057500000111758
2.2651293295702,0.0040000001899898,0.0038000000640749,0.0176500007510185,0.0176999997347593,0.00844999961555,0.0082000000402331,0.006800000090152,0.006349999923259,0.006800000090152,0.0057500000111758
2.2651293295702,0.0040000001899898,0.0038000000640749,0.0176500007510185,0.0176999997347593,0.00844999961555,0.0082000000402331,0.006800000090152,0.006349999923259,0.006800000090152,0.0057500000111758
2.2651293295702,0.0040000001899898,0.0038000000640749,0.0176500007510185,0.0176999997347593,0.00844999961555,0.0082000000402331,0.006800000090152,0.006349999923259,0.006800000090152,0.0057500000111758
2.2651293295702,0.0040000001899898,0.0038000000640749,0.0176500007510185,0.0176999997347593,0.00844999961555,0.0082000000402331,0.006800000090152,0.006349999923259,0.006800000090152,0.0057500000111758
2.2651293295702,0.0040000001899898,0.0038000000640749,0.0176500007510185,0.0176999997347593,0.00844999961555,0.0082000000402331,0.006800000090152,0.006349999923259,0.006800000090152,0.0057500000111758
2.2651293295702,0.0040000001899898,0.0038000000640749,0.0176500007510185,0.0176999997347593,0.00844999961555,0.0082000000402331,0.006800000090152,0.006349999923259,0.006800000090152,0.0057500000111758
2.2651293295702,0.0040000001899898,0.0038000000640749,0.0176500007510185,0.0176999997347593,0.00844999961555,0.0082000000402331,0.006800000090152,0.006349999923259,0.006800000090152,0.0057500000111758
2.2651293295702,0.0040000001899898,0.0038000000640749,0.0176500007510185,0.0176999997347593,0.00844999961555,0.0082000000402331,0.006800000090152,0.006349999923259,0.006800000090152,0.0057500000111758
2.2651293295702,0.0040000001899898,0.0038000000640749,0.0176500007510185,0.0176999997347593,0.00844999961555,0.0082000000402331,0.006800000090152,0.006349999923259,0.006800000090152,0.0057500000111758
2.2651293295702,0.0040000001899898,0.0038000000640749,0.0176500007510185,0.0176999997347593,0.00844999961555,0.0082000000402331,0.006800000090152,0.006349999923259,0.006800000090152,0.0057500000111758
2.2651293295702,0.0040000001899898,0.0038000000640749,0.0176500007510185,0.0176999997347593,0.00844999961555,0.0082000000402331,0.006800000090152,0.006349999923259,0.006800000090152,0.0057500000111758
2.2651293295702,0.0040000001899898,0.0038000000640749,0.0176500007510185,0.0176999997347593,0.00844999961555,0.0082000000402331,0.006800000090152,0.006349999923259,0.006800000090152,0.0057500000111758
2.2651293295702,0.0040000001899898,0.0038000000640749,0.0176500007510185,0.0176999997347593,0.00844999961555,0.0082000000402331,0.006800000090152,0.006349999923259,0.006800000090152,0.0057500000111758
2.2651293295702,0.0040000001899898,0.0038000000640749,0.0176500007510185,0.0176999997347593,0.00844999961555,0.0082000000402331,0.006800000090152,0.006349999923259,0.006800000090152,0.0057500000111758
2.2651293295702,0.0040000001899898,0.0038000000640749,0.0176500007510185,0.0176999997347593,0.00844999961555,0.0082000000402331,0.006800000090152,0.006349999923259,0.006800000090152,0.0057500000111758
2.2651293295702,0.0040000001899898,0.0038000000640749,0.0176500007510185,0.0176999997347593,0.00844999961555,0.0082000000402331,0.006800000090152,0.006349999923259,0.006800000090152,0.0057500000111758
2.2651293295702,0.0040000001899898,0.0038000000640749,0.0176500007510185,0.0176999997347593,0.00844999961555,0.0082000000402331,0.006800000090152,0.006349999923259,0.006800000090152,0.0057500000111758
2.2651293295702,0.0040000001899898,0.0038000000640749,0.0176500007510185,0.0176999997347593,0.00844999961555,0.0082000000402331,0.006800000090152,0.006349999923259,0.006800000090152,0.0057500000111758
2.2651293295702,0.0040000001899898,0.0038000000640749,0.0176500007510185,0.0176999997347593,0.00844999961555,0.0082000000402331,0.006800000090152,0.006349999923259,0.006800000090152,0.0057500000111758
2.2651293295702,0.0040000001899898,0.0038000000640749,0.0176500007510185,0.0176999997347593,0.00844999961555,0.0082000000402331,0.006800000090152,0.006349999923259,0.006800000090152,0.0057500000111758
2.2651293295702,0.0040000001899898,0.0038000000640749,0.0176500007510185,0.0176999997347593,0.00844999961555,0.0082000000402331,0.006800000090152,0.006349999923259,0.006800000090152,0.0057500000111758
2.2651293295702,0.0040000001899898,0.0038000000640749,0.0176500007510185,0.0176999997347593,0.00844999961555,0.0082000000402331,0.006800000090152,0.006349999923259,0.006800000090152,0.0057500000111758
2.2651293295702,0.0040000001899898,0.0038000000640749,0.0176500007510185,0.0176999997347593,0.00844999961555,0.0082000000402331,0.006800000090152,0.006349999923259,0.006800000090152,0.0057500000111758
2.2651293295702,0.0040000001899898,0.0038000000640749,0.0176500007510185,0.0176999997347593,0.00844999961555,0.0082000000402331,0.006800000090152,0.006349999923259,0.006800000090152,0.0057500000111758
2.2651293295702,0.0040000001899898,0.0038000000640749,0.0176500007510185,0.0176999997347593,0.00844999961555,0.0082000000402331,0.006800000090152,0.006349999923259,0.006800000090152,0.0057500000111758
2.2651293295702,0.0040000001899898,0.0038000000640749,0.0176500007510185,0.0176999997347593,0.00844999961555,0.0082000000402331,0.006800000090152,0.006349999923259,0.006800000090152,0.0057500000111758
2.2651293295702,0.0040000001899898,0.0038000000640749,0.0176500007510185,0.0176999997347593,0.00844999961555,0.0082000000402331,0.006800000090152,0.006349999923259,0.006800000090152,0.0057500000111758
2.2651293295702,0.0040000001899898,0.0038000000640749,0.0176500007510185,0.0176999997347593,0.00844999961555,0.0082000000402331,0.006800000090152,0.006349999923259,0.006800000090152,0.0057500000111758
2.2651293295702,0.0040000001899898,0.0038000000640749,0.0176500007510185,0.0176999997347593,0.00844999961555,0.0082000000402331,0.006800000090152,0.006349999923259,0.006800000090152,0.0057500000111758
2.2651293295702,0.0040000001899898,0.0038000000640749,0.0176500007510185,0.0176999997347593,0.00844999961555,0.0082000000402331,0.006800000090152,0.006349999923259,0.006800000090152,0.0057500000111758
2.2651293295702,0.0040000001899898,0.0038000000640749,0.0176500007510185,0.0176999997347593,0.00844999961555,0.0082000000402331,0.006800000090152,0.006349999923259,0.006800000090152,0.0057500000111758
2.2651293295702,0.0040000001899898,0.0038000000640749,0.0176500007510185,0.0176999997347593,0.00844999961555,0.0082000000402331,0.006800000090152,0.006349999923259,0.006800000090152,0.0057500000111758
2.2651293295702,0.0040000001899898,0.0038000000640749,0.0176500007510185,0.0176999997347593,0.00844999961555,0.0082000000402331,0.006800000090152,0.006349999923259,0.006800000090152,0.0057500000111758
2.2651293295702,0.0040000001899898,0.0038000000640749,0.0176500007510185,0.0176999997347593,0.00844999961555,0.0082000000402331,0.006800000090152,0.006349999923259,0.006800000090152,0.0057500000111758
2.2651293295702,0.0040000001899898,0.0038000000640749,0.0176500007510185,0.0176999997347593,0.00844999961555,0.0082000000402331,0.006800000090152,0.006349999923259,0.006800000090152,0.0057500000111758
2.2651293295702,0.0040000001899898,0.0038000000640749,0.0176500007510185,0.0176999997347593,0.00844999961555,0.0082000000402331,0.006800000090152,0.006349999923259,0.006800000090152,0.0057500000111758
2.2651293295702,0.0040000001899898,0.0038000000640749,0.0176500007510185,0.0176999997347593,0.00844999961555,0.0082000000402331,0.006800000090152,0.006349999923259,0.006800000090152,0.0057500000111758
2.2651293295702,0.0040000001899898,0.0038000000640749,0.0176500007510185,0.0176999997347593,0.00844999961555,0.0082000000402331,0.006800000090152,0.006349999923259,0.006800000090152,0.0057500000111758
2.2651293295702,0.0040000001899898,0.0038000000640749,0.0176500007510185,0.0176999997347593,0.00844999961555,0.0082000000402331,0.006800000090152,0.006349999923259,0.006800000090152,0.0057500000111758
2.2651293295702,0.0040000001899898,0.0038000000640749,0.0176500007510185,0.0176999997347593,0.00844999961555,0.0082000000402331,0.006800000090152,0.006349999923259,0.006800000090152,0.0057500000111758
2.2651293295702,0.0040000001899898,0.0038000000640749,0.0176500007510185,0.0176999997347593,0.00844999961555,0.0082000000402331,0.006800000090152,0.006349999923259,0.006800000090152,0.0057500000111758
2.2651293295702,0.0040000001899898,0.0038000000640749,0.0176500007510185,0.0176999997347593,0.00844999961555,0.0082000000402331,0.006800000090152,0.006349999923259,0.006800000090152,0.0057500000111758
2.2651293295702,0.0040000001899898,0.0038000000640749,0.0176500007510185,0.0176999997347593,0.00844999961555,0.0082000000402331,0.006800000090152,0.006349999923259,0.006800000090152,0.0057500000111758
2.2651293295702,0.0040000001899898,0.0038000000640749,0.0176500007510185,0.0176999997347593,0.00844999961555,0.0082000000402331,0.006800000090152,0.006349999923259,0.006800000090152,0.0057500000111758
2.2651293295702,0.0040000001899898,0.0038000000640749,0.0176500007510185,0.0176999997347593,0.00844999961555,0.0082000000402331,0.006800000090152,0.006349999923259,0.006800000090152,0.0057500000111758
2.2651293295702,0.0040000001899898,0.0038000000640749,0.0176500007510185,0.0176999997347593,0.00844999961555,0.0082000000402331,0.006800000090152,0.006349999923259,0.006800000090152,0.0057500000111758
2.2651293295702,0.0040000001899898,0.0038000000640749,0.0176500007510185,0.0176999997347593,0.00844999961555,0.0082000000402331,0.006800000090152,0.006349999923259,0.006800000090152,0.0057500000111758
2.2651293295702,0.0040000001899898,0.0038000000640749,0.0176500007510185,0.0176999997347593,0.00844999961555,0.0082000000402331,0.006800000090152,0.006349999923259,0.006800000090152,0.0057500000111758
2.2651293295702,0.0040000001899898,0.0038000000640749,0.0176500007510185,0.0176999997347593,0.00844999961555,0.0082000000402331,0.006800000090152,0.006349999923259,0.006800000090152,0.0057500000111758
2.2651293295702,0.0040000001899898,0.0038000000640749,0.0176500007510185,0.0176999997347593,0.00844999961555,0.0082000000402331,0.006800000090152,0.006349999923259,0.006800000090152,0.0057500000111758
2.2651293295702,0.0040000001899898,0.0038000000640749,0.0176500007510185,0.0176999997347593,0.00844999961555,0.0082000000402331,0.006800000090152,0.006349999923259,0.006800000090152,0.0057500000111758
2.2651293295702,0.0040000001899898,0.0038000000640749,0.0176500007510185,0.0176999997347593,0.00844999961555,0.0082000000402331,0.006800000090152,0.006349999923259,0.006800000090152,0.0057500000111758
2.2651293295702,0.0040000001899898,0.0038000000640749,0.0176500007510185,0.0176999997347593,0.00844999961555,0.0082000000402331,0.006800000090152,0.006349999923259,0.006800000090152,0.0057500000111758
2.2651293295702,0.0040000001899898,0.0038000000640749,0.0176500007510185,0.0176999997347593,0.00844999961555,0.0082000000402331,0.006800000090152,0.006349999923259,0.006800000090152,0.0057500000111758
2.2651293295702,0.0040000001899898,0.0038000000640749,0.0176500007510185,0.0176999997347593,0.00844999961555,0.0082000000402331,0.006800000090152,0.006349999923259,0.006800000090152,0.0057500000111758
2.2651293295702,0.0040000001899898,0.0038000000640749,0.0176500007510185,0.0176999997347593,0.00844999961555,0.0082000000402331,0.006800000090152,0.006349999923259,0.006800000090152,0.0057500000111758
2.2651293295702,0.0040000001899898,0.0038000000640749,0.0176500007510185,0.0176999997347593,0.00844999961555,0.0082000000402331,0.006800000090152,0.006349999923259,0.006800000090152,0.0057500000111758
2.2651293295702,0.0040000001899898,0.0038000000640749,0.0176500007510185,0.0176999997347593,0.00844999961555,0.0082000000402331,0.006800000090152,0.006349999923259,0.006800000090152,0.0057500000111758
2.2651293295702,0.0040000001899898,0.0038000000640749,0.0176500007510185,0.0176999997347593,0.00844999961555,0.0082000000402331,0.006800000090152,0.006349999923259,0.006800000090152,0.0057500000111758
2.2651293295702,0.0040000001899898,0.0038000000640749,0.0176500007510185,0.0176999997347593,0.00844999961555,0.0082000000402331,0.006800000090152,0.006349999923259,0.006800000090152,0.0057500000111758
2.2651293295702,0.0040000001899898,0.0038000000640749,0.0176500007510185,0.0176999997347593,0.00844999961555,0.0082000000402331,0.006800000090152,0.006349999923259,0.006800000090152,0.0057500000111758
2.2651293295702,0.0040000001899898,0.0038000000640749,0.0176500007510185,0.0176999997347593,0.00844999961555,0.0082000000402331,0.006800000090152,0.006349999923259,0.006800000090152,0.0057500000111758
2.2651293295702,0.0040000001899898,0.0038000000640749,0.0176500007510185,0.0176999997347593,0.00844999961555,0.0082000000402331,0.006800000090152,0.006349999923259,0.006800000090152,0.0057500000111758
2.2651293295702,0.0040000001899898,0.0038000000640749,0.0176500007510185,0.0176999997347593,0.00844999961555,0.0082000000402331,0.006800000090152,0.006349999923259,0.006800000090152,0.0057500000111758
2.2651293295702,0.0040000001899898,0.0038000000640749,0.0176500007510185,0.0176999997347593,0.00844999961555,0.0082000000402331,0.006800000090152,0.006349999923259,0.006800000090152,0.0057500000111758
2.2651293295702,0.0040000001899898,0.0038000000640749,0.0176500007510185,0.0176999997347593,0.00844999961555,0.0082000000402331,0.006800000090152,0.006349999923259,0.006800000090152,0.0057500000111758
2.2651293295702,0.0040000001899898,0.0038000000640749,0.0176500007510185,0.0176999997347593,0.00844999961555,0.0082000000402331,0.006800000090152,0.006349999923259,0.006800000090152,0.0057500000111758
2.2651293295702,0.0040000001899898,0.0038000000640749,0.0176500007510185,0.0176999997347593,0.00844999961555,0.0082000000402331,0.006800000090152,0.006349999923259,0.006800000090152,0.0057500000111758
2.2651293295702,0.0040000001899898,0.0038000000640749,0.0176500007510185,0.0176999997347593,0.00844999961555,0.0082000000402331,0.006800000090152,0.006349999923259,0.006800000090152,0.0057500000111758
2.2651293295702,0.0040000001899898,0.0038000000640749,0.0176500007510185,0.0176999997347593,0.00844999961555,0.0082000000402331,0.006800000090152,0.006349999923259,0.006800000090152,0.0057500000111758
2.2651293295702,0.0040000001899898,0.0038000000640749,0.0176500007510185,0.0176999997347593,0.00844999961555,0.0082000000402331,0.006800000090152,0.006349999923259,0.006800000090152,0.0057500000111758
2.2651293295702,0.0040000001899898,0.0038000000640749,0.0176500007510185,0.0176999997347593,0.00844999961555,0.0082000000402331,0.006800000090152,0.006349999923259,0.006800000090152,0.0057500000111758
2.2651293295702,0.0040000001899898,0.0038000000640749,0.0176500007510185,0.0176999997347593,0.00844999961555,0.0082000000402331,0.006800000090152,0.006349999923259,0.006800000090152,0.0057500000111758
2.2651293295702,0.0040000001899898,0.0038000000640749,0.0176500007510185,0.0176999997347593,0.00844999961555,0.0082000000402331,0.006800000090152,0.006349999923259,0.006800000090152,0.0057500000111758
2.2651293295702,0.0040000001899898,0.0038000000640749,0.0176500007510185,0.0176999997347593,0.00844999961555,0.0082000000402331,0.006800000090152,0.006349999923259,0.006800000090152,0.0057500000111758
2.2651293295702,0.0040000001899898,0.0038000000640749,0.0176500007510185,0.0176999997347593,0.00844999961555,0.0082000000402331,0.006800000090152,0.006349999923259,0.006800000090152,0.0057500000111758
2.2651293295702,0.0040000001899898,0.0038000000640749,0.0176500007510185,0.0176999997347593,0.00844999961555,0.0082000000402331,0.006800000090152,0.006349999923259,0.006800000090152,0.0057500000111758
2.2651293295702,0.0040000001899898,0.0038000000640749,0.0176500007510185,0.0176999997347593,0.00844999961555,0.0082000000402331,0.006800000090152,0.006349999923259,0.006800000090152,0.0057500000111758
2.2651293295702,0.0040000001899898,0.0038000000640749,0.0176500007510185,0.0176999997347593,0.00844999961555,0.0082000000402331,0.006800000090152,0.006349999923259,0.006800000090152,0.0057500000111758
2.2651293295702,0.0040000001899898,0.0038000000640749,0.0176500007510185,0.0176999997347593,0.00844999961555,0.0082000000402331,0.006800000090152,0.006349999923259,0.006800000090152,0.0057500000111758
2.2651293295702,0.0040000001899898,0.0038000000640749,0.0176500007510185,0.0176999997347593,0.00844999961555,0.0082000000402331,0.006800000090152,0.006349999923259,0.006800000090152,0.0057500000111758
2.2651293295702,0.0040000001899898,0.0038000000640749,0.0176500007510185,0.0176999997347593,0.00844999961555,0.0082000000402331,0.006800000090152,0.006349999923259,0.006800000090152,0.0057500000111758
2.2651293295702,0.0040000001899898,0.0038000000640749,0.0176500007510185,0.0176999997347593,0.00844999961555,0.0082000000402331,0.006800000090152,0.006349999923259,0.006800000090152,0.0057500000111758
2.51209084750952,0.0040000001899898,0.0038000000640749,0.0176500007510185,0.0176999997347593,0.00844999961555,0.0082000000402331,0.006800000090152,0.006349999923259,0.006800000090152,0.0057500000111758
2.51209084750952,0.0040000001899898,0.0038000000640749,0.0176500007510185,0.0176999997347593,0.00844999961555,0.0082000000402331,0.006800000090152,0.006349999923259,0.006800000090152,0.0057500000111758
2.51209084750952,0.0040000001899898,0.0038000000640749,0.0176500007510185,0.0176999997347593,0.00844999961555,0.0082000000402331,0.006800000090152,0.006349999923259,0.006800000090152,0.0057500000111758
2.51209084750952,0.0040000001899898,0.0038000000640749,0.0176500007510185,0.0176999997347593,0.00844999961555,0.0082000000402331,0.006800000090152,0.006349999923259,0.006800000090152,0.0057500000111758
2.51209084750952,0.0040000001899898,0.0038000000640749,0.0176500007510185,0.0176999997347593,0.00844999961555,0.0082000000402331,0.006800000090152,0.006349999923259,0.006800000090152,0.0057500000111758
2.51209084750952,0.0040000001899898,0.0038000000640749,0.0176500007510185,0.0176999997347593,0.00844999961555,0.0082000000402331,0.006800000090152,0.006349999923259,0.006800000090152,0.0057500000111758
2.51209084750952,0.0040000001899898,0.0038000000640749,0.0176500007510185,0.0176999997347593,0.00844999961555,0.0082000000402331,0.006800000090152,0.006349999923259,0.006800000090152,0.0057500000111758
2.51209084750952,0.0040000001899898,0.0038000000640749,0.0176500007510185,0.0176999997347593,0.00844999961555,0.0082000000402331,0.006800000090152,0.006349999923259,0.006800000090152,0.0057500000111758
2.51209084750952,0.0040000001899898,0.0038000000640749,0.0176500007510185,0.0176999997347593,0.00844999961555,0.0082000000402331,0.006800000090152,0.006349999923259,0.006800000090152,0.0057500000111758
2.51209084750952,0.0040000001899898,0.0038000000640749,0.0176500007510185,0.0176999997347593,0.00844999961555,0.0082000000402331,0.006800000090152,0.006349999923259,0.006800000090152,0.0057500000111758
2.51209084750952,0.0040000001899898,0.0038000000640749,0.0176500007510185,0.0176999997347593,0.00844999961555,0.0082000000402331,0.006800000090152,0.006349999923259,0.006800000090152,0.0057500000111758
2.51209084750952,0.0040000001899898,0.0038000000640749,0.0176500007510185,0.0176999997347593,0.00844999961555,0.0082000000402331,0.006800000090152,0.006349999923259,0.006800000090152,0.0057500000111758
2.51209084750952,0.0040000001899898,0.0038000000640749,0.0176500007510185,0.0176999997347593,0.00844999961555,0.0082000000402331,0.006800000090152,0.006349999923259,0.006800000090152,0.0057500000111758
2.51209084750952,0.0040000001899898,0.0038000000640749,0.0176500007510185,0.0176999997347593,0.00844999961555,0.0082000000402331,0.006800000090152,0.006349999923259,0.006800000090152,0.0057500000111758
2.51209084750952,0.0040000001899898,0.0038000000640749,0.0176500007510185,0.0176999997347593,0.00844999961555,0.0082000000402331,0.006800000090152,0.006349999923259,0.006800000090152,0.0057500000111758
2.51209084750952,0.0040000001899898,0.0038000000640749,0.0176500007510185,0.0176999997347593,0.00844999961555,0.0082000000402331,0.006800000090152,0.006349999923259,0.006800000090152,0.0057500000111758
2.51209084750952,0.0040000001899898,0.0038000000640749,0.0176500007510185,0.0176999997347593,0.00844999961555,0.0082000000402331,0.006800000090152,0.006349999923259,0.006800000090152,0.0057500000111758
2.51209084750952,0.0040000001899898,0.0038000000640749,0.0176500007510185,0.0176999997347593,0.00844999961555,0.0082000000402331,0.006800000090152,0.006349999923259,0.006800000090152,0.0057500000111758
2.51209084750952,0.0040000001899898,0.0038000000640749,0.0176500007510185,0.0176999997347593,0.00844999961555,0.0082000000402331,0.006800000090152,0.006349999923259,0.006800000090152,0.0057500000111758
2.51209084750952,0.0040000001899898,0.0038000000640749,0.0176500007510185,0.0176999997347593,0.00844999961555,0.0082000000402331,0.006800000090152,0.006349999923259,0.006800000090152,0.0057500000111758
2.51209084750952,0.0040000001899898,0.0038000000640749,0.0176500007510185,0.0176999997347593,0.00844999961555,0.0082000000402331,0.006800000090152,0.006349999923259,0.006800000090152,0.0057500000111758
2.51209084750952,0.0040000001899898,0.0038000000640749,0.0176500007510185,0.0176999997347593,0.00844999961555,0.0082000000402331,0.006800000090152,0.006349999923259,0.006800000090152,0.0057500000111758
2.51209084750952,0.0040000001899898,0.0038000000640749,0.0176500007510185,0.0176999997347593,0.00844999961555,0.0082000000402331,0.006800000090152,0.006349999923259,0.006800000090152,0.0057500000111758
2.51209084750952,0.0040000001899898,0.0038000000640749,0.0176500007510185,0.0176999997347593,0.00844999961555,0.0082000000402331,0.006800000090152,0.006349999923259,0.006800000090152,0.0057500000111758
2.51209084750952,0.0040000001899898,0.0038000000640749,0.0176500007510185,0.0176999997347593,0.00844999961555,0.0082000000402331,0.006800000090152,0.006349999923259,0.006800000090152,0.0057500000111758
2.51209084750952,0.0040000001899898,0.0038000000640749,0.0176500007510185,0.0176999997347593,0.00844999961555,0.0082000000402331,0.006800000090152,0.006349999923259,0.006800000090152,0.0057500000111758
2.51209084750952,0.0040000001899898,0.0038000000640749,0.0176500007510185,0.0176999997347593,0.00844999961555,0.0082000000402331,0.006800000090152,0.006349999923259,0.006800000090152,0.0057500000111758
2.51209084750952,0.0040000001899898,0.0038000000640749,0.0176500007510185,0.0176999997347593,0.00844999961555,0.0082000000402331,0.006800000090152,0.006349999923259,0.006800000090152,0.0057500000111758
2.51209084750952,0.0040000001899898,0.0038000000640749,0.0176500007510185,0.0176999997347593,0.00844999961555,0.0082000000402331,0.006800000090152,0.006349999923259,0.006800000090152,0.0057500000111758
2.51209084750952,0.0040000001899898,0.0038000000640749,0.0176500007510185,0.0176999997347593,0.00844999961555,0.0082000000402331,0.006800000090152,0.006349999923259,0.006800000090152,0.0057500000111758
2.51209084750952,0.0040000001899898,0.0038000000640749,0.0176500007510185,0.0176999997347593,0.00844999961555,0.0082000000402331,0.006800000090152,0.006349999923259,0.006800000090152,0.0057500000111758
2.51209084750952,0.0040000001899898,0.0038000000640749,0.0176500007510185,0.0176999997347593,0.00844999961555,0.0082000000402331,0.006800000090152,0.006349999923259,0.006800000090152,0.0057500000111758
2.51209084750952,0.0040000001899898,0.0038000000640749,0.0176500007510185,0.0176999997347593,0.00844999961555,0.0082000000402331,0.006800000090152,0.006349999923259,0.006800000090152,0.0057500000111758
2.51209084750952,0.0040000001899898,0.0038000000640749,0.0176500007510185,0.0176999997347593,0.00844999961555,0.0082000000402331,0.006800000090152,0.006349999923259,0.006800000090152,0.0057500000111758
2.51209084750952,0.0040000001899898,0.0038000000640749,0.0176500007510185,0.0176999997347593,0.00844999961555,0.0082000000402331,0.006800000090152,0.006349999923259,0.006800000090152,0.0057500000111758
2.51209084750952,0.0040000001899898,0.0038000000640749,0.0176500007510185,0.0176999997347593,0.00844999961555,0.0082000000402331,0.006800000090152,0.006349999923259,0.006800000090152,0.0057500000111758
2.51209084750952,0.0040000001899898,0.0038000000640749,0.0176500007510185,0.0176999997347593,0.00844999961555,0.0082000000402331,0.006800000090152,0.006349999923259,0.006800000090152,0.0057500000111758
2.51209084750952,0.0040000001899898,0.0038000000640749,0.0176500007510185,0.0176999997347593,0.00844999961555,0.0082000000402331,0.006800000090152,0.006349999923259,0.006800000090152,0.0057500000111758
2.51209084750952,0.0040000001899898,0.0038000000640749,0.0176500007510185,0.0176999997347593,0.00844999961555,0.0082000000402331,0.006800000090152,0.006349999923259,0.006800000090152,0.0057500000111758
2.51209084750952,0.0040000001899898,0.0038000000640749,0.0176500007510185,0.0176999997347593,0.00844999961555,0.0082000000402331,0.006800000090152,0.006349999923259,0.006800000090152,0.0057500000111758
2.51209084750952,0.0040000001899898,0.0038000000640749,0.0176500007510185,0.0176999997347593,0.00844999961555,0.0082000000402331,0.006800000090152,0.006349999923259,0.006800000090152,0.0057500000111758
2.51209084750952,0.0040000001899898,0.0038000000640749,0.0176500007510185,0.0176999997347593,0.00844999961555,0.0082000000402331,0.006800000090152,0.006349999923259,0.006800000090152,0.0057500000111758
2.51209084750952,0.0040000001899898,0.0038000000640749,0.0176500007510185,0.0176999997347593,0.00844999961555,0.0082000000402331,0.006800000090152,0.006349999923259,0.006800000090152,0.0057500000111758
2.51209084750952,0.0040000001899898,0.0038000000640749,0.0176500007510185,0.0176999997347593,0.00844999961555,0.0082000000402331,0.006800000090152,0.006349999923259,0.006800000090152,0.0057500000111758
2.51209084750952,0.0040000001899898,0.0038000000640749,0.0176500007510185,0.0176999997347593,0.00844999961555,0.0082000000402331,0.006800000090152,0.006349999923259,0.006800000090152,0.0057500000111758
2.51209084750952,0.0040000001899898,0.0038000000640749,0.0176500007510185,0.0176999997347593,0.00844999961555,0.0082000000402331,0.006800000090152,0.006349999923259,0.006800000090152,0.0057500000111758
2.51209084750952,0.0040000001899898,0.0038000000640749,0.0176500007510185,0.0176999997347593,0.00844999961555,0.0082000000402331,0.006800000090152,0.006349999923259,0.006800000090152,0.0057500000111758
2.51209084750952,0.0040000001899898,0.0038000000640749,0.0176500007510185,0.0176999997347593,0.00844999961555,0.0082000000402331,0.006800000090152,0.006349999923259,0.006800000090152,0.0057500000111758
2.51209084750952,0.0040000001899898,0.0038000000640749,0.0176500007510185,0.0176999997347593,0.00844999961555,0.0082000000402331,0.006800000090152,0.006349999923259,0.006800000090152,0.0057500000111758
2.51209084750952,0.0040000001899898,0.0038000000640749,0.0176500007510185,0.0176999997347593,0.00844999961555,0.0082000000402331,0.006800000090152,0.006349999923259,0.006800000090152,0.0057500000111758
2.51209084750952,0.0040000001899898,0.0038000000640749,0.0176500007510185,0.0176999997347593,0.00844999961555,0.0082000000402331,0.006800000090152,0.006349999923259,0.006800000090152,0.0057500000111758
2.51209084750952,0.0040000001899898,0.0038000000640749,0.0176500007510185,0.0176999997347593,0.00844999961555,0.0082000000402331,0.006800000090152,0.006349999923259,0.006800000090152,0.0057500000111758
2.51209084750952,0.0040000001899898,0.0038000000640749,0.0176500007510185,0.0176999997347593,0.00844999961555,0.0082000000402331,0.006800000090152,0.006349999923259,0.006800000090152,0.0057500000111758
2.51209084750952,0.0040000001899898,0.0038000000640749,0.0176500007510185,0.0176999997347593,0.00844999961555,0.0082000000402331,0.006800000090152,0.006349999923259,0.006800000090152,0.0057500000111758
2.51209084750952,0.0040000001899898,0.0038000000640749,0.0176500007510185,0.0176999997347593,0.00844999961555,0.0082000000402331,0.006800000090152,0.006349999923259,0.006800000090152,0.0057500000111758
2.51209084750952,0.0040000001899898,0.0038000000640749,0.0176500007510185,0.0176999997347593,0.00844999961555,0.0082000000402331,0.006800000090152,0.006349999923259,0.006800000090152,0.0057500000111758
2.51209084750952,0.0040000001899898,0.0038000000640749,0.0176500007510185,0.0176999997347593,0.00844999961555,0.0082000000402331,0.006800000090152,0.006349999923259,0.006800000090152,0.0057500000111758
2.51209084750952,0.0040000001899898,0.0038000000640749,0.0176500007510185,0.0176999997347593,0.00844999961555,0.0082000000402331,0.006800000090152,0.006349999923259,0.006800000090152,0.0057500000111758
2.51209084750952,0.0040000001899898,0.0038000000640749,0.0176500007510185,0.0176999997347593,0.00844999961555,0.0082000000402331,0.006800000090152,0.006349999923259,0.006800000090152,0.0057500000111758
2.51209084750952,0.0040000001899898,0.0038000000640749,0.0176500007510185,0.0176999997347593,0.00844999961555,0.0082000000402331,0.006800000090152,0.006349999923259,0.006800000090152,0.0057500000111758
2.51209084750952,0.0040000001899898,0.0038000000640749,0.0176500007510185,0.0176999997347593,0.00844999961555,0.0082000000402331,0.006800000090152,0.006349999923259,0.006800000090152,0.0057500000111758
2.51209084750952,0.0040000001899898,0.0038000000640749,0.0176500007510185,0.0176999997347593,0.00844999961555,0.0082000000402331,0.006800000090152,0.006349999923259,0.006800000090152,0.0057500000111758
2.51209084750952,0.0040000001899898,0.0038000000640749,0.0176500007510185,0.0176999997347593,0.00844999961555,0.0082000000402331,0.006800000090152,0.006349999923259,0.006800000090152,0.0057500000111758
2.51209084750952,0.0040000001899898,0.0038000000640749,0.0176500007510185,0.0176999997347593,0.00844999961555,0.0082000000402331,0.006800000090152,0.006349999923259,0.006800000090152,0.0057500000111758
2.51209084750952,0.0040000001899898,0.0038000000640749,0.0176500007510185,0.0176999997347593,0.00844999961555,0.0082000000402331,0.006800000090152,0.006349999923259,0.006800000090152,0.0057500000111758
2.51209084750952,0.0040000001899898,0.0038000000640749,0.0176500007510185,0.0176999997347593,0.00844999961555,0.0082000000402331,0.006800000090152,0.006349999923259,0.006800000090152,0.0057500000111758
2.51209084750952,0.0040000001899898,0.0038000000640749,0.0176500007510185,0.0176999997347593,0.00844999961555,0.0082000000402331,0.006800000090152,0.006349999923259,0.006800000090152,0.0057500000111758
2.51209084750952,0.0040000001899898,0.0038000000640749,0.0176500007510185,0.0176999997347593,0.00844999961555,0.0082000000402331,0.006800000090152,0.006349999923259,0.006800000090152,0.0057500000111758
2.51209084750952,0.0040000001899898,0.0038000000640749,0.0176500007510185,0.0176999997347593,0.00844999961555,0.0082000000402331,0.006800000090152,0.006349999923259,0.006800000090152,0.0057500000111758
2.51209084750952,0.0040000001899898,0.0038000000640749,0.0176500007510185,0.0176999997347593,0.00844999961555,0.0082000000402331,0.006800000090152,0.006349999923259,0.006800000090152,0.0057500000111758
2.51209084750952,0.0040000001899898,0.0038000000640749,0.0176500007510185,0.0176999997347593,0.00844999961555,0.0082000000402331,0.006800000090152,0.006349999923259,0.006800000090152,0.0057500000111758
2.51209084750952,0.0040000001899898,0.0038000000640749,0.0176500007510185,0.0176999997347593,0.00844999961555,0.0082000000402331,0.006800000090152,0.006349999923259,0.006800000090152,0.0057500000111758
2.51209084750952,0.0040000001899898,0.0038000000640749,0.0176500007510185,0.0176999997347593,0.00844999961555,0.0082000000402331,0.006800000090152,0.006349999923259,0.006800000090152,0.0057500000111758
2.51209084750952,0.0040000001899898,0.0038000000640749,0.0176500007510185,0.0176999997347593,0.00844999961555,0.0082000000402331,0.006800000090152,0.006349999923259,0.006800000090152,0.0057500000111758
2.51209084750952,0.0040000001899898,0.0038000000640749,0.0176500007510185,0.0176999997347593,0.00844999961555,0.0082000000402331,0.006800000090152,0.006349999923259,0.006800000090152,0.0057500000111758
2.51209084750952,0.0040000001899898,0.0038000000640749,0.0176500007510185,0.0176999997347593,0.00844999961555,0.0082000000402331,0.006800000090152,0.006349999923259,0.006800000090152,0.0057500000111758
2.51209084750952,0.0040000001899898,0.0038000000640749,0.0176500007510185,0.0176999997347593,0.00844999961555,0.0082000000402331,0.006800000090152,0.006349999923259,0.006800000090152,0.0057500000111758
2.51209084750952,0.0040000001899898,0.0038000000640749,0.0176500007510185,0.0176999997347593,0.00844999961555,0.0082000000402331,0.006800000090152,0.006349999923259,0.006800000090152,0.0057500000111758
2.51209084750952,0.0040000001899898,0.0038000000640749,0.0176500007510185,0.0176999997347593,0.00844999961555,0.0082000000402331,0.006800000090152,0.006349999923259,0.006800000090152,0.0057500000111758
2.51209084750952,0.0040000001899898,0.0038000000640749,0.0176500007510185,0.0176999997347593,0.00844999961555,0.0082000000402331,0.006800000090152,0.006349999923259,0.006800000090152,0.0057500000111758
2.51209084750952,0.0040000001899898,0.0038000000640749,0.0176500007510185,0.0176999997347593,0.00844999961555,0.0082000000402331,0.006800000090152,0.006349999923259,0.006800000090152,0.0057500000111758
2.51209084750952,0.0040000001899898,0.0038000000640749,0.0176500007510185,0.0176999997347593,0.00844999961555,0.0082000000402331,0.006800000090152,0.006349999923259,0.006800000090152,0.0057500000111758
2.51209084750952,0.0040000001899898,0.0038000000640749,0.0176500007510185,0.0176999997347593,0.00844999961555,0.0082000000402331,0.006800000090152,0.006349999923259,0.006800000090152,0.0057500000111758
2.51209084750952,0.0040000001899898,0.0038000000640749,0.0176500007510185,0.0176999997347593,0.00844999961555,0.0082000000402331,0.006800000090152,0.006349999923259,0.006800000090152,0.0057500000111758
2.51209084750952,0.0040000001899898,0.0038000000640749,0.0176500007510185,0.0176999997347593,0.00844999961555,0.0082000000402331,0.006800000090152,0.006349999923259,0.006800000090152,0.0057500000111758
2.51209084750952,0.0040000001899898,0.0038000000640749,0.0176500007510185,0.0176999997347593,0.00844999961555,0.0082000000402331,0.006800000090152,0.006349999923259,0.006800000090152,0.0057500000111758
2.51209084750952,0.0040000001899898,0.0038000000640749,0.0176500007510185,0.0176999997347593,0.00844999961555,0.0082000000402331,0.006800000090152,0.006349999923259,0.006800000090152,0.0057500000111758
2.51209084750952,0.0040000001899898,0.0038000000640749,0.0176500007510185,0.0176999997347593,0.00844999961555,0.0082000000402331,0.006800000090152,0.006349999923259,0.006800000090152,0.0057500000111758
2.51209084750952,0.0040000001899898,0.0038000000640749,0.0176500007510185,0.0176999997347593,0.00844999961555,0.0082000000402331,0.006800000090152,0.006349999923259,0.006800000090152,0.0057500000111758
2.51209084750952,0.0040000001899898,0.0038000000640749,0.0176500007510185,0.0176999997347593,0.00844999961555,0.0082000000402331,0.006800000090152,0.006349999923259,0.006800000090152,0.0057500000111758
2.51209084750952,0.0040000001899898,0.0038000000640749,0.0176500007510185,0.0176999997347593,0.00844999961555,0.0082000000402331,0.006800000090152,0.006349999923259,0.006800000090152,0.0057500000111758
2.51209084750952,0.0040000001899898,0.0038000000640749,0.0176500007510185,0.0176999997347593,0.00844999961555,0.0082000000402331,0.006800000090152,0.006349999923259,0.006800000090152,0.0057500000111758
2.51209084750952,0.0040000001899898,0.0038000000640749,0.0176500007510185,0.0176999997347593,0.00844999961555,0.0082000000402331,0.006800000090152,0.006349999923259,0.006800000090152,0.0057500000111758
2.51209084750952,0.0040000001899898,0.0038000000640749,0.0176500007510185,0.0176999997347593,0.00844999961555,0.0082000000402331,0.006800000090152,0.006349999923259,0.006800000090152,0.0057500000111758
2.51209084750952,0.0040000001899898,0.0038000000640749,0.0176500007510185,0.0176999997347593,0.00844999961555,0.0082000000402331,0.006800000090152,0.006349999923259,0.006800000090152,0.0057500000111758
2.51209084750952,0.0040000001899898,0.0038000000640749,0.0176500007510185,0.0176999997347593,0.00844999961555,0.0082000000402331,0.006800000090152,0.006349999923259,0.006800000090152,0.0057500000111758
2.51209084750952,0.0040000001899898,0.0038000000640749,0.0176500007510185,0.0176999997347593,0.00844999961555,0.0082000000402331,0.006800000090152,0.006349999923259,0.006800000090152,0.0057500000111758
2.51209084750952,0.0040000001899898,0.0038000000640749,0.0176500007510185,0.0176999997347593,0.00844999961555,0.0082000000402331,0.006800000090152,0.006349999923259,0.006800000090152,0.0057500000111758
2.51209084750952,0.0040000001899898,0.0038000000640749,0.0176500007510185,0.0176999997347593,0.00844999961555,0.0082000000402331,0.006800000090152,0.006349999923259,0.006800000090152,0.0057500000111758
2.51209084750952,0.0040000001899898,0.0038000000640749,0.0176500007510185,0.0176999997347593,0.00844999961555,0.0082000000402331,0.006800000090152,0.006349999923259,0.006800000090152,0.0057500000111758
2.51209084750952,0.0040000001899898,0.0038000000640749,0.0176500007510185,0.0176999997347593,0.00844999961555,0.0082000000402331,0.006800000090152,0.006349999923259,0.006800000090152,0.0057500000111758
2.51209084750952,0.0040000001899898,0.0038000000640749,0.0176500007510185,0.0176999997347593,0.00844999961555,0.0082000000402331,0.006800000090152,0.006349999923259,0.006800000090152,0.0057500000111758
2.51209084750952,0.0040000001899898,0.0038000000640749,0.0176500007510185,0.0176999997347593,0.00844999961555,0.0082000000402331,0.006800000090152,0.006349999923259,0.006800000090152,0.0057500000111758
2.51209084750952,0.0040000001899898,0.0038000000640749,0.0176500007510185,0.0176999997347593,0.00844999961555,0.0082000000402331,0.006800000090152,0.006349999923259,0.006800000090152,0.0057500000111758
2.51209084750952,0.0040000001899898,0.0038000000640749,0.0176500007510185,0.0176999997347593,0.00844999961555,0.0082000000402331,0.006800000090152,0.006349999923259,0.006800000090152,0.0057500000111758
2.51209084750952,0.0040000001899898,0.0038000000640749,0.0176500007510185,0.0176999997347593,0.00844999961555,0.0082000000402331,0.006800000090152,0.006349999923259,0.006800000090152,0.0057500000111758
2.51209084750952,0.0040000001899898,0.0038000000640749,0.0176500007510185,0.0176999997347593,0.00844999961555,0.0082000000402331,0.006800000090152,0.006349999923259,0.006800000090152,0.0057500000111758
2.51209084750952,0.0040000001899898,0.0038000000640749,0.0176500007510185,0.0176999997347593,0.00844999961555,0.0082000000402331,0.006800000090152,0.006349999923259,0.006800000090152,0.0057500000111758
2.51209084750952,0.0040000001899898,0.0038000000640749,0.0176500007510185,0.0176999997347593,0.00844999961555,0.0082000000402331,0.006800000090152,0.006349999923259,0.006800000090152,0.0057500000111758
2.51209084750952,0.0040000001899898,0.0038000000640749,0.0176500007510185,0.0176999997347593,0.00844999961555,0.0082000000402331,0.006800000090152,0.006349999923259,0.006800000090152,0.0057500000111758
2.51209084750952,0.0040000001899898,0.0038000000640749,0.0176500007510185,0.0176999997347593,0.00844999961555,0.0082000000402331,0.006800000090152,0.006349999923259,0.006800000090152,0.0057500000111758
2.51209084750952,0.0040000001899898,0.0038000000640749,0.0176500007510185,0.0176999997347593,0.00844999961555,0.0082000000402331,0.006800000090152,0.006349999923259,0.006800000090152,0.0057500000111758
2.51209084750952,0.0040000001899898,0.0038000000640749,0.0176500007510185,0.0176999997347593,0.00844999961555,0.0082000000402331,0.006800000090152,0.006349999923259,0.006800000090152,0.0057500000111758
2.51209084750952,0.0040000001899898,0.0038000000640749,0.0176500007510185,0.0176999997347593,0.00844999961555,0.0082000000402331,0.006800000090152,0.006349999923259,0.006800000090152,0.0057500000111758
2.51209084750952,0.0040000001899898,0.0038000000640749,0.0176500007510185,0.0176999997347593,0.00844999961555,0.0082000000402331,0.006800000090152,0.006349999923259,0.006800000090152,0.0057500000111758
2.51209084750952,0.0040000001899898,0.0038000000640749,0.0176500007510185,0.0176999997347593,0.00844999961555,0.0082000000402331,0.006800000090152,0.006349999923259,0.006800000090152,0.0057500000111758
2.51209084750952,0.0040000001899898,0.0038000000640749,0.0176500007510185,0.0176999997347593,0.00844999961555,0.0082000000402331,0.006800000090152,0.006349999923259,0.006800000090152,0.0057500000111758
2.51209084750952,0.0040000001899898,0.0038000000640749,0.0176500007510185,0.0176999997347593,0.00844999961555,0.0082000000402331,0.006800000090152,0.006349999923259,0.006800000090152,0.0057500000111758
2.51209084750952,0.0040000001899898,0.0038000000640749,0.0176500007510185,0.0176999997347593,0.00844999961555,0.0082000000402331,0.006800000090152,0.006349999923259,0.006800000090152,0.0057500000111758
2.51209084750952,0.0040000001899898,0.0038000000640749,0.0176500007510185,0.0176999997347593,0.00844999961555,0.0082000000402331,0.006800000090152,0.006349999923259,0.006800000090152,0.0057500000111758
2.51209084750952,0.0040000001899898,0.0038000000640749,0.0176500007510185,0.0176999997347593,0.00844999961555,0.0082000000402331,0.006800000090152,0.006349999923259,0.006800000090152,0.0057500000111758
2.51209084750952,0.0040000001899898,0.0038000000640749,0.0176500007510185,0.0176999997347593,0.00844999961555,0.0082000000402331,0.006800000090152,0.006349999923259,0.006800000090152,0.0057500000111758
2.51209084750952,0.0040000001899898,0.0038000000640749,0.0176500007510185,0.0176999997347593,0.00844999961555,0.0082000000402331,0.006800000090152,0.006349999923259,0.006800000090152,0.0057500000111758
2.51209084750952,0.0040000001899898,0.0038000000640749,0.0176500007510185,0.0176999997347593,0.00844999961555,0.0082000000402331,0.006800000090152,0.006349999923259,0.006800000090152,0.0057500000111758
2.51209084750952,0.0040000001899898,0.0038000000640749,0.0176500007510185,0.0176999997347593,0.00844999961555,0.0082000000402331,0.006800000090152,0.006349999923259,0.006800000090152,0.0057500000111758
2.51209084750952,0.0040000001899898,0.0038000000640749,0.0176500007510185,0.0176999997347593,0.00844999961555,0.0082000000402331,0.006800000090152,0.006349999923259,0.006800000090152,0.0057500000111758
2.51209084750952,0.0040000001899898,0.0038000000640749,0.0176500007510185,0.0176999997347593,0.00844999961555,0.0082000000402331,0.006800000090152,0.006349999923259,0.006800000090152,0.0057500000111758
2.51209084750952,0.0040000001899898,0.0038000000640749,0.0176500007510185,0.0176999997347593,0.00844999961555,0.0082000000402331,0.006800000090152,0.006349999923259,0.006800000090152,0.0057500000111758
2.51209084750952,0.0040000001899898,0.0038000000640749,0.0176500007510185,0.0176999997347593,0.00844999961555,0.0082000000402331,0.006800000090152,0.006349999923259,0.006800000090152,0.0057500000111758
2.51209084750952,0.0040000001899898,0.0038000000640749,0.0176500007510185,0.0176999997347593,0.00844999961555,0.0082000000402331,0.006800000090152,0.006349999923259,0.006800000090152,0.0057500000111758
2.51209084750952,0.0040000001899898,0.0038000000640749,0.0176500007510185,0.0176999997347593,0.00844999961555,0.0082000000402331,0.006800000090152,0.006349999923259,0.006800000090152,0.0057500000111758
2.51209084750952,0.0040000001899898,0.0038000000640749,0.0176500007510185,0.0176999997347593,0.00844999961555,0.0082000000402331,0.006800000090152,0.006349999923259,0.006800000090152,0.0057500000111758
2.51209084750952,0.0040000001899898,0.0038000000640749,0.0176500007510185,0.0176999997347593,0.00844999961555,0.0082000000402331,0.006800000090152,0.006349999923259,0.006800000090152,0.0057500000111758
2.51209084750952,0.0040000001899898,0.0038000000640749,0.0176500007510185,0.0176999997347593,0.00844999961555,0.0082000000402331,0.006800000090152,0.006349999923259,0.006800000090152,0.0057500000111758
2.51209084750952,0.0040000001899898,0.0038000000640749,0.0176500007510185,0.0176999997347593,0.00844999961555,0.0082000000402331,0.006800000090152,0.006349999923259,0.006800000090152,0.0057500000111758
2.51209084750952,0.0040000001899898,0.0038000000640749,0.0176500007510185,0.0176999997347593,0.00844999961555,0.0082000000402331,0.006800000090152,0.006349999923259,0.006800000090152,0.0057500000111758
2.51209084750952,0.0040000001899898,0.0038000000640749,0.0176500007510185,0.0176999997347593,0.00844999961555,0.0082000000402331,0.006800000090152,0.006349999923259,0.006800000090152,0.0057500000111758
2.51209084750952,0.0040000001899898,0.0038000000640749,0.0176500007510185,0.0176999997347593,0.00844999961555,0.0082000000402331,0.006800000090152,0.006349999923259,0.006800000090152,0.0057500000111758
2.51209084750952,0.0040000001899898,0.0038000000640749,0.0176500007510185,0.0176999997347593,0.00844999961555,0.0082000000402331,0.006800000090152,0.006349999923259,0.006800000090152,0.0057500000111758
2.51209084750952,0.0040000001899898,0.0038000000640749,0.0176500007510185,0.0176999997347593,0.00844999961555,0.0082000000402331,0.006800000090152,0.006349999923259,0.006800000090152,0.0057500000111758
2.51209084750952,0.0040000001899898,0.0038000000640749,0.0176500007510185,0.0176999997347593,0.00844999961555,0.0082000000402331,0.006800000090152,0.006349999923259,0.006800000090152,0.0057500000111758
2.51209084750952,0.0040000001899898,0.0038000000640749,0.0176500007510185,0.0176999997347593,0.00844999961555,0.0082000000402331,0.006800000090152,0.006349999923259,0.006800000090152,0.0057500000111758
2.51209084750952,0.0040000001899898,0.0038000000640749,0.0176500007510185,0.0176999997347593,0.00844999961555,0.0082000000402331,0.006800000090152,0.006349999923259,0.006800000090152,0.0057500000111758
2.51209084750952,0.0040000001899898,0.0038000000640749,0.0176500007510185,0.0176999997347593,0.00844999961555,0.0082000000402331,0.006800000090152,0.006349999923259,0.006800000090152,0.0057500000111758
2.51209084750952,0.0040000001899898,0.0038000000640749,0.0176500007510185,0.0176999997347593,0.00844999961555,0.0082000000402331,0.006800000090152,0.006349999923259,0.006800000090152,0.0057500000111758
2.51209084750952,0.0040000001899898,0.0038000000640749,0.0176500007510185,0.0176999997347593,0.00844999961555,0.0082000000402331,0.006800000090152,0.006349999923259,0.006800000090152,0.0057500000111758
2.51209084750952,0.0040000001899898,0.0038000000640749,0.0176500007510185,0.0176999997347593,0.00844999961555,0.0082000000402331,0.006800000090152,0.006349999923259,0.006800000090152,0.0057500000111758
2.51209084750952,0.0040000001899898,0.0038000000640749,0.0176500007510185,0.0176999997347593,0.00844999961555,0.0082000000402331,0.006800000090152,0.006349999923259,0.006800000090152,0.0057500000111758
2.51209084750952,0.0040000001899898,0.0038000000640749,0.0176500007510185,0.0176999997347593,0.00844999961555,0.0082000000402331,0.006800000090152,0.006349999923259,0.006800000090152,0.0057500000111758
2.51209084750952,0.0040000001899898,0.0038000000640749,0.0176500007510185,0.0176999997347593,0.00844999961555,0.0082000000402331,0.006800000090152,0.006349999923259,0.006800000090152,0.0057500000111758
2.51209084750952,0.0040000001899898,0.0038000000640749,0.0176500007510185,0.0176999997347593,0.00844999961555,0.0082000000402331,0.006800000090152,0.006349999923259,0.006800000090152,0.0057500000111758
2.51209084750952,0.0040000001899898,0.0038000000640749,0.0176500007510185,0.0176999997347593,0.00844999961555,0.0082000000402331,0.006800000090152,0.006349999923259,0.006800000090152,0.0057500000111758
2.51209084750952,0.0040000001899898,0.0038000000640749,0.0176500007510185,0.0176999997347593,0.00844999961555,0.0082000000402331,0.006800000090152,0.006349999923259,0.006800000090152,0.0057500000111758
2.51209084750952,0.0040000001899898,0.0038000000640749,0.0176500007510185,0.0176999997347593,0.00844999961555,0.0082000000402331,0.006800000090152,0.006349999923259,0.006800000090152,0.0057500000111758
2.51209084750952,0.0040000001899898,0.0038000000640749,0.0176500007510185,0.0176999997347593,0.00844999961555,0.0082000000402331,0.006800000090152,0.006349999923259,0.006800000090152,0.0057500000111758
2.51209084750952,0.0040000001899898,0.0038000000640749,0.0176500007510185,0.0176999997347593,0.00844999961555,0.0082000000402331,0.006800000090152,0.006349999923259,0.006800000090152,0.0057500000111758
2.51209084750952,0.0040000001899898,0.0038000000640749,0.0176500007510185,0.0176999997347593,0.00844999961555,0.0082000000402331,0.006800000090152,0.006349999923259,0.006800000090152,0.0057500000111758
2.51209084750952,0.0040000001899898,0.0038000000640749,0.0176500007510185,0.0176999997347593,0.00844999961555,0.0082000000402331,0.006800000090152,0.006349999923259,0.006800000090152,0.0057500000111758
2.51209084750952,0.0040000001899898,0.0038000000640749,0.0176500007510185,0.0176999997347593,0.00844999961555,0.0082000000402331,0.006800000090152,0.006349999923259,0.006800000090152,0.0057500000111758
2.51209084750952,0.0040000001899898,0.0038000000640749,0.0176500007510185,0.0176999997347593,0.00844999961555,0.0082000000402331,0.006800000090152,0.006349999923259,0.006800000090152,0.0057500000111758
2.51209084750952,0.0040000001899898,0.0038000000640749,0.0176500007510185,0.0176999997347593,0.00844999961555,0.0082000000402331,0.006800000090152,0.006349999923259,0.006800000090152,0.0057500000111758
2.51209084750952,0.0040000001899898,0.0038000000640749,0.0176500007510185,0.0176999997347593,0.00844999961555,0.0082000000402331,0.006800000090152,0.006349999923259,0.006800000090152,0.0057500000111758
2.51209084750952,0.0040000001899898,0.0038000000640749,0.0176500007510185,0.0176999997347593,0.00844999961555,0.0082000000402331,0.006800000090152,0.006349999923259,0.006800000090152,0.0057500000111758
2.51209084750952,0.0040000001899898,0.0038000000640749,0.0176500007510185,0.0176999997347593,0.00844999961555,0.0082000000402331,0.006800000090152,0.006349999923259,0.006800000090152,0.0057500000111758
2.51209084750952,0.0040000001899898,0.0038000000640749,0.0176500007510185,0.0176999997347593,0.00844999961555,0.0082000000402331,0.006800000090152,0.006349999923259,0.006800000090152,0.0057500000111758
2.51209084750952,0.0040000001899898,0.0038000000640749,0.0176500007510185,0.0176999997347593,0.00844999961555,0.0082000000402331,0.006800000090152,0.006349999923259,0.006800000090152,0.0057500000111758
2.51209084750952,0.0040000001899898,0.0038000000640749,0.0176500007510185,0.0176999997347593,0.00844999961555,0.0082000000402331,0.006800000090152,0.006349999923259,0.006800000090152,0.0057500000111758
2.51209084750952,0.0040000001899898,0.0038000000640749,0.0176500007510185,0.0176999997347593,0.00844999961555,0.0082000000402331,0.006800000090152,0.006349999923259,0.006800000090152,0.0057500000111758
2.51209084750952,0.0040000001899898,0.0038000000640749,0.0176500007510185,0.0176999997347593,0.00844999961555,0.0082000000402331,0.006800000090152,0.006349999923259,0.006800000090152,0.0057500000111758
2.51209084750952,0.0040000001899898,0.0038000000640749,0.0176500007510185,0.0176999997347593,0.00844999961555,0.0082000000402331,0.006800000090152,0.006349999923259,0.006800000090152,0.0057500000111758
2.51209084750952,0.0040000001899898,0.0038000000640749,0.0176500007510185,0.0176999997347593,0.00844999961555,0.0082000000402331,0.006800000090152,0.006349999923259,0.006800000090152,0.0057500000111758
2.51209084750952,0.0040000001899898,0.0038000000640749,0.0176500007510185,0.0176999997347593,0.00844999961555,0.0082000000402331,0.006800000090152,0.006349999923259,0.006800000090152,0.0057500000111758
2.51209084750952,0.0040000001899898,0.0038000000640749,0.0176500007510185,0.0176999997347593,0.00844999961555,0.0082000000402331,0.006800000090152,0.006349999923259,0.006800000090152,0.0057500000111758
2.51209084750952,0.0040000001899898,0.0038000000640749,0.0176500007510185,0.0176999997347593,0.00844999961555,0.0082000000402331,0.006800000090152,0.006349999923259,0.006800000090152,0.0057500000111758
2.51209084750952,0.0040000001899898,0.0038000000640749,0.0176500007510185,0.0176999997347593,0.00844999961555,0.0082000000402331,0.006800000090152,0.006349999923259,0.006800000090152,0.0057500000111758
2.51209084750952,0.0040000001899898,0.0038000000640749,0.0176500007510185,0.0176999997347593,0.00844999961555,0.0082000000402331,0.006800000090152,0.006349999923259,0.006800000090152,0.0057500000111758
2.51209084750952,0.0040000001899898,0.0038000000640749,0.0176500007510185,0.0176999997347593,0.00844999961555,0.0082000000402331,0.006800000090152,0.006349999923259,0.006800000090152,0.0057500000111758
2.51209084750952,0.0040000001899898,0.0038000000640749,0.0176500007510185,0.0176999997347593,0.00844999961555,0.0082000000402331,0.006800000090152,0.006349999923259,0.006800000090152,0.0057500000111758
2.51209084750952,0.0040000001899898,0.0038000000640749,0.0176500007510185,0.0176999997347593,0.00844999961555,0.0082000000402331,0.006800000090152,0.006349999923259,0.006800000090152,0.0057500000111758
2.51209084750952,0.0040000001899898,0.0038000000640749,0.0176500007510185,0.0176999997347593,0.00844999961555,0.0082000000402331,0.006800000090152,0.006349999923259,0.006800000090152,0.0057500000111758
2.51209084750952,0.0040000001899898,0.0038000000640749,0.0176500007510185,0.0176999997347593,0.00844999961555,0.0082000000402331,0.006800000090152,0.006349999923259,0.006800000090152,0.0057500000111758
2.51209084750952,0.0040000001899898,0.0038000000640749,0.0176500007510185,0.0176999997347593,0.00844999961555,0.0082000000402331,0.006800000090152,0.006349999923259,0.006800000090152,0.0057500000111758
2.51209084750952,0.0040000001899898,0.0038000000640749,0.0176500007510185,0.0176999997347593,0.00844999961555,0.0082000000402331,0.006800000090152,0.006349999923259,0.006800000090152,0.0057500000111758
2.51209084750952,0.0040000001899898,0.0038000000640749,0.0176500007510185,0.0176999997347593,0.00844999961555,0.0082000000402331,0.006800000090152,0.006349999923259,0.006800000090152,0.0057500000111758
2.51209084750952,0.0040000001899898,0.0038000000640749,0.0176500007510185,0.0176999997347593,0.00844999961555,0.0082000000402331,0.006800000090152,0.006349999923259,0.006800000090152,0.0057500000111758
2.51209084750952,0.0040000001899898,0.0038000000640749,0.0176500007510185,0.0176999997347593,0.00844999961555,0.0082000000402331,0.006800000090152,0.006349999923259,0.006800000090152,0.0057500000111758
2.51209084750952,0.0040000001899898,0.0038000000640749,0.0176500007510185,0.0176999997347593,0.00844999961555,0.0082000000402331,0.006800000090152,0.006349999923259,0.006800000090152,0.0057500000111758
2.51209084750952,0.0040000001899898,0.0038000000640749,0.0176500007510185,0.0176999997347593,0.00844999961555,0.0082000000402331,0.006800000090152,0.006349999923259,0.006800000090152,0.0057500000111758
2.51209084750952,0.0040000001899898,0.0038000000640749,0.0176500007510185,0.0176999997347593,0.00844999961555,0.0082000000402331,0.006800000090152,0.006349999923259,0.006800000090152,0.0057500000111758
2.51209084750952,0.0040000001899898,0.0038000000640749,0.0176500007510185,0.0176999997347593,0.00844999961555,0.0082000000402331,0.006800000090152,0.006349999923259,0.006800000090152,0.0057500000111758
2.51209084750952,0.0040000001899898,0.0038000000640749,0.0176500007510185,0.0176999997347593,0.00844999961555,0.0082000000402331,0.006800000090152,0.006349999923259,0.006800000090152,0.0057500000111758
2.51209084750952,0.0040000001899898,0.0038000000640749,0.0176500007510185,0.0176999997347593,0.00844999961555,0.0082000000402331,0.006800000090152,0.006349999923259,0.006800000090152,0.0057500000111758
2.51209084750952,0.0040000001899898,0.0038000000640749,0.0176500007510185,0.0176999997347593,0.00844999961555,0.0082000000402331,0.006800000090152,0.006349999923259,0.006800000090152,0.0057500000111758
2.51209084750952,0.0040000001899898,0.0038000000640749,0.0176500007510185,0.0176999997347593,0.00844999961555,0.0082000000402331,0.006800000090152,0.006349999923259,0.006800000090152,0.0057500000111758
2.51209084750952,0.0040000001899898,0.0038000000640749,0.0176500007510185,0.0176999997347593,0.00844999961555,0.0082000000402331,0.006800000090152,0.006349999923259,0.006800000090152,0.0057500000111758
2.51209084750952,0.0040000001899898,0.0038000000640749,0.0176500007510185,0.0176999997347593,0.00844999961555,0.0082000000402331,0.006800000090152,0.006349999923259,0.006800000090152,0.0057500000111758
2.51209084750952,0.0040000001899898,0.0038000000640749,0.0176500007510185,0.0176999997347593,0.00844999961555,0.0082000000402331,0.006800000090152,0.006349999923259,0.006800000090152,0.0057500000111758
2.51209084750952,0.0040000001899898,0.0038000000640749,0.0176500007510185,0.0176999997347593,0.00844999961555,0.0082000000402331,0.006800000090152,0.006349999923259,0.006800000090152,0.0057500000111758
2.51209084750952,0.0040000001899898,0.0038000000640749,0.0176500007510185,0.0176999997347593,0.00844999961555,0.0082000000402331,0.006800000090152,0.006349999923259,0.006800000090152,0.0057500000111758
2.51209084750952,0.0040000001899898,0.0038000000640749,0.0176500007510185,0.0176999997347593,0.00844999961555,0.0082000000402331,0.006800000090152,0.006349999923259,0.006800000090152,0.0057500000111758
2.51209084750952,0.0040000001899898,0.0038000000640749,0.0176500007510185,0.0176999997347593,0.00844999961555,0.0082000000402331,0.006800000090152,0.006349999923259,0.006800000090152,0.0057500000111758
2.51209084750952,0.0040000001899898,0.0038000000640749,0.0176500007510185,0.0176999997347593,0.00844999961555,0.0082000000402331,0.006800000090152,0.006349999923259,0.006800000090152,0.0057500000111758
2.51209084750952,0.0040000001899898,0.0038000000640749,0.0176500007510185,0.0176999997347593,0.00844999961555,0.0082000000402331,0.006800000090152,0.006349999923259,0.006800000090152,0.0057500000111758
2.51209084750952,0.0040000001899898,0.0038000000640749,0.0176500007510185,0.0176999997347593,0.00844999961555,0.0082000000402331,0.006800000090152,0.006349999923259,0.006800000090152,0.0057500000111758
2.51209084750952,0.0040000001899898,0.0038000000640749,0.0176500007510185,0.0176999997347593,0.00844999961555,0.0082000000402331,0.006800000090152,0.006349999923259,0.006800000090152,0.0057500000111758
2.51209084750952,0.0040000001899898,0.0038000000640749,0.0176500007510185,0.0176999997347593,0.00844999961555,0.0082000000402331,0.006800000090152,0.006349999923259,0.006800000090152,0.0057500000111758
2.51209084750952,0.0040000001899898,0.0038000000640749,0.0176500007510185,0.0176999997347593,0.00844999961555,0.0082000000402331,0.006800000090152,0.006349999923259,0.006800000090152,0.0057500000111758
2.51209084750952,0.0040000001899898,0.0038000000640749,0.0176500007510185,0.0176999997347593,0.00844999961555,0.0082000000402331,0.006800000090152,0.006349999923259,0.006800000090152,0.0057500000111758
2.51209084750952,0.0040000001899898,0.0038000000640749,0.0176500007510185,0.0176999997347593,0.00844999961555,0.0082000000402331,0.006800000090152,0.006349999923259,0.006800000090152,0.0057500000111758
2.51209084750952,0.0040000001899898,0.0038000000640749,0.0176500007510185,0.0176999997347593,0.00844999961555,0.0082000000402331,0.006800000090152,0.006349999923259,0.006800000090152,0.0057500000111758
2.51209084750952,0.0040000001899898,0.0038000000640749,0.0176500007510185,0.0176999997347593,0.00844999961555,0.0082000000402331,0.006800000090152,0.006349999923259,0.006800000090152,0.0057500000111758
2.51209084750952,0.0040000001899898,0.0038000000640749,0.0176500007510185,0.0176999997347593,0.00844999961555,0.0082000000402331,0.006800000090152,0.006349999923259,0.006800000090152,0.0057500000111758
2.51209084750952,0.0040000001899898,0.0038000000640749,0.0176500007510185,0.0176999997347593,0.00844999961555,0.0082000000402331,0.006800000090152,0.006349999923259,0.006800000090152,0.0057500000111758
2.51209084750952,0.0040000001899898,0.0038000000640749,0.0176500007510185,0.0176999997347593,0.00844999961555,0.0082000000402331,0.006800000090152,0.006349999923259,0.006800000090152,0.0057500000111758
2.51209084750952,0.0040000001899898,0.0038000000640749,0.0176500007510185,0.0176999997347593,0.00844999961555,0.0082000000402331,0.006800000090152,0.006349999923259,0.006800000090152,0.0057500000111758
2.51209084750952,0.0040000001899898,0.0038000000640749,0.0176500007510185,0.0176999997347593,0.00844999961555,0.0082000000402331,0.006800000090152,0.006349999923259,0.006800000090152,0.0057500000111758
2.26706706943568,0.0040000001899898,0.0038000000640749,0.0176500007510185,0.0176999997347593,0.00844999961555,0.0082000000402331,0.006800000090152,0.006349999923259,0.006800000090152,0.0057500000111758
2.26706706943568,0.0040000001899898,0.0038000000640749,0.0176500007510185,0.0176999997347593,0.00844999961555,0.0082000000402331,0.006800000090152,0.006349999923259,0.006800000090152,0.0057500000111758
2.26706706943568,0.0040000001899898,0.0038000000640749,0.0176500007510185,0.0176999997347593,0.00844999961555,0.0082000000402331,0.006800000090152,0.006349999923259,0.006800000090152,0.0057500000111758
2.26706706943568,0.0040000001899898,0.0038000000640749,0.0176500007510185,0.0176999997347593,0.00844999961555,0.0082000000402331,0.006800000090152,0.006349999923259,0.006800000090152,0.0057500000111758
2.26706706943568,0.0040000001899898,0.0038000000640749,0.0176500007510185,0.0176999997347593,0.00844999961555,0.0082000000402331,0.006800000090152,0.006349999923259,0.006800000090152,0.0057500000111758
2.26706706943568,0.0040000001899898,0.0038000000640749,0.0176500007510185,0.0176999997347593,0.00844999961555,0.0082000000402331,0.006800000090152,0.006349999923259,0.006800000090152,0.0057500000111758
2.26706706943568,0.0040000001899898,0.0038000000640749,0.0176500007510185,0.0176999997347593,0.00844999961555,0.0082000000402331,0.006800000090152,0.006349999923259,0.006800000090152,0.0057500000111758
2.26706706943568,0.0040000001899898,0.0038000000640749,0.0176500007510185,0.0176999997347593,0.00844999961555,0.0082000000402331,0.006800000090152,0.006349999923259,0.006800000090152,0.0057500000111758
2.26706706943568,0.0040000001899898,0.0038000000640749,0.0176500007510185,0.0176999997347593,0.00844999961555,0.0082000000402331,0.006800000090152,0.006349999923259,0.006800000090152,0.0057500000111758
2.26706706943568,0.0040000001899898,0.0038000000640749,0.0176500007510185,0.0176999997347593,0.00844999961555,0.0082000000402331,0.006800000090152,0.006349999923259,0.006800000090152,0.0057500000111758
2.26706706943568,0.0040000001899898,0.0038000000640749,0.0176500007510185,0.0176999997347593,0.00844999961555,0.0082000000402331,0.006800000090152,0.006349999923259,0.006800000090152,0.0057500000111758
2.26706706943568,0.0040000001899898,0.0038000000640749,0.0176500007510185,0.0176999997347593,0.00844999961555,0.0082000000402331,0.006800000090152,0.006349999923259,0.006800000090152,0.0057500000111758
2.26706706943568,0.0040000001899898,0.0038000000640749,0.0176500007510185,0.0176999997347593,0.00844999961555,0.0082000000402331,0.006800000090152,0.006349999923259,0.006800000090152,0.0057500000111758
2.26706706943568,0.0040000001899898,0.0038000000640749,0.0176500007510185,0.0176999997347593,0.00844999961555,0.0082000000402331,0.006800000090152,0.006349999923259,0.006800000090152,0.0057500000111758
2.26706706943568,0.0040000001899898,0.0038000000640749,0.0176500007510185,0.0176999997347593,0.00844999961555,0.0082000000402331,0.006800000090152,0.006349999923259,0.006800000090152,0.0057500000111758
2.26706706943568,0.0040000001899898,0.0038000000640749,0.0176500007510185,0.0176999997347593,0.00844999961555,0.0082000000402331,0.006800000090152,0.006349999923259,0.006800000090152,0.0057500000111758
2.26706706943568,0.0040000001899898,0.0038000000640749,0.0176500007510185,0.0176999997347593,0.00844999961555,0.0082000000402331,0.006800000090152,0.006349999923259,0.006800000090152,0.0057500000111758
2.26706706943568,0.0040000001899898,0.0038000000640749,0.0176500007510185,0.0176999997347593,0.00844999961555,0.0082000000402331,0.006800000090152,0.006349999923259,0.006800000090152,0.0057500000111758
2.26706706943568,0.0040000001899898,0.0038000000640749,0.0176500007510185,0.0176999997347593,0.00844999961555,0.0082000000402331,0.006800000090152,0.006349999923259,0.006800000090152,0.0057500000111758
2.26706706943568,0.0040000001899898,0.0038000000640749,0.0176500007510185,0.0176999997347593,0.00844999961555,0.0082000000402331,0.006800000090152,0.006349999923259,0.006800000090152,0.0057500000111758
2.26706706943568,0.0040000001899898,0.0038000000640749,0.0176500007510185,0.0176999997347593,0.00844999961555,0.0082000000402331,0.006800000090152,0.006349999923259,0.006800000090152,0.0057500000111758
2.26706706943568,0.0040000001899898,0.0038000000640749,0.0176500007510185,0.0176999997347593,0.00844999961555,0.0082000000402331,0.006800000090152,0.006349999923259,0.006800000090152,0.0057500000111758
2.26706706943568,0.0040000001899898,0.0038000000640749,0.0176500007510185,0.0176999997347593,0.00844999961555,0.0082000000402331,0.006800000090152,0.006349999923259,0.006800000090152,0.0057500000111758
2.26706706943568,0.0040000001899898,0.0038000000640749,0.0176500007510185,0.0176999997347593,0.00844999961555,0.0082000000402331,0.006800000090152,0.006349999923259,0.006800000090152,0.0057500000111758
2.26706706943568,0.0040000001899898,0.0038000000640749,0.0176500007510185,0.0176999997347593,0.00844999961555,0.0082000000402331,0.006800000090152,0.006349999923259,0.006800000090152,0.0057500000111758
2.26706706943568,0.0040000001899898,0.0038000000640749,0.0176500007510185,0.0176999997347593,0.00844999961555,0.0082000000402331,0.006800000090152,0.006349999923259,0.006800000090152,0.0057500000111758
2.26706706943568,0.0040000001899898,0.0038000000640749,0.0176500007510185,0.0176999997347593,0.00844999961555,0.0082000000402331,0.006800000090152,0.006349999923259,0.006800000090152,0.0057500000111758
2.26706706943568,0.0040000001899898,0.0038000000640749,0.0176500007510185,0.0176999997347593,0.00844999961555,0.0082000000402331,0.006800000090152,0.006349999923259,0.006800000090152,0.0057500000111758
2.26706706943568,0.0040000001899898,0.0038000000640749,0.0176500007510185,0.0176999997347593,0.00844999961555,0.0082000000402331,0.006800000090152,0.006349999923259,0.006800000090152,0.0057500000111758
2.26706706943568,0.0040000001899898,0.0038000000640749,0.0176500007510185,0.0176999997347593,0.00844999961555,0.0082000000402331,0.006800000090152,0.006349999923259,0.006800000090152,0.0057500000111758
2.26706706943568,0.0040000001899898,0.0038000000640749,0.0176500007510185,0.0176999997347593,0.00844999961555,0.0082000000402331,0.006800000090152,0.006349999923259,0.006800000090152,0.0057500000111758
2.26706706943568,0.0040000001899898,0.0038000000640749,0.0176500007510185,0.0176999997347593,0.00844999961555,0.0082000000402331,0.006800000090152,0.006349999923259,0.006800000090152,0.0057500000111758
2.26706706943568,0.0040000001899898,0.0038000000640749,0.0176500007510185,0.0176999997347593,0.00844999961555,0.0082000000402331,0.006800000090152,0.006349999923259,0.006800000090152,0.0057500000111758
2.26706706943568,0.0040000001899898,0.0038000000640749,0.0176500007510185,0.0176999997347593,0.00844999961555,0.0082000000402331,0.006800000090152,0.006349999923259,0.006800000090152,0.0057500000111758
2.26706706943568,0.0040000001899898,0.0038000000640749,0.0176500007510185,0.0176999997347593,0.00844999961555,0.0082000000402331,0.006800000090152,0.006349999923259,0.006800000090152,0.0057500000111758
2.26706706943568,0.0040000001899898,0.0038000000640749,0.0176500007510185,0.0176999997347593,0.00844999961555,0.0082000000402331,0.006800000090152,0.006349999923259,0.006800000090152,0.0057500000111758
2.26706706943568,0.0040000001899898,0.0038000000640749,0.0176500007510185,0.0176999997347593,0.00844999961555,0.0082000000402331,0.006800000090152,0.006349999923259,0.006800000090152,0.0057500000111758
2.26706706943568,0.0040000001899898,0.0038000000640749,0.0176500007510185,0.0176999997347593,0.00844999961555,0.0082000000402331,0.006800000090152,0.006349999923259,0.006800000090152,0.0057500000111758
2.26706706943568,0.0040000001899898,0.0038000000640749,0.0176500007510185,0.0176999997347593,0.00844999961555,0.0082000000402331,0.006800000090152,0.006349999923259,0.006800000090152,0.0057500000111758
2.26706706943568,0.0040000001899898,0.0038000000640749,0.0176500007510185,0.0176999997347593,0.00844999961555,0.0082000000402331,0.006800000090152,0.006349999923259,0.006800000090152,0.0057500000111758
2.26706706943568,0.0040000001899898,0.0038000000640749,0.0176500007510185,0.0176999997347593,0.00844999961555,0.0082000000402331,0.006800000090152,0.006349999923259,0.006800000090152,0.0057500000111758
2.26706706943568,0.0040000001899898,0.0038000000640749,0.0176500007510185,0.0176999997347593,0.00844999961555,0.0082000000402331,0.006800000090152,0.006349999923259,0.006800000090152,0.0057500000111758
2.26706706943568,0.0040000001899898,0.0038000000640749,0.0176500007510185,0.0176999997347593,0.00844999961555,0.0082000000402331,0.006800000090152,0.006349999923259,0.006800000090152,0.0057500000111758
2.26706706943568,0.0040000001899898,0.0038000000640749,0.0176500007510185,0.0176999997347593,0.00844999961555,0.0082000000402331,0.006800000090152,0.006349999923259,0.006800000090152,0.0057500000111758
2.26706706943568,0.0040000001899898,0.0038000000640749,0.0176500007510185,0.0176999997347593,0.00844999961555,0.0082000000402331,0.006800000090152,0.006349999923259,0.006800000090152,0.0057500000111758
2.26706706943568,0.0040000001899898,0.0038000000640749,0.0176500007510185,0.0176999997347593,0.00844999961555,0.0082000000402331,0.006800000090152,0.006349999923259,0.006800000090152,0.0057500000111758
2.26706706943568,0.0040000001899898,0.0038000000640749,0.0176500007510185,0.0176999997347593,0.00844999961555,0.0082000000402331,0.006800000090152,0.006349999923259,0.006800000090152,0.0057500000111758
2.26706706943568,0.0040000001899898,0.0038000000640749,0.0176500007510185,0.0176999997347593,0.00844999961555,0.0082000000402331,0.006800000090152,0.006349999923259,0.006800000090152,0.0057500000111758
2.26706706943568,0.0040000001899898,0.0038000000640749,0.0176500007510185,0.0176999997347593,0.00844999961555,0.0082000000402331,0.006800000090152,0.006349999923259,0.006800000090152,0.0057500000111758
2.26706706943568,0.0040000001899898,0.0038000000640749,0.0176500007510185,0.0176999997347593,0.00844999961555,0.0082000000402331,0.006800000090152,0.006349999923259,0.006800000090152,0.0057500000111758
2.26706706943568,0.0040000001899898,0.0038000000640749,0.0176500007510185,0.0176999997347593,0.00844999961555,0.0082000000402331,0.006800000090152,0.006349999923259,0.006800000090152,0.0057500000111758
2.26706706943568,0.0040000001899898,0.0038000000640749,0.0176500007510185,0.0176999997347593,0.00844999961555,0.0082000000402331,0.006800000090152,0.006349999923259,0.006800000090152,0.0057500000111758
2.26706706943568,0.0040000001899898,0.0038000000640749,0.0176500007510185,0.0176999997347593,0.00844999961555,0.0082000000402331,0.006800000090152,0.006349999923259,0.006800000090152,0.0057500000111758
2.26706706943568,0.0040000001899898,0.0038000000640749,0.0176500007510185,0.0176999997347593,0.00844999961555,0.0082000000402331,0.006800000090152,0.006349999923259,0.006800000090152,0.0057500000111758
2.26706706943568,0.0040000001899898,0.0038000000640749,0.0176500007510185,0.0176999997347593,0.00844999961555,0.0082000000402331,0.006800000090152,0.006349999923259,0.006800000090152,0.0057500000111758
2.26706706943568,0.0040000001899898,0.0038000000640749,0.0176500007510185,0.0176999997347593,0.00844999961555,0.0082000000402331,0.006800000090152,0.006349999923259,0.006800000090152,0.0057500000111758
2.26706706943568,0.0040000001899898,0.0038000000640749,0.0176500007510185,0.0176999997347593,0.00844999961555,0.0082000000402331,0.006800000090152,0.006349999923259,0.006800000090152,0.0057500000111758
2.26706706943568,0.0040000001899898,0.0038000000640749,0.0176500007510185,0.0176999997347593,0.00844999961555,0.0082000000402331,0.006800000090152,0.006349999923259,0.006800000090152,0.0057500000111758
2.26706706943568,0.0040000001899898,0.0038000000640749,0.0176500007510185,0.0176999997347593,0.00844999961555,0.0082000000402331,0.006800000090152,0.006349999923259,0.006800000090152,0.0057500000111758
2.26706706943568,0.0040000001899898,0.0038000000640749,0.0176500007510185,0.0176999997347593,0.00844999961555,0.0082000000402331,0.006800000090152,0.006349999923259,0.006800000090152,0.0057500000111758
2.26706706943568,0.0040000001899898,0.0038000000640749,0.0176500007510185,0.0176999997347593,0.00844999961555,0.0082000000402331,0.006800000090152,0.006349999923259,0.006800000090152,0.0057500000111758
2.26706706943568,0.0040000001899898,0.0038000000640749,0.0176500007510185,0.0176999997347593,0.00844999961555,0.0082000000402331,0.006800000090152,0.006349999923259,0.006800000090152,0.0057500000111758
2.26706706943568,0.0040000001899898,0.0038000000640749,0.0176500007510185,0.0176999997347593,0.00844999961555,0.0082000000402331,0.006800000090152,0.006349999923259,0.006800000090152,0.0057500000111758
2.26706706943568,0.0040000001899898,0.0038000000640749,0.0176500007510185,0.0176999997347593,0.00844999961555,0.0082000000402331,0.006800000090152,0.006349999923259,0.006800000090152,0.0057500000111758
2.26706706943568,0.0040000001899898,0.0038000000640749,0.0176500007510185,0.0176999997347593,0.00844999961555,0.0082000000402331,0.006800000090152,0.006349999923259,0.006800000090152,0.0057500000111758
2.26706706943568,0.0040000001899898,0.0038000000640749,0.0176500007510185,0.0176999997347593,0.00844999961555,0.0082000000402331,0.006800000090152,0.006349999923259,0.006800000090152,0.0057500000111758
2.26706706943568,0.0040000001899898,0.0038000000640749,0.0176500007510185,0.0176999997347593,0.00844999961555,0.0082000000402331,0.006800000090152,0.006349999923259,0.006800000090152,0.0057500000111758
2.26706706943568,0.0040000001899898,0.0038000000640749,0.0176500007510185,0.0176999997347593,0.00844999961555,0.0082000000402331,0.006800000090152,0.006349999923259,0.006800000090152,0.0057500000111758
2.26706706943568,0.0040000001899898,0.0038000000640749,0.0176500007510185,0.0176999997347593,0.00844999961555,0.0082000000402331,0.006800000090152,0.006349999923259,0.006800000090152,0.0057500000111758
2.26706706943568,0.0040000001899898,0.0038000000640749,0.0176500007510185,0.0176999997347593,0.00844999961555,0.0082000000402331,0.006800000090152,0.006349999923259,0.006800000090152,0.0057500000111758
2.26706706943568,0.0040000001899898,0.0038000000640749,0.0176500007510185,0.0176999997347593,0.00844999961555,0.0082000000402331,0.006800000090152,0.006349999923259,0.006800000090152,0.0057500000111758
2.26706706943568,0.0040000001899898,0.0038000000640749,0.0176500007510185,0.0176999997347593,0.00844999961555,0.0082000000402331,0.006800000090152,0.006349999923259,0.006800000090152,0.0057500000111758
2.26706706943568,0.0040000001899898,0.0038000000640749,0.0176500007510185,0.0176999997347593,0.00844999961555,0.0082000000402331,0.006800000090152,0.006349999923259,0.006800000090152,0.0057500000111758
2.26706706943568,0.0040000001899898,0.0038000000640749,0.0176500007510185,0.0176999997347593,0.00844999961555,0.0082000000402331,0.006800000090152,0.006349999923259,0.006800000090152,0.0057500000111758
2.26706706943568,0.0040000001899898,0.0038000000640749,0.0176500007510185,0.0176999997347593,0.00844999961555,0.0082000000402331,0.006800000090152,0.006349999923259,0.006800000090152,0.0057500000111758
2.26706706943568,0.0040000001899898,0.0038000000640749,0.0176500007510185,0.0176999997347593,0.00844999961555,0.0082000000402331,0.006800000090152,0.006349999923259,0.006800000090152,0.0057500000111758
2.26706706943568,0.0040000001899898,0.0038000000640749,0.0176500007510185,0.0176999997347593,0.00844999961555,0.0082000000402331,0.006800000090152,0.006349999923259,0.006800000090152,0.0057500000111758
2.26706706943568,0.0040000001899898,0.0038000000640749,0.0176500007510185,0.0176999997347593,0.00844999961555,0.0082000000402331,0.006800000090152,0.006349999923259,0.006800000090152,0.0057500000111758
2.26706706943568,0.0040000001899898,0.0038000000640749,0.0176500007510185,0.0176999997347593,0.00844999961555,0.0082000000402331,0.006800000090152,0.006349999923259,0.006800000090152,0.0057500000111758
2.26706706943568,0.0040000001899898,0.0038000000640749,0.0176500007510185,0.0176999997347593,0.00844999961555,0.0082000000402331,0.006800000090152,0.006349999923259,0.006800000090152,0.0057500000111758
2.26706706943568,0.0040000001899898,0.0038000000640749,0.0176500007510185,0.0176999997347593,0.00844999961555,0.0082000000402331,0.006800000090152,0.006349999923259,0.006800000090152,0.0057500000111758
2.26706706943568,0.0040000001899898,0.0038000000640749,0.0176500007510185,0.0176999997347593,0.00844999961555,0.0082000000402331,0.006800000090152,0.006349999923259,0.006800000090152,0.0057500000111758
2.26706706943568,0.0040000001899898,0.0038000000640749,0.0176500007510185,0.0176999997347593,0.00844999961555,0.0082000000402331,0.006800000090152,0.006349999923259,0.006800000090152,0.0057500000111758
2.26706706943568,0.0040000001899898,0.0038000000640749,0.0176500007510185,0.0176999997347593,0.00844999961555,0.0082000000402331,0.006800000090152,0.006349999923259,0.006800000090152,0.0057500000111758
2.26706706943568,0.0040000001899898,0.0038000000640749,0.0176500007510185,0.0176999997347593,0.00844999961555,0.0082000000402331,0.006800000090152,0.006349999923259,0.006800000090152,0.0057500000111758
2.26706706943568,0.0040000001899898,0.0038000000640749,0.0176500007510185,0.0176999997347593,0.00844999961555,0.0082000000402331,0.006800000090152,0.006349999923259,0.006800000090152,0.0057500000111758
2.26706706943568,0.0040000001899898,0.0038000000640749,0.0176500007510185,0.0176999997347593,0.00844999961555,0.0082000000402331,0.006800000090152,0.006349999923259,0.006800000090152,0.0057500000111758
2.26706706943568,0.0040000001899898,0.0038000000640749,0.0176500007510185,0.0176999997347593,0.00844999961555,0.0082000000402331,0.006800000090152,0.006349999923259,0.006800000090152,0.0057500000111758
2.26706706943568,0.0040000001899898,0.0038000000640749,0.0176500007510185,0.0176999997347593,0.00844999961555,0.0082000000402331,0.006800000090152,0.006349999923259,0.006800000090152,0.0057500000111758
2.26706706943568,0.0040000001899898,0.0038000000640749,0.0176500007510185,0.0176999997347593,0.00844999961555,0.0082000000402331,0.006800000090152,0.006349999923259,0.006800000090152,0.0057500000111758
2.26706706943568,0.0040000001899898,0.0038000000640749,0.0176500007510185,0.0176999997347593,0.00844999961555,0.0082000000402331,0.006800000090152,0.006349999923259,0.006800000090152,0.0057500000111758
2.26706706943568,0.0040000001899898,0.0038000000640749,0.0176500007510185,0.0176999997347593,0.00844999961555,0.0082000000402331,0.006800000090152,0.006349999923259,0.006800000090152,0.0057500000111758
2.26706706943568,0.0040000001899898,0.0038000000640749,0.0176500007510185,0.0176999997347593,0.00844999961555,0.0082000000402331,0.006800000090152,0.006349999923259,0.006800000090152,0.0057500000111758
2.26706706943568,0.0040000001899898,0.0038000000640749,0.0176500007510185,0.0176999997347593,0.00844999961555,0.0082000000402331,0.006800000090152,0.006349999923259,0.006800000090152,0.0057500000111758
2.26706706943568,0.0040000001899898,0.0038000000640749,0.0176500007510185,0.0176999997347593,0.00844999961555,0.0082000000402331,0.006800000090152,0.006349999923259,0.006800000090152,0.0057500000111758
2.26706706943568,0.0040000001899898,0.0038000000640749,0.0176500007510185,0.0176999997347593,0.00844999961555,0.0082000000402331,0.006800000090152,0.006349999923259,0.006800000090152,0.0057500000111758
2.26706706943568,0.0040000001899898,0.0038000000640749,0.0176500007510185,0.0176999997347593,0.00844999961555,0.0082000000402331,0.006800000090152,0.006349999923259,0.006800000090152,0.0057500000111758
2.26706706943568,0.0040000001899898,0.0038000000640749,0.0176500007510185,0.0176999997347593,0.00844999961555,0.0082000000402331,0.006800000090152,0.006349999923259,0.006800000090152,0.0057500000111758
2.26706706943568,0.0040000001899898,0.0038000000640749,0.0176500007510185,0.0176999997347593,0.00844999961555,0.0082000000402331,0.006800000090152,0.006349999923259,0.006800000090152,0.0057500000111758
2.26706706943568,0.0040000001899898,0.0038000000640749,0.0176500007510185,0.0176999997347593,0.00844999961555,0.0082000000402331,0.006800000090152,0.006349999923259,0.006800000090152,0.0057500000111758
2.26706706943568,0.0040000001899898,0.0038000000640749,0.0176500007510185,0.0176999997347593,0.00844999961555,0.0082000000402331,0.006800000090152,0.006349999923259,0.006800000090152,0.0057500000111758
2.26706706943568,0.0040000001899898,0.0038000000640749,0.0176500007510185,0.0176999997347593,0.00844999961555,0.0082000000402331,0.006800000090152,0.006349999923259,0.006800000090152,0.0057500000111758
2.26706706943568,0.0040000001899898,0.0038000000640749,0.0176500007510185,0.0176999997347593,0.00844999961555,0.0082000000402331,0.006800000090152,0.006349999923259,0.006800000090152,0.0057500000111758
2.26706706943568,0.0040000001899898,0.0038000000640749,0.0176500007510185,0.0176999997347593,0.00844999961555,0.0082000000402331,0.006800000090152,0.006349999923259,0.006800000090152,0.0057500000111758
2.26706706943568,0.0040000001899898,0.0038000000640749,0.0176500007510185,0.0176999997347593,0.00844999961555,0.0082000000402331,0.006800000090152,0.006349999923259,0.006800000090152,0.0057500000111758
2.26706706943568,0.0040000001899898,0.0038000000640749,0.0176500007510185,0.0176999997347593,0.00844999961555,0.0082000000402331,0.006800000090152,0.006349999923259,0.006800000090152,0.0057500000111758
2.26706706943568,0.0040000001899898,0.0038000000640749,0.0176500007510185,0.0176999997347593,0.00844999961555,0.0082000000402331,0.006800000090152,0.006349999923259,0.006800000090152,0.0057500000111758
2.26706706943568,0.0040000001899898,0.0038000000640749,0.0176500007510185,0.0176999997347593,0.00844999961555,0.0082000000402331,0.006800000090152,0.006349999923259,0.006800000090152,0.0057500000111758
2.26706706943568,0.0040000001899898,0.0038000000640749,0.0176500007510185,0.0176999997347593,0.00844999961555,0.0082000000402331,0.006800000090152,0.006349999923259,0.006800000090152,0.0057500000111758
2.26706706943568,0.0040000001899898,0.0038000000640749,0.0176500007510185,0.0176999997347593,0.00844999961555,0.0082000000402331,0.006800000090152,0.006349999923259,0.006800000090152,0.0057500000111758
2.26706706943568,0.0040000001899898,0.0038000000640749,0.0176500007510185,0.0176999997347593,0.00844999961555,0.0082000000402331,0.006800000090152,0.006349999923259,0.006800000090152,0.0057500000111758
2.26706706943568,0.0040000001899898,0.0038000000640749,0.0176500007510185,0.0176999997347593,0.00844999961555,0.0082000000402331,0.006800000090152,0.006349999923259,0.006800000090152,0.0057500000111758
2.26706706943568,0.0040000001899898,0.0038000000640749,0.0176500007510185,0.0176999997347593,0.00844999961555,0.0082000000402331,0.006800000090152,0.006349999923259,0.006800000090152,0.0057500000111758
2.26706706943568,0.0040000001899898,0.0038000000640749,0.0176500007510185,0.0176999997347593,0.00844999961555,0.0082000000402331,0.006800000090152,0.006349999923259,0.006800000090152,0.0057500000111758
2.26706706943568,0.0040000001899898,0.0038000000640749,0.0176500007510185,0.0176999997347593,0.00844999961555,0.0082000000402331,0.006800000090152,0.006349999923259,0.006800000090152,0.0057500000111758
2.26706706943568,0.0040000001899898,0.0038000000640749,0.0176500007510185,0.0176999997347593,0.00844999961555,0.0082000000402331,0.006800000090152,0.006349999923259,0.006800000090152,0.0057500000111758
2.26706706943568,0.0040000001899898,0.0038000000640749,0.0176500007510185,0.0176999997347593,0.00844999961555,0.0082000000402331,0.006800000090152,0.006349999923259,0.006800000090152,0.0057500000111758
2.26706706943568,0.0040000001899898,0.0038000000640749,0.0176500007510185,0.0176999997347593,0.00844999961555,0.0082000000402331,0.006800000090152,0.006349999923259,0.006800000090152,0.0057500000111758
2.26706706943568,0.0040000001899898,0.0038000000640749,0.0176500007510185,0.0176999997347593,0.00844999961555,0.0082000000402331,0.006800000090152,0.006349999923259,0.006800000090152,0.0057500000111758
2.26706706943568,0.0040000001899898,0.0038000000640749,0.0176500007510185,0.0176999997347593,0.00844999961555,0.0082000000402331,0.006800000090152,0.006349999923259,0.006800000090152,0.0057500000111758
2.26706706943568,0.0040000001899898,0.0038000000640749,0.0176500007510185,0.0176999997347593,0.00844999961555,0.0082000000402331,0.006800000090152,0.006349999923259,0.006800000090152,0.0057500000111758
2.26706706943568,0.0040000001899898,0.0038000000640749,0.0176500007510185,0.0176999997347593,0.00844999961555,0.0082000000402331,0.006800000090152,0.006349999923259,0.006800000090152,0.0057500000111758
2.26706706943568,0.0040000001899898,0.0038000000640749,0.0176500007510185,0.0176999997347593,0.00844999961555,0.0082000000402331,0.006800000090152,0.006349999923259,0.006800000090152,0.0057500000111758
2.26706706943568,0.0040000001899898,0.0038000000640749,0.0176500007510185,0.0176999997347593,0.00844999961555,0.0082000000402331,0.006800000090152,0.006349999923259,0.006800000090152,0.0057500000111758
2.26706706943568,0.0040000001899898,0.0038000000640749,0.0176500007510185,0.0176999997347593,0.00844999961555,0.0082000000402331,0.006800000090152,0.006349999923259,0.006800000090152,0.0057500000111758
2.26706706943568,0.0040000001899898,0.0038000000640749,0.0176500007510185,0.0176999997347593,0.00844999961555,0.0082000000402331,0.006800000090152,0.006349999923259,0.006800000090152,0.0057500000111758
2.26706706943568,0.0040000001899898,0.0038000000640749,0.0176500007510185,0.0176999997347593,0.00844999961555,0.0082000000402331,0.006800000090152,0.006349999923259,0.006800000090152,0.0057500000111758
2.26706706943568,0.0040000001899898,0.0038000000640749,0.0176500007510185,0.0176999997347593,0.00844999961555,0.0082000000402331,0.006800000090152,0.006349999923259,0.006800000090152,0.0057500000111758
2.26706706943568,0.0040000001899898,0.0038000000640749,0.0176500007510185,0.0176999997347593,0.00844999961555,0.0082000000402331,0.006800000090152,0.006349999923259,0.006800000090152,0.0057500000111758
2.26706706943568,0.0040000001899898,0.0038000000640749,0.0176500007510185,0.0176999997347593,0.00844999961555,0.0082000000402331,0.006800000090152,0.006349999923259,0.006800000090152,0.0057500000111758
2.26706706943568,0.0040000001899898,0.0038000000640749,0.0176500007510185,0.0176999997347593,0.00844999961555,0.0082000000402331,0.006800000090152,0.006349999923259,0.006800000090152,0.0057500000111758
2.26706706943568,0.0040000001899898,0.0038000000640749,0.0176500007510185,0.0176999997347593,0.00844999961555,0.0082000000402331,0.006800000090152,0.006349999923259,0.006800000090152,0.0057500000111758
2.26706706943568,0.0040000001899898,0.0038000000640749,0.0176500007510185,0.0176999997347593,0.00844999961555,0.0082000000402331,0.006800000090152,0.006349999923259,0.006800000090152,0.0057500000111758
2.26706706943568,0.0040000001899898,0.0038000000640749,0.0176500007510185,0.0176999997347593,0.00844999961555,0.0082000000402331,0.006800000090152,0.006349999923259,0.006800000090152,0.0057500000111758
2.26706706943568,0.0040000001899898,0.0038000000640749,0.0176500007510185,0.0176999997347593,0.00844999961555,0.0082000000402331,0.006800000090152,0.006349999923259,0.006800000090152,0.0057500000111758
2.26706706943568,0.0040000001899898,0.0038000000640749,0.0176500007510185,0.0176999997347593,0.00844999961555,0.0082000000402331,0.006800000090152,0.006349999923259,0.006800000090152,0.0057500000111758
2.26706706943568,0.0040000001899898,0.0038000000640749,0.0176500007510185,0.0176999997347593,0.00844999961555,0.0082000000402331,0.006800000090152,0.006349999923259,0.006800000090152,0.0057500000111758
2.26706706943568,0.0040000001899898,0.0038000000640749,0.0176500007510185,0.0176999997347593,0.00844999961555,0.0082000000402331,0.006800000090152,0.006349999923259,0.006800000090152,0.0057500000111758
2.26706706943568,0.0040000001899898,0.0038000000640749,0.0176500007510185,0.0176999997347593,0.00844999961555,0.0082000000402331,0.006800000090152,0.006349999923259,0.006800000090152,0.0057500000111758
2.26706706943568,0.0040000001899898,0.0038000000640749,0.0176500007510185,0.0176999997347593,0.00844999961555,0.0082000000402331,0.006800000090152,0.006349999923259,0.006800000090152,0.0057500000111758
2.26706706943568,0.0040000001899898,0.0038000000640749,0.0176500007510185,0.0176999997347593,0.00844999961555,0.0082000000402331,0.006800000090152,0.006349999923259,0.006800000090152,0.0057500000111758
2.26706706943568,0.0040000001899898,0.0038000000640749,0.0176500007510185,0.0176999997347593,0.00844999961555,0.0082000000402331,0.006800000090152,0.006349999923259,0.006800000090152,0.0057500000111758
2.26706706943568,0.0040000001899898,0.0038000000640749,0.0176500007510185,0.0176999997347593,0.00844999961555,0.0082000000402331,0.006800000090152,0.006349999923259,0.006800000090152,0.0057500000111758
2.26706706943568,0.0040000001899898,0.0038000000640749,0.0176500007510185,0.0176999997347593,0.00844999961555,0.0082000000402331,0.006800000090152,0.006349999923259,0.006800000090152,0.0057500000111758
2.26706706943568,0.0040000001899898,0.0038000000640749,0.0176500007510185,0.0176999997347593,0.00844999961555,0.0082000000402331,0.006800000090152,0.006349999923259,0.006800000090152,0.0057500000111758
2.26706706943568,0.0040000001899898,0.0038000000640749,0.0176500007510185,0.0176999997347593,0.00844999961555,0.0082000000402331,0.006800000090152,0.006349999923259,0.006800000090152,0.0057500000111758
2.26706706943568,0.0040000001899898,0.0038000000640749,0.0176500007510185,0.0176999997347593,0.00844999961555,0.0082000000402331,0.006800000090152,0.006349999923259,0.006800000090152,0.0057500000111758
2.26706706943568,0.0040000001899898,0.0038000000640749,0.0176500007510185,0.0176999997347593,0.00844999961555,0.0082000000402331,0.006800000090152,0.006349999923259,0.006800000090152,0.0057500000111758
2.26706706943568,0.0040000001899898,0.0038000000640749,0.0176500007510185,0.0176999997347593,0.00844999961555,0.0082000000402331,0.006800000090152,0.006349999923259,0.006800000090152,0.0057500000111758
2.26706706943568,0.0040000001899898,0.0038000000640749,0.0176500007510185,0.0176999997347593,0.00844999961555,0.0082000000402331,0.006800000090152,0.006349999923259,0.006800000090152,0.0057500000111758
2.26706706943568,0.0040000001899898,0.0038000000640749,0.0176500007510185,0.0176999997347593,0.00844999961555,0.0082000000402331,0.006800000090152,0.006349999923259,0.006800000090152,0.0057500000111758
2.26706706943568,0.0040000001899898,0.0038000000640749,0.0176500007510185,0.0176999997347593,0.00844999961555,0.0082000000402331,0.006800000090152,0.006349999923259,0.006800000090152,0.0057500000111758
2.26706706943568,0.0040000001899898,0.0038000000640749,0.0176500007510185,0.0176999997347593,0.00844999961555,0.0082000000402331,0.006800000090152,0.006349999923259,0.006800000090152,0.0057500000111758
2.26706706943568,0.0040000001899898,0.0038000000640749,0.0176500007510185,0.0176999997347593,0.00844999961555,0.0082000000402331,0.006800000090152,0.006349999923259,0.006800000090152,0.0057500000111758
2.26706706943568,0.0040000001899898,0.0038000000640749,0.0176500007510185,0.0176999997347593,0.00844999961555,0.0082000000402331,0.006800000090152,0.006349999923259,0.006800000090152,0.0057500000111758
2.26706706943568,0.0040000001899898,0.0038000000640749,0.0176500007510185,0.0176999997347593,0.00844999961555,0.0082000000402331,0.006800000090152,0.006349999923259,0.006800000090152,0.0057500000111758
2.26706706943568,0.0040000001899898,0.0038000000640749,0.0176500007510185,0.0176999997347593,0.00844999961555,0.0082000000402331,0.006800000090152,0.006349999923259,0.006800000090152,0.0057500000111758
2.26706706943568,0.0040000001899898,0.0038000000640749,0.0176500007510185,0.0176999997347593,0.00844999961555,0.0082000000402331,0.006800000090152,0.006349999923259,0.006800000090152,0.0057500000111758
2.26706706943568,0.0040000001899898,0.0038000000640749,0.0176500007510185,0.0176999997347593,0.00844999961555,0.0082000000402331,0.006800000090152,0.006349999923259,0.006800000090152,0.0057500000111758
2.26706706943568,0.0040000001899898,0.0038000000640749,0.0176500007510185,0.0176999997347593,0.00844999961555,0.0082000000402331,0.006800000090152,0.006349999923259,0.006800000090152,0.0057500000111758
2.26706706943568,0.0040000001899898,0.0038000000640749,0.0176500007510185,0.0176999997347593,0.00844999961555,0.0082000000402331,0.006800000090152,0.006349999923259,0.006800000090152,0.0057500000111758
2.26706706943568,0.0040000001899898,0.0038000000640749,0.0176500007510185,0.0176999997347593,0.00844999961555,0.0082000000402331,0.006800000090152,0.006349999923259,0.006800000090152,0.0057500000111758
2.26706706943568,0.0040000001899898,0.0038000000640749,0.0176500007510185,0.0176999997347593,0.00844999961555,0.0082000000402331,0.006800000090152,0.006349999923259,0.006800000090152,0.0057500000111758
2.26706706943568,0.0040000001899898,0.0038000000640749,0.0176500007510185,0.0176999997347593,0.00844999961555,0.0082000000402331,0.006800000090152,0.006349999923259,0.006800000090152,0.0057500000111758
2.26706706943568,0.0040000001899898,0.0038000000640749,0.0176500007510185,0.0176999997347593,0.00844999961555,0.0082000000402331,0.006800000090152,0.006349999923259,0.006800000090152,0.0057500000111758
2.26706706943568,0.0040000001899898,0.0038000000640749,0.0176500007510185,0.0176999997347593,0.00844999961555,0.0082000000402331,0.006800000090152,0.006349999923259,0.006800000090152,0.0057500000111758
2.26706706943568,0.0040000001899898,0.0038000000640749,0.0176500007510185,0.0176999997347593,0.00844999961555,0.0082000000402331,0.006800000090152,0.006349999923259,0.006800000090152,0.0057500000111758
2.26706706943568,0.0040000001899898,0.0038000000640749,0.0176500007510185,0.0176999997347593,0.00844999961555,0.0082000000402331,0.006800000090152,0.006349999923259,0.006800000090152,0.0057500000111758
2.26706706943568,0.0040000001899898,0.0038000000640749,0.0176500007510185,0.0176999997347593,0.00844999961555,0.0082000000402331,0.006800000090152,0.006349999923259,0.006800000090152,0.0057500000111758
2.26706706943568,0.0040000001899898,0.0038000000640749,0.0176500007510185,0.0176999997347593,0.00844999961555,0.0082000000402331,0.006800000090152,0.006349999923259,0.006800000090152,0.0057500000111758
2.26706706943568,0.0040000001899898,0.0038000000640749,0.0176500007510185,0.0176999997347593,0.00844999961555,0.0082000000402331,0.006800000090152,0.006349999923259,0.006800000090152,0.0057500000111758
2.26706706943568,0.0040000001899898,0.0038000000640749,0.0176500007510185,0.0176999997347593,0.00844999961555,0.0082000000402331,0.006800000090152,0.006349999923259,0.006800000090152,0.0057500000111758
2.26706706943568,0.0040000001899898,0.0038000000640749,0.0176500007510185,0.0176999997347593,0.00844999961555,0.0082000000402331,0.006800000090152,0.006349999923259,0.006800000090152,0.0057500000111758
2.26706706943568,0.0040000001899898,0.0038000000640749,0.0176500007510185,0.0176999997347593,0.00844999961555,0.0082000000402331,0.006800000090152,0.006349999923259,0.006800000090152,0.0057500000111758
2.26706706943568,0.0040000001899898,0.0038000000640749,0.0176500007510185,0.0176999997347593,0.00844999961555,0.0082000000402331,0.006800000090152,0.006349999923259,0.006800000090152,0.0057500000111758
2.26706706943568,0.0040000001899898,0.0038000000640749,0.0176500007510185,0.0176999997347593,0.00844999961555,0.0082000000402331,0.006800000090152,0.006349999923259,0.006800000090152,0.0057500000111758
2.26706706943568,0.0040000001899898,0.0038000000640749,0.0176500007510185,0.0176999997347593,0.00844999961555,0.0082000000402331,0.006800000090152,0.006349999923259,0.006800000090152,0.0057500000111758
2.26706706943568,0.0040000001899898,0.0038000000640749,0.0176500007510185,0.0176999997347593,0.00844999961555,0.0082000000402331,0.006800000090152,0.006349999923259,0.006800000090152,0.0057500000111758
2.26706706943568,0.0040000001899898,0.0038000000640749,0.0176500007510185,0.0176999997347593,0.00844999961555,0.0082000000402331,0.006800000090152,0.006349999923259,0.006800000090152,0.0057500000111758
2.26706706943568,0.0040000001899898,0.0038000000640749,0.0176500007510185,0.0176999997347593,0.00844999961555,0.0082000000402331,0.006800000090152,0.006349999923259,0.006800000090152,0.0057500000111758
2.26706706943568,0.0040000001899898,0.0038000000640749,0.0176500007510185,0.0176999997347593,0.00844999961555,0.0082000000402331,0.006800000090152,0.006349999923259,0.006800000090152,0.0057500000111758
2.26706706943568,0.0040000001899898,0.0038000000640749,0.0176500007510185,0.0176999997347593,0.00844999961555,0.0082000000402331,0.006800000090152,0.006349999923259,0.006800000090152,0.0057500000111758
2.26706706943568,0.0040000001899898,0.0038000000640749,0.0176500007510185,0.0176999997347593,0.00844999961555,0.0082000000402331,0.006800000090152,0.006349999923259,0.006800000090152,0.0057500000111758
2.26706706943568,0.0040000001899898,0.0038000000640749,0.0176500007510185,0.0176999997347593,0.00844999961555,0.0082000000402331,0.006800000090152,0.006349999923259,0.006800000090152,0.0057500000111758
2.26706706943568,0.0040000001899898,0.0038000000640749,0.0176500007510185,0.0176999997347593,0.00844999961555,0.0082000000402331,0.006800000090152,0.006349999923259,0.006800000090152,0.0057500000111758
2.26706706943568,0.0040000001899898,0.0038000000640749,0.0176500007510185,0.0176999997347593,0.00844999961555,0.0082000000402331,0.006800000090152,0.006349999923259,0.006800000090152,0.0057500000111758
2.26706706943568,0.0040000001899898,0.0038000000640749,0.0176500007510185,0.0176999997347593,0.00844999961555,0.0082000000402331,0.006800000090152,0.006349999923259,0.006800000090152,0.0057500000111758
2.26706706943568,0.0040000001899898,0.0038000000640749,0.0176500007510185,0.0176999997347593,0.00844999961555,0.0082000000402331,0.006800000090152,0.006349999923259,0.006800000090152,0.0057500000111758
2.26706706943568,0.0040000001899898,0.0038000000640749,0.0176500007510185,0.0176999997347593,0.00844999961555,0.0082000000402331,0.006800000090152,0.006349999923259,0.006800000090152,0.0057500000111758
2.26706706943568,0.0040000001899898,0.0038000000640749,0.0176500007510185,0.0176999997347593,0.00844999961555,0.0082000000402331,0.006800000090152,0.006349999923259,0.006800000090152,0.0057500000111758
2.26706706943568,0.0040000001899898,0.0038000000640749,0.0176500007510185,0.0176999997347593,0.00844999961555,0.0082000000402331,0.006800000090152,0.006349999923259,0.006800000090152,0.0057500000111758
2.26706706943568,0.0040000001899898,0.0038000000640749,0.0176500007510185,0.0176999997347593,0.00844999961555,0.0082000000402331,0.006800000090152,0.006349999923259,0.006800000090152,0.0057500000111758
2.26706706943568,0.0040000001899898,0.0038000000640749,0.0176500007510185,0.0176999997347593,0.00844999961555,0.0082000000402331,0.006800000090152,0.006349999923259,0.006800000090152,0.0057500000111758
2.26706706943568,0.0040000001899898,0.0038000000640749,0.0176500007510185,0.0176999997347593,0.00844999961555,0.0082000000402331,0.006800000090152,0.006349999923259,0.006800000090152,0.0057500000111758
2.26706706943568,0.0040000001899898,0.0038000000640749,0.0176500007510185,0.0176999997347593,0.00844999961555,0.0082000000402331,0.006800000090152,0.006349999923259,0.006800000090152,0.0057500000111758
2.26706706943568,0.0040000001899898,0.0038000000640749,0.0176500007510185,0.0176999997347593,0.00844999961555,0.0082000000402331,0.006800000090152,0.006349999923259,0.006800000090152,0.0057500000111758
2.26706706943568,0.0040000001899898,0.0038000000640749,0.0176500007510185,0.0176999997347593,0.00844999961555,0.0082000000402331,0.006800000090152,0.006349999923259,0.006800000090152,0.0057500000111758
2.26706706943568,0.0040000001899898,0.0038000000640749,0.0176500007510185,0.0176999997347593,0.00844999961555,0.0082000000402331,0.006800000090152,0.006349999923259,0.006800000090152,0.0057500000111758
2.26706706943568,0.0040000001899898,0.0038000000640749,0.0176500007510185,0.0176999997347593,0.00844999961555,0.0082000000402331,0.006800000090152,0.006349999923259,0.006800000090152,0.0057500000111758
2.26706706943568,0.0040000001899898,0.0038000000640749,0.0176500007510185,0.0176999997347593,0.00844999961555,0.0082000000402331,0.006800000090152,0.006349999923259,0.006800000090152,0.0057500000111758
2.26706706943568,0.0040000001899898,0.0038000000640749,0.0176500007510185,0.0176999997347593,0.00844999961555,0.0082000000402331,0.006800000090152,0.006349999923259,0.006800000090152,0.0057500000111758
2.26706706943568,0.0040000001899898,0.0038000000640749,0.0176500007510185,0.0176999997347593,0.00844999961555,0.0082000000402331,0.006800000090152,0.006349999923259,0.006800000090152,0.0057500000111758
2.26706706943568,0.0040000001899898,0.0038000000640749,0.0176500007510185,0.0176999997347593,0.00844999961555,0.0082000000402331,0.006800000090152,0.006349999923259,0.006800000090152,0.0057500000111758
2.26706706943568,0.0040000001899898,0.0038000000640749,0.0176500007510185,0.0176999997347593,0.00844999961555,0.0082000000402331,0.006800000090152,0.006349999923259,0.006800000090152,0.0057500000111758
2.26706706943568,0.0040000001899898,0.0038000000640749,0.0176500007510185,0.0176999997347593,0.00844999961555,0.0082000000402331,0.006800000090152,0.006349999923259,0.006800000090152,0.0057500000111758
2.26706706943568,0.0040000001899898,0.0038000000640749,0.0176500007510185,0.0176999997347593,0.00844999961555,0.0082000000402331,0.006800000090152,0.006349999923259,0.006800000090152,0.0057500000111758
2.26706706943568,0.0040000001899898,0.0038000000640749,0.0176500007510185,0.0176999997347593,0.00844999961555,0.0082000000402331,0.006800000090152,0.006349999923259,0.006800000090152,0.0057500000111758
2.26706706943568,0.0040000001899898,0.0038000000640749,0.0176500007510185,0.0176999997347593,0.00844999961555,0.0082000000402331,0.006800000090152,0.006349999923259,0.006800000090152,0.0057500000111758
2.26706706943568,0.0040000001899898,0.0038000000640749,0.0176500007510185,0.0176999997347593,0.00844999961555,0.0082000000402331,0.006800000090152,0.006349999923259,0.006800000090152,0.0057500000111758
2.26706706943568,0.0040000001899898,0.0038000000640749,0.0176500007510185,0.0176999997347593,0.00844999961555,0.0082000000402331,0.006800000090152,0.006349999923259,0.006800000090152,0.0057500000111758
2.26706706943568,0.0040000001899898,0.0038000000640749,0.0176500007510185,0.0176999997347593,0.00844999961555,0.0082000000402331,0.006800000090152,0.006349999923259,0.006800000090152,0.0057500000111758
2.26706706943568,0.0040000001899898,0.0038000000640749,0.0176500007510185,0.0176999997347593,0.00844999961555,0.0082000000402331,0.006800000090152,0.006349999923259,0.006800000090152,0.0057500000111758
2.26706706943568,0.0040000001899898,0.0038000000640749,0.0176500007510185,0.0176999997347593,0.00844999961555,0.0082000000402331,0.006800000090152,0.006349999923259,0.006800000090152,0.0057500000111758
2.26706706943568,0.0040000001899898,0.0038000000640749,0.0176500007510185,0.0176999997347593,0.00844999961555,0.0082000000402331,0.006800000090152,0.006349999923259,0.006800000090152,0.0057500000111758
2.26706706943568,0.0040000001899898,0.0038000000640749,0.0176500007510185,0.0176999997347593,0.00844999961555,0.0082000000402331,0.006800000090152,0.006349999923259,0.006800000090152,0.0057500000111758
2.26706706943568,0.0040000001899898,0.0038000000640749,0.0176500007510185,0.0176999997347593,0.00844999961555,0.0082000000402331,0.006800000090152,0.006349999923259,0.006800000090152,0.0057500000111758
1.97804698229727,0.0040000001899898,0.0038000000640749,0.0176500007510185,0.0176999997347593,0.00844999961555,0.0082000000402331,0.006800000090152,0.006349999923259,0.006800000090152,0.0057500000111758
1.97804698229727,0.0040000001899898,0.0038000000640749,0.0176500007510185,0.0176999997347593,0.00844999961555,0.0082000000402331,0.006800000090152,0.006349999923259,0.006800000090152,0.0057500000111758
1.97804698229727,0.0040000001899898,0.0038000000640749,0.0176500007510185,0.0176999997347593,0.00844999961555,0.0082000000402331,0.006800000090152,0.006349999923259,0.006800000090152,0.0057500000111758
1.97804698229727,0.0040000001899898,0.0038000000640749,0.0176500007510185,0.0176999997347593,0.00844999961555,0.0082000000402331,0.006800000090152,0.006349999923259,0.006800000090152,0.0057500000111758
1.97804698229727,0.0040000001899898,0.0038000000640749,0.0176500007510185,0.0176999997347593,0.00844999961555,0.0082000000402331,0.006800000090152,0.006349999923259,0.006800000090152,0.0057500000111758
1.97804698229727,0.0040000001899898,0.0038000000640749,0.0176500007510185,0.0176999997347593,0.00844999961555,0.0082000000402331,0.006800000090152,0.006349999923259,0.006800000090152,0.0057500000111758
1.97804698229727,0.0040000001899898,0.0038000000640749,0.0176500007510185,0.0176999997347593,0.00844999961555,0.0082000000402331,0.006800000090152,0.006349999923259,0.006800000090152,0.0057500000111758
1.97804698229727,0.0040000001899898,0.0038000000640749,0.0176500007510185,0.0176999997347593,0.00844999961555,0.0082000000402331,0.006800000090152,0.006349999923259,0.006800000090152,0.0057500000111758
2.88405397647103,0.0040000001899898,0.0038000000640749,0.0176500007510185,0.0176999997347593,0.00844999961555,0.0082000000402331,0.006800000090152,0.006349999923259,0.006800000090152,0.0057500000111758
2.88405397647103,0.0040000001899898,0.0038000000640749,0.0176500007510185,0.0176999997347593,0.00844999961555,0.0082000000402331,0.006800000090152,0.006349999923259,0.006800000090152,0.0057500000111758
2.88405397647103,0.0040000001899898,0.0038000000640749,0.0176500007510185,0.0176999997347593,0.00844999961555,0.0082000000402331,0.006800000090152,0.006349999923259,0.006800000090152,0.0057500000111758
2.88405397647103,0.0040000001899898,0.0038000000640749,0.0176500007510185,0.0176999997347593,0.00844999961555,0.0082000000402331,0.006800000090152,0.006349999923259,0.006800000090152,0.0057500000111758
2.88405397647103,0.0040000001899898,0.0038000000640749,0.0176500007510185,0.0176999997347593,0.00844999961555,0.0082000000402331,0.006800000090152,0.006349999923259,0.006800000090152,0.0057500000111758
2.88405397647103,0.0040000001899898,0.0038000000640749,0.0176500007510185,0.0176999997347593,0.00844999961555,0.0082000000402331,0.006800000090152,0.006349999923259,0.006800000090152,0.0057500000111758
2.88405397647103,0.0040000001899898,0.0038000000640749,0.0176500007510185,0.0176999997347593,0.00844999961555,0.0082000000402331,0.006800000090152,0.006349999923259,0.006800000090152,0.0057500000111758
2.88405397647103,0.0040000001899898,0.0038000000640749,0.0176500007510185,0.0176999997347593,0.00844999961555,0.0082000000402331,0.006800000090152,0.006349999923259,0.006800000090152,0.0057500000111758
2.080024649776,0.0037000000011175,0.002199999988079,0.0215499997138977,0.0212500002235174,0.0114500001072883,0.0109000001102685,0.0089999996125698,0.0074499999172985,0.0096500003710389,0.0065999999642372
2.080024649776,0.0037000000011175,0.002199999988079,0.0215499997138977,0.0212500002235174,0.0114500001072883,0.0109000001102685,0.0089999996125698,0.0074499999172985,0.0096500003710389,0.0065999999642372
2.080024649776,0.0037000000011175,0.002199999988079,0.0215499997138977,0.0212500002235174,0.0114500001072883,0.0109000001102685,0.0089999996125698,0.0074499999172985,0.0096500003710389,0.0065999999642372
2.080024649776,0.0037000000011175,0.002199999988079,0.0215499997138977,0.0212500002235174,0.0114500001072883,0.0109000001102685,0.0089999996125698,0.0074499999172985,0.0096500003710389,0.0065999999642372
2.080024649776,0.0037000000011175,0.002199999988079,0.0215499997138977,0.0212500002235174,0.0114500001072883,0.0109000001102685,0.0089999996125698,0.0074499999172985,0.0096500003710389,0.0065999999642372
2.080024649776,0.0037000000011175,0.002199999988079,0.0215499997138977,0.0212500002235174,0.0114500001072883,0.0109000001102685,0.0089999996125698,0.0074499999172985,0.0096500003710389,0.0065999999642372
2.080024649776,0.0037000000011175,0.002199999988079,0.0215499997138977,0.0212500002235174,0.0114500001072883,0.0109000001102685,0.0089999996125698,0.0074499999172985,0.0096500003710389,0.0065999999642372
2.080024649776,0.0037000000011175,0.002199999988079,0.0215499997138977,0.0212500002235174,0.0114500001072883,0.0109000001102685,0.0089999996125698,0.0074499999172985,0.0096500003710389,0.0065999999642372
2.0930752551489,0.0037000000011175,0.002199999988079,0.0215499997138977,0.0212500002235174,0.0114500001072883,0.0109000001102685,0.0089999996125698,0.0074499999172985,0.0096500003710389,0.0065999999642372
2.0930752551489,0.0037000000011175,0.002199999988079,0.0215499997138977,0.0212500002235174,0.0114500001072883,0.0109000001102685,0.0089999996125698,0.0074499999172985,0.0096500003710389,0.0065999999642372
2.0930752551489,0.0037000000011175,0.002199999988079,0.0215499997138977,0.0212500002235174,0.0114500001072883,0.0109000001102685,0.0089999996125698,0.0074499999172985,0.0096500003710389,0.0065999999642372
2.0930752551489,0.0037000000011175,0.002199999988079,0.0215499997138977,0.0212500002235174,0.0114500001072883,0.0109000001102685,0.0089999996125698,0.0074499999172985,0.0096500003710389,0.0065999999642372
2.0930752551489,0.0037000000011175,0.002199999988079,0.0215499997138977,0.0212500002235174,0.0114500001072883,0.0109000001102685,0.0089999996125698,0.0074499999172985,0.0096500003710389,0.0065999999642372
2.0930752551489,0.0037000000011175,0.002199999988079,0.0215499997138977,0.0212500002235174,0.0114500001072883,0.0109000001102685,0.0089999996125698,0.0074499999172985,0.0096500003710389,0.0065999999642372
2.0930752551489,0.0037000000011175,0.002199999988079,0.0215499997138977,0.0212500002235174,0.0114500001072883,0.0109000001102685,0.0089999996125698,0.0074499999172985,0.0096500003710389,0.0065999999642372
2.0930752551489,0.0037000000011175,0.002199999988079,0.0215499997138977,0.0212500002235174,0.0114500001072883,0.0109000001102685,0.0089999996125698,0.0074499999172985,0.0096500003710389,0.0065999999642372
1.55713543732807,0.0037000000011175,0.002199999988079,0.0215499997138977,0.0212500002235174,0.0114500001072883,0.0109000001102685,0.0089999996125698,0.0074499999172985,0.0096500003710389,0.0065999999642372
1.55713543732807,0.0037000000011175,0.002199999988079,0.0215499997138977,0.0212500002235174,0.0114500001072883,0.0109000001102685,0.0089999996125698,0.0074499999172985,0.0096500003710389,0.0065999999642372
1.55713543732807,0.0037000000011175,0.002199999988079,0.0215499997138977,0.0212500002235174,0.0114500001072883,0.0109000001102685,0.0089999996125698,0.0074499999172985,0.0096500003710389,0.0065999999642372
1.55713543732807,0.0037000000011175,0.002199999988079,0.0215499997138977,0.0212500002235174,0.0114500001072883,0.0109000001102685,0.0089999996125698,0.0074499999172985,0.0096500003710389,0.0065999999642372
1.55713543732807,0.0037000000011175,0.002199999988079,0.0215499997138977,0.0212500002235174,0.0114500001072883,0.0109000001102685,0.0089999996125698,0.0074499999172985,0.0096500003710389,0.0065999999642372
1.55713543732807,0.0037000000011175,0.002199999988079,0.0215499997138977,0.0212500002235174,0.0114500001072883,0.0109000001102685,0.0089999996125698,0.0074499999172985,0.0096500003710389,0.0065999999642372
1.55713543732807,0.0037000000011175,0.002199999988079,0.0215499997138977,0.0212500002235174,0.0114500001072883,0.0109000001102685,0.0089999996125698,0.0074499999172985,0.0096500003710389,0.0065999999642372
1.55713543732807,0.0037000000011175,0.002199999988079,0.0215499997138977,0.0212500002235174,0.0114500001072883,0.0109000001102685,0.0089999996125698,0.0074499999172985,0.0096500003710389,0.0065999999642372
1.90812504953295,0.0037000000011175,0.002199999988079,0.0215499997138977,0.0212500002235174,0.0114500001072883,0.0109000001102685,0.0089999996125698,0.0074499999172985,0.0096500003710389,0.0065999999642372
1.90812504953295,0.0037000000011175,0.002199999988079,0.0215499997138977,0.0212500002235174,0.0114500001072883,0.0109000001102685,0.0089999996125698,0.0074499999172985,0.0096500003710389,0.0065999999642372
1.90812504953295,0.0037000000011175,0.002199999988079,0.0215499997138977,0.0212500002235174,0.0114500001072883,0.0109000001102685,0.0089999996125698,0.0074499999172985,0.0096500003710389,0.0065999999642372
1.90812504953295,0.0037000000011175,0.002199999988079,0.0215499997138977,0.0212500002235174,0.0114500001072883,0.0109000001102685,0.0089999996125698,0.0074499999172985,0.0096500003710389,0.0065999999642372
1.90812504953295,0.0037000000011175,0.002199999988079,0.0215499997138977,0.0212500002235174,0.0114500001072883,0.0109000001102685,0.0089999996125698,0.0074499999172985,0.0096500003710389,0.0065999999642372
1.90812504953295,0.0037000000011175,0.002199999988079,0.0215499997138977,0.0212500002235174,0.0114500001072883,0.0109000001102685,0.0089999996125698,0.0074499999172985,0.0096500003710389,0.0065999999642372
1.90812504953295,0.0037000000011175,0.002199999988079,0.0215499997138977,0.0212500002235174,0.0114500001072883,0.0109000001102685,0.0089999996125698,0.0074499999172985,0.0096500003710389,0.0065999999642372
1.90812504953295,0.0037000000011175,0.002199999988079,0.0215499997138977,0.0212500002235174,0.0114500001072883,0.0109000001102685,0.0089999996125698,0.0074499999172985,0.0096500003710389,0.0065999999642372
1.57910174773945,0.0037000000011175,0.002199999988079,0.0215499997138977,0.0212500002235174,0.0114500001072883,0.0109000001102685,0.0089999996125698,0.0074499999172985,0.0096500003710389,0.0065999999642372
1.57910174773945,0.0037000000011175,0.002199999988079,0.0215499997138977,0.0212500002235174,0.0114500001072883,0.0109000001102685,0.0089999996125698,0.0074499999172985,0.0096500003710389,0.0065999999642372
1.57910174773945,0.0037000000011175,0.002199999988079,0.0215499997138977,0.0212500002235174,0.0114500001072883,0.0109000001102685,0.0089999996125698,0.0074499999172985,0.0096500003710389,0.0065999999642372
1.57910174773945,0.0037000000011175,0.002199999988079,0.0215499997138977,0.0212500002235174,0.0114500001072883,0.0109000001102685,0.0089999996125698,0.0074499999172985,0.0096500003710389,0.0065999999642372
1.57910174773945,0.0037000000011175,0.002199999988079,0.0215499997138977,0.0212500002235174,0.0114500001072883,0.0109000001102685,0.0089999996125698,0.0074499999172985,0.0096500003710389,0.0065999999642372
1.57910174773945,0.0037000000011175,0.002199999988079,0.0215499997138977,0.0212500002235174,0.0114500001072883,0.0109000001102685,0.0089999996125698,0.0074499999172985,0.0096500003710389,0.0065999999642372
1.57910174773945,0.0037000000011175,0.002199999988079,0.0215499997138977,0.0212500002235174,0.0114500001072883,0.0109000001102685,0.0089999996125698,0.0074499999172985,0.0096500003710389,0.0065999999642372
1.57910174773945,0.0037000000011175,0.002199999988079,0.0215499997138977,0.0212500002235174,0.0114500001072883,0.0109000001102685,0.0089999996125698,0.0074499999172985,0.0096500003710389,0.0065999999642372
1.84024075313035,0.0037000000011175,0.002199999988079,0.0215499997138977,0.0212500002235174,0.0114500001072883,0.0109000001102685,0.0089999996125698,0.0074499999172985,0.0096500003710389,0.0065999999642372
1.84024075313035,0.0037000000011175,0.002199999988079,0.0215499997138977,0.0212500002235174,0.0114500001072883,0.0109000001102685,0.0089999996125698,0.0074499999172985,0.0096500003710389,0.0065999999642372
1.84024075313035,0.0037000000011175,0.002199999988079,0.0215499997138977,0.0212500002235174,0.0114500001072883,0.0109000001102685,0.0089999996125698,0.0074499999172985,0.0096500003710389,0.0065999999642372
1.84024075313035,0.0037000000011175,0.002199999988079,0.0215499997138977,0.0212500002235174,0.0114500001072883,0.0109000001102685,0.0089999996125698,0.0074499999172985,0.0096500003710389,0.0065999999642372
1.84024075313035,0.0037000000011175,0.002199999988079,0.0215499997138977,0.0212500002235174,0.0114500001072883,0.0109000001102685,0.0089999996125698,0.0074499999172985,0.0096500003710389,0.0065999999642372
1.84024075313035,0.0037000000011175,0.002199999988079,0.0215499997138977,0.0212500002235174,0.0114500001072883,0.0109000001102685,0.0089999996125698,0.0074499999172985,0.0096500003710389,0.0065999999642372
1.84024075313035,0.0037000000011175,0.002199999988079,0.0215499997138977,0.0212500002235174,0.0114500001072883,0.0109000001102685,0.0089999996125698,0.0074499999172985,0.0096500003710389,0.0065999999642372
1.84024075313035,0.0037000000011175,0.002199999988079,0.0215499997138977,0.0212500002235174,0.0114500001072883,0.0109000001102685,0.0089999996125698,0.0074499999172985,0.0096500003710389,0.0065999999642372
1.38491826477381,0.0037000000011175,0.002199999988079,0.0215499997138977,0.0212500002235174,0.0114500001072883,0.0109000001102685,0.0089999996125698,0.0074499999172985,0.0096500003710389,0.0065999999642372
1.86618465118878,0.0037000000011175,0.002199999988079,0.0215499997138977,0.0212500002235174,0.0114500001072883,0.0109000001102685,0.0089999996125698,0.0074499999172985,0.0096500003710389,0.0065999999642372
1.86618465118878,0.0037000000011175,0.002199999988079,0.0215499997138977,0.0212500002235174,0.0114500001072883,0.0109000001102685,0.0089999996125698,0.0074499999172985,0.0096500003710389,0.0065999999642372
1.86618465118878,0.0037000000011175,0.002199999988079,0.0215499997138977,0.0212500002235174,0.0114500001072883,0.0109000001102685,0.0089999996125698,0.0074499999172985,0.0096500003710389,0.0065999999642372
1.86618465118878,0.0037000000011175,0.002199999988079,0.0215499997138977,0.0212500002235174,0.0114500001072883,0.0109000001102685,0.0089999996125698,0.0074499999172985,0.0096500003710389,0.0065999999642372
1.86618465118878,0.0037000000011175,0.002199999988079,0.0215499997138977,0.0212500002235174,0.0114500001072883,0.0109000001102685,0.0089999996125698,0.0074499999172985,0.0096500003710389,0.0065999999642372
1.86618465118878,0.0037000000011175,0.002199999988079,0.0215499997138977,0.0212500002235174,0.0114500001072883,0.0109000001102685,0.0089999996125698,0.0074499999172985,0.0096500003710389,0.0065999999642372
1.86618465118878,0.0037000000011175,0.002199999988079,0.0215499997138977,0.0212500002235174,0.0114500001072883,0.0109000001102685,0.0089999996125698,0.0074499999172985,0.0096500003710389,0.0065999999642372
1.86618465118878,0.0037000000011175,0.002199999988079,0.0215499997138977,0.0212500002235174,0.0114500001072883,0.0109000001102685,0.0089999996125698,0.0074499999172985,0.0096500003710389,0.0065999999642372
1.73275580439683,0.0037000000011175,0.002199999988079,0.0215499997138977,0.0212500002235174,0.0114500001072883,0.0109000001102685,0.0089999996125698,0.0074499999172985,0.0096500003710389,0.0065999999642372
1.73275580439683,0.0037000000011175,0.002199999988079,0.0215499997138977,0.0212500002235174,0.0114500001072883,0.0109000001102685,0.0089999996125698,0.0074499999172985,0.0096500003710389,0.0065999999642372
1.73275580439683,0.0037000000011175,0.002199999988079,0.0215499997138977,0.0212500002235174,0.0114500001072883,0.0109000001102685,0.0089999996125698,0.0074499999172985,0.0096500003710389,0.0065999999642372
1.73275580439683,0.0037000000011175,0.002199999988079,0.0215499997138977,0.0212500002235174,0.0114500001072883,0.0109000001102685,0.0089999996125698,0.0074499999172985,0.0096500003710389,0.0065999999642372
1.73275580439683,0.0037000000011175,0.002199999988079,0.0215499997138977,0.0212500002235174,0.0114500001072883,0.0109000001102685,0.0089999996125698,0.0074499999172985,0.0096500003710389,0.0065999999642372
1.73275580439683,0.0037000000011175,0.002199999988079,0.0215499997138977,0.0212500002235174,0.0114500001072883,0.0109000001102685,0.0089999996125698,0.0074499999172985,0.0096500003710389,0.0065999999642372
1.73275580439683,0.0037000000011175,0.002199999988079,0.0215499997138977,0.0212500002235174,0.0114500001072883,0.0109000001102685,0.0089999996125698,0.0074499999172985,0.0096500003710389,0.0065999999642372
1.73275580439683,0.0037000000011175,0.002199999988079,0.0215499997138977,0.0212500002235174,0.0114500001072883,0.0109000001102685,0.0089999996125698,0.0074499999172985,0.0096500003710389,0.0065999999642372
1.73467372448075,0.0037000000011175,0.002199999988079,0.0215499997138977,0.0212500002235174,0.0114500001072883,0.0109000001102685,0.0089999996125698,0.0074499999172985,0.0096500003710389,0.0065999999642372
1.66318954966074,0.0037000000011175,0.002199999988079,0.0215499997138977,0.0212500002235174,0.0114500001072883,0.0109000001102685,0.0089999996125698,0.0074499999172985,0.0096500003710389,0.0065999999642372
1.66318954966074,0.0037000000011175,0.002199999988079,0.0215499997138977,0.0212500002235174,0.0114500001072883,0.0109000001102685,0.0089999996125698,0.0074499999172985,0.0096500003710389,0.0065999999642372
1.66318954966074,0.0037000000011175,0.002199999988079,0.0215499997138977,0.0212500002235174,0.0114500001072883,0.0109000001102685,0.0089999996125698,0.0074499999172985,0.0096500003710389,0.0065999999642372
1.66318954966074,0.0037000000011175,0.002199999988079,0.0215499997138977,0.0212500002235174,0.0114500001072883,0.0109000001102685,0.0089999996125698,0.0074499999172985,0.0096500003710389,0.0065999999642372
1.66318954966074,0.0037000000011175,0.002199999988079,0.0215499997138977,0.0212500002235174,0.0114500001072883,0.0109000001102685,0.0089999996125698,0.0074499999172985,0.0096500003710389,0.0065999999642372
1.66318954966074,0.0037000000011175,0.002199999988079,0.0215499997138977,0.0212500002235174,0.0114500001072883,0.0109000001102685,0.0089999996125698,0.0074499999172985,0.0096500003710389,0.0065999999642372
1.66318954966074,0.0037000000011175,0.002199999988079,0.0215499997138977,0.0212500002235174,0.0114500001072883,0.0109000001102685,0.0089999996125698,0.0074499999172985,0.0096500003710389,0.0065999999642372
1.66318954966074,0.0037000000011175,0.002199999988079,0.0215499997138977,0.0212500002235174,0.0114500001072883,0.0109000001102685,0.0089999996125698,0.0074499999172985,0.0096500003710389,0.0065999999642372
2.09745007368547,0.0037000000011175,0.002199999988079,0.0215499997138977,0.0212500002235174,0.0114500001072883,0.0109000001102685,0.0089999996125698,0.0074499999172985,0.0096500003710389,0.0065999999642372
2.09745007368547,0.0037000000011175,0.002199999988079,0.0215499997138977,0.0212500002235174,0.0114500001072883,0.0109000001102685,0.0089999996125698,0.0074499999172985,0.0096500003710389,0.0065999999642372
2.09745007368547,0.0037000000011175,0.002199999988079,0.0215499997138977,0.0212500002235174,0.0114500001072883,0.0109000001102685,0.0089999996125698,0.0074499999172985,0.0096500003710389,0.0065999999642372
2.09745007368547,0.0037000000011175,0.002199999988079,0.0215499997138977,0.0212500002235174,0.0114500001072883,0.0109000001102685,0.0089999996125698,0.0074499999172985,0.0096500003710389,0.0065999999642372
2.09745007368547,0.0037000000011175,0.002199999988079,0.0215499997138977,0.0212500002235174,0.0114500001072883,0.0109000001102685,0.0089999996125698,0.0074499999172985,0.0096500003710389,0.0065999999642372
2.09745007368547,0.0037000000011175,0.002199999988079,0.0215499997138977,0.0212500002235174,0.0114500001072883,0.0109000001102685,0.0089999996125698,0.0074499999172985,0.0096500003710389,0.0065999999642372
2.09745007368547,0.0037000000011175,0.002199999988079,0.0215499997138977,0.0212500002235174,0.0114500001072883,0.0109000001102685,0.0089999996125698,0.0074499999172985,0.0096500003710389,0.0065999999642372
2.09745007368547,0.0037000000011175,0.002199999988079,0.0215499997138977,0.0212500002235174,0.0114500001072883,0.0109000001102685,0.0089999996125698,0.0074499999172985,0.0096500003710389,0.0065999999642372
1.82677485841465,0.0037000000011175,0.002199999988079,0.0215499997138977,0.0212500002235174,0.0114500001072883,0.0109000001102685,0.0089999996125698,0.0074499999172985,0.0096500003710389,0.0065999999642372
1.66255247175566,0.0037000000011175,0.002199999988079,0.0215499997138977,0.0212500002235174,0.0114500001072883,0.0109000001102685,0.0089999996125698,0.0074499999172985,0.0096500003710389,0.0065999999642372
1.79474618285357,0.0037000000011175,0.002199999988079,0.0215499997138977,0.0212500002235174,0.0114500001072883,0.0109000001102685,0.0089999996125698,0.0074499999172985,0.0096500003710389,0.0065999999642372
2.35341330242867,0.0166500005871057,0.0123500004410743,0.0295000001788139,0.02364999987185,0.0160499997437,0.0225000008940696,0.0206000003963708,0.0193499997258186,0.0163499992340803,0.0171000007539987
2.35341330242867,0.0166500005871057,0.0123500004410743,0.0295000001788139,0.02364999987185,0.0160499997437,0.0225000008940696,0.0206000003963708,0.0193499997258186,0.0163499992340803,0.0171000007539987
2.35341330242867,0.0166500005871057,0.0123500004410743,0.0295000001788139,0.02364999987185,0.0160499997437,0.0225000008940696,0.0206000003963708,0.0193499997258186,0.0163499992340803,0.0171000007539987
2.35341330242867,0.0166500005871057,0.0123500004410743,0.0295000001788139,0.02364999987185,0.0160499997437,0.0225000008940696,0.0206000003963708,0.0193499997258186,0.0163499992340803,0.0171000007539987
2.35341330242867,0.0166500005871057,0.0123500004410743,0.0295000001788139,0.02364999987185,0.0160499997437,0.0225000008940696,0.0206000003963708,0.0193499997258186,0.0163499992340803,0.0171000007539987
2.35341330242867,0.0166500005871057,0.0123500004410743,0.0295000001788139,0.02364999987185,0.0160499997437,0.0225000008940696,0.0206000003963708,0.0193499997258186,0.0163499992340803,0.0171000007539987
2.35341330242867,0.0166500005871057,0.0123500004410743,0.0295000001788139,0.02364999987185,0.0160499997437,0.0225000008940696,0.0206000003963708,0.0193499997258186,0.0163499992340803,0.0171000007539987
2.35341330242867,0.0166500005871057,0.0123500004410743,0.0295000001788139,0.02364999987185,0.0160499997437,0.0225000008940696,0.0206000003963708,0.0193499997258186,0.0163499992340803,0.0171000007539987
5.25490795536887,0.0166500005871057,0.0123500004410743,0.0295000001788139,0.02364999987185,0.0160499997437,0.0225000008940696,0.0206000003963708,0.0193499997258186,0.0163499992340803,0.0171000007539987
5.25490795536887,0.0166500005871057,0.0123500004410743,0.0295000001788139,0.02364999987185,0.0160499997437,0.0225000008940696,0.0206000003963708,0.0193499997258186,0.0163499992340803,0.0171000007539987
5.25490795536887,0.0166500005871057,0.0123500004410743,0.0295000001788139,0.02364999987185,0.0160499997437,0.0225000008940696,0.0206000003963708,0.0193499997258186,0.0163499992340803,0.0171000007539987
5.25490795536887,0.0166500005871057,0.0123500004410743,0.0295000001788139,0.02364999987185,0.0160499997437,0.0225000008940696,0.0206000003963708,0.0193499997258186,0.0163499992340803,0.0171000007539987
5.25490795536887,0.0166500005871057,0.0123500004410743,0.0295000001788139,0.02364999987185,0.0160499997437,0.0225000008940696,0.0206000003963708,0.0193499997258186,0.0163499992340803,0.0171000007539987
5.25490795536887,0.0166500005871057,0.0123500004410743,0.0295000001788139,0.02364999987185,0.0160499997437,0.0225000008940696,0.0206000003963708,0.0193499997258186,0.0163499992340803,0.0171000007539987
5.25490795536887,0.0166500005871057,0.0123500004410743,0.0295000001788139,0.02364999987185,0.0160499997437,0.0225000008940696,0.0206000003963708,0.0193499997258186,0.0163499992340803,0.0171000007539987
5.25490795536887,0.0166500005871057,0.0123500004410743,0.0295000001788139,0.02364999987185,0.0160499997437,0.0225000008940696,0.0206000003963708,0.0193499997258186,0.0163499992340803,0.0171000007539987
2.6199321653772,0.0166500005871057,0.0123500004410743,0.0295000001788139,0.02364999987185,0.0160499997437,0.0225000008940696,0.0206000003963708,0.0193499997258186,0.0163499992340803,0.0171000007539987
2.6199321653772,0.0166500005871057,0.0123500004410743,0.0295000001788139,0.02364999987185,0.0160499997437,0.0225000008940696,0.0206000003963708,0.0193499997258186,0.0163499992340803,0.0171000007539987
2.6199321653772,0.0166500005871057,0.0123500004410743,0.0295000001788139,0.02364999987185,0.0160499997437,0.0225000008940696,0.0206000003963708,0.0193499997258186,0.0163499992340803,0.0171000007539987
2.6199321653772,0.0166500005871057,0.0123500004410743,0.0295000001788139,0.02364999987185,0.0160499997437,0.0225000008940696,0.0206000003963708,0.0193499997258186,0.0163499992340803,0.0171000007539987
2.6199321653772,0.0166500005871057,0.0123500004410743,0.0295000001788139,0.02364999987185,0.0160499997437,0.0225000008940696,0.0206000003963708,0.0193499997258186,0.0163499992340803,0.0171000007539987
2.6199321653772,0.0166500005871057,0.0123500004410743,0.0295000001788139,0.02364999987185,0.0160499997437,0.0225000008940696,0.0206000003963708,0.0193499997258186,0.0163499992340803,0.0171000007539987
2.6199321653772,0.0166500005871057,0.0123500004410743,0.0295000001788139,0.02364999987185,0.0160499997437,0.0225000008940696,0.0206000003963708,0.0193499997258186,0.0163499992340803,0.0171000007539987
2.6199321653772,0.0166500005871057,0.0123500004410743,0.0295000001788139,0.02364999987185,0.0160499997437,0.0225000008940696,0.0206000003963708,0.0193499997258186,0.0163499992340803,0.0171000007539987
2.545470694785,0.0166500005871057,0.0123500004410743,0.0295000001788139,0.02364999987185,0.0160499997437,0.0225000008940696,0.0206000003963708,0.0193499997258186,0.0163499992340803,0.0171000007539987
2.545470694785,0.0166500005871057,0.0123500004410743,0.0295000001788139,0.02364999987185,0.0160499997437,0.0225000008940696,0.0206000003963708,0.0193499997258186,0.0163499992340803,0.0171000007539987
2.545470694785,0.0166500005871057,0.0123500004410743,0.0295000001788139,0.02364999987185,0.0160499997437,0.0225000008940696,0.0206000003963708,0.0193499997258186,0.0163499992340803,0.0171000007539987
2.545470694785,0.0166500005871057,0.0123500004410743,0.0295000001788139,0.02364999987185,0.0160499997437,0.0225000008940696,0.0206000003963708,0.0193499997258186,0.0163499992340803,0.0171000007539987
2.545470694785,0.0166500005871057,0.0123500004410743,0.0295000001788139,0.02364999987185,0.0160499997437,0.0225000008940696,0.0206000003963708,0.0193499997258186,0.0163499992340803,0.0171000007539987
2.545470694785,0.0166500005871057,0.0123500004410743,0.0295000001788139,0.02364999987185,0.0160499997437,0.0225000008940696,0.0206000003963708,0.0193499997258186,0.0163499992340803,0.0171000007539987
2.545470694785,0.0166500005871057,0.0123500004410743,0.0295000001788139,0.02364999987185,0.0160499997437,0.0225000008940696,0.0206000003963708,0.0193499997258186,0.0163499992340803,0.0171000007539987
2.545470694785,0.0166500005871057,0.0123500004410743,0.0295000001788139,0.02364999987185,0.0160499997437,0.0225000008940696,0.0206000003963708,0.0193499997258186,0.0163499992340803,0.0171000007539987
2.65112650674982,0.0077999997884035,0.0054000001400709,0.0295000001788139,0.0209999997168779,0.0093000000342726,0.0164000000804662,0.0121499998494982,0.0113000003620982,0.0075500002130866,0.0082499999552965
3.20287871702855,0.0077999997884035,0.0054000001400709,0.0295000001788139,0.0209999997168779,0.0093000000342726,0.0164000000804662,0.0121499998494982,0.0113000003620982,0.0075500002130866,0.0082499999552965
3.20287871702855,0.0077999997884035,0.0054000001400709,0.0295000001788139,0.0209999997168779,0.0093000000342726,0.0164000000804662,0.0121499998494982,0.0113000003620982,0.0075500002130866,0.0082499999552965
3.20287871702855,0.0077999997884035,0.0054000001400709,0.0295000001788139,0.0209999997168779,0.0093000000342726,0.0164000000804662,0.0121499998494982,0.0113000003620982,0.0075500002130866,0.0082499999552965
3.20287871702855,0.0077999997884035,0.0054000001400709,0.0295000001788139,0.0209999997168779,0.0093000000342726,0.0164000000804662,0.0121499998494982,0.0113000003620982,0.0075500002130866,0.0082499999552965
3.20287871702855,0.0077999997884035,0.0054000001400709,0.0295000001788139,0.0209999997168779,0.0093000000342726,0.0164000000804662,0.0121499998494982,0.0113000003620982,0.0075500002130866,0.0082499999552965
3.20287871702855,0.0077999997884035,0.0054000001400709,0.0295000001788139,0.0209999997168779,0.0093000000342726,0.0164000000804662,0.0121499998494982,0.0113000003620982,0.0075500002130866,0.0082499999552965
3.20287871702855,0.0077999997884035,0.0054000001400709,0.0295000001788139,0.0209999997168779,0.0093000000342726,0.0164000000804662,0.0121499998494982,0.0113000003620982,0.0075500002130866,0.0082499999552965
3.20287871702855,0.0077999997884035,0.0054000001400709,0.0295000001788139,0.0209999997168779,0.0093000000342726,0.0164000000804662,0.0121499998494982,0.0113000003620982,0.0075500002130866,0.0082499999552965
3.7426709921263,0.0077999997884035,0.0054000001400709,0.0295000001788139,0.0209999997168779,0.0093000000342726,0.0164000000804662,0.0121499998494982,0.0113000003620982,0.0075500002130866,0.0082499999552965
3.7426709921263,0.0077999997884035,0.0054000001400709,0.0295000001788139,0.0209999997168779,0.0093000000342726,0.0164000000804662,0.0121499998494982,0.0113000003620982,0.0075500002130866,0.0082499999552965
3.7426709921263,0.0077999997884035,0.0054000001400709,0.0295000001788139,0.0209999997168779,0.0093000000342726,0.0164000000804662,0.0121499998494982,0.0113000003620982,0.0075500002130866,0.0082499999552965
3.7426709921263,0.0077999997884035,0.0054000001400709,0.0295000001788139,0.0209999997168779,0.0093000000342726,0.0164000000804662,0.0121499998494982,0.0113000003620982,0.0075500002130866,0.0082499999552965
3.7426709921263,0.0077999997884035,0.0054000001400709,0.0295000001788139,0.0209999997168779,0.0093000000342726,0.0164000000804662,0.0121499998494982,0.0113000003620982,0.0075500002130866,0.0082499999552965
3.7426709921263,0.0077999997884035,0.0054000001400709,0.0295000001788139,0.0209999997168779,0.0093000000342726,0.0164000000804662,0.0121499998494982,0.0113000003620982,0.0075500002130866,0.0082499999552965
3.7426709921263,0.0077999997884035,0.0054000001400709,0.0295000001788139,0.0209999997168779,0.0093000000342726,0.0164000000804662,0.0121499998494982,0.0113000003620982,0.0075500002130866,0.0082499999552965
3.7426709921263,0.0077999997884035,0.0054000001400709,0.0295000001788139,0.0209999997168779,0.0093000000342726,0.0164000000804662,0.0121499998494982,0.0113000003620982,0.0075500002130866,0.0082499999552965
2.84443073092686,0.0077999997884035,0.0054000001400709,0.0295000001788139,0.0209999997168779,0.0093000000342726,0.0164000000804662,0.0121499998494982,0.0113000003620982,0.0075500002130866,0.0082499999552965
2.84443073092686,0.0077999997884035,0.0054000001400709,0.0295000001788139,0.0209999997168779,0.0093000000342726,0.0164000000804662,0.0121499998494982,0.0113000003620982,0.0075500002130866,0.0082499999552965
2.84443073092686,0.0077999997884035,0.0054000001400709,0.0295000001788139,0.0209999997168779,0.0093000000342726,0.0164000000804662,0.0121499998494982,0.0113000003620982,0.0075500002130866,0.0082499999552965
2.84443073092686,0.0077999997884035,0.0054000001400709,0.0295000001788139,0.0209999997168779,0.0093000000342726,0.0164000000804662,0.0121499998494982,0.0113000003620982,0.0075500002130866,0.0082499999552965
2.84443073092686,0.0077999997884035,0.0054000001400709,0.0295000001788139,0.0209999997168779,0.0093000000342726,0.0164000000804662,0.0121499998494982,0.0113000003620982,0.0075500002130866,0.0082499999552965
2.84443073092686,0.0077999997884035,0.0054000001400709,0.0295000001788139,0.0209999997168779,0.0093000000342726,0.0164000000804662,0.0121499998494982,0.0113000003620982,0.0075500002130866,0.0082499999552965
2.84443073092686,0.0077999997884035,0.0054000001400709,0.0295000001788139,0.0209999997168779,0.0093000000342726,0.0164000000804662,0.0121499998494982,0.0113000003620982,0.0075500002130866,0.0082499999552965
2.84443073092686,0.0077999997884035,0.0054000001400709,0.0295000001788139,0.0209999997168779,0.0093000000342726,0.0164000000804662,0.0121499998494982,0.0113000003620982,0.0075500002130866,0.0082499999552965
3.70348428956526,0.0077999997884035,0.0054000001400709,0.0295000001788139,0.0209999997168779,0.0093000000342726,0.0164000000804662,0.0121499998494982,0.0113000003620982,0.0075500002130866,0.0082499999552965
3.70348428956526,0.0077999997884035,0.0054000001400709,0.0295000001788139,0.0209999997168779,0.0093000000342726,0.0164000000804662,0.0121499998494982,0.0113000003620982,0.0075500002130866,0.0082499999552965
3.70348428956526,0.0077999997884035,0.0054000001400709,0.0295000001788139,0.0209999997168779,0.0093000000342726,0.0164000000804662,0.0121499998494982,0.0113000003620982,0.0075500002130866,0.0082499999552965
3.70348428956526,0.0077999997884035,0.0054000001400709,0.0295000001788139,0.0209999997168779,0.0093000000342726,0.0164000000804662,0.0121499998494982,0.0113000003620982,0.0075500002130866,0.0082499999552965
3.70348428956526,0.0077999997884035,0.0054000001400709,0.0295000001788139,0.0209999997168779,0.0093000000342726,0.0164000000804662,0.0121499998494982,0.0113000003620982,0.0075500002130866,0.0082499999552965
3.70348428956526,0.0077999997884035,0.0054000001400709,0.0295000001788139,0.0209999997168779,0.0093000000342726,0.0164000000804662,0.0121499998494982,0.0113000003620982,0.0075500002130866,0.0082499999552965
3.70348428956526,0.0077999997884035,0.0054000001400709,0.0295000001788139,0.0209999997168779,0.0093000000342726,0.0164000000804662,0.0121499998494982,0.0113000003620982,0.0075500002130866,0.0082499999552965
3.70348428956526,0.0077999997884035,0.0054000001400709,0.0295000001788139,0.0209999997168779,0.0093000000342726,0.0164000000804662,0.0121499998494982,0.0113000003620982,0.0075500002130866,0.0082499999552965
3.16939298109336,0.0120000001043081,0.0092000002041459,0.0218499992042779,0.0164500009268522,0.0080500002950429,0.0107500003650784,0.0099499998614192,0.0123500004410743,0.0082499999552965,0.0118000004440546
1.64466123847318,0.0120000001043081,0.0092000002041459,0.0218499992042779,0.0164500009268522,0.0080500002950429,0.0107500003650784,0.0099499998614192,0.0123500004410743,0.0082499999552965,0.0118000004440546
1.47670354677374,0.0120000001043081,0.0092000002041459,0.0218499992042779,0.0164500009268522,0.0080500002950429,0.0107500003650784,0.0099499998614192,0.0123500004410743,0.0082499999552965,0.0118000004440546
1.47670354677374,0.0120000001043081,0.0092000002041459,0.0218499992042779,0.0164500009268522,0.0080500002950429,0.0107500003650784,0.0099499998614192,0.0123500004410743,0.0082499999552965,0.0118000004440546
1.47670354677374,0.0120000001043081,0.0092000002041459,0.0218499992042779,0.0164500009268522,0.0080500002950429,0.0107500003650784,0.0099499998614192,0.0123500004410743,0.0082499999552965,0.0118000004440546
1.47670354677374,0.0120000001043081,0.0092000002041459,0.0218499992042779,0.0164500009268522,0.0080500002950429,0.0107500003650784,0.0099499998614192,0.0123500004410743,0.0082499999552965,0.0118000004440546
1.47670354677374,0.0120000001043081,0.0092000002041459,0.0218499992042779,0.0164500009268522,0.0080500002950429,0.0107500003650784,0.0099499998614192,0.0123500004410743,0.0082499999552965,0.0118000004440546
1.47670354677374,0.0120000001043081,0.0092000002041459,0.0218499992042779,0.0164500009268522,0.0080500002950429,0.0107500003650784,0.0099499998614192,0.0123500004410743,0.0082499999552965,0.0118000004440546
1.47670354677374,0.0120000001043081,0.0092000002041459,0.0218499992042779,0.0164500009268522,0.0080500002950429,0.0107500003650784,0.0099499998614192,0.0123500004410743,0.0082499999552965,0.0118000004440546
1.47670354677374,0.0120000001043081,0.0092000002041459,0.0218499992042779,0.0164500009268522,0.0080500002950429,0.0107500003650784,0.0099499998614192,0.0123500004410743,0.0082499999552965,0.0118000004440546
1.83295965276617,0.0120000001043081,0.0092000002041459,0.0218499992042779,0.0164500009268522,0.0080500002950429,0.0107500003650784,0.0099499998614192,0.0123500004410743,0.0082499999552965,0.0118000004440546
1.83295965276617,0.0120000001043081,0.0092000002041459,0.0218499992042779,0.0164500009268522,0.0080500002950429,0.0107500003650784,0.0099499998614192,0.0123500004410743,0.0082499999552965,0.0118000004440546
1.83295965276617,0.0120000001043081,0.0092000002041459,0.0218499992042779,0.0164500009268522,0.0080500002950429,0.0107500003650784,0.0099499998614192,0.0123500004410743,0.0082499999552965,0.0118000004440546
1.83295965276617,0.0120000001043081,0.0092000002041459,0.0218499992042779,0.0164500009268522,0.0080500002950429,0.0107500003650784,0.0099499998614192,0.0123500004410743,0.0082499999552965,0.0118000004440546
1.83295965276617,0.0120000001043081,0.0092000002041459,0.0218499992042779,0.0164500009268522,0.0080500002950429,0.0107500003650784,0.0099499998614192,0.0123500004410743,0.0082499999552965,0.0118000004440546
1.83295965276617,0.0120000001043081,0.0092000002041459,0.0218499992042779,0.0164500009268522,0.0080500002950429,0.0107500003650784,0.0099499998614192,0.0123500004410743,0.0082499999552965,0.0118000004440546
1.83295965276617,0.0120000001043081,0.0092000002041459,0.0218499992042779,0.0164500009268522,0.0080500002950429,0.0107500003650784,0.0099499998614192,0.0123500004410743,0.0082499999552965,0.0118000004440546
1.83295965276617,0.0120000001043081,0.0092000002041459,0.0218499992042779,0.0164500009268522,0.0080500002950429,0.0107500003650784,0.0099499998614192,0.0123500004410743,0.0082499999552965,0.0118000004440546
1.62352883301916,0.0120000001043081,0.0092000002041459,0.0218499992042779,0.0164500009268522,0.0080500002950429,0.0107500003650784,0.0099499998614192,0.0123500004410743,0.0082499999552965,0.0118000004440546
1.62352883301916,0.0120000001043081,0.0092000002041459,0.0218499992042779,0.0164500009268522,0.0080500002950429,0.0107500003650784,0.0099499998614192,0.0123500004410743,0.0082499999552965,0.0118000004440546
1.62352883301916,0.0120000001043081,0.0092000002041459,0.0218499992042779,0.0164500009268522,0.0080500002950429,0.0107500003650784,0.0099499998614192,0.0123500004410743,0.0082499999552965,0.0118000004440546
1.62352883301916,0.0120000001043081,0.0092000002041459,0.0218499992042779,0.0164500009268522,0.0080500002950429,0.0107500003650784,0.0099499998614192,0.0123500004410743,0.0082499999552965,0.0118000004440546
1.62352883301916,0.0120000001043081,0.0092000002041459,0.0218499992042779,0.0164500009268522,0.0080500002950429,0.0107500003650784,0.0099499998614192,0.0123500004410743,0.0082499999552965,0.0118000004440546
1.62352883301916,0.0120000001043081,0.0092000002041459,0.0218499992042779,0.0164500009268522,0.0080500002950429,0.0107500003650784,0.0099499998614192,0.0123500004410743,0.0082499999552965,0.0118000004440546
1.62352883301916,0.0120000001043081,0.0092000002041459,0.0218499992042779,0.0164500009268522,0.0080500002950429,0.0107500003650784,0.0099499998614192,0.0123500004410743,0.0082499999552965,0.0118000004440546
1.62352883301916,0.0120000001043081,0.0092000002041459,0.0218499992042779,0.0164500009268522,0.0080500002950429,0.0107500003650784,0.0099499998614192,0.0123500004410743,0.0082499999552965,0.0118000004440546
1.91096811034018,0.0120000001043081,0.0092000002041459,0.0218499992042779,0.0164500009268522,0.0080500002950429,0.0107500003650784,0.0099499998614192,0.0123500004410743,0.0082499999552965,0.0118000004440546
1.91096811034018,0.0120000001043081,0.0092000002041459,0.0218499992042779,0.0164500009268522,0.0080500002950429,0.0107500003650784,0.0099499998614192,0.0123500004410743,0.0082499999552965,0.0118000004440546
1.91096811034018,0.0120000001043081,0.0092000002041459,0.0218499992042779,0.0164500009268522,0.0080500002950429,0.0107500003650784,0.0099499998614192,0.0123500004410743,0.0082499999552965,0.0118000004440546
1.91096811034018,0.0120000001043081,0.0092000002041459,0.0218499992042779,0.0164500009268522,0.0080500002950429,0.0107500003650784,0.0099499998614192,0.0123500004410743,0.0082499999552965,0.0118000004440546
1.91096811034018,0.0120000001043081,0.0092000002041459,0.0218499992042779,0.0164500009268522,0.0080500002950429,0.0107500003650784,0.0099499998614192,0.0123500004410743,0.0082499999552965,0.0118000004440546
1.91096811034018,0.0120000001043081,0.0092000002041459,0.0218499992042779,0.0164500009268522,0.0080500002950429,0.0107500003650784,0.0099499998614192,0.0123500004410743,0.0082499999552965,0.0118000004440546
1.91096811034018,0.0120000001043081,0.0092000002041459,0.0218499992042779,0.0164500009268522,0.0080500002950429,0.0107500003650784,0.0099499998614192,0.0123500004410743,0.0082499999552965,0.0118000004440546
1.91096811034018,0.0120000001043081,0.0092000002041459,0.0218499992042779,0.0164500009268522,0.0080500002950429,0.0107500003650784,0.0099499998614192,0.0123500004410743,0.0082499999552965,0.0118000004440546
1.75942183362229,0.0120000001043081,0.0092000002041459,0.0218499992042779,0.0164500009268522,0.0080500002950429,0.0107500003650784,0.0099499998614192,0.0123500004410743,0.0082499999552965,0.0118000004440546
1.75942183362229,0.0120000001043081,0.0092000002041459,0.0218499992042779,0.0164500009268522,0.0080500002950429,0.0107500003650784,0.0099499998614192,0.0123500004410743,0.0082499999552965,0.0118000004440546
1.75942183362229,0.0120000001043081,0.0092000002041459,0.0218499992042779,0.0164500009268522,0.0080500002950429,0.0107500003650784,0.0099499998614192,0.0123500004410743,0.0082499999552965,0.0118000004440546
1.75942183362229,0.0120000001043081,0.0092000002041459,0.0218499992042779,0.0164500009268522,0.0080500002950429,0.0107500003650784,0.0099499998614192,0.0123500004410743,0.0082499999552965,0.0118000004440546
1.75942183362229,0.0120000001043081,0.0092000002041459,0.0218499992042779,0.0164500009268522,0.0080500002950429,0.0107500003650784,0.0099499998614192,0.0123500004410743,0.0082499999552965,0.0118000004440546
1.75942183362229,0.0120000001043081,0.0092000002041459,0.0218499992042779,0.0164500009268522,0.0080500002950429,0.0107500003650784,0.0099499998614192,0.0123500004410743,0.0082499999552965,0.0118000004440546
1.75942183362229,0.0120000001043081,0.0092000002041459,0.0218499992042779,0.0164500009268522,0.0080500002950429,0.0107500003650784,0.0099499998614192,0.0123500004410743,0.0082499999552965,0.0118000004440546
1.75942183362229,0.0120000001043081,0.0092000002041459,0.0218499992042779,0.0164500009268522,0.0080500002950429,0.0107500003650784,0.0099499998614192,0.0123500004410743,0.0082499999552965,0.0118000004440546
1.98426360757247,0.0120000001043081,0.0092000002041459,0.0218499992042779,0.0164500009268522,0.0080500002950429,0.0107500003650784,0.0099499998614192,0.0123500004410743,0.0082499999552965,0.0118000004440546
1.98426360757247,0.0120000001043081,0.0092000002041459,0.0218499992042779,0.0164500009268522,0.0080500002950429,0.0107500003650784,0.0099499998614192,0.0123500004410743,0.0082499999552965,0.0118000004440546
1.98426360757247,0.0120000001043081,0.0092000002041459,0.0218499992042779,0.0164500009268522,0.0080500002950429,0.0107500003650784,0.0099499998614192,0.0123500004410743,0.0082499999552965,0.0118000004440546
1.98426360757247,0.0120000001043081,0.0092000002041459,0.0218499992042779,0.0164500009268522,0.0080500002950429,0.0107500003650784,0.0099499998614192,0.0123500004410743,0.0082499999552965,0.0118000004440546
1.98426360757247,0.0120000001043081,0.0092000002041459,0.0218499992042779,0.0164500009268522,0.0080500002950429,0.0107500003650784,0.0099499998614192,0.0123500004410743,0.0082499999552965,0.0118000004440546
1.98426360757247,0.0120000001043081,0.0092000002041459,0.0218499992042779,0.0164500009268522,0.0080500002950429,0.0107500003650784,0.0099499998614192,0.0123500004410743,0.0082499999552965,0.0118000004440546
1.98426360757247,0.0120000001043081,0.0092000002041459,0.0218499992042779,0.0164500009268522,0.0080500002950429,0.0107500003650784,0.0099499998614192,0.0123500004410743,0.0082499999552965,0.0118000004440546
1.98426360757247,0.0120000001043081,0.0092000002041459,0.0218499992042779,0.0164500009268522,0.0080500002950429,0.0107500003650784,0.0099499998614192,0.0123500004410743,0.0082499999552965,0.0118000004440546
2.35013282948337,0.0125000001862645,0.0092000002041459,0.0229499991983175,0.0197500009089708,0.0086000002920627,0.0152500001713633,0.0170000009238719,0.0171499997377395,0.0082499999552965,0.0135500002652406
2.35013282948337,0.0125000001862645,0.0092000002041459,0.0229499991983175,0.0197500009089708,0.0086000002920627,0.0152500001713633,0.0170000009238719,0.0171499997377395,0.0082499999552965,0.0135500002652406
2.35013282948337,0.0125000001862645,0.0092000002041459,0.0229499991983175,0.0197500009089708,0.0086000002920627,0.0152500001713633,0.0170000009238719,0.0171499997377395,0.0082499999552965,0.0135500002652406
2.35013282948337,0.0125000001862645,0.0092000002041459,0.0229499991983175,0.0197500009089708,0.0086000002920627,0.0152500001713633,0.0170000009238719,0.0171499997377395,0.0082499999552965,0.0135500002652406
2.35013282948337,0.0125000001862645,0.0092000002041459,0.0229499991983175,0.0197500009089708,0.0086000002920627,0.0152500001713633,0.0170000009238719,0.0171499997377395,0.0082499999552965,0.0135500002652406
2.35013282948337,0.0125000001862645,0.0092000002041459,0.0229499991983175,0.0197500009089708,0.0086000002920627,0.0152500001713633,0.0170000009238719,0.0171499997377395,0.0082499999552965,0.0135500002652406
2.35013282948337,0.0125000001862645,0.0092000002041459,0.0229499991983175,0.0197500009089708,0.0086000002920627,0.0152500001713633,0.0170000009238719,0.0171499997377395,0.0082499999552965,0.0135500002652406
2.35013282948337,0.0125000001862645,0.0092000002041459,0.0229499991983175,0.0197500009089708,0.0086000002920627,0.0152500001713633,0.0170000009238719,0.0171499997377395,0.0082499999552965,0.0135500002652406
1.79977099593115,0.0125000001862645,0.0092000002041459,0.0229499991983175,0.0197500009089708,0.0086000002920627,0.0152500001713633,0.0170000009238719,0.0171499997377395,0.0082499999552965,0.0135500002652406
1.79977099593115,0.0125000001862645,0.0092000002041459,0.0229499991983175,0.0197500009089708,0.0086000002920627,0.0152500001713633,0.0170000009238719,0.0171499997377395,0.0082499999552965,0.0135500002652406
1.79977099593115,0.0125000001862645,0.0092000002041459,0.0229499991983175,0.0197500009089708,0.0086000002920627,0.0152500001713633,0.0170000009238719,0.0171499997377395,0.0082499999552965,0.0135500002652406
1.79977099593115,0.0125000001862645,0.0092000002041459,0.0229499991983175,0.0197500009089708,0.0086000002920627,0.0152500001713633,0.0170000009238719,0.0171499997377395,0.0082499999552965,0.0135500002652406
1.79977099593115,0.0125000001862645,0.0092000002041459,0.0229499991983175,0.0197500009089708,0.0086000002920627,0.0152500001713633,0.0170000009238719,0.0171499997377395,0.0082499999552965,0.0135500002652406
1.79977099593115,0.0125000001862645,0.0092000002041459,0.0229499991983175,0.0197500009089708,0.0086000002920627,0.0152500001713633,0.0170000009238719,0.0171499997377395,0.0082499999552965,0.0135500002652406
1.79977099593115,0.0125000001862645,0.0092000002041459,0.0229499991983175,0.0197500009089708,0.0086000002920627,0.0152500001713633,0.0170000009238719,0.0171499997377395,0.0082499999552965,0.0135500002652406
1.79977099593115,0.0125000001862645,0.0092000002041459,0.0229499991983175,0.0197500009089708,0.0086000002920627,0.0152500001713633,0.0170000009238719,0.0171499997377395,0.0082499999552965,0.0135500002652406
0.946098358603028,0.0125000001862645,0.0092000002041459,0.0229499991983175,0.0197500009089708,0.0086000002920627,0.0152500001713633,0.0170000009238719,0.0171499997377395,0.0082499999552965,0.0135500002652406
0.946098358603028,0.0125000001862645,0.0092000002041459,0.0229499991983175,0.0197500009089708,0.0086000002920627,0.0152500001713633,0.0170000009238719,0.0171499997377395,0.0082499999552965,0.0135500002652406
0.946098358603028,0.0125000001862645,0.0092000002041459,0.0229499991983175,0.0197500009089708,0.0086000002920627,0.0152500001713633,0.0170000009238719,0.0171499997377395,0.0082499999552965,0.0135500002652406
0.946098358603028,0.0125000001862645,0.0092000002041459,0.0229499991983175,0.0197500009089708,0.0086000002920627,0.0152500001713633,0.0170000009238719,0.0171499997377395,0.0082499999552965,0.0135500002652406
0.946098358603028,0.0125000001862645,0.0092000002041459,0.0229499991983175,0.0197500009089708,0.0086000002920627,0.0152500001713633,0.0170000009238719,0.0171499997377395,0.0082499999552965,0.0135500002652406
0.946098358603028,0.0125000001862645,0.0092000002041459,0.0229499991983175,0.0197500009089708,0.0086000002920627,0.0152500001713633,0.0170000009238719,0.0171499997377395,0.0082499999552965,0.0135500002652406
0.946098358603028,0.0125000001862645,0.0092000002041459,0.0229499991983175,0.0197500009089708,0.0086000002920627,0.0152500001713633,0.0170000009238719,0.0171499997377395,0.0082499999552965,0.0135500002652406
0.946098358603028,0.0125000001862645,0.0092000002041459,0.0229499991983175,0.0197500009089708,0.0086000002920627,0.0152500001713633,0.0170000009238719,0.0171499997377395,0.0082499999552965,0.0135500002652406
1.54609139190222,0.0125000001862645,0.0092000002041459,0.0229499991983175,0.0197500009089708,0.0086000002920627,0.0152500001713633,0.0170000009238719,0.0171499997377395,0.0082499999552965,0.0135500002652406
1.54609139190222,0.0125000001862645,0.0092000002041459,0.0229499991983175,0.0197500009089708,0.0086000002920627,0.0152500001713633,0.0170000009238719,0.0171499997377395,0.0082499999552965,0.0135500002652406
1.54609139190222,0.0125000001862645,0.0092000002041459,0.0229499991983175,0.0197500009089708,0.0086000002920627,0.0152500001713633,0.0170000009238719,0.0171499997377395,0.0082499999552965,0.0135500002652406
1.54609139190222,0.0125000001862645,0.0092000002041459,0.0229499991983175,0.0197500009089708,0.0086000002920627,0.0152500001713633,0.0170000009238719,0.0171499997377395,0.0082499999552965,0.0135500002652406
1.54609139190222,0.0125000001862645,0.0092000002041459,0.0229499991983175,0.0197500009089708,0.0086000002920627,0.0152500001713633,0.0170000009238719,0.0171499997377395,0.0082499999552965,0.0135500002652406
1.54609139190222,0.0125000001862645,0.0092000002041459,0.0229499991983175,0.0197500009089708,0.0086000002920627,0.0152500001713633,0.0170000009238719,0.0171499997377395,0.0082499999552965,0.0135500002652406
1.54609139190222,0.0125000001862645,0.0092000002041459,0.0229499991983175,0.0197500009089708,0.0086000002920627,0.0152500001713633,0.0170000009238719,0.0171499997377395,0.0082499999552965,0.0135500002652406
1.54609139190222,0.0125000001862645,0.0092000002041459,0.0229499991983175,0.0197500009089708,0.0086000002920627,0.0152500001713633,0.0170000009238719,0.0171499997377395,0.0082499999552965,0.0135500002652406
2.01542048214718,0.0119500001892447,0.0104999998584389,0.0441999994218349,0.0489500015974044,0.0364000014960765,0.0266500003635883,0.0259499996900558,0.024949999526143,0.0238000005483627,0.0187999997287988
2.01542048214718,0.0119500001892447,0.0104999998584389,0.0441999994218349,0.0489500015974044,0.0364000014960765,0.0266500003635883,0.0259499996900558,0.024949999526143,0.0238000005483627,0.0187999997287988
2.01542048214718,0.0119500001892447,0.0104999998584389,0.0441999994218349,0.0489500015974044,0.0364000014960765,0.0266500003635883,0.0259499996900558,0.024949999526143,0.0238000005483627,0.0187999997287988
2.01542048214718,0.0119500001892447,0.0104999998584389,0.0441999994218349,0.0489500015974044,0.0364000014960765,0.0266500003635883,0.0259499996900558,0.024949999526143,0.0238000005483627,0.0187999997287988
2.01542048214718,0.0119500001892447,0.0104999998584389,0.0441999994218349,0.0489500015974044,0.0364000014960765,0.0266500003635883,0.0259499996900558,0.024949999526143,0.0238000005483627,0.0187999997287988
2.01542048214718,0.0119500001892447,0.0104999998584389,0.0441999994218349,0.0489500015974044,0.0364000014960765,0.0266500003635883,0.0259499996900558,0.024949999526143,0.0238000005483627,0.0187999997287988
2.01542048214718,0.0119500001892447,0.0104999998584389,0.0441999994218349,0.0489500015974044,0.0364000014960765,0.0266500003635883,0.0259499996900558,0.024949999526143,0.0238000005483627,0.0187999997287988
2.01542048214718,0.0119500001892447,0.0104999998584389,0.0441999994218349,0.0489500015974044,0.0364000014960765,0.0266500003635883,0.0259499996900558,0.024949999526143,0.0238000005483627,0.0187999997287988
2.01542048214718,0.0119500001892447,0.0104999998584389,0.0441999994218349,0.0489500015974044,0.0364000014960765,0.0266500003635883,0.0259499996900558,0.024949999526143,0.0238000005483627,0.0187999997287988
2.01542048214718,0.0119500001892447,0.0104999998584389,0.0441999994218349,0.0489500015974044,0.0364000014960765,0.0266500003635883,0.0259499996900558,0.024949999526143,0.0238000005483627,0.0187999997287988
2.01542048214718,0.0119500001892447,0.0104999998584389,0.0441999994218349,0.0489500015974044,0.0364000014960765,0.0266500003635883,0.0259499996900558,0.024949999526143,0.0238000005483627,0.0187999997287988
2.01542048214718,0.0119500001892447,0.0104999998584389,0.0441999994218349,0.0489500015974044,0.0364000014960765,0.0266500003635883,0.0259499996900558,0.024949999526143,0.0238000005483627,0.0187999997287988
2.01542048214718,0.0119500001892447,0.0104999998584389,0.0441999994218349,0.0489500015974044,0.0364000014960765,0.0266500003635883,0.0259499996900558,0.024949999526143,0.0238000005483627,0.0187999997287988
2.01542048214718,0.0119500001892447,0.0104999998584389,0.0441999994218349,0.0489500015974044,0.0364000014960765,0.0266500003635883,0.0259499996900558,0.024949999526143,0.0238000005483627,0.0187999997287988
2.01542048214718,0.0119500001892447,0.0104999998584389,0.0441999994218349,0.0489500015974044,0.0364000014960765,0.0266500003635883,0.0259499996900558,0.024949999526143,0.0238000005483627,0.0187999997287988
2.01542048214718,0.0119500001892447,0.0104999998584389,0.0441999994218349,0.0489500015974044,0.0364000014960765,0.0266500003635883,0.0259499996900558,0.024949999526143,0.0238000005483627,0.0187999997287988
2.01542048214718,0.0119500001892447,0.0104999998584389,0.0441999994218349,0.0489500015974044,0.0364000014960765,0.0266500003635883,0.0259499996900558,0.024949999526143,0.0238000005483627,0.0187999997287988
2.01542048214718,0.0119500001892447,0.0104999998584389,0.0441999994218349,0.0489500015974044,0.0364000014960765,0.0266500003635883,0.0259499996900558,0.024949999526143,0.0238000005483627,0.0187999997287988
2.01542048214718,0.0119500001892447,0.0104999998584389,0.0441999994218349,0.0489500015974044,0.0364000014960765,0.0266500003635883,0.0259499996900558,0.024949999526143,0.0238000005483627,0.0187999997287988
2.01542048214718,0.0119500001892447,0.0104999998584389,0.0441999994218349,0.0489500015974044,0.0364000014960765,0.0266500003635883,0.0259499996900558,0.024949999526143,0.0238000005483627,0.0187999997287988
2.01542048214718,0.0119500001892447,0.0104999998584389,0.0441999994218349,0.0489500015974044,0.0364000014960765,0.0266500003635883,0.0259499996900558,0.024949999526143,0.0238000005483627,0.0187999997287988
2.01542048214718,0.0119500001892447,0.0104999998584389,0.0441999994218349,0.0489500015974044,0.0364000014960765,0.0266500003635883,0.0259499996900558,0.024949999526143,0.0238000005483627,0.0187999997287988
2.01542048214718,0.0119500001892447,0.0104999998584389,0.0441999994218349,0.0489500015974044,0.0364000014960765,0.0266500003635883,0.0259499996900558,0.024949999526143,0.0238000005483627,0.0187999997287988
2.01542048214718,0.0119500001892447,0.0104999998584389,0.0441999994218349,0.0489500015974044,0.0364000014960765,0.0266500003635883,0.0259499996900558,0.024949999526143,0.0238000005483627,0.0187999997287988
2.01542048214718,0.0119500001892447,0.0104999998584389,0.0441999994218349,0.0489500015974044,0.0364000014960765,0.0266500003635883,0.0259499996900558,0.024949999526143,0.0238000005483627,0.0187999997287988
2.01542048214718,0.0119500001892447,0.0104999998584389,0.0441999994218349,0.0489500015974044,0.0364000014960765,0.0266500003635883,0.0259499996900558,0.024949999526143,0.0238000005483627,0.0187999997287988
2.01542048214718,0.0119500001892447,0.0104999998584389,0.0441999994218349,0.0489500015974044,0.0364000014960765,0.0266500003635883,0.0259499996900558,0.024949999526143,0.0238000005483627,0.0187999997287988
2.15033709223325,0.0119500001892447,0.0104999998584389,0.0441999994218349,0.0489500015974044,0.0364000014960765,0.0266500003635883,0.0259499996900558,0.024949999526143,0.0238000005483627,0.0187999997287988
2.15033709223325,0.0119500001892447,0.0104999998584389,0.0441999994218349,0.0489500015974044,0.0364000014960765,0.0266500003635883,0.0259499996900558,0.024949999526143,0.0238000005483627,0.0187999997287988
2.15033709223325,0.0119500001892447,0.0104999998584389,0.0441999994218349,0.0489500015974044,0.0364000014960765,0.0266500003635883,0.0259499996900558,0.024949999526143,0.0238000005483627,0.0187999997287988
2.15033709223325,0.0119500001892447,0.0104999998584389,0.0441999994218349,0.0489500015974044,0.0364000014960765,0.0266500003635883,0.0259499996900558,0.024949999526143,0.0238000005483627,0.0187999997287988
2.15033709223325,0.0119500001892447,0.0104999998584389,0.0441999994218349,0.0489500015974044,0.0364000014960765,0.0266500003635883,0.0259499996900558,0.024949999526143,0.0238000005483627,0.0187999997287988
2.15033709223325,0.0119500001892447,0.0104999998584389,0.0441999994218349,0.0489500015974044,0.0364000014960765,0.0266500003635883,0.0259499996900558,0.024949999526143,0.0238000005483627,0.0187999997287988
2.15033709223325,0.0119500001892447,0.0104999998584389,0.0441999994218349,0.0489500015974044,0.0364000014960765,0.0266500003635883,0.0259499996900558,0.024949999526143,0.0238000005483627,0.0187999997287988
2.15033709223325,0.0119500001892447,0.0104999998584389,0.0441999994218349,0.0489500015974044,0.0364000014960765,0.0266500003635883,0.0259499996900558,0.024949999526143,0.0238000005483627,0.0187999997287988
2.15033709223325,0.0119500001892447,0.0104999998584389,0.0441999994218349,0.0489500015974044,0.0364000014960765,0.0266500003635883,0.0259499996900558,0.024949999526143,0.0238000005483627,0.0187999997287988
2.15033709223325,0.0119500001892447,0.0104999998584389,0.0441999994218349,0.0489500015974044,0.0364000014960765,0.0266500003635883,0.0259499996900558,0.024949999526143,0.0238000005483627,0.0187999997287988
2.15033709223325,0.0119500001892447,0.0104999998584389,0.0441999994218349,0.0489500015974044,0.0364000014960765,0.0266500003635883,0.0259499996900558,0.024949999526143,0.0238000005483627,0.0187999997287988
2.15033709223325,0.0119500001892447,0.0104999998584389,0.0441999994218349,0.0489500015974044,0.0364000014960765,0.0266500003635883,0.0259499996900558,0.024949999526143,0.0238000005483627,0.0187999997287988
2.15033709223325,0.0119500001892447,0.0104999998584389,0.0441999994218349,0.0489500015974044,0.0364000014960765,0.0266500003635883,0.0259499996900558,0.024949999526143,0.0238000005483627,0.0187999997287988
2.15033709223325,0.0119500001892447,0.0104999998584389,0.0441999994218349,0.0489500015974044,0.0364000014960765,0.0266500003635883,0.0259499996900558,0.024949999526143,0.0238000005483627,0.0187999997287988
2.15033709223325,0.0119500001892447,0.0104999998584389,0.0441999994218349,0.0489500015974044,0.0364000014960765,0.0266500003635883,0.0259499996900558,0.024949999526143,0.0238000005483627,0.0187999997287988
2.15033709223325,0.0119500001892447,0.0104999998584389,0.0441999994218349,0.0489500015974044,0.0364000014960765,0.0266500003635883,0.0259499996900558,0.024949999526143,0.0238000005483627,0.0187999997287988
2.15033709223325,0.0119500001892447,0.0104999998584389,0.0441999994218349,0.0489500015974044,0.0364000014960765,0.0266500003635883,0.0259499996900558,0.024949999526143,0.0238000005483627,0.0187999997287988
2.15033709223325,0.0119500001892447,0.0104999998584389,0.0441999994218349,0.0489500015974044,0.0364000014960765,0.0266500003635883,0.0259499996900558,0.024949999526143,0.0238000005483627,0.0187999997287988
2.15033709223325,0.0119500001892447,0.0104999998584389,0.0441999994218349,0.0489500015974044,0.0364000014960765,0.0266500003635883,0.0259499996900558,0.024949999526143,0.0238000005483627,0.0187999997287988
2.15033709223325,0.0119500001892447,0.0104999998584389,0.0441999994218349,0.0489500015974044,0.0364000014960765,0.0266500003635883,0.0259499996900558,0.024949999526143,0.0238000005483627,0.0187999997287988
2.15033709223325,0.0119500001892447,0.0104999998584389,0.0441999994218349,0.0489500015974044,0.0364000014960765,0.0266500003635883,0.0259499996900558,0.024949999526143,0.0238000005483627,0.0187999997287988
2.15033709223325,0.0119500001892447,0.0104999998584389,0.0441999994218349,0.0489500015974044,0.0364000014960765,0.0266500003635883,0.0259499996900558,0.024949999526143,0.0238000005483627,0.0187999997287988
2.15033709223325,0.0119500001892447,0.0104999998584389,0.0441999994218349,0.0489500015974044,0.0364000014960765,0.0266500003635883,0.0259499996900558,0.024949999526143,0.0238000005483627,0.0187999997287988
2.15033709223325,0.0119500001892447,0.0104999998584389,0.0441999994218349,0.0489500015974044,0.0364000014960765,0.0266500003635883,0.0259499996900558,0.024949999526143,0.0238000005483627,0.0187999997287988
2.15033709223325,0.0119500001892447,0.0104999998584389,0.0441999994218349,0.0489500015974044,0.0364000014960765,0.0266500003635883,0.0259499996900558,0.024949999526143,0.0238000005483627,0.0187999997287988
2.15033709223325,0.0119500001892447,0.0104999998584389,0.0441999994218349,0.0489500015974044,0.0364000014960765,0.0266500003635883,0.0259499996900558,0.024949999526143,0.0238000005483627,0.0187999997287988
2.15033709223325,0.0119500001892447,0.0104999998584389,0.0441999994218349,0.0489500015974044,0.0364000014960765,0.0266500003635883,0.0259499996900558,0.024949999526143,0.0238000005483627,0.0187999997287988
2.35719945249644,0.0119500001892447,0.0104999998584389,0.0441999994218349,0.0489500015974044,0.0364000014960765,0.0266500003635883,0.0259499996900558,0.024949999526143,0.0238000005483627,0.0187999997287988
2.35719945249644,0.0119500001892447,0.0104999998584389,0.0441999994218349,0.0489500015974044,0.0364000014960765,0.0266500003635883,0.0259499996900558,0.024949999526143,0.0238000005483627,0.0187999997287988
2.35719945249644,0.0119500001892447,0.0104999998584389,0.0441999994218349,0.0489500015974044,0.0364000014960765,0.0266500003635883,0.0259499996900558,0.024949999526143,0.0238000005483627,0.0187999997287988
2.35719945249644,0.0119500001892447,0.0104999998584389,0.0441999994218349,0.0489500015974044,0.0364000014960765,0.0266500003635883,0.0259499996900558,0.024949999526143,0.0238000005483627,0.0187999997287988
2.35719945249644,0.0119500001892447,0.0104999998584389,0.0441999994218349,0.0489500015974044,0.0364000014960765,0.0266500003635883,0.0259499996900558,0.024949999526143,0.0238000005483627,0.0187999997287988
2.35719945249644,0.0119500001892447,0.0104999998584389,0.0441999994218349,0.0489500015974044,0.0364000014960765,0.0266500003635883,0.0259499996900558,0.024949999526143,0.0238000005483627,0.0187999997287988
2.35719945249644,0.0119500001892447,0.0104999998584389,0.0441999994218349,0.0489500015974044,0.0364000014960765,0.0266500003635883,0.0259499996900558,0.024949999526143,0.0238000005483627,0.0187999997287988
2.35719945249644,0.0119500001892447,0.0104999998584389,0.0441999994218349,0.0489500015974044,0.0364000014960765,0.0266500003635883,0.0259499996900558,0.024949999526143,0.0238000005483627,0.0187999997287988
2.35719945249644,0.0119500001892447,0.0104999998584389,0.0441999994218349,0.0489500015974044,0.0364000014960765,0.0266500003635883,0.0259499996900558,0.024949999526143,0.0238000005483627,0.0187999997287988
2.35719945249644,0.0119500001892447,0.0104999998584389,0.0441999994218349,0.0489500015974044,0.0364000014960765,0.0266500003635883,0.0259499996900558,0.024949999526143,0.0238000005483627,0.0187999997287988
2.35719945249644,0.0119500001892447,0.0104999998584389,0.0441999994218349,0.0489500015974044,0.0364000014960765,0.0266500003635883,0.0259499996900558,0.024949999526143,0.0238000005483627,0.0187999997287988
2.35719945249644,0.0119500001892447,0.0104999998584389,0.0441999994218349,0.0489500015974044,0.0364000014960765,0.0266500003635883,0.0259499996900558,0.024949999526143,0.0238000005483627,0.0187999997287988
2.35719945249644,0.0119500001892447,0.0104999998584389,0.0441999994218349,0.0489500015974044,0.0364000014960765,0.0266500003635883,0.0259499996900558,0.024949999526143,0.0238000005483627,0.0187999997287988
2.35719945249644,0.0119500001892447,0.0104999998584389,0.0441999994218349,0.0489500015974044,0.0364000014960765,0.0266500003635883,0.0259499996900558,0.024949999526143,0.0238000005483627,0.0187999997287988
2.35719945249644,0.0119500001892447,0.0104999998584389,0.0441999994218349,0.0489500015974044,0.0364000014960765,0.0266500003635883,0.0259499996900558,0.024949999526143,0.0238000005483627,0.0187999997287988
2.35719945249644,0.0119500001892447,0.0104999998584389,0.0441999994218349,0.0489500015974044,0.0364000014960765,0.0266500003635883,0.0259499996900558,0.024949999526143,0.0238000005483627,0.0187999997287988
2.35719945249644,0.0119500001892447,0.0104999998584389,0.0441999994218349,0.0489500015974044,0.0364000014960765,0.0266500003635883,0.0259499996900558,0.024949999526143,0.0238000005483627,0.0187999997287988
2.35719945249644,0.0119500001892447,0.0104999998584389,0.0441999994218349,0.0489500015974044,0.0364000014960765,0.0266500003635883,0.0259499996900558,0.024949999526143,0.0238000005483627,0.0187999997287988
2.35719945249644,0.0119500001892447,0.0104999998584389,0.0441999994218349,0.0489500015974044,0.0364000014960765,0.0266500003635883,0.0259499996900558,0.024949999526143,0.0238000005483627,0.0187999997287988
2.35719945249644,0.0119500001892447,0.0104999998584389,0.0441999994218349,0.0489500015974044,0.0364000014960765,0.0266500003635883,0.0259499996900558,0.024949999526143,0.0238000005483627,0.0187999997287988
2.35719945249644,0.0119500001892447,0.0104999998584389,0.0441999994218349,0.0489500015974044,0.0364000014960765,0.0266500003635883,0.0259499996900558,0.024949999526143,0.0238000005483627,0.0187999997287988
2.35719945249644,0.0119500001892447,0.0104999998584389,0.0441999994218349,0.0489500015974044,0.0364000014960765,0.0266500003635883,0.0259499996900558,0.024949999526143,0.0238000005483627,0.0187999997287988
2.35719945249644,0.0119500001892447,0.0104999998584389,0.0441999994218349,0.0489500015974044,0.0364000014960765,0.0266500003635883,0.0259499996900558,0.024949999526143,0.0238000005483627,0.0187999997287988
2.35719945249644,0.0119500001892447,0.0104999998584389,0.0441999994218349,0.0489500015974044,0.0364000014960765,0.0266500003635883,0.0259499996900558,0.024949999526143,0.0238000005483627,0.0187999997287988
2.35719945249644,0.0119500001892447,0.0104999998584389,0.0441999994218349,0.0489500015974044,0.0364000014960765,0.0266500003635883,0.0259499996900558,0.024949999526143,0.0238000005483627,0.0187999997287988
2.35719945249644,0.0119500001892447,0.0104999998584389,0.0441999994218349,0.0489500015974044,0.0364000014960765,0.0266500003635883,0.0259499996900558,0.024949999526143,0.0238000005483627,0.0187999997287988
2.35719945249644,0.0119500001892447,0.0104999998584389,0.0441999994218349,0.0489500015974044,0.0364000014960765,0.0266500003635883,0.0259499996900558,0.024949999526143,0.0238000005483627,0.0187999997287988
3.03116095520158,0.0119500001892447,0.0104999998584389,0.0441999994218349,0.0489500015974044,0.0364000014960765,0.0266500003635883,0.0259499996900558,0.024949999526143,0.0238000005483627,0.0187999997287988
3.03116095520158,0.0119500001892447,0.0104999998584389,0.0441999994218349,0.0489500015974044,0.0364000014960765,0.0266500003635883,0.0259499996900558,0.024949999526143,0.0238000005483627,0.0187999997287988
3.03116095520158,0.0119500001892447,0.0104999998584389,0.0441999994218349,0.0489500015974044,0.0364000014960765,0.0266500003635883,0.0259499996900558,0.024949999526143,0.0238000005483627,0.0187999997287988
3.03116095520158,0.0119500001892447,0.0104999998584389,0.0441999994218349,0.0489500015974044,0.0364000014960765,0.0266500003635883,0.0259499996900558,0.024949999526143,0.0238000005483627,0.0187999997287988
3.03116095520158,0.0119500001892447,0.0104999998584389,0.0441999994218349,0.0489500015974044,0.0364000014960765,0.0266500003635883,0.0259499996900558,0.024949999526143,0.0238000005483627,0.0187999997287988
3.03116095520158,0.0119500001892447,0.0104999998584389,0.0441999994218349,0.0489500015974044,0.0364000014960765,0.0266500003635883,0.0259499996900558,0.024949999526143,0.0238000005483627,0.0187999997287988
3.03116095520158,0.0119500001892447,0.0104999998584389,0.0441999994218349,0.0489500015974044,0.0364000014960765,0.0266500003635883,0.0259499996900558,0.024949999526143,0.0238000005483627,0.0187999997287988
3.03116095520158,0.0119500001892447,0.0104999998584389,0.0441999994218349,0.0489500015974044,0.0364000014960765,0.0266500003635883,0.0259499996900558,0.024949999526143,0.0238000005483627,0.0187999997287988
3.45859088113611,0.0119500001892447,0.0104999998584389,0.0441999994218349,0.0489500015974044,0.0364000014960765,0.0266500003635883,0.0259499996900558,0.024949999526143,0.0238000005483627,0.0187999997287988
3.45859088113611,0.0119500001892447,0.0104999998584389,0.0441999994218349,0.0489500015974044,0.0364000014960765,0.0266500003635883,0.0259499996900558,0.024949999526143,0.0238000005483627,0.0187999997287988
3.45859088113611,0.0119500001892447,0.0104999998584389,0.0441999994218349,0.0489500015974044,0.0364000014960765,0.0266500003635883,0.0259499996900558,0.024949999526143,0.0238000005483627,0.0187999997287988
3.45859088113611,0.0119500001892447,0.0104999998584389,0.0441999994218349,0.0489500015974044,0.0364000014960765,0.0266500003635883,0.0259499996900558,0.024949999526143,0.0238000005483627,0.0187999997287988
3.45859088113611,0.0119500001892447,0.0104999998584389,0.0441999994218349,0.0489500015974044,0.0364000014960765,0.0266500003635883,0.0259499996900558,0.024949999526143,0.0238000005483627,0.0187999997287988
3.45859088113611,0.0119500001892447,0.0104999998584389,0.0441999994218349,0.0489500015974044,0.0364000014960765,0.0266500003635883,0.0259499996900558,0.024949999526143,0.0238000005483627,0.0187999997287988
3.45859088113611,0.0119500001892447,0.0104999998584389,0.0441999994218349,0.0489500015974044,0.0364000014960765,0.0266500003635883,0.0259499996900558,0.024949999526143,0.0238000005483627,0.0187999997287988
3.45859088113611,0.0119500001892447,0.0104999998584389,0.0441999994218349,0.0489500015974044,0.0364000014960765,0.0266500003635883,0.0259499996900558,0.024949999526143,0.0238000005483627,0.0187999997287988
5.05984089219775,0.0119500001892447,0.0104999998584389,0.0441999994218349,0.0489500015974044,0.0364000014960765,0.0266500003635883,0.0259499996900558,0.024949999526143,0.0238000005483627,0.0187999997287988
2.76126080462408,0.0119500001892447,0.0104999998584389,0.0441999994218349,0.0489500015974044,0.0364000014960765,0.0266500003635883,0.0259499996900558,0.024949999526143,0.0238000005483627,0.0187999997287988
2.76126080462408,0.0119500001892447,0.0104999998584389,0.0441999994218349,0.0489500015974044,0.0364000014960765,0.0266500003635883,0.0259499996900558,0.024949999526143,0.0238000005483627,0.0187999997287988
2.76126080462408,0.0119500001892447,0.0104999998584389,0.0441999994218349,0.0489500015974044,0.0364000014960765,0.0266500003635883,0.0259499996900558,0.024949999526143,0.0238000005483627,0.0187999997287988
2.76126080462408,0.0119500001892447,0.0104999998584389,0.0441999994218349,0.0489500015974044,0.0364000014960765,0.0266500003635883,0.0259499996900558,0.024949999526143,0.0238000005483627,0.0187999997287988
2.76126080462408,0.0119500001892447,0.0104999998584389,0.0441999994218349,0.0489500015974044,0.0364000014960765,0.0266500003635883,0.0259499996900558,0.024949999526143,0.0238000005483627,0.0187999997287988
2.76126080462408,0.0119500001892447,0.0104999998584389,0.0441999994218349,0.0489500015974044,0.0364000014960765,0.0266500003635883,0.0259499996900558,0.024949999526143,0.0238000005483627,0.0187999997287988
2.76126080462408,0.0119500001892447,0.0104999998584389,0.0441999994218349,0.0489500015974044,0.0364000014960765,0.0266500003635883,0.0259499996900558,0.024949999526143,0.0238000005483627,0.0187999997287988
2.76126080462408,0.0119500001892447,0.0104999998584389,0.0441999994218349,0.0489500015974044,0.0364000014960765,0.0266500003635883,0.0259499996900558,0.024949999526143,0.0238000005483627,0.0187999997287988
4.43056351758288,0.0119500001892447,0.0104999998584389,0.0441999994218349,0.0489500015974044,0.0364000014960765,0.0266500003635883,0.0259499996900558,0.024949999526143,0.0238000005483627,0.0187999997287988
4.43056351758288,0.0119500001892447,0.0104999998584389,0.0441999994218349,0.0489500015974044,0.0364000014960765,0.0266500003635883,0.0259499996900558,0.024949999526143,0.0238000005483627,0.0187999997287988
4.43056351758288,0.0119500001892447,0.0104999998584389,0.0441999994218349,0.0489500015974044,0.0364000014960765,0.0266500003635883,0.0259499996900558,0.024949999526143,0.0238000005483627,0.0187999997287988
4.43056351758288,0.0119500001892447,0.0104999998584389,0.0441999994218349,0.0489500015974044,0.0364000014960765,0.0266500003635883,0.0259499996900558,0.024949999526143,0.0238000005483627,0.0187999997287988
4.43056351758288,0.0119500001892447,0.0104999998584389,0.0441999994218349,0.0489500015974044,0.0364000014960765,0.0266500003635883,0.0259499996900558,0.024949999526143,0.0238000005483627,0.0187999997287988
4.43056351758288,0.0119500001892447,0.0104999998584389,0.0441999994218349,0.0489500015974044,0.0364000014960765,0.0266500003635883,0.0259499996900558,0.024949999526143,0.0238000005483627,0.0187999997287988
4.43056351758288,0.0119500001892447,0.0104999998584389,0.0441999994218349,0.0489500015974044,0.0364000014960765,0.0266500003635883,0.0259499996900558,0.024949999526143,0.0238000005483627,0.0187999997287988
4.43056351758288,0.0119500001892447,0.0104999998584389,0.0441999994218349,0.0489500015974044,0.0364000014960765,0.0266500003635883,0.0259499996900558,0.024949999526143,0.0238000005483627,0.0187999997287988
5.52114211633781,0.0119500001892447,0.0104999998584389,0.0441999994218349,0.0489500015974044,0.0364000014960765,0.0266500003635883,0.0259499996900558,0.024949999526143,0.0238000005483627,0.0187999997287988
5.52114211633781,0.0119500001892447,0.0104999998584389,0.0441999994218349,0.0489500015974044,0.0364000014960765,0.0266500003635883,0.0259499996900558,0.024949999526143,0.0238000005483627,0.0187999997287988
5.52114211633781,0.0119500001892447,0.0104999998584389,0.0441999994218349,0.0489500015974044,0.0364000014960765,0.0266500003635883,0.0259499996900558,0.024949999526143,0.0238000005483627,0.0187999997287988
5.52114211633781,0.0119500001892447,0.0104999998584389,0.0441999994218349,0.0489500015974044,0.0364000014960765,0.0266500003635883,0.0259499996900558,0.024949999526143,0.0238000005483627,0.0187999997287988
5.52114211633781,0.0119500001892447,0.0104999998584389,0.0441999994218349,0.0489500015974044,0.0364000014960765,0.0266500003635883,0.0259499996900558,0.024949999526143,0.0238000005483627,0.0187999997287988
5.52114211633781,0.0119500001892447,0.0104999998584389,0.0441999994218349,0.0489500015974044,0.0364000014960765,0.0266500003635883,0.0259499996900558,0.024949999526143,0.0238000005483627,0.0187999997287988
5.52114211633781,0.0119500001892447,0.0104999998584389,0.0441999994218349,0.0489500015974044,0.0364000014960765,0.0266500003635883,0.0259499996900558,0.024949999526143,0.0238000005483627,0.0187999997287988
5.52114211633781,0.0119500001892447,0.0104999998584389,0.0441999994218349,0.0489500015974044,0.0364000014960765,0.0266500003635883,0.0259499996900558,0.024949999526143,0.0238000005483627,0.0187999997287988
4.8169213205884,0.0119500001892447,0.0104999998584389,0.0441999994218349,0.0489500015974044,0.0364000014960765,0.0266500003635883,0.0259499996900558,0.024949999526143,0.0238000005483627,0.0187999997287988
4.8169213205884,0.0119500001892447,0.0104999998584389,0.0441999994218349,0.0489500015974044,0.0364000014960765,0.0266500003635883,0.0259499996900558,0.024949999526143,0.0238000005483627,0.0187999997287988
4.8169213205884,0.0119500001892447,0.0104999998584389,0.0441999994218349,0.0489500015974044,0.0364000014960765,0.0266500003635883,0.0259499996900558,0.024949999526143,0.0238000005483627,0.0187999997287988
4.8169213205884,0.0119500001892447,0.0104999998584389,0.0441999994218349,0.0489500015974044,0.0364000014960765,0.0266500003635883,0.0259499996900558,0.024949999526143,0.0238000005483627,0.0187999997287988
4.8169213205884,0.0119500001892447,0.0104999998584389,0.0441999994218349,0.0489500015974044,0.0364000014960765,0.0266500003635883,0.0259499996900558,0.024949999526143,0.0238000005483627,0.0187999997287988
4.8169213205884,0.0119500001892447,0.0104999998584389,0.0441999994218349,0.0489500015974044,0.0364000014960765,0.0266500003635883,0.0259499996900558,0.024949999526143,0.0238000005483627,0.0187999997287988
4.8169213205884,0.0119500001892447,0.0104999998584389,0.0441999994218349,0.0489500015974044,0.0364000014960765,0.0266500003635883,0.0259499996900558,0.024949999526143,0.0238000005483627,0.0187999997287988
4.8169213205884,0.0119500001892447,0.0104999998584389,0.0441999994218349,0.0489500015974044,0.0364000014960765,0.0266500003635883,0.0259499996900558,0.024949999526143,0.0238000005483627,0.0187999997287988
4.37962149596945,0.0198999997228384,0.0173000004142522,0.052250001579523,0.0547499991953372,0.0428999997675418,0.0314499996602535,0.0332500003278255,0.033500000834465,0.0322000011801719,0.032549999654293
4.37962149596945,0.0198999997228384,0.0173000004142522,0.052250001579523,0.0547499991953372,0.0428999997675418,0.0314499996602535,0.0332500003278255,0.033500000834465,0.0322000011801719,0.032549999654293
4.37962149596945,0.0198999997228384,0.0173000004142522,0.052250001579523,0.0547499991953372,0.0428999997675418,0.0314499996602535,0.0332500003278255,0.033500000834465,0.0322000011801719,0.032549999654293
4.37962149596945,0.0198999997228384,0.0173000004142522,0.052250001579523,0.0547499991953372,0.0428999997675418,0.0314499996602535,0.0332500003278255,0.033500000834465,0.0322000011801719,0.032549999654293
4.37962149596945,0.0198999997228384,0.0173000004142522,0.052250001579523,0.0547499991953372,0.0428999997675418,0.0314499996602535,0.0332500003278255,0.033500000834465,0.0322000011801719,0.032549999654293
4.37962149596945,0.0198999997228384,0.0173000004142522,0.052250001579523,0.0547499991953372,0.0428999997675418,0.0314499996602535,0.0332500003278255,0.033500000834465,0.0322000011801719,0.032549999654293
4.37962149596945,0.0198999997228384,0.0173000004142522,0.052250001579523,0.0547499991953372,0.0428999997675418,0.0314499996602535,0.0332500003278255,0.033500000834465,0.0322000011801719,0.032549999654293
4.37962149596945,0.0198999997228384,0.0173000004142522,0.052250001579523,0.0547499991953372,0.0428999997675418,0.0314499996602535,0.0332500003278255,0.033500000834465,0.0322000011801719,0.032549999654293
3.27197529725534,0.0198999997228384,0.0173000004142522,0.052250001579523,0.0547499991953372,0.0428999997675418,0.0314499996602535,0.0332500003278255,0.033500000834465,0.0322000011801719,0.032549999654293
3.27197529725534,0.0198999997228384,0.0173000004142522,0.052250001579523,0.0547499991953372,0.0428999997675418,0.0314499996602535,0.0332500003278255,0.033500000834465,0.0322000011801719,0.032549999654293
3.27197529725534,0.0198999997228384,0.0173000004142522,0.052250001579523,0.0547499991953372,0.0428999997675418,0.0314499996602535,0.0332500003278255,0.033500000834465,0.0322000011801719,0.032549999654293
3.27197529725534,0.0198999997228384,0.0173000004142522,0.052250001579523,0.0547499991953372,0.0428999997675418,0.0314499996602535,0.0332500003278255,0.033500000834465,0.0322000011801719,0.032549999654293
3.27197529725534,0.0198999997228384,0.0173000004142522,0.052250001579523,0.0547499991953372,0.0428999997675418,0.0314499996602535,0.0332500003278255,0.033500000834465,0.0322000011801719,0.032549999654293
3.27197529725534,0.0198999997228384,0.0173000004142522,0.052250001579523,0.0547499991953372,0.0428999997675418,0.0314499996602535,0.0332500003278255,0.033500000834465,0.0322000011801719,0.032549999654293
3.27197529725534,0.0198999997228384,0.0173000004142522,0.052250001579523,0.0547499991953372,0.0428999997675418,0.0314499996602535,0.0332500003278255,0.033500000834465,0.0322000011801719,0.032549999654293
3.27197529725534,0.0198999997228384,0.0173000004142522,0.052250001579523,0.0547499991953372,0.0428999997675418,0.0314499996602535,0.0332500003278255,0.033500000834465,0.0322000011801719,0.032549999654293
3.17537105924945,0.0198999997228384,0.0173000004142522,0.052250001579523,0.0547499991953372,0.0428999997675418,0.0314499996602535,0.0332500003278255,0.033500000834465,0.0322000011801719,0.032549999654293
3.17537105924945,0.0198999997228384,0.0173000004142522,0.052250001579523,0.0547499991953372,0.0428999997675418,0.0314499996602535,0.0332500003278255,0.033500000834465,0.0322000011801719,0.032549999654293
3.17537105924945,0.0198999997228384,0.0173000004142522,0.052250001579523,0.0547499991953372,0.0428999997675418,0.0314499996602535,0.0332500003278255,0.033500000834465,0.0322000011801719,0.032549999654293
3.17537105924945,0.0198999997228384,0.0173000004142522,0.052250001579523,0.0547499991953372,0.0428999997675418,0.0314499996602535,0.0332500003278255,0.033500000834465,0.0322000011801719,0.032549999654293
3.17537105924945,0.0198999997228384,0.0173000004142522,0.052250001579523,0.0547499991953372,0.0428999997675418,0.0314499996602535,0.0332500003278255,0.033500000834465,0.0322000011801719,0.032549999654293
3.17537105924945,0.0198999997228384,0.0173000004142522,0.052250001579523,0.0547499991953372,0.0428999997675418,0.0314499996602535,0.0332500003278255,0.033500000834465,0.0322000011801719,0.032549999654293
3.17537105924945,0.0198999997228384,0.0173000004142522,0.052250001579523,0.0547499991953372,0.0428999997675418,0.0314499996602535,0.0332500003278255,0.033500000834465,0.0322000011801719,0.032549999654293
3.17537105924945,0.0198999997228384,0.0173000004142522,0.052250001579523,0.0547499991953372,0.0428999997675418,0.0314499996602535,0.0332500003278255,0.033500000834465,0.0322000011801719,0.032549999654293
1.90644000662422,0.0198999997228384,0.0173000004142522,0.052250001579523,0.0547499991953372,0.0428999997675418,0.0314499996602535,0.0332500003278255,0.033500000834465,0.0322000011801719,0.032549999654293
1.90644000662422,0.0198999997228384,0.0173000004142522,0.052250001579523,0.0547499991953372,0.0428999997675418,0.0314499996602535,0.0332500003278255,0.033500000834465,0.0322000011801719,0.032549999654293
1.90644000662422,0.0198999997228384,0.0173000004142522,0.052250001579523,0.0547499991953372,0.0428999997675418,0.0314499996602535,0.0332500003278255,0.033500000834465,0.0322000011801719,0.032549999654293
1.90644000662422,0.0198999997228384,0.0173000004142522,0.052250001579523,0.0547499991953372,0.0428999997675418,0.0314499996602535,0.0332500003278255,0.033500000834465,0.0322000011801719,0.032549999654293
1.90644000662422,0.0198999997228384,0.0173000004142522,0.052250001579523,0.0547499991953372,0.0428999997675418,0.0314499996602535,0.0332500003278255,0.033500000834465,0.0322000011801719,0.032549999654293
1.90644000662422,0.0198999997228384,0.0173000004142522,0.052250001579523,0.0547499991953372,0.0428999997675418,0.0314499996602535,0.0332500003278255,0.033500000834465,0.0322000011801719,0.032549999654293
1.90644000662422,0.0198999997228384,0.0173000004142522,0.052250001579523,0.0547499991953372,0.0428999997675418,0.0314499996602535,0.0332500003278255,0.033500000834465,0.0322000011801719,0.032549999654293
1.90644000662422,0.0198999997228384,0.0173000004142522,0.052250001579523,0.0547499991953372,0.0428999997675418,0.0314499996602535,0.0332500003278255,0.033500000834465,0.0322000011801719,0.032549999654293
1.99557469993683,0.0198999997228384,0.0173000004142522,0.052250001579523,0.0547499991953372,0.0428999997675418,0.0314499996602535,0.0332500003278255,0.033500000834465,0.0322000011801719,0.032549999654293
1.99557469993683,0.0198999997228384,0.0173000004142522,0.052250001579523,0.0547499991953372,0.0428999997675418,0.0314499996602535,0.0332500003278255,0.033500000834465,0.0322000011801719,0.032549999654293
1.99557469993683,0.0198999997228384,0.0173000004142522,0.052250001579523,0.0547499991953372,0.0428999997675418,0.0314499996602535,0.0332500003278255,0.033500000834465,0.0322000011801719,0.032549999654293
1.99557469993683,0.0198999997228384,0.0173000004142522,0.052250001579523,0.0547499991953372,0.0428999997675418,0.0314499996602535,0.0332500003278255,0.033500000834465,0.0322000011801719,0.032549999654293
1.99557469993683,0.0198999997228384,0.0173000004142522,0.052250001579523,0.0547499991953372,0.0428999997675418,0.0314499996602535,0.0332500003278255,0.033500000834465,0.0322000011801719,0.032549999654293
1.99557469993683,0.0198999997228384,0.0173000004142522,0.052250001579523,0.0547499991953372,0.0428999997675418,0.0314499996602535,0.0332500003278255,0.033500000834465,0.0322000011801719,0.032549999654293
1.99557469993683,0.0198999997228384,0.0173000004142522,0.052250001579523,0.0547499991953372,0.0428999997675418,0.0314499996602535,0.0332500003278255,0.033500000834465,0.0322000011801719,0.032549999654293
1.99557469993683,0.0198999997228384,0.0173000004142522,0.052250001579523,0.0547499991953372,0.0428999997675418,0.0314499996602535,0.0332500003278255,0.033500000834465,0.0322000011801719,0.032549999654293
2.22186880205443,0.0198999997228384,0.0173000004142522,0.052250001579523,0.0547499991953372,0.0428999997675418,0.0314499996602535,0.0332500003278255,0.033500000834465,0.0322000011801719,0.032549999654293
2.22186880205443,0.0198999997228384,0.0173000004142522,0.052250001579523,0.0547499991953372,0.0428999997675418,0.0314499996602535,0.0332500003278255,0.033500000834465,0.0322000011801719,0.032549999654293
2.22186880205443,0.0198999997228384,0.0173000004142522,0.052250001579523,0.0547499991953372,0.0428999997675418,0.0314499996602535,0.0332500003278255,0.033500000834465,0.0322000011801719,0.032549999654293
2.22186880205443,0.0198999997228384,0.0173000004142522,0.052250001579523,0.0547499991953372,0.0428999997675418,0.0314499996602535,0.0332500003278255,0.033500000834465,0.0322000011801719,0.032549999654293
2.22186880205443,0.0198999997228384,0.0173000004142522,0.052250001579523,0.0547499991953372,0.0428999997675418,0.0314499996602535,0.0332500003278255,0.033500000834465,0.0322000011801719,0.032549999654293
2.22186880205443,0.0198999997228384,0.0173000004142522,0.052250001579523,0.0547499991953372,0.0428999997675418,0.0314499996602535,0.0332500003278255,0.033500000834465,0.0322000011801719,0.032549999654293
2.22186880205443,0.0198999997228384,0.0173000004142522,0.052250001579523,0.0547499991953372,0.0428999997675418,0.0314499996602535,0.0332500003278255,0.033500000834465,0.0322000011801719,0.032549999654293
2.22186880205443,0.0198999997228384,0.0173000004142522,0.052250001579523,0.0547499991953372,0.0428999997675418,0.0314499996602535,0.0332500003278255,0.033500000834465,0.0322000011801719,0.032549999654293
1.46353384348788,0.0198999997228384,0.0173000004142522,0.052250001579523,0.0547499991953372,0.0428999997675418,0.0314499996602535,0.0332500003278255,0.033500000834465,0.0322000011801719,0.032549999654293
1.46353384348788,0.0198999997228384,0.0173000004142522,0.052250001579523,0.0547499991953372,0.0428999997675418,0.0314499996602535,0.0332500003278255,0.033500000834465,0.0322000011801719,0.032549999654293
1.46353384348788,0.0198999997228384,0.0173000004142522,0.052250001579523,0.0547499991953372,0.0428999997675418,0.0314499996602535,0.0332500003278255,0.033500000834465,0.0322000011801719,0.032549999654293
1.46353384348788,0.0198999997228384,0.0173000004142522,0.052250001579523,0.0547499991953372,0.0428999997675418,0.0314499996602535,0.0332500003278255,0.033500000834465,0.0322000011801719,0.032549999654293
1.46353384348788,0.0198999997228384,0.0173000004142522,0.052250001579523,0.0547499991953372,0.0428999997675418,0.0314499996602535,0.0332500003278255,0.033500000834465,0.0322000011801719,0.032549999654293
1.46353384348788,0.0198999997228384,0.0173000004142522,0.052250001579523,0.0547499991953372,0.0428999997675418,0.0314499996602535,0.0332500003278255,0.033500000834465,0.0322000011801719,0.032549999654293
1.46353384348788,0.0198999997228384,0.0173000004142522,0.052250001579523,0.0547499991953372,0.0428999997675418,0.0314499996602535,0.0332500003278255,0.033500000834465,0.0322000011801719,0.032549999654293
1.46353384348788,0.0198999997228384,0.0173000004142522,0.052250001579523,0.0547499991953372,0.0428999997675418,0.0314499996602535,0.0332500003278255,0.033500000834465,0.0322000011801719,0.032549999654293
2.20457600031243,0.0198999997228384,0.0173000004142522,0.052250001579523,0.0547499991953372,0.0428999997675418,0.0314499996602535,0.0332500003278255,0.033500000834465,0.0322000011801719,0.032549999654293
2.20457600031243,0.0198999997228384,0.0173000004142522,0.052250001579523,0.0547499991953372,0.0428999997675418,0.0314499996602535,0.0332500003278255,0.033500000834465,0.0322000011801719,0.032549999654293
2.20457600031243,0.0198999997228384,0.0173000004142522,0.052250001579523,0.0547499991953372,0.0428999997675418,0.0314499996602535,0.0332500003278255,0.033500000834465,0.0322000011801719,0.032549999654293
2.20457600031243,0.0198999997228384,0.0173000004142522,0.052250001579523,0.0547499991953372,0.0428999997675418,0.0314499996602535,0.0332500003278255,0.033500000834465,0.0322000011801719,0.032549999654293
2.20457600031243,0.0198999997228384,0.0173000004142522,0.052250001579523,0.0547499991953372,0.0428999997675418,0.0314499996602535,0.0332500003278255,0.033500000834465,0.0322000011801719,0.032549999654293
2.20457600031243,0.0198999997228384,0.0173000004142522,0.052250001579523,0.0547499991953372,0.0428999997675418,0.0314499996602535,0.0332500003278255,0.033500000834465,0.0322000011801719,0.032549999654293
2.20457600031243,0.0198999997228384,0.0173000004142522,0.052250001579523,0.0547499991953372,0.0428999997675418,0.0314499996602535,0.0332500003278255,0.033500000834465,0.0322000011801719,0.032549999654293
2.20457600031243,0.0198999997228384,0.0173000004142522,0.052250001579523,0.0547499991953372,0.0428999997675418,0.0314499996602535,0.0332500003278255,0.033500000834465,0.0322000011801719,0.032549999654293
1.75864414958714,0.0198999997228384,0.0173000004142522,0.052250001579523,0.0547499991953372,0.0428999997675418,0.0314499996602535,0.0332500003278255,0.033500000834465,0.0322000011801719,0.032549999654293
3.43591235096805,0.0198999997228384,0.0173000004142522,0.052250001579523,0.0547499991953372,0.0428999997675418,0.0314499996602535,0.0332500003278255,0.033500000834465,0.0322000011801719,0.032549999654293
3.43591235096805,0.0198999997228384,0.0173000004142522,0.052250001579523,0.0547499991953372,0.0428999997675418,0.0314499996602535,0.0332500003278255,0.033500000834465,0.0322000011801719,0.032549999654293
3.43591235096805,0.0198999997228384,0.0173000004142522,0.052250001579523,0.0547499991953372,0.0428999997675418,0.0314499996602535,0.0332500003278255,0.033500000834465,0.0322000011801719,0.032549999654293
3.43591235096805,0.0198999997228384,0.0173000004142522,0.052250001579523,0.0547499991953372,0.0428999997675418,0.0314499996602535,0.0332500003278255,0.033500000834465,0.0322000011801719,0.032549999654293
3.43591235096805,0.0198999997228384,0.0173000004142522,0.052250001579523,0.0547499991953372,0.0428999997675418,0.0314499996602535,0.0332500003278255,0.033500000834465,0.0322000011801719,0.032549999654293
3.43591235096805,0.0198999997228384,0.0173000004142522,0.052250001579523,0.0547499991953372,0.0428999997675418,0.0314499996602535,0.0332500003278255,0.033500000834465,0.0322000011801719,0.032549999654293
3.43591235096805,0.0198999997228384,0.0173000004142522,0.052250001579523,0.0547499991953372,0.0428999997675418,0.0314499996602535,0.0332500003278255,0.033500000834465,0.0322000011801719,0.032549999654293
3.43591235096805,0.0198999997228384,0.0173000004142522,0.052250001579523,0.0547499991953372,0.0428999997675418,0.0314499996602535,0.0332500003278255,0.033500000834465,0.0322000011801719,0.032549999654293
3.43591235096805,0.0198999997228384,0.0173000004142522,0.052250001579523,0.0547499991953372,0.0428999997675418,0.0314499996602535,0.0332500003278255,0.033500000834465,0.0322000011801719,0.032549999654293
3.43591235096805,0.0198999997228384,0.0173000004142522,0.052250001579523,0.0547499991953372,0.0428999997675418,0.0314499996602535,0.0332500003278255,0.033500000834465,0.0322000011801719,0.032549999654293
3.43591235096805,0.0198999997228384,0.0173000004142522,0.052250001579523,0.0547499991953372,0.0428999997675418,0.0314499996602535,0.0332500003278255,0.033500000834465,0.0322000011801719,0.032549999654293
3.43591235096805,0.0198999997228384,0.0173000004142522,0.052250001579523,0.0547499991953372,0.0428999997675418,0.0314499996602535,0.0332500003278255,0.033500000834465,0.0322000011801719,0.032549999654293
3.43591235096805,0.0198999997228384,0.0173000004142522,0.052250001579523,0.0547499991953372,0.0428999997675418,0.0314499996602535,0.0332500003278255,0.033500000834465,0.0322000011801719,0.032549999654293
3.43591235096805,0.0198999997228384,0.0173000004142522,0.052250001579523,0.0547499991953372,0.0428999997675418,0.0314499996602535,0.0332500003278255,0.033500000834465,0.0322000011801719,0.032549999654293
3.43591235096805,0.0198999997228384,0.0173000004142522,0.052250001579523,0.0547499991953372,0.0428999997675418,0.0314499996602535,0.0332500003278255,0.033500000834465,0.0322000011801719,0.032549999654293
3.43591235096805,0.0198999997228384,0.0173000004142522,0.052250001579523,0.0547499991953372,0.0428999997675418,0.0314499996602535,0.0332500003278255,0.033500000834465,0.0322000011801719,0.032549999654293
3.43591235096805,0.0198999997228384,0.0173000004142522,0.052250001579523,0.0547499991953372,0.0428999997675418,0.0314499996602535,0.0332500003278255,0.033500000834465,0.0322000011801719,0.032549999654293
3.43591235096805,0.0198999997228384,0.0173000004142522,0.052250001579523,0.0547499991953372,0.0428999997675418,0.0314499996602535,0.0332500003278255,0.033500000834465,0.0322000011801719,0.032549999654293
3.43591235096805,0.0198999997228384,0.0173000004142522,0.052250001579523,0.0547499991953372,0.0428999997675418,0.0314499996602535,0.0332500003278255,0.033500000834465,0.0322000011801719,0.032549999654293
3.43591235096805,0.0198999997228384,0.0173000004142522,0.052250001579523,0.0547499991953372,0.0428999997675418,0.0314499996602535,0.0332500003278255,0.033500000834465,0.0322000011801719,0.032549999654293
3.43591235096805,0.0198999997228384,0.0173000004142522,0.052250001579523,0.0547499991953372,0.0428999997675418,0.0314499996602535,0.0332500003278255,0.033500000834465,0.0322000011801719,0.032549999654293
3.43591235096805,0.0198999997228384,0.0173000004142522,0.052250001579523,0.0547499991953372,0.0428999997675418,0.0314499996602535,0.0332500003278255,0.033500000834465,0.0322000011801719,0.032549999654293
3.43591235096805,0.0198999997228384,0.0173000004142522,0.052250001579523,0.0547499991953372,0.0428999997675418,0.0314499996602535,0.0332500003278255,0.033500000834465,0.0322000011801719,0.032549999654293
3.43591235096805,0.0198999997228384,0.0173000004142522,0.052250001579523,0.0547499991953372,0.0428999997675418,0.0314499996602535,0.0332500003278255,0.033500000834465,0.0322000011801719,0.032549999654293
3.43591235096805,0.0198999997228384,0.0173000004142522,0.052250001579523,0.0547499991953372,0.0428999997675418,0.0314499996602535,0.0332500003278255,0.033500000834465,0.0322000011801719,0.032549999654293
3.43591235096805,0.0198999997228384,0.0173000004142522,0.052250001579523,0.0547499991953372,0.0428999997675418,0.0314499996602535,0.0332500003278255,0.033500000834465,0.0322000011801719,0.032549999654293
3.43591235096805,0.0198999997228384,0.0173000004142522,0.052250001579523,0.0547499991953372,0.0428999997675418,0.0314499996602535,0.0332500003278255,0.033500000834465,0.0322000011801719,0.032549999654293
4.02423977685421,0.0198999997228384,0.0173000004142522,0.052250001579523,0.0547499991953372,0.0428999997675418,0.0314499996602535,0.0332500003278255,0.033500000834465,0.0322000011801719,0.032549999654293
4.02423977685421,0.0198999997228384,0.0173000004142522,0.052250001579523,0.0547499991953372,0.0428999997675418,0.0314499996602535,0.0332500003278255,0.033500000834465,0.0322000011801719,0.032549999654293
4.02423977685421,0.0198999997228384,0.0173000004142522,0.052250001579523,0.0547499991953372,0.0428999997675418,0.0314499996602535,0.0332500003278255,0.033500000834465,0.0322000011801719,0.032549999654293
4.02423977685421,0.0198999997228384,0.0173000004142522,0.052250001579523,0.0547499991953372,0.0428999997675418,0.0314499996602535,0.0332500003278255,0.033500000834465,0.0322000011801719,0.032549999654293
4.02423977685421,0.0198999997228384,0.0173000004142522,0.052250001579523,0.0547499991953372,0.0428999997675418,0.0314499996602535,0.0332500003278255,0.033500000834465,0.0322000011801719,0.032549999654293
4.02423977685421,0.0198999997228384,0.0173000004142522,0.052250001579523,0.0547499991953372,0.0428999997675418,0.0314499996602535,0.0332500003278255,0.033500000834465,0.0322000011801719,0.032549999654293
4.02423977685421,0.0198999997228384,0.0173000004142522,0.052250001579523,0.0547499991953372,0.0428999997675418,0.0314499996602535,0.0332500003278255,0.033500000834465,0.0322000011801719,0.032549999654293
4.02423977685421,0.0198999997228384,0.0173000004142522,0.052250001579523,0.0547499991953372,0.0428999997675418,0.0314499996602535,0.0332500003278255,0.033500000834465,0.0322000011801719,0.032549999654293
4.02423977685421,0.0198999997228384,0.0173000004142522,0.052250001579523,0.0547499991953372,0.0428999997675418,0.0314499996602535,0.0332500003278255,0.033500000834465,0.0322000011801719,0.032549999654293
4.02423977685421,0.0198999997228384,0.0173000004142522,0.052250001579523,0.0547499991953372,0.0428999997675418,0.0314499996602535,0.0332500003278255,0.033500000834465,0.0322000011801719,0.032549999654293
4.02423977685421,0.0198999997228384,0.0173000004142522,0.052250001579523,0.0547499991953372,0.0428999997675418,0.0314499996602535,0.0332500003278255,0.033500000834465,0.0322000011801719,0.032549999654293
4.02423977685421,0.0198999997228384,0.0173000004142522,0.052250001579523,0.0547499991953372,0.0428999997675418,0.0314499996602535,0.0332500003278255,0.033500000834465,0.0322000011801719,0.032549999654293
4.02423977685421,0.0198999997228384,0.0173000004142522,0.052250001579523,0.0547499991953372,0.0428999997675418,0.0314499996602535,0.0332500003278255,0.033500000834465,0.0322000011801719,0.032549999654293
4.02423977685421,0.0198999997228384,0.0173000004142522,0.052250001579523,0.0547499991953372,0.0428999997675418,0.0314499996602535,0.0332500003278255,0.033500000834465,0.0322000011801719,0.032549999654293
4.02423977685421,0.0198999997228384,0.0173000004142522,0.052250001579523,0.0547499991953372,0.0428999997675418,0.0314499996602535,0.0332500003278255,0.033500000834465,0.0322000011801719,0.032549999654293
4.02423977685421,0.0198999997228384,0.0173000004142522,0.052250001579523,0.0547499991953372,0.0428999997675418,0.0314499996602535,0.0332500003278255,0.033500000834465,0.0322000011801719,0.032549999654293
4.02423977685421,0.0198999997228384,0.0173000004142522,0.052250001579523,0.0547499991953372,0.0428999997675418,0.0314499996602535,0.0332500003278255,0.033500000834465,0.0322000011801719,0.032549999654293
4.02423977685421,0.0198999997228384,0.0173000004142522,0.052250001579523,0.0547499991953372,0.0428999997675418,0.0314499996602535,0.0332500003278255,0.033500000834465,0.0322000011801719,0.032549999654293
4.02423977685421,0.0198999997228384,0.0173000004142522,0.052250001579523,0.0547499991953372,0.0428999997675418,0.0314499996602535,0.0332500003278255,0.033500000834465,0.0322000011801719,0.032549999654293
4.02423977685421,0.0198999997228384,0.0173000004142522,0.052250001579523,0.0547499991953372,0.0428999997675418,0.0314499996602535,0.0332500003278255,0.033500000834465,0.0322000011801719,0.032549999654293
4.02423977685421,0.0198999997228384,0.0173000004142522,0.052250001579523,0.0547499991953372,0.0428999997675418,0.0314499996602535,0.0332500003278255,0.033500000834465,0.0322000011801719,0.032549999654293
4.02423977685421,0.0198999997228384,0.0173000004142522,0.052250001579523,0.0547499991953372,0.0428999997675418,0.0314499996602535,0.0332500003278255,0.033500000834465,0.0322000011801719,0.032549999654293
4.02423977685421,0.0198999997228384,0.0173000004142522,0.052250001579523,0.0547499991953372,0.0428999997675418,0.0314499996602535,0.0332500003278255,0.033500000834465,0.0322000011801719,0.032549999654293
4.02423977685421,0.0198999997228384,0.0173000004142522,0.052250001579523,0.0547499991953372,0.0428999997675418,0.0314499996602535,0.0332500003278255,0.033500000834465,0.0322000011801719,0.032549999654293
4.02423977685421,0.0198999997228384,0.0173000004142522,0.052250001579523,0.0547499991953372,0.0428999997675418,0.0314499996602535,0.0332500003278255,0.033500000834465,0.0322000011801719,0.032549999654293
4.02423977685421,0.0198999997228384,0.0173000004142522,0.052250001579523,0.0547499991953372,0.0428999997675418,0.0314499996602535,0.0332500003278255,0.033500000834465,0.0322000011801719,0.032549999654293
4.02423977685421,0.0198999997228384,0.0173000004142522,0.052250001579523,0.0547499991953372,0.0428999997675418,0.0314499996602535,0.0332500003278255,0.033500000834465,0.0322000011801719,0.032549999654293
2.98962304628085,0.0198999997228384,0.0173000004142522,0.052250001579523,0.0547499991953372,0.0428999997675418,0.0314499996602535,0.0332500003278255,0.033500000834465,0.0322000011801719,0.032549999654293
2.98962304628085,0.0198999997228384,0.0173000004142522,0.052250001579523,0.0547499991953372,0.0428999997675418,0.0314499996602535,0.0332500003278255,0.033500000834465,0.0322000011801719,0.032549999654293
2.98962304628085,0.0198999997228384,0.0173000004142522,0.052250001579523,0.0547499991953372,0.0428999997675418,0.0314499996602535,0.0332500003278255,0.033500000834465,0.0322000011801719,0.032549999654293
2.98962304628085,0.0198999997228384,0.0173000004142522,0.052250001579523,0.0547499991953372,0.0428999997675418,0.0314499996602535,0.0332500003278255,0.033500000834465,0.0322000011801719,0.032549999654293
2.98962304628085,0.0198999997228384,0.0173000004142522,0.052250001579523,0.0547499991953372,0.0428999997675418,0.0314499996602535,0.0332500003278255,0.033500000834465,0.0322000011801719,0.032549999654293
2.98962304628085,0.0198999997228384,0.0173000004142522,0.052250001579523,0.0547499991953372,0.0428999997675418,0.0314499996602535,0.0332500003278255,0.033500000834465,0.0322000011801719,0.032549999654293
2.98962304628085,0.0198999997228384,0.0173000004142522,0.052250001579523,0.0547499991953372,0.0428999997675418,0.0314499996602535,0.0332500003278255,0.033500000834465,0.0322000011801719,0.032549999654293
2.98962304628085,0.0198999997228384,0.0173000004142522,0.052250001579523,0.0547499991953372,0.0428999997675418,0.0314499996602535,0.0332500003278255,0.033500000834465,0.0322000011801719,0.032549999654293
2.98962304628085,0.0198999997228384,0.0173000004142522,0.052250001579523,0.0547499991953372,0.0428999997675418,0.0314499996602535,0.0332500003278255,0.033500000834465,0.0322000011801719,0.032549999654293
2.98962304628085,0.0198999997228384,0.0173000004142522,0.052250001579523,0.0547499991953372,0.0428999997675418,0.0314499996602535,0.0332500003278255,0.033500000834465,0.0322000011801719,0.032549999654293
2.98962304628085,0.0198999997228384,0.0173000004142522,0.052250001579523,0.0547499991953372,0.0428999997675418,0.0314499996602535,0.0332500003278255,0.033500000834465,0.0322000011801719,0.032549999654293
2.98962304628085,0.0198999997228384,0.0173000004142522,0.052250001579523,0.0547499991953372,0.0428999997675418,0.0314499996602535,0.0332500003278255,0.033500000834465,0.0322000011801719,0.032549999654293
2.98962304628085,0.0198999997228384,0.0173000004142522,0.052250001579523,0.0547499991953372,0.0428999997675418,0.0314499996602535,0.0332500003278255,0.033500000834465,0.0322000011801719,0.032549999654293
2.98962304628085,0.0198999997228384,0.0173000004142522,0.052250001579523,0.0547499991953372,0.0428999997675418,0.0314499996602535,0.0332500003278255,0.033500000834465,0.0322000011801719,0.032549999654293
2.98962304628085,0.0198999997228384,0.0173000004142522,0.052250001579523,0.0547499991953372,0.0428999997675418,0.0314499996602535,0.0332500003278255,0.033500000834465,0.0322000011801719,0.032549999654293
2.98962304628085,0.0198999997228384,0.0173000004142522,0.052250001579523,0.0547499991953372,0.0428999997675418,0.0314499996602535,0.0332500003278255,0.033500000834465,0.0322000011801719,0.032549999654293
2.98962304628085,0.0198999997228384,0.0173000004142522,0.052250001579523,0.0547499991953372,0.0428999997675418,0.0314499996602535,0.0332500003278255,0.033500000834465,0.0322000011801719,0.032549999654293
2.98962304628085,0.0198999997228384,0.0173000004142522,0.052250001579523,0.0547499991953372,0.0428999997675418,0.0314499996602535,0.0332500003278255,0.033500000834465,0.0322000011801719,0.032549999654293
2.98962304628085,0.0198999997228384,0.0173000004142522,0.052250001579523,0.0547499991953372,0.0428999997675418,0.0314499996602535,0.0332500003278255,0.033500000834465,0.0322000011801719,0.032549999654293
2.98962304628085,0.0198999997228384,0.0173000004142522,0.052250001579523,0.0547499991953372,0.0428999997675418,0.0314499996602535,0.0332500003278255,0.033500000834465,0.0322000011801719,0.032549999654293
2.98962304628085,0.0198999997228384,0.0173000004142522,0.052250001579523,0.0547499991953372,0.0428999997675418,0.0314499996602535,0.0332500003278255,0.033500000834465,0.0322000011801719,0.032549999654293
2.98962304628085,0.0198999997228384,0.0173000004142522,0.052250001579523,0.0547499991953372,0.0428999997675418,0.0314499996602535,0.0332500003278255,0.033500000834465,0.0322000011801719,0.032549999654293
2.98962304628085,0.0198999997228384,0.0173000004142522,0.052250001579523,0.0547499991953372,0.0428999997675418,0.0314499996602535,0.0332500003278255,0.033500000834465,0.0322000011801719,0.032549999654293
2.98962304628085,0.0198999997228384,0.0173000004142522,0.052250001579523,0.0547499991953372,0.0428999997675418,0.0314499996602535,0.0332500003278255,0.033500000834465,0.0322000011801719,0.032549999654293
2.98962304628085,0.0198999997228384,0.0173000004142522,0.052250001579523,0.0547499991953372,0.0428999997675418,0.0314499996602535,0.0332500003278255,0.033500000834465,0.0322000011801719,0.032549999654293
2.98962304628085,0.0198999997228384,0.0173000004142522,0.052250001579523,0.0547499991953372,0.0428999997675418,0.0314499996602535,0.0332500003278255,0.033500000834465,0.0322000011801719,0.032549999654293
2.98962304628085,0.0198999997228384,0.0173000004142522,0.052250001579523,0.0547499991953372,0.0428999997675418,0.0314499996602535,0.0332500003278255,0.033500000834465,0.0322000011801719,0.032549999654293
5.42276221891537,0.0291000008583068,0.0216499995440244,0.0568999983370304,0.0607500001788139,0.0435499995946884,0.0319500006735324,0.0408499985933303,0.0415499992668628,0.0427000001072883,0.0428000018000602
5.27924106433774,0.0291000008583068,0.0216499995440244,0.0568999983370304,0.0607500001788139,0.0435499995946884,0.0319500006735324,0.0408499985933303,0.0415499992668628,0.0427000001072883,0.0428000018000602
5.27924106433774,0.0291000008583068,0.0216499995440244,0.0568999983370304,0.0607500001788139,0.0435499995946884,0.0319500006735324,0.0408499985933303,0.0415499992668628,0.0427000001072883,0.0428000018000602
5.27924106433774,0.0291000008583068,0.0216499995440244,0.0568999983370304,0.0607500001788139,0.0435499995946884,0.0319500006735324,0.0408499985933303,0.0415499992668628,0.0427000001072883,0.0428000018000602
5.27924106433774,0.0291000008583068,0.0216499995440244,0.0568999983370304,0.0607500001788139,0.0435499995946884,0.0319500006735324,0.0408499985933303,0.0415499992668628,0.0427000001072883,0.0428000018000602
5.27924106433774,0.0291000008583068,0.0216499995440244,0.0568999983370304,0.0607500001788139,0.0435499995946884,0.0319500006735324,0.0408499985933303,0.0415499992668628,0.0427000001072883,0.0428000018000602
5.27924106433774,0.0291000008583068,0.0216499995440244,0.0568999983370304,0.0607500001788139,0.0435499995946884,0.0319500006735324,0.0408499985933303,0.0415499992668628,0.0427000001072883,0.0428000018000602
5.27924106433774,0.0291000008583068,0.0216499995440244,0.0568999983370304,0.0607500001788139,0.0435499995946884,0.0319500006735324,0.0408499985933303,0.0415499992668628,0.0427000001072883,0.0428000018000602
5.27924106433774,0.0291000008583068,0.0216499995440244,0.0568999983370304,0.0607500001788139,0.0435499995946884,0.0319500006735324,0.0408499985933303,0.0415499992668628,0.0427000001072883,0.0428000018000602
5.27924106433774,0.0291000008583068,0.0216499995440244,0.0568999983370304,0.0607500001788139,0.0435499995946884,0.0319500006735324,0.0408499985933303,0.0415499992668628,0.0427000001072883,0.0428000018000602
5.27924106433774,0.0291000008583068,0.0216499995440244,0.0568999983370304,0.0607500001788139,0.0435499995946884,0.0319500006735324,0.0408499985933303,0.0415499992668628,0.0427000001072883,0.0428000018000602
5.27924106433774,0.0291000008583068,0.0216499995440244,0.0568999983370304,0.0607500001788139,0.0435499995946884,0.0319500006735324,0.0408499985933303,0.0415499992668628,0.0427000001072883,0.0428000018000602
5.27924106433774,0.0291000008583068,0.0216499995440244,0.0568999983370304,0.0607500001788139,0.0435499995946884,0.0319500006735324,0.0408499985933303,0.0415499992668628,0.0427000001072883,0.0428000018000602
5.27924106433774,0.0291000008583068,0.0216499995440244,0.0568999983370304,0.0607500001788139,0.0435499995946884,0.0319500006735324,0.0408499985933303,0.0415499992668628,0.0427000001072883,0.0428000018000602
5.27924106433774,0.0291000008583068,0.0216499995440244,0.0568999983370304,0.0607500001788139,0.0435499995946884,0.0319500006735324,0.0408499985933303,0.0415499992668628,0.0427000001072883,0.0428000018000602
5.27924106433774,0.0291000008583068,0.0216499995440244,0.0568999983370304,0.0607500001788139,0.0435499995946884,0.0319500006735324,0.0408499985933303,0.0415499992668628,0.0427000001072883,0.0428000018000602
5.27924106433774,0.0291000008583068,0.0216499995440244,0.0568999983370304,0.0607500001788139,0.0435499995946884,0.0319500006735324,0.0408499985933303,0.0415499992668628,0.0427000001072883,0.0428000018000602
5.27924106433774,0.0291000008583068,0.0216499995440244,0.0568999983370304,0.0607500001788139,0.0435499995946884,0.0319500006735324,0.0408499985933303,0.0415499992668628,0.0427000001072883,0.0428000018000602
5.27924106433774,0.0291000008583068,0.0216499995440244,0.0568999983370304,0.0607500001788139,0.0435499995946884,0.0319500006735324,0.0408499985933303,0.0415499992668628,0.0427000001072883,0.0428000018000602
5.27924106433774,0.0291000008583068,0.0216499995440244,0.0568999983370304,0.0607500001788139,0.0435499995946884,0.0319500006735324,0.0408499985933303,0.0415499992668628,0.0427000001072883,0.0428000018000602
5.27924106433774,0.0291000008583068,0.0216499995440244,0.0568999983370304,0.0607500001788139,0.0435499995946884,0.0319500006735324,0.0408499985933303,0.0415499992668628,0.0427000001072883,0.0428000018000602
5.27924106433774,0.0291000008583068,0.0216499995440244,0.0568999983370304,0.0607500001788139,0.0435499995946884,0.0319500006735324,0.0408499985933303,0.0415499992668628,0.0427000001072883,0.0428000018000602
5.27924106433774,0.0291000008583068,0.0216499995440244,0.0568999983370304,0.0607500001788139,0.0435499995946884,0.0319500006735324,0.0408499985933303,0.0415499992668628,0.0427000001072883,0.0428000018000602
5.27924106433774,0.0291000008583068,0.0216499995440244,0.0568999983370304,0.0607500001788139,0.0435499995946884,0.0319500006735324,0.0408499985933303,0.0415499992668628,0.0427000001072883,0.0428000018000602
5.27924106433774,0.0291000008583068,0.0216499995440244,0.0568999983370304,0.0607500001788139,0.0435499995946884,0.0319500006735324,0.0408499985933303,0.0415499992668628,0.0427000001072883,0.0428000018000602
5.27924106433774,0.0291000008583068,0.0216499995440244,0.0568999983370304,0.0607500001788139,0.0435499995946884,0.0319500006735324,0.0408499985933303,0.0415499992668628,0.0427000001072883,0.0428000018000602
5.27924106433774,0.0291000008583068,0.0216499995440244,0.0568999983370304,0.0607500001788139,0.0435499995946884,0.0319500006735324,0.0408499985933303,0.0415499992668628,0.0427000001072883,0.0428000018000602
5.27924106433774,0.0291000008583068,0.0216499995440244,0.0568999983370304,0.0607500001788139,0.0435499995946884,0.0319500006735324,0.0408499985933303,0.0415499992668628,0.0427000001072883,0.0428000018000602
6.17084889292757,0.0291000008583068,0.0216499995440244,0.0568999983370304,0.0607500001788139,0.0435499995946884,0.0319500006735324,0.0408499985933303,0.0415499992668628,0.0427000001072883,0.0428000018000602
6.17084889292757,0.0291000008583068,0.0216499995440244,0.0568999983370304,0.0607500001788139,0.0435499995946884,0.0319500006735324,0.0408499985933303,0.0415499992668628,0.0427000001072883,0.0428000018000602
6.17084889292757,0.0291000008583068,0.0216499995440244,0.0568999983370304,0.0607500001788139,0.0435499995946884,0.0319500006735324,0.0408499985933303,0.0415499992668628,0.0427000001072883,0.0428000018000602
6.17084889292757,0.0291000008583068,0.0216499995440244,0.0568999983370304,0.0607500001788139,0.0435499995946884,0.0319500006735324,0.0408499985933303,0.0415499992668628,0.0427000001072883,0.0428000018000602
6.17084889292757,0.0291000008583068,0.0216499995440244,0.0568999983370304,0.0607500001788139,0.0435499995946884,0.0319500006735324,0.0408499985933303,0.0415499992668628,0.0427000001072883,0.0428000018000602
6.17084889292757,0.0291000008583068,0.0216499995440244,0.0568999983370304,0.0607500001788139,0.0435499995946884,0.0319500006735324,0.0408499985933303,0.0415499992668628,0.0427000001072883,0.0428000018000602
6.17084889292757,0.0291000008583068,0.0216499995440244,0.0568999983370304,0.0607500001788139,0.0435499995946884,0.0319500006735324,0.0408499985933303,0.0415499992668628,0.0427000001072883,0.0428000018000602
6.17084889292757,0.0291000008583068,0.0216499995440244,0.0568999983370304,0.0607500001788139,0.0435499995946884,0.0319500006735324,0.0408499985933303,0.0415499992668628,0.0427000001072883,0.0428000018000602
6.17084889292757,0.0291000008583068,0.0216499995440244,0.0568999983370304,0.0607500001788139,0.0435499995946884,0.0319500006735324,0.0408499985933303,0.0415499992668628,0.0427000001072883,0.0428000018000602
6.17084889292757,0.0291000008583068,0.0216499995440244,0.0568999983370304,0.0607500001788139,0.0435499995946884,0.0319500006735324,0.0408499985933303,0.0415499992668628,0.0427000001072883,0.0428000018000602
6.17084889292757,0.0291000008583068,0.0216499995440244,0.0568999983370304,0.0607500001788139,0.0435499995946884,0.0319500006735324,0.0408499985933303,0.0415499992668628,0.0427000001072883,0.0428000018000602
6.17084889292757,0.0291000008583068,0.0216499995440244,0.0568999983370304,0.0607500001788139,0.0435499995946884,0.0319500006735324,0.0408499985933303,0.0415499992668628,0.0427000001072883,0.0428000018000602
6.17084889292757,0.0291000008583068,0.0216499995440244,0.0568999983370304,0.0607500001788139,0.0435499995946884,0.0319500006735324,0.0408499985933303,0.0415499992668628,0.0427000001072883,0.0428000018000602
6.17084889292757,0.0291000008583068,0.0216499995440244,0.0568999983370304,0.0607500001788139,0.0435499995946884,0.0319500006735324,0.0408499985933303,0.0415499992668628,0.0427000001072883,0.0428000018000602
6.17084889292757,0.0291000008583068,0.0216499995440244,0.0568999983370304,0.0607500001788139,0.0435499995946884,0.0319500006735324,0.0408499985933303,0.0415499992668628,0.0427000001072883,0.0428000018000602
6.17084889292757,0.0291000008583068,0.0216499995440244,0.0568999983370304,0.0607500001788139,0.0435499995946884,0.0319500006735324,0.0408499985933303,0.0415499992668628,0.0427000001072883,0.0428000018000602
6.17084889292757,0.0291000008583068,0.0216499995440244,0.0568999983370304,0.0607500001788139,0.0435499995946884,0.0319500006735324,0.0408499985933303,0.0415499992668628,0.0427000001072883,0.0428000018000602
6.17084889292757,0.0291000008583068,0.0216499995440244,0.0568999983370304,0.0607500001788139,0.0435499995946884,0.0319500006735324,0.0408499985933303,0.0415499992668628,0.0427000001072883,0.0428000018000602
6.17084889292757,0.0291000008583068,0.0216499995440244,0.0568999983370304,0.0607500001788139,0.0435499995946884,0.0319500006735324,0.0408499985933303,0.0415499992668628,0.0427000001072883,0.0428000018000602
6.17084889292757,0.0291000008583068,0.0216499995440244,0.0568999983370304,0.0607500001788139,0.0435499995946884,0.0319500006735324,0.0408499985933303,0.0415499992668628,0.0427000001072883,0.0428000018000602
6.17084889292757,0.0291000008583068,0.0216499995440244,0.0568999983370304,0.0607500001788139,0.0435499995946884,0.0319500006735324,0.0408499985933303,0.0415499992668628,0.0427000001072883,0.0428000018000602
6.17084889292757,0.0291000008583068,0.0216499995440244,0.0568999983370304,0.0607500001788139,0.0435499995946884,0.0319500006735324,0.0408499985933303,0.0415499992668628,0.0427000001072883,0.0428000018000602
6.17084889292757,0.0291000008583068,0.0216499995440244,0.0568999983370304,0.0607500001788139,0.0435499995946884,0.0319500006735324,0.0408499985933303,0.0415499992668628,0.0427000001072883,0.0428000018000602
6.17084889292757,0.0291000008583068,0.0216499995440244,0.0568999983370304,0.0607500001788139,0.0435499995946884,0.0319500006735324,0.0408499985933303,0.0415499992668628,0.0427000001072883,0.0428000018000602
6.17084889292757,0.0291000008583068,0.0216499995440244,0.0568999983370304,0.0607500001788139,0.0435499995946884,0.0319500006735324,0.0408499985933303,0.0415499992668628,0.0427000001072883,0.0428000018000602
6.17084889292757,0.0291000008583068,0.0216499995440244,0.0568999983370304,0.0607500001788139,0.0435499995946884,0.0319500006735324,0.0408499985933303,0.0415499992668628,0.0427000001072883,0.0428000018000602
6.17084889292757,0.0291000008583068,0.0216499995440244,0.0568999983370304,0.0607500001788139,0.0435499995946884,0.0319500006735324,0.0408499985933303,0.0415499992668628,0.0427000001072883,0.0428000018000602
6.55109539854954,0.0291000008583068,0.0216499995440244,0.0568999983370304,0.0607500001788139,0.0435499995946884,0.0319500006735324,0.0408499985933303,0.0415499992668628,0.0427000001072883,0.0428000018000602
6.55109539854954,0.0291000008583068,0.0216499995440244,0.0568999983370304,0.0607500001788139,0.0435499995946884,0.0319500006735324,0.0408499985933303,0.0415499992668628,0.0427000001072883,0.0428000018000602
6.55109539854954,0.0291000008583068,0.0216499995440244,0.0568999983370304,0.0607500001788139,0.0435499995946884,0.0319500006735324,0.0408499985933303,0.0415499992668628,0.0427000001072883,0.0428000018000602
6.55109539854954,0.0291000008583068,0.0216499995440244,0.0568999983370304,0.0607500001788139,0.0435499995946884,0.0319500006735324,0.0408499985933303,0.0415499992668628,0.0427000001072883,0.0428000018000602
6.55109539854954,0.0291000008583068,0.0216499995440244,0.0568999983370304,0.0607500001788139,0.0435499995946884,0.0319500006735324,0.0408499985933303,0.0415499992668628,0.0427000001072883,0.0428000018000602
6.55109539854954,0.0291000008583068,0.0216499995440244,0.0568999983370304,0.0607500001788139,0.0435499995946884,0.0319500006735324,0.0408499985933303,0.0415499992668628,0.0427000001072883,0.0428000018000602
6.55109539854954,0.0291000008583068,0.0216499995440244,0.0568999983370304,0.0607500001788139,0.0435499995946884,0.0319500006735324,0.0408499985933303,0.0415499992668628,0.0427000001072883,0.0428000018000602
6.55109539854954,0.0291000008583068,0.0216499995440244,0.0568999983370304,0.0607500001788139,0.0435499995946884,0.0319500006735324,0.0408499985933303,0.0415499992668628,0.0427000001072883,0.0428000018000602
6.55109539854954,0.0291000008583068,0.0216499995440244,0.0568999983370304,0.0607500001788139,0.0435499995946884,0.0319500006735324,0.0408499985933303,0.0415499992668628,0.0427000001072883,0.0428000018000602
6.55109539854954,0.0291000008583068,0.0216499995440244,0.0568999983370304,0.0607500001788139,0.0435499995946884,0.0319500006735324,0.0408499985933303,0.0415499992668628,0.0427000001072883,0.0428000018000602
6.55109539854954,0.0291000008583068,0.0216499995440244,0.0568999983370304,0.0607500001788139,0.0435499995946884,0.0319500006735324,0.0408499985933303,0.0415499992668628,0.0427000001072883,0.0428000018000602
6.55109539854954,0.0291000008583068,0.0216499995440244,0.0568999983370304,0.0607500001788139,0.0435499995946884,0.0319500006735324,0.0408499985933303,0.0415499992668628,0.0427000001072883,0.0428000018000602
6.55109539854954,0.0291000008583068,0.0216499995440244,0.0568999983370304,0.0607500001788139,0.0435499995946884,0.0319500006735324,0.0408499985933303,0.0415499992668628,0.0427000001072883,0.0428000018000602
6.55109539854954,0.0291000008583068,0.0216499995440244,0.0568999983370304,0.0607500001788139,0.0435499995946884,0.0319500006735324,0.0408499985933303,0.0415499992668628,0.0427000001072883,0.0428000018000602
6.55109539854954,0.0291000008583068,0.0216499995440244,0.0568999983370304,0.0607500001788139,0.0435499995946884,0.0319500006735324,0.0408499985933303,0.0415499992668628,0.0427000001072883,0.0428000018000602
6.55109539854954,0.0291000008583068,0.0216499995440244,0.0568999983370304,0.0607500001788139,0.0435499995946884,0.0319500006735324,0.0408499985933303,0.0415499992668628,0.0427000001072883,0.0428000018000602
6.55109539854954,0.0291000008583068,0.0216499995440244,0.0568999983370304,0.0607500001788139,0.0435499995946884,0.0319500006735324,0.0408499985933303,0.0415499992668628,0.0427000001072883,0.0428000018000602
6.55109539854954,0.0291000008583068,0.0216499995440244,0.0568999983370304,0.0607500001788139,0.0435499995946884,0.0319500006735324,0.0408499985933303,0.0415499992668628,0.0427000001072883,0.0428000018000602
6.55109539854954,0.0291000008583068,0.0216499995440244,0.0568999983370304,0.0607500001788139,0.0435499995946884,0.0319500006735324,0.0408499985933303,0.0415499992668628,0.0427000001072883,0.0428000018000602
6.55109539854954,0.0291000008583068,0.0216499995440244,0.0568999983370304,0.0607500001788139,0.0435499995946884,0.0319500006735324,0.0408499985933303,0.0415499992668628,0.0427000001072883,0.0428000018000602
6.55109539854954,0.0291000008583068,0.0216499995440244,0.0568999983370304,0.0607500001788139,0.0435499995946884,0.0319500006735324,0.0408499985933303,0.0415499992668628,0.0427000001072883,0.0428000018000602
6.55109539854954,0.0291000008583068,0.0216499995440244,0.0568999983370304,0.0607500001788139,0.0435499995946884,0.0319500006735324,0.0408499985933303,0.0415499992668628,0.0427000001072883,0.0428000018000602
6.55109539854954,0.0291000008583068,0.0216499995440244,0.0568999983370304,0.0607500001788139,0.0435499995946884,0.0319500006735324,0.0408499985933303,0.0415499992668628,0.0427000001072883,0.0428000018000602
6.55109539854954,0.0291000008583068,0.0216499995440244,0.0568999983370304,0.0607500001788139,0.0435499995946884,0.0319500006735324,0.0408499985933303,0.0415499992668628,0.0427000001072883,0.0428000018000602
6.55109539854954,0.0291000008583068,0.0216499995440244,0.0568999983370304,0.0607500001788139,0.0435499995946884,0.0319500006735324,0.0408499985933303,0.0415499992668628,0.0427000001072883,0.0428000018000602
6.55109539854954,0.0291000008583068,0.0216499995440244,0.0568999983370304,0.0607500001788139,0.0435499995946884,0.0319500006735324,0.0408499985933303,0.0415499992668628,0.0427000001072883,0.0428000018000602
6.55109539854954,0.0291000008583068,0.0216499995440244,0.0568999983370304,0.0607500001788139,0.0435499995946884,0.0319500006735324,0.0408499985933303,0.0415499992668628,0.0427000001072883,0.0428000018000602
1.76634748642699,0.0221500005573034,0.0147000001743435,0.0563500002026557,0.0685499981045723,0.0421999990940094,0.0366000011563301,0.0320999994874,0.031700000166893,0.0357999987900257,0.0283499993383884
1.76634748642699,0.0221500005573034,0.0147000001743435,0.0563500002026557,0.0685499981045723,0.0421999990940094,0.0366000011563301,0.0320999994874,0.031700000166893,0.0357999987900257,0.0283499993383884
1.76634748642699,0.0221500005573034,0.0147000001743435,0.0563500002026557,0.0685499981045723,0.0421999990940094,0.0366000011563301,0.0320999994874,0.031700000166893,0.0357999987900257,0.0283499993383884
1.76634748642699,0.0221500005573034,0.0147000001743435,0.0563500002026557,0.0685499981045723,0.0421999990940094,0.0366000011563301,0.0320999994874,0.031700000166893,0.0357999987900257,0.0283499993383884
1.76634748642699,0.0221500005573034,0.0147000001743435,0.0563500002026557,0.0685499981045723,0.0421999990940094,0.0366000011563301,0.0320999994874,0.031700000166893,0.0357999987900257,0.0283499993383884
1.76634748642699,0.0221500005573034,0.0147000001743435,0.0563500002026557,0.0685499981045723,0.0421999990940094,0.0366000011563301,0.0320999994874,0.031700000166893,0.0357999987900257,0.0283499993383884
1.76634748642699,0.0221500005573034,0.0147000001743435,0.0563500002026557,0.0685499981045723,0.0421999990940094,0.0366000011563301,0.0320999994874,0.031700000166893,0.0357999987900257,0.0283499993383884
1.76634748642699,0.0221500005573034,0.0147000001743435,0.0563500002026557,0.0685499981045723,0.0421999990940094,0.0366000011563301,0.0320999994874,0.031700000166893,0.0357999987900257,0.0283499993383884
1.76634748642699,0.0221500005573034,0.0147000001743435,0.0563500002026557,0.0685499981045723,0.0421999990940094,0.0366000011563301,0.0320999994874,0.031700000166893,0.0357999987900257,0.0283499993383884
1.76634748642699,0.0221500005573034,0.0147000001743435,0.0563500002026557,0.0685499981045723,0.0421999990940094,0.0366000011563301,0.0320999994874,0.031700000166893,0.0357999987900257,0.0283499993383884
1.76634748642699,0.0221500005573034,0.0147000001743435,0.0563500002026557,0.0685499981045723,0.0421999990940094,0.0366000011563301,0.0320999994874,0.031700000166893,0.0357999987900257,0.0283499993383884
1.76634748642699,0.0221500005573034,0.0147000001743435,0.0563500002026557,0.0685499981045723,0.0421999990940094,0.0366000011563301,0.0320999994874,0.031700000166893,0.0357999987900257,0.0283499993383884
1.76634748642699,0.0221500005573034,0.0147000001743435,0.0563500002026557,0.0685499981045723,0.0421999990940094,0.0366000011563301,0.0320999994874,0.031700000166893,0.0357999987900257,0.0283499993383884
1.76634748642699,0.0221500005573034,0.0147000001743435,0.0563500002026557,0.0685499981045723,0.0421999990940094,0.0366000011563301,0.0320999994874,0.031700000166893,0.0357999987900257,0.0283499993383884
1.76634748642699,0.0221500005573034,0.0147000001743435,0.0563500002026557,0.0685499981045723,0.0421999990940094,0.0366000011563301,0.0320999994874,0.031700000166893,0.0357999987900257,0.0283499993383884
1.76634748642699,0.0221500005573034,0.0147000001743435,0.0563500002026557,0.0685499981045723,0.0421999990940094,0.0366000011563301,0.0320999994874,0.031700000166893,0.0357999987900257,0.0283499993383884
1.76634748642699,0.0221500005573034,0.0147000001743435,0.0563500002026557,0.0685499981045723,0.0421999990940094,0.0366000011563301,0.0320999994874,0.031700000166893,0.0357999987900257,0.0283499993383884
1.76634748642699,0.0221500005573034,0.0147000001743435,0.0563500002026557,0.0685499981045723,0.0421999990940094,0.0366000011563301,0.0320999994874,0.031700000166893,0.0357999987900257,0.0283499993383884
1.76634748642699,0.0221500005573034,0.0147000001743435,0.0563500002026557,0.0685499981045723,0.0421999990940094,0.0366000011563301,0.0320999994874,0.031700000166893,0.0357999987900257,0.0283499993383884
1.76634748642699,0.0221500005573034,0.0147000001743435,0.0563500002026557,0.0685499981045723,0.0421999990940094,0.0366000011563301,0.0320999994874,0.031700000166893,0.0357999987900257,0.0283499993383884
1.76634748642699,0.0221500005573034,0.0147000001743435,0.0563500002026557,0.0685499981045723,0.0421999990940094,0.0366000011563301,0.0320999994874,0.031700000166893,0.0357999987900257,0.0283499993383884
1.76634748642699,0.0221500005573034,0.0147000001743435,0.0563500002026557,0.0685499981045723,0.0421999990940094,0.0366000011563301,0.0320999994874,0.031700000166893,0.0357999987900257,0.0283499993383884
1.76634748642699,0.0221500005573034,0.0147000001743435,0.0563500002026557,0.0685499981045723,0.0421999990940094,0.0366000011563301,0.0320999994874,0.031700000166893,0.0357999987900257,0.0283499993383884
1.76634748642699,0.0221500005573034,0.0147000001743435,0.0563500002026557,0.0685499981045723,0.0421999990940094,0.0366000011563301,0.0320999994874,0.031700000166893,0.0357999987900257,0.0283499993383884
1.76634748642699,0.0221500005573034,0.0147000001743435,0.0563500002026557,0.0685499981045723,0.0421999990940094,0.0366000011563301,0.0320999994874,0.031700000166893,0.0357999987900257,0.0283499993383884
1.76634748642699,0.0221500005573034,0.0147000001743435,0.0563500002026557,0.0685499981045723,0.0421999990940094,0.0366000011563301,0.0320999994874,0.031700000166893,0.0357999987900257,0.0283499993383884
1.76634748642699,0.0221500005573034,0.0147000001743435,0.0563500002026557,0.0685499981045723,0.0421999990940094,0.0366000011563301,0.0320999994874,0.031700000166893,0.0357999987900257,0.0283499993383884
1.76634748642699,0.0221500005573034,0.0147000001743435,0.0563500002026557,0.0685499981045723,0.0421999990940094,0.0366000011563301,0.0320999994874,0.031700000166893,0.0357999987900257,0.0283499993383884
1.76634748642699,0.0221500005573034,0.0147000001743435,0.0563500002026557,0.0685499981045723,0.0421999990940094,0.0366000011563301,0.0320999994874,0.031700000166893,0.0357999987900257,0.0283499993383884
1.76634748642699,0.0221500005573034,0.0147000001743435,0.0563500002026557,0.0685499981045723,0.0421999990940094,0.0366000011563301,0.0320999994874,0.031700000166893,0.0357999987900257,0.0283499993383884
1.76634748642699,0.0221500005573034,0.0147000001743435,0.0563500002026557,0.0685499981045723,0.0421999990940094,0.0366000011563301,0.0320999994874,0.031700000166893,0.0357999987900257,0.0283499993383884
1.76634748642699,0.0221500005573034,0.0147000001743435,0.0563500002026557,0.0685499981045723,0.0421999990940094,0.0366000011563301,0.0320999994874,0.031700000166893,0.0357999987900257,0.0283499993383884
1.76634748642699,0.0221500005573034,0.0147000001743435,0.0563500002026557,0.0685499981045723,0.0421999990940094,0.0366000011563301,0.0320999994874,0.031700000166893,0.0357999987900257,0.0283499993383884
1.76634748642699,0.0221500005573034,0.0147000001743435,0.0563500002026557,0.0685499981045723,0.0421999990940094,0.0366000011563301,0.0320999994874,0.031700000166893,0.0357999987900257,0.0283499993383884
1.76634748642699,0.0221500005573034,0.0147000001743435,0.0563500002026557,0.0685499981045723,0.0421999990940094,0.0366000011563301,0.0320999994874,0.031700000166893,0.0357999987900257,0.0283499993383884
1.76634748642699,0.0221500005573034,0.0147000001743435,0.0563500002026557,0.0685499981045723,0.0421999990940094,0.0366000011563301,0.0320999994874,0.031700000166893,0.0357999987900257,0.0283499993383884
1.76634748642699,0.0221500005573034,0.0147000001743435,0.0563500002026557,0.0685499981045723,0.0421999990940094,0.0366000011563301,0.0320999994874,0.031700000166893,0.0357999987900257,0.0283499993383884
1.76634748642699,0.0221500005573034,0.0147000001743435,0.0563500002026557,0.0685499981045723,0.0421999990940094,0.0366000011563301,0.0320999994874,0.031700000166893,0.0357999987900257,0.0283499993383884
1.76634748642699,0.0221500005573034,0.0147000001743435,0.0563500002026557,0.0685499981045723,0.0421999990940094,0.0366000011563301,0.0320999994874,0.031700000166893,0.0357999987900257,0.0283499993383884
1.76634748642699,0.0221500005573034,0.0147000001743435,0.0563500002026557,0.0685499981045723,0.0421999990940094,0.0366000011563301,0.0320999994874,0.031700000166893,0.0357999987900257,0.0283499993383884
1.76634748642699,0.0221500005573034,0.0147000001743435,0.0563500002026557,0.0685499981045723,0.0421999990940094,0.0366000011563301,0.0320999994874,0.031700000166893,0.0357999987900257,0.0283499993383884
1.76634748642699,0.0221500005573034,0.0147000001743435,0.0563500002026557,0.0685499981045723,0.0421999990940094,0.0366000011563301,0.0320999994874,0.031700000166893,0.0357999987900257,0.0283499993383884
1.76634748642699,0.0221500005573034,0.0147000001743435,0.0563500002026557,0.0685499981045723,0.0421999990940094,0.0366000011563301,0.0320999994874,0.031700000166893,0.0357999987900257,0.0283499993383884
1.76634748642699,0.0221500005573034,0.0147000001743435,0.0563500002026557,0.0685499981045723,0.0421999990940094,0.0366000011563301,0.0320999994874,0.031700000166893,0.0357999987900257,0.0283499993383884
1.76634748642699,0.0221500005573034,0.0147000001743435,0.0563500002026557,0.0685499981045723,0.0421999990940094,0.0366000011563301,0.0320999994874,0.031700000166893,0.0357999987900257,0.0283499993383884
1.76634748642699,0.0221500005573034,0.0147000001743435,0.0563500002026557,0.0685499981045723,0.0421999990940094,0.0366000011563301,0.0320999994874,0.031700000166893,0.0357999987900257,0.0283499993383884
1.76634748642699,0.0221500005573034,0.0147000001743435,0.0563500002026557,0.0685499981045723,0.0421999990940094,0.0366000011563301,0.0320999994874,0.031700000166893,0.0357999987900257,0.0283499993383884
1.76634748642699,0.0221500005573034,0.0147000001743435,0.0563500002026557,0.0685499981045723,0.0421999990940094,0.0366000011563301,0.0320999994874,0.031700000166893,0.0357999987900257,0.0283499993383884
1.76634748642699,0.0221500005573034,0.0147000001743435,0.0563500002026557,0.0685499981045723,0.0421999990940094,0.0366000011563301,0.0320999994874,0.031700000166893,0.0357999987900257,0.0283499993383884
1.76634748642699,0.0221500005573034,0.0147000001743435,0.0563500002026557,0.0685499981045723,0.0421999990940094,0.0366000011563301,0.0320999994874,0.031700000166893,0.0357999987900257,0.0283499993383884
1.76634748642699,0.0221500005573034,0.0147000001743435,0.0563500002026557,0.0685499981045723,0.0421999990940094,0.0366000011563301,0.0320999994874,0.031700000166893,0.0357999987900257,0.0283499993383884
1.76634748642699,0.0221500005573034,0.0147000001743435,0.0563500002026557,0.0685499981045723,0.0421999990940094,0.0366000011563301,0.0320999994874,0.031700000166893,0.0357999987900257,0.0283499993383884
1.76634748642699,0.0221500005573034,0.0147000001743435,0.0563500002026557,0.0685499981045723,0.0421999990940094,0.0366000011563301,0.0320999994874,0.031700000166893,0.0357999987900257,0.0283499993383884
1.76634748642699,0.0221500005573034,0.0147000001743435,0.0563500002026557,0.0685499981045723,0.0421999990940094,0.0366000011563301,0.0320999994874,0.031700000166893,0.0357999987900257,0.0283499993383884
1.76634748642699,0.0221500005573034,0.0147000001743435,0.0563500002026557,0.0685499981045723,0.0421999990940094,0.0366000011563301,0.0320999994874,0.031700000166893,0.0357999987900257,0.0283499993383884
1.76634748642699,0.0221500005573034,0.0147000001743435,0.0563500002026557,0.0685499981045723,0.0421999990940094,0.0366000011563301,0.0320999994874,0.031700000166893,0.0357999987900257,0.0283499993383884
1.76634748642699,0.0221500005573034,0.0147000001743435,0.0563500002026557,0.0685499981045723,0.0421999990940094,0.0366000011563301,0.0320999994874,0.031700000166893,0.0357999987900257,0.0283499993383884
1.76634748642699,0.0221500005573034,0.0147000001743435,0.0563500002026557,0.0685499981045723,0.0421999990940094,0.0366000011563301,0.0320999994874,0.031700000166893,0.0357999987900257,0.0283499993383884
1.76634748642699,0.0221500005573034,0.0147000001743435,0.0563500002026557,0.0685499981045723,0.0421999990940094,0.0366000011563301,0.0320999994874,0.031700000166893,0.0357999987900257,0.0283499993383884
1.76634748642699,0.0221500005573034,0.0147000001743435,0.0563500002026557,0.0685499981045723,0.0421999990940094,0.0366000011563301,0.0320999994874,0.031700000166893,0.0357999987900257,0.0283499993383884
1.76634748642699,0.0221500005573034,0.0147000001743435,0.0563500002026557,0.0685499981045723,0.0421999990940094,0.0366000011563301,0.0320999994874,0.031700000166893,0.0357999987900257,0.0283499993383884
1.76634748642699,0.0221500005573034,0.0147000001743435,0.0563500002026557,0.0685499981045723,0.0421999990940094,0.0366000011563301,0.0320999994874,0.031700000166893,0.0357999987900257,0.0283499993383884
1.76634748642699,0.0221500005573034,0.0147000001743435,0.0563500002026557,0.0685499981045723,0.0421999990940094,0.0366000011563301,0.0320999994874,0.031700000166893,0.0357999987900257,0.0283499993383884
1.76634748642699,0.0221500005573034,0.0147000001743435,0.0563500002026557,0.0685499981045723,0.0421999990940094,0.0366000011563301,0.0320999994874,0.031700000166893,0.0357999987900257,0.0283499993383884
1.76634748642699,0.0221500005573034,0.0147000001743435,0.0563500002026557,0.0685499981045723,0.0421999990940094,0.0366000011563301,0.0320999994874,0.031700000166893,0.0357999987900257,0.0283499993383884
1.76634748642699,0.0221500005573034,0.0147000001743435,0.0563500002026557,0.0685499981045723,0.0421999990940094,0.0366000011563301,0.0320999994874,0.031700000166893,0.0357999987900257,0.0283499993383884
1.76634748642699,0.0221500005573034,0.0147000001743435,0.0563500002026557,0.0685499981045723,0.0421999990940094,0.0366000011563301,0.0320999994874,0.031700000166893,0.0357999987900257,0.0283499993383884
1.76634748642699,0.0221500005573034,0.0147000001743435,0.0563500002026557,0.0685499981045723,0.0421999990940094,0.0366000011563301,0.0320999994874,0.031700000166893,0.0357999987900257,0.0283499993383884
1.76634748642699,0.0221500005573034,0.0147000001743435,0.0563500002026557,0.0685499981045723,0.0421999990940094,0.0366000011563301,0.0320999994874,0.031700000166893,0.0357999987900257,0.0283499993383884
1.76634748642699,0.0221500005573034,0.0147000001743435,0.0563500002026557,0.0685499981045723,0.0421999990940094,0.0366000011563301,0.0320999994874,0.031700000166893,0.0357999987900257,0.0283499993383884
1.76634748642699,0.0221500005573034,0.0147000001743435,0.0563500002026557,0.0685499981045723,0.0421999990940094,0.0366000011563301,0.0320999994874,0.031700000166893,0.0357999987900257,0.0283499993383884
1.76634748642699,0.0221500005573034,0.0147000001743435,0.0563500002026557,0.0685499981045723,0.0421999990940094,0.0366000011563301,0.0320999994874,0.031700000166893,0.0357999987900257,0.0283499993383884
1.76634748642699,0.0221500005573034,0.0147000001743435,0.0563500002026557,0.0685499981045723,0.0421999990940094,0.0366000011563301,0.0320999994874,0.031700000166893,0.0357999987900257,0.0283499993383884
1.76634748642699,0.0221500005573034,0.0147000001743435,0.0563500002026557,0.0685499981045723,0.0421999990940094,0.0366000011563301,0.0320999994874,0.031700000166893,0.0357999987900257,0.0283499993383884
1.76634748642699,0.0221500005573034,0.0147000001743435,0.0563500002026557,0.0685499981045723,0.0421999990940094,0.0366000011563301,0.0320999994874,0.031700000166893,0.0357999987900257,0.0283499993383884
1.76634748642699,0.0221500005573034,0.0147000001743435,0.0563500002026557,0.0685499981045723,0.0421999990940094,0.0366000011563301,0.0320999994874,0.031700000166893,0.0357999987900257,0.0283499993383884
1.76634748642699,0.0221500005573034,0.0147000001743435,0.0563500002026557,0.0685499981045723,0.0421999990940094,0.0366000011563301,0.0320999994874,0.031700000166893,0.0357999987900257,0.0283499993383884
1.76634748642699,0.0221500005573034,0.0147000001743435,0.0563500002026557,0.0685499981045723,0.0421999990940094,0.0366000011563301,0.0320999994874,0.031700000166893,0.0357999987900257,0.0283499993383884
1.76634748642699,0.0221500005573034,0.0147000001743435,0.0563500002026557,0.0685499981045723,0.0421999990940094,0.0366000011563301,0.0320999994874,0.031700000166893,0.0357999987900257,0.0283499993383884
1.76634748642699,0.0221500005573034,0.0147000001743435,0.0563500002026557,0.0685499981045723,0.0421999990940094,0.0366000011563301,0.0320999994874,0.031700000166893,0.0357999987900257,0.0283499993383884
1.76634748642699,0.0221500005573034,0.0147000001743435,0.0563500002026557,0.0685499981045723,0.0421999990940094,0.0366000011563301,0.0320999994874,0.031700000166893,0.0357999987900257,0.0283499993383884
1.76634748642699,0.0221500005573034,0.0147000001743435,0.0563500002026557,0.0685499981045723,0.0421999990940094,0.0366000011563301,0.0320999994874,0.031700000166893,0.0357999987900257,0.0283499993383884
1.76634748642699,0.0221500005573034,0.0147000001743435,0.0563500002026557,0.0685499981045723,0.0421999990940094,0.0366000011563301,0.0320999994874,0.031700000166893,0.0357999987900257,0.0283499993383884
1.76634748642699,0.0221500005573034,0.0147000001743435,0.0563500002026557,0.0685499981045723,0.0421999990940094,0.0366000011563301,0.0320999994874,0.031700000166893,0.0357999987900257,0.0283499993383884
1.76634748642699,0.0221500005573034,0.0147000001743435,0.0563500002026557,0.0685499981045723,0.0421999990940094,0.0366000011563301,0.0320999994874,0.031700000166893,0.0357999987900257,0.0283499993383884
1.76634748642699,0.0221500005573034,0.0147000001743435,0.0563500002026557,0.0685499981045723,0.0421999990940094,0.0366000011563301,0.0320999994874,0.031700000166893,0.0357999987900257,0.0283499993383884
1.76634748642699,0.0221500005573034,0.0147000001743435,0.0563500002026557,0.0685499981045723,0.0421999990940094,0.0366000011563301,0.0320999994874,0.031700000166893,0.0357999987900257,0.0283499993383884
1.76634748642699,0.0221500005573034,0.0147000001743435,0.0563500002026557,0.0685499981045723,0.0421999990940094,0.0366000011563301,0.0320999994874,0.031700000166893,0.0357999987900257,0.0283499993383884
1.76634748642699,0.0221500005573034,0.0147000001743435,0.0563500002026557,0.0685499981045723,0.0421999990940094,0.0366000011563301,0.0320999994874,0.031700000166893,0.0357999987900257,0.0283499993383884
1.76634748642699,0.0221500005573034,0.0147000001743435,0.0563500002026557,0.0685499981045723,0.0421999990940094,0.0366000011563301,0.0320999994874,0.031700000166893,0.0357999987900257,0.0283499993383884
1.76634748642699,0.0221500005573034,0.0147000001743435,0.0563500002026557,0.0685499981045723,0.0421999990940094,0.0366000011563301,0.0320999994874,0.031700000166893,0.0357999987900257,0.0283499993383884
1.76634748642699,0.0221500005573034,0.0147000001743435,0.0563500002026557,0.0685499981045723,0.0421999990940094,0.0366000011563301,0.0320999994874,0.031700000166893,0.0357999987900257,0.0283499993383884
1.76634748642699,0.0221500005573034,0.0147000001743435,0.0563500002026557,0.0685499981045723,0.0421999990940094,0.0366000011563301,0.0320999994874,0.031700000166893,0.0357999987900257,0.0283499993383884
1.76634748642699,0.0221500005573034,0.0147000001743435,0.0563500002026557,0.0685499981045723,0.0421999990940094,0.0366000011563301,0.0320999994874,0.031700000166893,0.0357999987900257,0.0283499993383884
1.76634748642699,0.0221500005573034,0.0147000001743435,0.0563500002026557,0.0685499981045723,0.0421999990940094,0.0366000011563301,0.0320999994874,0.031700000166893,0.0357999987900257,0.0283499993383884
1.76634748642699,0.0221500005573034,0.0147000001743435,0.0563500002026557,0.0685499981045723,0.0421999990940094,0.0366000011563301,0.0320999994874,0.031700000166893,0.0357999987900257,0.0283499993383884
1.76634748642699,0.0221500005573034,0.0147000001743435,0.0563500002026557,0.0685499981045723,0.0421999990940094,0.0366000011563301,0.0320999994874,0.031700000166893,0.0357999987900257,0.0283499993383884
1.76634748642699,0.0221500005573034,0.0147000001743435,0.0563500002026557,0.0685499981045723,0.0421999990940094,0.0366000011563301,0.0320999994874,0.031700000166893,0.0357999987900257,0.0283499993383884
1.76634748642699,0.0221500005573034,0.0147000001743435,0.0563500002026557,0.0685499981045723,0.0421999990940094,0.0366000011563301,0.0320999994874,0.031700000166893,0.0357999987900257,0.0283499993383884
1.76634748642699,0.0221500005573034,0.0147000001743435,0.0563500002026557,0.0685499981045723,0.0421999990940094,0.0366000011563301,0.0320999994874,0.031700000166893,0.0357999987900257,0.0283499993383884
1.76634748642699,0.0221500005573034,0.0147000001743435,0.0563500002026557,0.0685499981045723,0.0421999990940094,0.0366000011563301,0.0320999994874,0.031700000166893,0.0357999987900257,0.0283499993383884
1.76634748642699,0.0221500005573034,0.0147000001743435,0.0563500002026557,0.0685499981045723,0.0421999990940094,0.0366000011563301,0.0320999994874,0.031700000166893,0.0357999987900257,0.0283499993383884
1.76634748642699,0.0221500005573034,0.0147000001743435,0.0563500002026557,0.0685499981045723,0.0421999990940094,0.0366000011563301,0.0320999994874,0.031700000166893,0.0357999987900257,0.0283499993383884
1.76634748642699,0.0221500005573034,0.0147000001743435,0.0563500002026557,0.0685499981045723,0.0421999990940094,0.0366000011563301,0.0320999994874,0.031700000166893,0.0357999987900257,0.0283499993383884
1.76634748642699,0.0221500005573034,0.0147000001743435,0.0563500002026557,0.0685499981045723,0.0421999990940094,0.0366000011563301,0.0320999994874,0.031700000166893,0.0357999987900257,0.0283499993383884
1.76634748642699,0.0221500005573034,0.0147000001743435,0.0563500002026557,0.0685499981045723,0.0421999990940094,0.0366000011563301,0.0320999994874,0.031700000166893,0.0357999987900257,0.0283499993383884
1.76634748642699,0.0221500005573034,0.0147000001743435,0.0563500002026557,0.0685499981045723,0.0421999990940094,0.0366000011563301,0.0320999994874,0.031700000166893,0.0357999987900257,0.0283499993383884
1.76634748642699,0.0221500005573034,0.0147000001743435,0.0563500002026557,0.0685499981045723,0.0421999990940094,0.0366000011563301,0.0320999994874,0.031700000166893,0.0357999987900257,0.0283499993383884
1.76634748642699,0.0221500005573034,0.0147000001743435,0.0563500002026557,0.0685499981045723,0.0421999990940094,0.0366000011563301,0.0320999994874,0.031700000166893,0.0357999987900257,0.0283499993383884
1.76634748642699,0.0221500005573034,0.0147000001743435,0.0563500002026557,0.0685499981045723,0.0421999990940094,0.0366000011563301,0.0320999994874,0.031700000166893,0.0357999987900257,0.0283499993383884
1.76634748642699,0.0221500005573034,0.0147000001743435,0.0563500002026557,0.0685499981045723,0.0421999990940094,0.0366000011563301,0.0320999994874,0.031700000166893,0.0357999987900257,0.0283499993383884
1.76634748642699,0.0221500005573034,0.0147000001743435,0.0563500002026557,0.0685499981045723,0.0421999990940094,0.0366000011563301,0.0320999994874,0.031700000166893,0.0357999987900257,0.0283499993383884
1.76634748642699,0.0221500005573034,0.0147000001743435,0.0563500002026557,0.0685499981045723,0.0421999990940094,0.0366000011563301,0.0320999994874,0.031700000166893,0.0357999987900257,0.0283499993383884
1.76634748642699,0.0221500005573034,0.0147000001743435,0.0563500002026557,0.0685499981045723,0.0421999990940094,0.0366000011563301,0.0320999994874,0.031700000166893,0.0357999987900257,0.0283499993383884
1.76634748642699,0.0221500005573034,0.0147000001743435,0.0563500002026557,0.0685499981045723,0.0421999990940094,0.0366000011563301,0.0320999994874,0.031700000166893,0.0357999987900257,0.0283499993383884
1.76634748642699,0.0221500005573034,0.0147000001743435,0.0563500002026557,0.0685499981045723,0.0421999990940094,0.0366000011563301,0.0320999994874,0.031700000166893,0.0357999987900257,0.0283499993383884
1.76634748642699,0.0221500005573034,0.0147000001743435,0.0563500002026557,0.0685499981045723,0.0421999990940094,0.0366000011563301,0.0320999994874,0.031700000166893,0.0357999987900257,0.0283499993383884
1.76634748642699,0.0221500005573034,0.0147000001743435,0.0563500002026557,0.0685499981045723,0.0421999990940094,0.0366000011563301,0.0320999994874,0.031700000166893,0.0357999987900257,0.0283499993383884
1.76634748642699,0.0221500005573034,0.0147000001743435,0.0563500002026557,0.0685499981045723,0.0421999990940094,0.0366000011563301,0.0320999994874,0.031700000166893,0.0357999987900257,0.0283499993383884
1.76634748642699,0.0221500005573034,0.0147000001743435,0.0563500002026557,0.0685499981045723,0.0421999990940094,0.0366000011563301,0.0320999994874,0.031700000166893,0.0357999987900257,0.0283499993383884
1.76634748642699,0.0221500005573034,0.0147000001743435,0.0563500002026557,0.0685499981045723,0.0421999990940094,0.0366000011563301,0.0320999994874,0.031700000166893,0.0357999987900257,0.0283499993383884
1.76634748642699,0.0221500005573034,0.0147000001743435,0.0563500002026557,0.0685499981045723,0.0421999990940094,0.0366000011563301,0.0320999994874,0.031700000166893,0.0357999987900257,0.0283499993383884
1.76634748642699,0.0221500005573034,0.0147000001743435,0.0563500002026557,0.0685499981045723,0.0421999990940094,0.0366000011563301,0.0320999994874,0.031700000166893,0.0357999987900257,0.0283499993383884
1.76634748642699,0.0221500005573034,0.0147000001743435,0.0563500002026557,0.0685499981045723,0.0421999990940094,0.0366000011563301,0.0320999994874,0.031700000166893,0.0357999987900257,0.0283499993383884
1.76634748642699,0.0221500005573034,0.0147000001743435,0.0563500002026557,0.0685499981045723,0.0421999990940094,0.0366000011563301,0.0320999994874,0.031700000166893,0.0357999987900257,0.0283499993383884
1.52305997642695,0.0221500005573034,0.0147000001743435,0.0563500002026557,0.0685499981045723,0.0421999990940094,0.0366000011563301,0.0320999994874,0.031700000166893,0.0357999987900257,0.0283499993383884
1.52305997642695,0.0221500005573034,0.0147000001743435,0.0563500002026557,0.0685499981045723,0.0421999990940094,0.0366000011563301,0.0320999994874,0.031700000166893,0.0357999987900257,0.0283499993383884
1.52305997642695,0.0221500005573034,0.0147000001743435,0.0563500002026557,0.0685499981045723,0.0421999990940094,0.0366000011563301,0.0320999994874,0.031700000166893,0.0357999987900257,0.0283499993383884
1.52305997642695,0.0221500005573034,0.0147000001743435,0.0563500002026557,0.0685499981045723,0.0421999990940094,0.0366000011563301,0.0320999994874,0.031700000166893,0.0357999987900257,0.0283499993383884
1.52305997642695,0.0221500005573034,0.0147000001743435,0.0563500002026557,0.0685499981045723,0.0421999990940094,0.0366000011563301,0.0320999994874,0.031700000166893,0.0357999987900257,0.0283499993383884
1.52305997642695,0.0221500005573034,0.0147000001743435,0.0563500002026557,0.0685499981045723,0.0421999990940094,0.0366000011563301,0.0320999994874,0.031700000166893,0.0357999987900257,0.0283499993383884
1.52305997642695,0.0221500005573034,0.0147000001743435,0.0563500002026557,0.0685499981045723,0.0421999990940094,0.0366000011563301,0.0320999994874,0.031700000166893,0.0357999987900257,0.0283499993383884
1.52305997642695,0.0221500005573034,0.0147000001743435,0.0563500002026557,0.0685499981045723,0.0421999990940094,0.0366000011563301,0.0320999994874,0.031700000166893,0.0357999987900257,0.0283499993383884
1.52305997642695,0.0221500005573034,0.0147000001743435,0.0563500002026557,0.0685499981045723,0.0421999990940094,0.0366000011563301,0.0320999994874,0.031700000166893,0.0357999987900257,0.0283499993383884
1.52305997642695,0.0221500005573034,0.0147000001743435,0.0563500002026557,0.0685499981045723,0.0421999990940094,0.0366000011563301,0.0320999994874,0.031700000166893,0.0357999987900257,0.0283499993383884
1.52305997642695,0.0221500005573034,0.0147000001743435,0.0563500002026557,0.0685499981045723,0.0421999990940094,0.0366000011563301,0.0320999994874,0.031700000166893,0.0357999987900257,0.0283499993383884
1.52305997642695,0.0221500005573034,0.0147000001743435,0.0563500002026557,0.0685499981045723,0.0421999990940094,0.0366000011563301,0.0320999994874,0.031700000166893,0.0357999987900257,0.0283499993383884
1.52305997642695,0.0221500005573034,0.0147000001743435,0.0563500002026557,0.0685499981045723,0.0421999990940094,0.0366000011563301,0.0320999994874,0.031700000166893,0.0357999987900257,0.0283499993383884
1.52305997642695,0.0221500005573034,0.0147000001743435,0.0563500002026557,0.0685499981045723,0.0421999990940094,0.0366000011563301,0.0320999994874,0.031700000166893,0.0357999987900257,0.0283499993383884
1.52305997642695,0.0221500005573034,0.0147000001743435,0.0563500002026557,0.0685499981045723,0.0421999990940094,0.0366000011563301,0.0320999994874,0.031700000166893,0.0357999987900257,0.0283499993383884
1.52305997642695,0.0221500005573034,0.0147000001743435,0.0563500002026557,0.0685499981045723,0.0421999990940094,0.0366000011563301,0.0320999994874,0.031700000166893,0.0357999987900257,0.0283499993383884
1.52305997642695,0.0221500005573034,0.0147000001743435,0.0563500002026557,0.0685499981045723,0.0421999990940094,0.0366000011563301,0.0320999994874,0.031700000166893,0.0357999987900257,0.0283499993383884
1.52305997642695,0.0221500005573034,0.0147000001743435,0.0563500002026557,0.0685499981045723,0.0421999990940094,0.0366000011563301,0.0320999994874,0.031700000166893,0.0357999987900257,0.0283499993383884
1.52305997642695,0.0221500005573034,0.0147000001743435,0.0563500002026557,0.0685499981045723,0.0421999990940094,0.0366000011563301,0.0320999994874,0.031700000166893,0.0357999987900257,0.0283499993383884
1.52305997642695,0.0221500005573034,0.0147000001743435,0.0563500002026557,0.0685499981045723,0.0421999990940094,0.0366000011563301,0.0320999994874,0.031700000166893,0.0357999987900257,0.0283499993383884
1.52305997642695,0.0221500005573034,0.0147000001743435,0.0563500002026557,0.0685499981045723,0.0421999990940094,0.0366000011563301,0.0320999994874,0.031700000166893,0.0357999987900257,0.0283499993383884
1.52305997642695,0.0221500005573034,0.0147000001743435,0.0563500002026557,0.0685499981045723,0.0421999990940094,0.0366000011563301,0.0320999994874,0.031700000166893,0.0357999987900257,0.0283499993383884
1.52305997642695,0.0221500005573034,0.0147000001743435,0.0563500002026557,0.0685499981045723,0.0421999990940094,0.0366000011563301,0.0320999994874,0.031700000166893,0.0357999987900257,0.0283499993383884
1.52305997642695,0.0221500005573034,0.0147000001743435,0.0563500002026557,0.0685499981045723,0.0421999990940094,0.0366000011563301,0.0320999994874,0.031700000166893,0.0357999987900257,0.0283499993383884
1.52305997642695,0.0221500005573034,0.0147000001743435,0.0563500002026557,0.0685499981045723,0.0421999990940094,0.0366000011563301,0.0320999994874,0.031700000166893,0.0357999987900257,0.0283499993383884
1.52305997642695,0.0221500005573034,0.0147000001743435,0.0563500002026557,0.0685499981045723,0.0421999990940094,0.0366000011563301,0.0320999994874,0.031700000166893,0.0357999987900257,0.0283499993383884
1.52305997642695,0.0221500005573034,0.0147000001743435,0.0563500002026557,0.0685499981045723,0.0421999990940094,0.0366000011563301,0.0320999994874,0.031700000166893,0.0357999987900257,0.0283499993383884
1.52305997642695,0.0221500005573034,0.0147000001743435,0.0563500002026557,0.0685499981045723,0.0421999990940094,0.0366000011563301,0.0320999994874,0.031700000166893,0.0357999987900257,0.0283499993383884
1.52305997642695,0.0221500005573034,0.0147000001743435,0.0563500002026557,0.0685499981045723,0.0421999990940094,0.0366000011563301,0.0320999994874,0.031700000166893,0.0357999987900257,0.0283499993383884
1.52305997642695,0.0221500005573034,0.0147000001743435,0.0563500002026557,0.0685499981045723,0.0421999990940094,0.0366000011563301,0.0320999994874,0.031700000166893,0.0357999987900257,0.0283499993383884
1.52305997642695,0.0221500005573034,0.0147000001743435,0.0563500002026557,0.0685499981045723,0.0421999990940094,0.0366000011563301,0.0320999994874,0.031700000166893,0.0357999987900257,0.0283499993383884
1.52305997642695,0.0221500005573034,0.0147000001743435,0.0563500002026557,0.0685499981045723,0.0421999990940094,0.0366000011563301,0.0320999994874,0.031700000166893,0.0357999987900257,0.0283499993383884
1.52305997642695,0.0221500005573034,0.0147000001743435,0.0563500002026557,0.0685499981045723,0.0421999990940094,0.0366000011563301,0.0320999994874,0.031700000166893,0.0357999987900257,0.0283499993383884
1.52305997642695,0.0221500005573034,0.0147000001743435,0.0563500002026557,0.0685499981045723,0.0421999990940094,0.0366000011563301,0.0320999994874,0.031700000166893,0.0357999987900257,0.0283499993383884
1.52305997642695,0.0221500005573034,0.0147000001743435,0.0563500002026557,0.0685499981045723,0.0421999990940094,0.0366000011563301,0.0320999994874,0.031700000166893,0.0357999987900257,0.0283499993383884
1.52305997642695,0.0221500005573034,0.0147000001743435,0.0563500002026557,0.0685499981045723,0.0421999990940094,0.0366000011563301,0.0320999994874,0.031700000166893,0.0357999987900257,0.0283499993383884
1.52305997642695,0.0221500005573034,0.0147000001743435,0.0563500002026557,0.0685499981045723,0.0421999990940094,0.0366000011563301,0.0320999994874,0.031700000166893,0.0357999987900257,0.0283499993383884
1.52305997642695,0.0221500005573034,0.0147000001743435,0.0563500002026557,0.0685499981045723,0.0421999990940094,0.0366000011563301,0.0320999994874,0.031700000166893,0.0357999987900257,0.0283499993383884
1.52305997642695,0.0221500005573034,0.0147000001743435,0.0563500002026557,0.0685499981045723,0.0421999990940094,0.0366000011563301,0.0320999994874,0.031700000166893,0.0357999987900257,0.0283499993383884
1.52305997642695,0.0221500005573034,0.0147000001743435,0.0563500002026557,0.0685499981045723,0.0421999990940094,0.0366000011563301,0.0320999994874,0.031700000166893,0.0357999987900257,0.0283499993383884
1.52305997642695,0.0221500005573034,0.0147000001743435,0.0563500002026557,0.0685499981045723,0.0421999990940094,0.0366000011563301,0.0320999994874,0.031700000166893,0.0357999987900257,0.0283499993383884
1.52305997642695,0.0221500005573034,0.0147000001743435,0.0563500002026557,0.0685499981045723,0.0421999990940094,0.0366000011563301,0.0320999994874,0.031700000166893,0.0357999987900257,0.0283499993383884
1.52305997642695,0.0221500005573034,0.0147000001743435,0.0563500002026557,0.0685499981045723,0.0421999990940094,0.0366000011563301,0.0320999994874,0.031700000166893,0.0357999987900257,0.0283499993383884
1.52305997642695,0.0221500005573034,0.0147000001743435,0.0563500002026557,0.0685499981045723,0.0421999990940094,0.0366000011563301,0.0320999994874,0.031700000166893,0.0357999987900257,0.0283499993383884
1.52305997642695,0.0221500005573034,0.0147000001743435,0.0563500002026557,0.0685499981045723,0.0421999990940094,0.0366000011563301,0.0320999994874,0.031700000166893,0.0357999987900257,0.0283499993383884
1.52305997642695,0.0221500005573034,0.0147000001743435,0.0563500002026557,0.0685499981045723,0.0421999990940094,0.0366000011563301,0.0320999994874,0.031700000166893,0.0357999987900257,0.0283499993383884
1.52305997642695,0.0221500005573034,0.0147000001743435,0.0563500002026557,0.0685499981045723,0.0421999990940094,0.0366000011563301,0.0320999994874,0.031700000166893,0.0357999987900257,0.0283499993383884
1.52305997642695,0.0221500005573034,0.0147000001743435,0.0563500002026557,0.0685499981045723,0.0421999990940094,0.0366000011563301,0.0320999994874,0.031700000166893,0.0357999987900257,0.0283499993383884
1.52305997642695,0.0221500005573034,0.0147000001743435,0.0563500002026557,0.0685499981045723,0.0421999990940094,0.0366000011563301,0.0320999994874,0.031700000166893,0.0357999987900257,0.0283499993383884
1.52305997642695,0.0221500005573034,0.0147000001743435,0.0563500002026557,0.0685499981045723,0.0421999990940094,0.0366000011563301,0.0320999994874,0.031700000166893,0.0357999987900257,0.0283499993383884
1.52305997642695,0.0221500005573034,0.0147000001743435,0.0563500002026557,0.0685499981045723,0.0421999990940094,0.0366000011563301,0.0320999994874,0.031700000166893,0.0357999987900257,0.0283499993383884
1.52305997642695,0.0221500005573034,0.0147000001743435,0.0563500002026557,0.0685499981045723,0.0421999990940094,0.0366000011563301,0.0320999994874,0.031700000166893,0.0357999987900257,0.0283499993383884
1.52305997642695,0.0221500005573034,0.0147000001743435,0.0563500002026557,0.0685499981045723,0.0421999990940094,0.0366000011563301,0.0320999994874,0.031700000166893,0.0357999987900257,0.0283499993383884
1.52305997642695,0.0221500005573034,0.0147000001743435,0.0563500002026557,0.0685499981045723,0.0421999990940094,0.0366000011563301,0.0320999994874,0.031700000166893,0.0357999987900257,0.0283499993383884
1.52305997642695,0.0221500005573034,0.0147000001743435,0.0563500002026557,0.0685499981045723,0.0421999990940094,0.0366000011563301,0.0320999994874,0.031700000166893,0.0357999987900257,0.0283499993383884
1.52305997642695,0.0221500005573034,0.0147000001743435,0.0563500002026557,0.0685499981045723,0.0421999990940094,0.0366000011563301,0.0320999994874,0.031700000166893,0.0357999987900257,0.0283499993383884
1.52305997642695,0.0221500005573034,0.0147000001743435,0.0563500002026557,0.0685499981045723,0.0421999990940094,0.0366000011563301,0.0320999994874,0.031700000166893,0.0357999987900257,0.0283499993383884
1.52305997642695,0.0221500005573034,0.0147000001743435,0.0563500002026557,0.0685499981045723,0.0421999990940094,0.0366000011563301,0.0320999994874,0.031700000166893,0.0357999987900257,0.0283499993383884
1.52305997642695,0.0221500005573034,0.0147000001743435,0.0563500002026557,0.0685499981045723,0.0421999990940094,0.0366000011563301,0.0320999994874,0.031700000166893,0.0357999987900257,0.0283499993383884
1.52305997642695,0.0221500005573034,0.0147000001743435,0.0563500002026557,0.0685499981045723,0.0421999990940094,0.0366000011563301,0.0320999994874,0.031700000166893,0.0357999987900257,0.0283499993383884
1.52305997642695,0.0221500005573034,0.0147000001743435,0.0563500002026557,0.0685499981045723,0.0421999990940094,0.0366000011563301,0.0320999994874,0.031700000166893,0.0357999987900257,0.0283499993383884
1.52305997642695,0.0221500005573034,0.0147000001743435,0.0563500002026557,0.0685499981045723,0.0421999990940094,0.0366000011563301,0.0320999994874,0.031700000166893,0.0357999987900257,0.0283499993383884
1.52305997642695,0.0221500005573034,0.0147000001743435,0.0563500002026557,0.0685499981045723,0.0421999990940094,0.0366000011563301,0.0320999994874,0.031700000166893,0.0357999987900257,0.0283499993383884
1.52305997642695,0.0221500005573034,0.0147000001743435,0.0563500002026557,0.0685499981045723,0.0421999990940094,0.0366000011563301,0.0320999994874,0.031700000166893,0.0357999987900257,0.0283499993383884
1.52305997642695,0.0221500005573034,0.0147000001743435,0.0563500002026557,0.0685499981045723,0.0421999990940094,0.0366000011563301,0.0320999994874,0.031700000166893,0.0357999987900257,0.0283499993383884
1.52305997642695,0.0221500005573034,0.0147000001743435,0.0563500002026557,0.0685499981045723,0.0421999990940094,0.0366000011563301,0.0320999994874,0.031700000166893,0.0357999987900257,0.0283499993383884
1.52305997642695,0.0221500005573034,0.0147000001743435,0.0563500002026557,0.0685499981045723,0.0421999990940094,0.0366000011563301,0.0320999994874,0.031700000166893,0.0357999987900257,0.0283499993383884
1.52305997642695,0.0221500005573034,0.0147000001743435,0.0563500002026557,0.0685499981045723,0.0421999990940094,0.0366000011563301,0.0320999994874,0.031700000166893,0.0357999987900257,0.0283499993383884
1.52305997642695,0.0221500005573034,0.0147000001743435,0.0563500002026557,0.0685499981045723,0.0421999990940094,0.0366000011563301,0.0320999994874,0.031700000166893,0.0357999987900257,0.0283499993383884
1.52305997642695,0.0221500005573034,0.0147000001743435,0.0563500002026557,0.0685499981045723,0.0421999990940094,0.0366000011563301,0.0320999994874,0.031700000166893,0.0357999987900257,0.0283499993383884
1.52305997642695,0.0221500005573034,0.0147000001743435,0.0563500002026557,0.0685499981045723,0.0421999990940094,0.0366000011563301,0.0320999994874,0.031700000166893,0.0357999987900257,0.0283499993383884
1.52305997642695,0.0221500005573034,0.0147000001743435,0.0563500002026557,0.0685499981045723,0.0421999990940094,0.0366000011563301,0.0320999994874,0.031700000166893,0.0357999987900257,0.0283499993383884
1.52305997642695,0.0221500005573034,0.0147000001743435,0.0563500002026557,0.0685499981045723,0.0421999990940094,0.0366000011563301,0.0320999994874,0.031700000166893,0.0357999987900257,0.0283499993383884
1.52305997642695,0.0221500005573034,0.0147000001743435,0.0563500002026557,0.0685499981045723,0.0421999990940094,0.0366000011563301,0.0320999994874,0.031700000166893,0.0357999987900257,0.0283499993383884
1.52305997642695,0.0221500005573034,0.0147000001743435,0.0563500002026557,0.0685499981045723,0.0421999990940094,0.0366000011563301,0.0320999994874,0.031700000166893,0.0357999987900257,0.0283499993383884
1.52305997642695,0.0221500005573034,0.0147000001743435,0.0563500002026557,0.0685499981045723,0.0421999990940094,0.0366000011563301,0.0320999994874,0.031700000166893,0.0357999987900257,0.0283499993383884
1.52305997642695,0.0221500005573034,0.0147000001743435,0.0563500002026557,0.0685499981045723,0.0421999990940094,0.0366000011563301,0.0320999994874,0.031700000166893,0.0357999987900257,0.0283499993383884
1.52305997642695,0.0221500005573034,0.0147000001743435,0.0563500002026557,0.0685499981045723,0.0421999990940094,0.0366000011563301,0.0320999994874,0.031700000166893,0.0357999987900257,0.0283499993383884
1.52305997642695,0.0221500005573034,0.0147000001743435,0.0563500002026557,0.0685499981045723,0.0421999990940094,0.0366000011563301,0.0320999994874,0.031700000166893,0.0357999987900257,0.0283499993383884
1.52305997642695,0.0221500005573034,0.0147000001743435,0.0563500002026557,0.0685499981045723,0.0421999990940094,0.0366000011563301,0.0320999994874,0.031700000166893,0.0357999987900257,0.0283499993383884
1.52305997642695,0.0221500005573034,0.0147000001743435,0.0563500002026557,0.0685499981045723,0.0421999990940094,0.0366000011563301,0.0320999994874,0.031700000166893,0.0357999987900257,0.0283499993383884
1.52305997642695,0.0221500005573034,0.0147000001743435,0.0563500002026557,0.0685499981045723,0.0421999990940094,0.0366000011563301,0.0320999994874,0.031700000166893,0.0357999987900257,0.0283499993383884
1.52305997642695,0.0221500005573034,0.0147000001743435,0.0563500002026557,0.0685499981045723,0.0421999990940094,0.0366000011563301,0.0320999994874,0.031700000166893,0.0357999987900257,0.0283499993383884
1.52305997642695,0.0221500005573034,0.0147000001743435,0.0563500002026557,0.0685499981045723,0.0421999990940094,0.0366000011563301,0.0320999994874,0.031700000166893,0.0357999987900257,0.0283499993383884
1.52305997642695,0.0221500005573034,0.0147000001743435,0.0563500002026557,0.0685499981045723,0.0421999990940094,0.0366000011563301,0.0320999994874,0.031700000166893,0.0357999987900257,0.0283499993383884
1.52305997642695,0.0221500005573034,0.0147000001743435,0.0563500002026557,0.0685499981045723,0.0421999990940094,0.0366000011563301,0.0320999994874,0.031700000166893,0.0357999987900257,0.0283499993383884
1.52305997642695,0.0221500005573034,0.0147000001743435,0.0563500002026557,0.0685499981045723,0.0421999990940094,0.0366000011563301,0.0320999994874,0.031700000166893,0.0357999987900257,0.0283499993383884
1.52305997642695,0.0221500005573034,0.0147000001743435,0.0563500002026557,0.0685499981045723,0.0421999990940094,0.0366000011563301,0.0320999994874,0.031700000166893,0.0357999987900257,0.0283499993383884
1.52305997642695,0.0221500005573034,0.0147000001743435,0.0563500002026557,0.0685499981045723,0.0421999990940094,0.0366000011563301,0.0320999994874,0.031700000166893,0.0357999987900257,0.0283499993383884
1.52305997642695,0.0221500005573034,0.0147000001743435,0.0563500002026557,0.0685499981045723,0.0421999990940094,0.0366000011563301,0.0320999994874,0.031700000166893,0.0357999987900257,0.0283499993383884
1.52305997642695,0.0221500005573034,0.0147000001743435,0.0563500002026557,0.0685499981045723,0.0421999990940094,0.0366000011563301,0.0320999994874,0.031700000166893,0.0357999987900257,0.0283499993383884
1.52305997642695,0.0221500005573034,0.0147000001743435,0.0563500002026557,0.0685499981045723,0.0421999990940094,0.0366000011563301,0.0320999994874,0.031700000166893,0.0357999987900257,0.0283499993383884
1.52305997642695,0.0221500005573034,0.0147000001743435,0.0563500002026557,0.0685499981045723,0.0421999990940094,0.0366000011563301,0.0320999994874,0.031700000166893,0.0357999987900257,0.0283499993383884
1.52305997642695,0.0221500005573034,0.0147000001743435,0.0563500002026557,0.0685499981045723,0.0421999990940094,0.0366000011563301,0.0320999994874,0.031700000166893,0.0357999987900257,0.0283499993383884
1.52305997642695,0.0221500005573034,0.0147000001743435,0.0563500002026557,0.0685499981045723,0.0421999990940094,0.0366000011563301,0.0320999994874,0.031700000166893,0.0357999987900257,0.0283499993383884
1.52305997642695,0.0221500005573034,0.0147000001743435,0.0563500002026557,0.0685499981045723,0.0421999990940094,0.0366000011563301,0.0320999994874,0.031700000166893,0.0357999987900257,0.0283499993383884
1.52305997642695,0.0221500005573034,0.0147000001743435,0.0563500002026557,0.0685499981045723,0.0421999990940094,0.0366000011563301,0.0320999994874,0.031700000166893,0.0357999987900257,0.0283499993383884
1.52305997642695,0.0221500005573034,0.0147000001743435,0.0563500002026557,0.0685499981045723,0.0421999990940094,0.0366000011563301,0.0320999994874,0.031700000166893,0.0357999987900257,0.0283499993383884
1.52305997642695,0.0221500005573034,0.0147000001743435,0.0563500002026557,0.0685499981045723,0.0421999990940094,0.0366000011563301,0.0320999994874,0.031700000166893,0.0357999987900257,0.0283499993383884
1.52305997642695,0.0221500005573034,0.0147000001743435,0.0563500002026557,0.0685499981045723,0.0421999990940094,0.0366000011563301,0.0320999994874,0.031700000166893,0.0357999987900257,0.0283499993383884
1.52305997642695,0.0221500005573034,0.0147000001743435,0.0563500002026557,0.0685499981045723,0.0421999990940094,0.0366000011563301,0.0320999994874,0.031700000166893,0.0357999987900257,0.0283499993383884
1.52305997642695,0.0221500005573034,0.0147000001743435,0.0563500002026557,0.0685499981045723,0.0421999990940094,0.0366000011563301,0.0320999994874,0.031700000166893,0.0357999987900257,0.0283499993383884
1.52305997642695,0.0221500005573034,0.0147000001743435,0.0563500002026557,0.0685499981045723,0.0421999990940094,0.0366000011563301,0.0320999994874,0.031700000166893,0.0357999987900257,0.0283499993383884
1.52305997642695,0.0221500005573034,0.0147000001743435,0.0563500002026557,0.0685499981045723,0.0421999990940094,0.0366000011563301,0.0320999994874,0.031700000166893,0.0357999987900257,0.0283499993383884
1.52305997642695,0.0221500005573034,0.0147000001743435,0.0563500002026557,0.0685499981045723,0.0421999990940094,0.0366000011563301,0.0320999994874,0.031700000166893,0.0357999987900257,0.0283499993383884
1.52305997642695,0.0221500005573034,0.0147000001743435,0.0563500002026557,0.0685499981045723,0.0421999990940094,0.0366000011563301,0.0320999994874,0.031700000166893,0.0357999987900257,0.0283499993383884
1.52305997642695,0.0221500005573034,0.0147000001743435,0.0563500002026557,0.0685499981045723,0.0421999990940094,0.0366000011563301,0.0320999994874,0.031700000166893,0.0357999987900257,0.0283499993383884
1.52305997642695,0.0221500005573034,0.0147000001743435,0.0563500002026557,0.0685499981045723,0.0421999990940094,0.0366000011563301,0.0320999994874,0.031700000166893,0.0357999987900257,0.0283499993383884
1.52305997642695,0.0221500005573034,0.0147000001743435,0.0563500002026557,0.0685499981045723,0.0421999990940094,0.0366000011563301,0.0320999994874,0.031700000166893,0.0357999987900257,0.0283499993383884
1.52305997642695,0.0221500005573034,0.0147000001743435,0.0563500002026557,0.0685499981045723,0.0421999990940094,0.0366000011563301,0.0320999994874,0.031700000166893,0.0357999987900257,0.0283499993383884
1.52305997642695,0.0221500005573034,0.0147000001743435,0.0563500002026557,0.0685499981045723,0.0421999990940094,0.0366000011563301,0.0320999994874,0.031700000166893,0.0357999987900257,0.0283499993383884
1.52305997642695,0.0221500005573034,0.0147000001743435,0.0563500002026557,0.0685499981045723,0.0421999990940094,0.0366000011563301,0.0320999994874,0.031700000166893,0.0357999987900257,0.0283499993383884
1.52305997642695,0.0221500005573034,0.0147000001743435,0.0563500002026557,0.0685499981045723,0.0421999990940094,0.0366000011563301,0.0320999994874,0.031700000166893,0.0357999987900257,0.0283499993383884
1.52305997642695,0.0221500005573034,0.0147000001743435,0.0563500002026557,0.0685499981045723,0.0421999990940094,0.0366000011563301,0.0320999994874,0.031700000166893,0.0357999987900257,0.0283499993383884
1.52305997642695,0.0221500005573034,0.0147000001743435,0.0563500002026557,0.0685499981045723,0.0421999990940094,0.0366000011563301,0.0320999994874,0.031700000166893,0.0357999987900257,0.0283499993383884
1.52305997642695,0.0221500005573034,0.0147000001743435,0.0563500002026557,0.0685499981045723,0.0421999990940094,0.0366000011563301,0.0320999994874,0.031700000166893,0.0357999987900257,0.0283499993383884
1.52305997642695,0.0221500005573034,0.0147000001743435,0.0563500002026557,0.0685499981045723,0.0421999990940094,0.0366000011563301,0.0320999994874,0.031700000166893,0.0357999987900257,0.0283499993383884
1.52305997642695,0.0221500005573034,0.0147000001743435,0.0563500002026557,0.0685499981045723,0.0421999990940094,0.0366000011563301,0.0320999994874,0.031700000166893,0.0357999987900257,0.0283499993383884
1.52305997642695,0.0221500005573034,0.0147000001743435,0.0563500002026557,0.0685499981045723,0.0421999990940094,0.0366000011563301,0.0320999994874,0.031700000166893,0.0357999987900257,0.0283499993383884
1.52305997642695,0.0221500005573034,0.0147000001743435,0.0563500002026557,0.0685499981045723,0.0421999990940094,0.0366000011563301,0.0320999994874,0.031700000166893,0.0357999987900257,0.0283499993383884
1.52305997642695,0.0221500005573034,0.0147000001743435,0.0563500002026557,0.0685499981045723,0.0421999990940094,0.0366000011563301,0.0320999994874,0.031700000166893,0.0357999987900257,0.0283499993383884
1.52305997642695,0.0221500005573034,0.0147000001743435,0.0563500002026557,0.0685499981045723,0.0421999990940094,0.0366000011563301,0.0320999994874,0.031700000166893,0.0357999987900257,0.0283499993383884
1.52305997642695,0.0221500005573034,0.0147000001743435,0.0563500002026557,0.0685499981045723,0.0421999990940094,0.0366000011563301,0.0320999994874,0.031700000166893,0.0357999987900257,0.0283499993383884
1.52305997642695,0.0221500005573034,0.0147000001743435,0.0563500002026557,0.0685499981045723,0.0421999990940094,0.0366000011563301,0.0320999994874,0.031700000166893,0.0357999987900257,0.0283499993383884
1.52305997642695,0.0221500005573034,0.0147000001743435,0.0563500002026557,0.0685499981045723,0.0421999990940094,0.0366000011563301,0.0320999994874,0.031700000166893,0.0357999987900257,0.0283499993383884
1.54819987788255,0.0221500005573034,0.0147000001743435,0.0563500002026557,0.0685499981045723,0.0421999990940094,0.0366000011563301,0.0320999994874,0.031700000166893,0.0357999987900257,0.0283499993383884
1.54819987788255,0.0221500005573034,0.0147000001743435,0.0563500002026557,0.0685499981045723,0.0421999990940094,0.0366000011563301,0.0320999994874,0.031700000166893,0.0357999987900257,0.0283499993383884
1.54819987788255,0.0221500005573034,0.0147000001743435,0.0563500002026557,0.0685499981045723,0.0421999990940094,0.0366000011563301,0.0320999994874,0.031700000166893,0.0357999987900257,0.0283499993383884
1.54819987788255,0.0221500005573034,0.0147000001743435,0.0563500002026557,0.0685499981045723,0.0421999990940094,0.0366000011563301,0.0320999994874,0.031700000166893,0.0357999987900257,0.0283499993383884
1.54819987788255,0.0221500005573034,0.0147000001743435,0.0563500002026557,0.0685499981045723,0.0421999990940094,0.0366000011563301,0.0320999994874,0.031700000166893,0.0357999987900257,0.0283499993383884
1.54819987788255,0.0221500005573034,0.0147000001743435,0.0563500002026557,0.0685499981045723,0.0421999990940094,0.0366000011563301,0.0320999994874,0.031700000166893,0.0357999987900257,0.0283499993383884
1.54819987788255,0.0221500005573034,0.0147000001743435,0.0563500002026557,0.0685499981045723,0.0421999990940094,0.0366000011563301,0.0320999994874,0.031700000166893,0.0357999987900257,0.0283499993383884
1.54819987788255,0.0221500005573034,0.0147000001743435,0.0563500002026557,0.0685499981045723,0.0421999990940094,0.0366000011563301,0.0320999994874,0.031700000166893,0.0357999987900257,0.0283499993383884
1.54819987788255,0.0221500005573034,0.0147000001743435,0.0563500002026557,0.0685499981045723,0.0421999990940094,0.0366000011563301,0.0320999994874,0.031700000166893,0.0357999987900257,0.0283499993383884
1.54819987788255,0.0221500005573034,0.0147000001743435,0.0563500002026557,0.0685499981045723,0.0421999990940094,0.0366000011563301,0.0320999994874,0.031700000166893,0.0357999987900257,0.0283499993383884
1.54819987788255,0.0221500005573034,0.0147000001743435,0.0563500002026557,0.0685499981045723,0.0421999990940094,0.0366000011563301,0.0320999994874,0.031700000166893,0.0357999987900257,0.0283499993383884
1.54819987788255,0.0221500005573034,0.0147000001743435,0.0563500002026557,0.0685499981045723,0.0421999990940094,0.0366000011563301,0.0320999994874,0.031700000166893,0.0357999987900257,0.0283499993383884
1.54819987788255,0.0221500005573034,0.0147000001743435,0.0563500002026557,0.0685499981045723,0.0421999990940094,0.0366000011563301,0.0320999994874,0.031700000166893,0.0357999987900257,0.0283499993383884
1.54819987788255,0.0221500005573034,0.0147000001743435,0.0563500002026557,0.0685499981045723,0.0421999990940094,0.0366000011563301,0.0320999994874,0.031700000166893,0.0357999987900257,0.0283499993383884
1.54819987788255,0.0221500005573034,0.0147000001743435,0.0563500002026557,0.0685499981045723,0.0421999990940094,0.0366000011563301,0.0320999994874,0.031700000166893,0.0357999987900257,0.0283499993383884
1.54819987788255,0.0221500005573034,0.0147000001743435,0.0563500002026557,0.0685499981045723,0.0421999990940094,0.0366000011563301,0.0320999994874,0.031700000166893,0.0357999987900257,0.0283499993383884
1.54819987788255,0.0221500005573034,0.0147000001743435,0.0563500002026557,0.0685499981045723,0.0421999990940094,0.0366000011563301,0.0320999994874,0.031700000166893,0.0357999987900257,0.0283499993383884
1.54819987788255,0.0221500005573034,0.0147000001743435,0.0563500002026557,0.0685499981045723,0.0421999990940094,0.0366000011563301,0.0320999994874,0.031700000166893,0.0357999987900257,0.0283499993383884
1.54819987788255,0.0221500005573034,0.0147000001743435,0.0563500002026557,0.0685499981045723,0.0421999990940094,0.0366000011563301,0.0320999994874,0.031700000166893,0.0357999987900257,0.0283499993383884
1.54819987788255,0.0221500005573034,0.0147000001743435,0.0563500002026557,0.0685499981045723,0.0421999990940094,0.0366000011563301,0.0320999994874,0.031700000166893,0.0357999987900257,0.0283499993383884
1.54819987788255,0.0221500005573034,0.0147000001743435,0.0563500002026557,0.0685499981045723,0.0421999990940094,0.0366000011563301,0.0320999994874,0.031700000166893,0.0357999987900257,0.0283499993383884
1.54819987788255,0.0221500005573034,0.0147000001743435,0.0563500002026557,0.0685499981045723,0.0421999990940094,0.0366000011563301,0.0320999994874,0.031700000166893,0.0357999987900257,0.0283499993383884
1.54819987788255,0.0221500005573034,0.0147000001743435,0.0563500002026557,0.0685499981045723,0.0421999990940094,0.0366000011563301,0.0320999994874,0.031700000166893,0.0357999987900257,0.0283499993383884
1.54819987788255,0.0221500005573034,0.0147000001743435,0.0563500002026557,0.0685499981045723,0.0421999990940094,0.0366000011563301,0.0320999994874,0.031700000166893,0.0357999987900257,0.0283499993383884
1.54819987788255,0.0221500005573034,0.0147000001743435,0.0563500002026557,0.0685499981045723,0.0421999990940094,0.0366000011563301,0.0320999994874,0.031700000166893,0.0357999987900257,0.0283499993383884
1.54819987788255,0.0221500005573034,0.0147000001743435,0.0563500002026557,0.0685499981045723,0.0421999990940094,0.0366000011563301,0.0320999994874,0.031700000166893,0.0357999987900257,0.0283499993383884
1.54819987788255,0.0221500005573034,0.0147000001743435,0.0563500002026557,0.0685499981045723,0.0421999990940094,0.0366000011563301,0.0320999994874,0.031700000166893,0.0357999987900257,0.0283499993383884
1.54819987788255,0.0221500005573034,0.0147000001743435,0.0563500002026557,0.0685499981045723,0.0421999990940094,0.0366000011563301,0.0320999994874,0.031700000166893,0.0357999987900257,0.0283499993383884
1.54819987788255,0.0221500005573034,0.0147000001743435,0.0563500002026557,0.0685499981045723,0.0421999990940094,0.0366000011563301,0.0320999994874,0.031700000166893,0.0357999987900257,0.0283499993383884
1.54819987788255,0.0221500005573034,0.0147000001743435,0.0563500002026557,0.0685499981045723,0.0421999990940094,0.0366000011563301,0.0320999994874,0.031700000166893,0.0357999987900257,0.0283499993383884
1.54819987788255,0.0221500005573034,0.0147000001743435,0.0563500002026557,0.0685499981045723,0.0421999990940094,0.0366000011563301,0.0320999994874,0.031700000166893,0.0357999987900257,0.0283499993383884
1.54819987788255,0.0221500005573034,0.0147000001743435,0.0563500002026557,0.0685499981045723,0.0421999990940094,0.0366000011563301,0.0320999994874,0.031700000166893,0.0357999987900257,0.0283499993383884
1.54819987788255,0.0221500005573034,0.0147000001743435,0.0563500002026557,0.0685499981045723,0.0421999990940094,0.0366000011563301,0.0320999994874,0.031700000166893,0.0357999987900257,0.0283499993383884
1.54819987788255,0.0221500005573034,0.0147000001743435,0.0563500002026557,0.0685499981045723,0.0421999990940094,0.0366000011563301,0.0320999994874,0.031700000166893,0.0357999987900257,0.0283499993383884
1.54819987788255,0.0221500005573034,0.0147000001743435,0.0563500002026557,0.0685499981045723,0.0421999990940094,0.0366000011563301,0.0320999994874,0.031700000166893,0.0357999987900257,0.0283499993383884
1.54819987788255,0.0221500005573034,0.0147000001743435,0.0563500002026557,0.0685499981045723,0.0421999990940094,0.0366000011563301,0.0320999994874,0.031700000166893,0.0357999987900257,0.0283499993383884
1.54819987788255,0.0221500005573034,0.0147000001743435,0.0563500002026557,0.0685499981045723,0.0421999990940094,0.0366000011563301,0.0320999994874,0.031700000166893,0.0357999987900257,0.0283499993383884
1.54819987788255,0.0221500005573034,0.0147000001743435,0.0563500002026557,0.0685499981045723,0.0421999990940094,0.0366000011563301,0.0320999994874,0.031700000166893,0.0357999987900257,0.0283499993383884
1.54819987788255,0.0221500005573034,0.0147000001743435,0.0563500002026557,0.0685499981045723,0.0421999990940094,0.0366000011563301,0.0320999994874,0.031700000166893,0.0357999987900257,0.0283499993383884
1.54819987788255,0.0221500005573034,0.0147000001743435,0.0563500002026557,0.0685499981045723,0.0421999990940094,0.0366000011563301,0.0320999994874,0.031700000166893,0.0357999987900257,0.0283499993383884
1.54819987788255,0.0221500005573034,0.0147000001743435,0.0563500002026557,0.0685499981045723,0.0421999990940094,0.0366000011563301,0.0320999994874,0.031700000166893,0.0357999987900257,0.0283499993383884
1.54819987788255,0.0221500005573034,0.0147000001743435,0.0563500002026557,0.0685499981045723,0.0421999990940094,0.0366000011563301,0.0320999994874,0.031700000166893,0.0357999987900257,0.0283499993383884
1.54819987788255,0.0221500005573034,0.0147000001743435,0.0563500002026557,0.0685499981045723,0.0421999990940094,0.0366000011563301,0.0320999994874,0.031700000166893,0.0357999987900257,0.0283499993383884
1.54819987788255,0.0221500005573034,0.0147000001743435,0.0563500002026557,0.0685499981045723,0.0421999990940094,0.0366000011563301,0.0320999994874,0.031700000166893,0.0357999987900257,0.0283499993383884
1.54819987788255,0.0221500005573034,0.0147000001743435,0.0563500002026557,0.0685499981045723,0.0421999990940094,0.0366000011563301,0.0320999994874,0.031700000166893,0.0357999987900257,0.0283499993383884
1.54819987788255,0.0221500005573034,0.0147000001743435,0.0563500002026557,0.0685499981045723,0.0421999990940094,0.0366000011563301,0.0320999994874,0.031700000166893,0.0357999987900257,0.0283499993383884
1.54819987788255,0.0221500005573034,0.0147000001743435,0.0563500002026557,0.0685499981045723,0.0421999990940094,0.0366000011563301,0.0320999994874,0.031700000166893,0.0357999987900257,0.0283499993383884
1.54819987788255,0.0221500005573034,0.0147000001743435,0.0563500002026557,0.0685499981045723,0.0421999990940094,0.0366000011563301,0.0320999994874,0.031700000166893,0.0357999987900257,0.0283499993383884
1.54819987788255,0.0221500005573034,0.0147000001743435,0.0563500002026557,0.0685499981045723,0.0421999990940094,0.0366000011563301,0.0320999994874,0.031700000166893,0.0357999987900257,0.0283499993383884
1.54819987788255,0.0221500005573034,0.0147000001743435,0.0563500002026557,0.0685499981045723,0.0421999990940094,0.0366000011563301,0.0320999994874,0.031700000166893,0.0357999987900257,0.0283499993383884
1.54819987788255,0.0221500005573034,0.0147000001743435,0.0563500002026557,0.0685499981045723,0.0421999990940094,0.0366000011563301,0.0320999994874,0.031700000166893,0.0357999987900257,0.0283499993383884
1.54819987788255,0.0221500005573034,0.0147000001743435,0.0563500002026557,0.0685499981045723,0.0421999990940094,0.0366000011563301,0.0320999994874,0.031700000166893,0.0357999987900257,0.0283499993383884
1.54819987788255,0.0221500005573034,0.0147000001743435,0.0563500002026557,0.0685499981045723,0.0421999990940094,0.0366000011563301,0.0320999994874,0.031700000166893,0.0357999987900257,0.0283499993383884
1.54819987788255,0.0221500005573034,0.0147000001743435,0.0563500002026557,0.0685499981045723,0.0421999990940094,0.0366000011563301,0.0320999994874,0.031700000166893,0.0357999987900257,0.0283499993383884
1.54819987788255,0.0221500005573034,0.0147000001743435,0.0563500002026557,0.0685499981045723,0.0421999990940094,0.0366000011563301,0.0320999994874,0.031700000166893,0.0357999987900257,0.0283499993383884
1.54819987788255,0.0221500005573034,0.0147000001743435,0.0563500002026557,0.0685499981045723,0.0421999990940094,0.0366000011563301,0.0320999994874,0.031700000166893,0.0357999987900257,0.0283499993383884
1.54819987788255,0.0221500005573034,0.0147000001743435,0.0563500002026557,0.0685499981045723,0.0421999990940094,0.0366000011563301,0.0320999994874,0.031700000166893,0.0357999987900257,0.0283499993383884
1.54819987788255,0.0221500005573034,0.0147000001743435,0.0563500002026557,0.0685499981045723,0.0421999990940094,0.0366000011563301,0.0320999994874,0.031700000166893,0.0357999987900257,0.0283499993383884
1.54819987788255,0.0221500005573034,0.0147000001743435,0.0563500002026557,0.0685499981045723,0.0421999990940094,0.0366000011563301,0.0320999994874,0.031700000166893,0.0357999987900257,0.0283499993383884
1.54819987788255,0.0221500005573034,0.0147000001743435,0.0563500002026557,0.0685499981045723,0.0421999990940094,0.0366000011563301,0.0320999994874,0.031700000166893,0.0357999987900257,0.0283499993383884
1.54819987788255,0.0221500005573034,0.0147000001743435,0.0563500002026557,0.0685499981045723,0.0421999990940094,0.0366000011563301,0.0320999994874,0.031700000166893,0.0357999987900257,0.0283499993383884
1.54819987788255,0.0221500005573034,0.0147000001743435,0.0563500002026557,0.0685499981045723,0.0421999990940094,0.0366000011563301,0.0320999994874,0.031700000166893,0.0357999987900257,0.0283499993383884
1.54819987788255,0.0221500005573034,0.0147000001743435,0.0563500002026557,0.0685499981045723,0.0421999990940094,0.0366000011563301,0.0320999994874,0.031700000166893,0.0357999987900257,0.0283499993383884
1.54819987788255,0.0221500005573034,0.0147000001743435,0.0563500002026557,0.0685499981045723,0.0421999990940094,0.0366000011563301,0.0320999994874,0.031700000166893,0.0357999987900257,0.0283499993383884
1.54819987788255,0.0221500005573034,0.0147000001743435,0.0563500002026557,0.0685499981045723,0.0421999990940094,0.0366000011563301,0.0320999994874,0.031700000166893,0.0357999987900257,0.0283499993383884
1.54819987788255,0.0221500005573034,0.0147000001743435,0.0563500002026557,0.0685499981045723,0.0421999990940094,0.0366000011563301,0.0320999994874,0.031700000166893,0.0357999987900257,0.0283499993383884
1.54819987788255,0.0221500005573034,0.0147000001743435,0.0563500002026557,0.0685499981045723,0.0421999990940094,0.0366000011563301,0.0320999994874,0.031700000166893,0.0357999987900257,0.0283499993383884
1.54819987788255,0.0221500005573034,0.0147000001743435,0.0563500002026557,0.0685499981045723,0.0421999990940094,0.0366000011563301,0.0320999994874,0.031700000166893,0.0357999987900257,0.0283499993383884
1.54819987788255,0.0221500005573034,0.0147000001743435,0.0563500002026557,0.0685499981045723,0.0421999990940094,0.0366000011563301,0.0320999994874,0.031700000166893,0.0357999987900257,0.0283499993383884
1.54819987788255,0.0221500005573034,0.0147000001743435,0.0563500002026557,0.0685499981045723,0.0421999990940094,0.0366000011563301,0.0320999994874,0.031700000166893,0.0357999987900257,0.0283499993383884
1.54819987788255,0.0221500005573034,0.0147000001743435,0.0563500002026557,0.0685499981045723,0.0421999990940094,0.0366000011563301,0.0320999994874,0.031700000166893,0.0357999987900257,0.0283499993383884
1.54819987788255,0.0221500005573034,0.0147000001743435,0.0563500002026557,0.0685499981045723,0.0421999990940094,0.0366000011563301,0.0320999994874,0.031700000166893,0.0357999987900257,0.0283499993383884
1.54819987788255,0.0221500005573034,0.0147000001743435,0.0563500002026557,0.0685499981045723,0.0421999990940094,0.0366000011563301,0.0320999994874,0.031700000166893,0.0357999987900257,0.0283499993383884
1.54819987788255,0.0221500005573034,0.0147000001743435,0.0563500002026557,0.0685499981045723,0.0421999990940094,0.0366000011563301,0.0320999994874,0.031700000166893,0.0357999987900257,0.0283499993383884
1.54819987788255,0.0221500005573034,0.0147000001743435,0.0563500002026557,0.0685499981045723,0.0421999990940094,0.0366000011563301,0.0320999994874,0.031700000166893,0.0357999987900257,0.0283499993383884
1.54819987788255,0.0221500005573034,0.0147000001743435,0.0563500002026557,0.0685499981045723,0.0421999990940094,0.0366000011563301,0.0320999994874,0.031700000166893,0.0357999987900257,0.0283499993383884
1.54819987788255,0.0221500005573034,0.0147000001743435,0.0563500002026557,0.0685499981045723,0.0421999990940094,0.0366000011563301,0.0320999994874,0.031700000166893,0.0357999987900257,0.0283499993383884
1.54819987788255,0.0221500005573034,0.0147000001743435,0.0563500002026557,0.0685499981045723,0.0421999990940094,0.0366000011563301,0.0320999994874,0.031700000166893,0.0357999987900257,0.0283499993383884
1.54819987788255,0.0221500005573034,0.0147000001743435,0.0563500002026557,0.0685499981045723,0.0421999990940094,0.0366000011563301,0.0320999994874,0.031700000166893,0.0357999987900257,0.0283499993383884
1.54819987788255,0.0221500005573034,0.0147000001743435,0.0563500002026557,0.0685499981045723,0.0421999990940094,0.0366000011563301,0.0320999994874,0.031700000166893,0.0357999987900257,0.0283499993383884
1.54819987788255,0.0221500005573034,0.0147000001743435,0.0563500002026557,0.0685499981045723,0.0421999990940094,0.0366000011563301,0.0320999994874,0.031700000166893,0.0357999987900257,0.0283499993383884
1.54819987788255,0.0221500005573034,0.0147000001743435,0.0563500002026557,0.0685499981045723,0.0421999990940094,0.0366000011563301,0.0320999994874,0.031700000166893,0.0357999987900257,0.0283499993383884
1.54819987788255,0.0221500005573034,0.0147000001743435,0.0563500002026557,0.0685499981045723,0.0421999990940094,0.0366000011563301,0.0320999994874,0.031700000166893,0.0357999987900257,0.0283499993383884
1.54819987788255,0.0221500005573034,0.0147000001743435,0.0563500002026557,0.0685499981045723,0.0421999990940094,0.0366000011563301,0.0320999994874,0.031700000166893,0.0357999987900257,0.0283499993383884
1.54819987788255,0.0221500005573034,0.0147000001743435,0.0563500002026557,0.0685499981045723,0.0421999990940094,0.0366000011563301,0.0320999994874,0.031700000166893,0.0357999987900257,0.0283499993383884
1.54819987788255,0.0221500005573034,0.0147000001743435,0.0563500002026557,0.0685499981045723,0.0421999990940094,0.0366000011563301,0.0320999994874,0.031700000166893,0.0357999987900257,0.0283499993383884
1.54819987788255,0.0221500005573034,0.0147000001743435,0.0563500002026557,0.0685499981045723,0.0421999990940094,0.0366000011563301,0.0320999994874,0.031700000166893,0.0357999987900257,0.0283499993383884
1.54819987788255,0.0221500005573034,0.0147000001743435,0.0563500002026557,0.0685499981045723,0.0421999990940094,0.0366000011563301,0.0320999994874,0.031700000166893,0.0357999987900257,0.0283499993383884
1.54819987788255,0.0221500005573034,0.0147000001743435,0.0563500002026557,0.0685499981045723,0.0421999990940094,0.0366000011563301,0.0320999994874,0.031700000166893,0.0357999987900257,0.0283499993383884
1.54819987788255,0.0221500005573034,0.0147000001743435,0.0563500002026557,0.0685499981045723,0.0421999990940094,0.0366000011563301,0.0320999994874,0.031700000166893,0.0357999987900257,0.0283499993383884
1.54819987788255,0.0221500005573034,0.0147000001743435,0.0563500002026557,0.0685499981045723,0.0421999990940094,0.0366000011563301,0.0320999994874,0.031700000166893,0.0357999987900257,0.0283499993383884
1.54819987788255,0.0221500005573034,0.0147000001743435,0.0563500002026557,0.0685499981045723,0.0421999990940094,0.0366000011563301,0.0320999994874,0.031700000166893,0.0357999987900257,0.0283499993383884
1.54819987788255,0.0221500005573034,0.0147000001743435,0.0563500002026557,0.0685499981045723,0.0421999990940094,0.0366000011563301,0.0320999994874,0.031700000166893,0.0357999987900257,0.0283499993383884
1.54819987788255,0.0221500005573034,0.0147000001743435,0.0563500002026557,0.0685499981045723,0.0421999990940094,0.0366000011563301,0.0320999994874,0.031700000166893,0.0357999987900257,0.0283499993383884
1.54819987788255,0.0221500005573034,0.0147000001743435,0.0563500002026557,0.0685499981045723,0.0421999990940094,0.0366000011563301,0.0320999994874,0.031700000166893,0.0357999987900257,0.0283499993383884
1.54819987788255,0.0221500005573034,0.0147000001743435,0.0563500002026557,0.0685499981045723,0.0421999990940094,0.0366000011563301,0.0320999994874,0.031700000166893,0.0357999987900257,0.0283499993383884
1.54819987788255,0.0221500005573034,0.0147000001743435,0.0563500002026557,0.0685499981045723,0.0421999990940094,0.0366000011563301,0.0320999994874,0.031700000166893,0.0357999987900257,0.0283499993383884
1.54819987788255,0.0221500005573034,0.0147000001743435,0.0563500002026557,0.0685499981045723,0.0421999990940094,0.0366000011563301,0.0320999994874,0.031700000166893,0.0357999987900257,0.0283499993383884
1.54819987788255,0.0221500005573034,0.0147000001743435,0.0563500002026557,0.0685499981045723,0.0421999990940094,0.0366000011563301,0.0320999994874,0.031700000166893,0.0357999987900257,0.0283499993383884
1.54819987788255,0.0221500005573034,0.0147000001743435,0.0563500002026557,0.0685499981045723,0.0421999990940094,0.0366000011563301,0.0320999994874,0.031700000166893,0.0357999987900257,0.0283499993383884
1.54819987788255,0.0221500005573034,0.0147000001743435,0.0563500002026557,0.0685499981045723,0.0421999990940094,0.0366000011563301,0.0320999994874,0.031700000166893,0.0357999987900257,0.0283499993383884
1.54819987788255,0.0221500005573034,0.0147000001743435,0.0563500002026557,0.0685499981045723,0.0421999990940094,0.0366000011563301,0.0320999994874,0.031700000166893,0.0357999987900257,0.0283499993383884
1.54819987788255,0.0221500005573034,0.0147000001743435,0.0563500002026557,0.0685499981045723,0.0421999990940094,0.0366000011563301,0.0320999994874,0.031700000166893,0.0357999987900257,0.0283499993383884
1.54819987788255,0.0221500005573034,0.0147000001743435,0.0563500002026557,0.0685499981045723,0.0421999990940094,0.0366000011563301,0.0320999994874,0.031700000166893,0.0357999987900257,0.0283499993383884
1.54819987788255,0.0221500005573034,0.0147000001743435,0.0563500002026557,0.0685499981045723,0.0421999990940094,0.0366000011563301,0.0320999994874,0.031700000166893,0.0357999987900257,0.0283499993383884
1.54819987788255,0.0221500005573034,0.0147000001743435,0.0563500002026557,0.0685499981045723,0.0421999990940094,0.0366000011563301,0.0320999994874,0.031700000166893,0.0357999987900257,0.0283499993383884
1.54819987788255,0.0221500005573034,0.0147000001743435,0.0563500002026557,0.0685499981045723,0.0421999990940094,0.0366000011563301,0.0320999994874,0.031700000166893,0.0357999987900257,0.0283499993383884
1.54819987788255,0.0221500005573034,0.0147000001743435,0.0563500002026557,0.0685499981045723,0.0421999990940094,0.0366000011563301,0.0320999994874,0.031700000166893,0.0357999987900257,0.0283499993383884
1.54819987788255,0.0221500005573034,0.0147000001743435,0.0563500002026557,0.0685499981045723,0.0421999990940094,0.0366000011563301,0.0320999994874,0.031700000166893,0.0357999987900257,0.0283499993383884
1.54819987788255,0.0221500005573034,0.0147000001743435,0.0563500002026557,0.0685499981045723,0.0421999990940094,0.0366000011563301,0.0320999994874,0.031700000166893,0.0357999987900257,0.0283499993383884
1.54819987788255,0.0221500005573034,0.0147000001743435,0.0563500002026557,0.0685499981045723,0.0421999990940094,0.0366000011563301,0.0320999994874,0.031700000166893,0.0357999987900257,0.0283499993383884
1.54819987788255,0.0221500005573034,0.0147000001743435,0.0563500002026557,0.0685499981045723,0.0421999990940094,0.0366000011563301,0.0320999994874,0.031700000166893,0.0357999987900257,0.0283499993383884
1.54819987788255,0.0221500005573034,0.0147000001743435,0.0563500002026557,0.0685499981045723,0.0421999990940094,0.0366000011563301,0.0320999994874,0.031700000166893,0.0357999987900257,0.0283499993383884
1.54819987788255,0.0221500005573034,0.0147000001743435,0.0563500002026557,0.0685499981045723,0.0421999990940094,0.0366000011563301,0.0320999994874,0.031700000166893,0.0357999987900257,0.0283499993383884
1.54819987788255,0.0221500005573034,0.0147000001743435,0.0563500002026557,0.0685499981045723,0.0421999990940094,0.0366000011563301,0.0320999994874,0.031700000166893,0.0357999987900257,0.0283499993383884
1.54819987788255,0.0221500005573034,0.0147000001743435,0.0563500002026557,0.0685499981045723,0.0421999990940094,0.0366000011563301,0.0320999994874,0.031700000166893,0.0357999987900257,0.0283499993383884
1.54819987788255,0.0221500005573034,0.0147000001743435,0.0563500002026557,0.0685499981045723,0.0421999990940094,0.0366000011563301,0.0320999994874,0.031700000166893,0.0357999987900257,0.0283499993383884
1.54819987788255,0.0221500005573034,0.0147000001743435,0.0563500002026557,0.0685499981045723,0.0421999990940094,0.0366000011563301,0.0320999994874,0.031700000166893,0.0357999987900257,0.0283499993383884
1.54819987788255,0.0221500005573034,0.0147000001743435,0.0563500002026557,0.0685499981045723,0.0421999990940094,0.0366000011563301,0.0320999994874,0.031700000166893,0.0357999987900257,0.0283499993383884
1.54819987788255,0.0221500005573034,0.0147000001743435,0.0563500002026557,0.0685499981045723,0.0421999990940094,0.0366000011563301,0.0320999994874,0.031700000166893,0.0357999987900257,0.0283499993383884
1.54819987788255,0.0221500005573034,0.0147000001743435,0.0563500002026557,0.0685499981045723,0.0421999990940094,0.0366000011563301,0.0320999994874,0.031700000166893,0.0357999987900257,0.0283499993383884
1.54819987788255,0.0221500005573034,0.0147000001743435,0.0563500002026557,0.0685499981045723,0.0421999990940094,0.0366000011563301,0.0320999994874,0.031700000166893,0.0357999987900257,0.0283499993383884
1.54819987788255,0.0221500005573034,0.0147000001743435,0.0563500002026557,0.0685499981045723,0.0421999990940094,0.0366000011563301,0.0320999994874,0.031700000166893,0.0357999987900257,0.0283499993383884
1.54819987788255,0.0221500005573034,0.0147000001743435,0.0563500002026557,0.0685499981045723,0.0421999990940094,0.0366000011563301,0.0320999994874,0.031700000166893,0.0357999987900257,0.0283499993383884
1.54819987788255,0.0221500005573034,0.0147000001743435,0.0563500002026557,0.0685499981045723,0.0421999990940094,0.0366000011563301,0.0320999994874,0.031700000166893,0.0357999987900257,0.0283499993383884
1.64203373242193,0.0221500005573034,0.0147000001743435,0.0563500002026557,0.0685499981045723,0.0421999990940094,0.0366000011563301,0.0320999994874,0.031700000166893,0.0357999987900257,0.0283499993383884
1.64203373242193,0.0221500005573034,0.0147000001743435,0.0563500002026557,0.0685499981045723,0.0421999990940094,0.0366000011563301,0.0320999994874,0.031700000166893,0.0357999987900257,0.0283499993383884
1.64203373242193,0.0221500005573034,0.0147000001743435,0.0563500002026557,0.0685499981045723,0.0421999990940094,0.0366000011563301,0.0320999994874,0.031700000166893,0.0357999987900257,0.0283499993383884
1.64203373242193,0.0221500005573034,0.0147000001743435,0.0563500002026557,0.0685499981045723,0.0421999990940094,0.0366000011563301,0.0320999994874,0.031700000166893,0.0357999987900257,0.0283499993383884
1.64203373242193,0.0221500005573034,0.0147000001743435,0.0563500002026557,0.0685499981045723,0.0421999990940094,0.0366000011563301,0.0320999994874,0.031700000166893,0.0357999987900257,0.0283499993383884
1.64203373242193,0.0221500005573034,0.0147000001743435,0.0563500002026557,0.0685499981045723,0.0421999990940094,0.0366000011563301,0.0320999994874,0.031700000166893,0.0357999987900257,0.0283499993383884
1.64203373242193,0.0221500005573034,0.0147000001743435,0.0563500002026557,0.0685499981045723,0.0421999990940094,0.0366000011563301,0.0320999994874,0.031700000166893,0.0357999987900257,0.0283499993383884
1.64203373242193,0.0221500005573034,0.0147000001743435,0.0563500002026557,0.0685499981045723,0.0421999990940094,0.0366000011563301,0.0320999994874,0.031700000166893,0.0357999987900257,0.0283499993383884
1.64203373242193,0.0221500005573034,0.0147000001743435,0.0563500002026557,0.0685499981045723,0.0421999990940094,0.0366000011563301,0.0320999994874,0.031700000166893,0.0357999987900257,0.0283499993383884
1.64203373242193,0.0221500005573034,0.0147000001743435,0.0563500002026557,0.0685499981045723,0.0421999990940094,0.0366000011563301,0.0320999994874,0.031700000166893,0.0357999987900257,0.0283499993383884
1.64203373242193,0.0221500005573034,0.0147000001743435,0.0563500002026557,0.0685499981045723,0.0421999990940094,0.0366000011563301,0.0320999994874,0.031700000166893,0.0357999987900257,0.0283499993383884
1.64203373242193,0.0221500005573034,0.0147000001743435,0.0563500002026557,0.0685499981045723,0.0421999990940094,0.0366000011563301,0.0320999994874,0.031700000166893,0.0357999987900257,0.0283499993383884
1.64203373242193,0.0221500005573034,0.0147000001743435,0.0563500002026557,0.0685499981045723,0.0421999990940094,0.0366000011563301,0.0320999994874,0.031700000166893,0.0357999987900257,0.0283499993383884
1.64203373242193,0.0221500005573034,0.0147000001743435,0.0563500002026557,0.0685499981045723,0.0421999990940094,0.0366000011563301,0.0320999994874,0.031700000166893,0.0357999987900257,0.0283499993383884
1.64203373242193,0.0221500005573034,0.0147000001743435,0.0563500002026557,0.0685499981045723,0.0421999990940094,0.0366000011563301,0.0320999994874,0.031700000166893,0.0357999987900257,0.0283499993383884
1.64203373242193,0.0221500005573034,0.0147000001743435,0.0563500002026557,0.0685499981045723,0.0421999990940094,0.0366000011563301,0.0320999994874,0.031700000166893,0.0357999987900257,0.0283499993383884
1.64203373242193,0.0221500005573034,0.0147000001743435,0.0563500002026557,0.0685499981045723,0.0421999990940094,0.0366000011563301,0.0320999994874,0.031700000166893,0.0357999987900257,0.0283499993383884
1.64203373242193,0.0221500005573034,0.0147000001743435,0.0563500002026557,0.0685499981045723,0.0421999990940094,0.0366000011563301,0.0320999994874,0.031700000166893,0.0357999987900257,0.0283499993383884
1.64203373242193,0.0221500005573034,0.0147000001743435,0.0563500002026557,0.0685499981045723,0.0421999990940094,0.0366000011563301,0.0320999994874,0.031700000166893,0.0357999987900257,0.0283499993383884
1.64203373242193,0.0221500005573034,0.0147000001743435,0.0563500002026557,0.0685499981045723,0.0421999990940094,0.0366000011563301,0.0320999994874,0.031700000166893,0.0357999987900257,0.0283499993383884
1.64203373242193,0.0221500005573034,0.0147000001743435,0.0563500002026557,0.0685499981045723,0.0421999990940094,0.0366000011563301,0.0320999994874,0.031700000166893,0.0357999987900257,0.0283499993383884
1.64203373242193,0.0221500005573034,0.0147000001743435,0.0563500002026557,0.0685499981045723,0.0421999990940094,0.0366000011563301,0.0320999994874,0.031700000166893,0.0357999987900257,0.0283499993383884
1.64203373242193,0.0221500005573034,0.0147000001743435,0.0563500002026557,0.0685499981045723,0.0421999990940094,0.0366000011563301,0.0320999994874,0.031700000166893,0.0357999987900257,0.0283499993383884
1.64203373242193,0.0221500005573034,0.0147000001743435,0.0563500002026557,0.0685499981045723,0.0421999990940094,0.0366000011563301,0.0320999994874,0.031700000166893,0.0357999987900257,0.0283499993383884
1.64203373242193,0.0221500005573034,0.0147000001743435,0.0563500002026557,0.0685499981045723,0.0421999990940094,0.0366000011563301,0.0320999994874,0.031700000166893,0.0357999987900257,0.0283499993383884
1.64203373242193,0.0221500005573034,0.0147000001743435,0.0563500002026557,0.0685499981045723,0.0421999990940094,0.0366000011563301,0.0320999994874,0.031700000166893,0.0357999987900257,0.0283499993383884
1.64203373242193,0.0221500005573034,0.0147000001743435,0.0563500002026557,0.0685499981045723,0.0421999990940094,0.0366000011563301,0.0320999994874,0.031700000166893,0.0357999987900257,0.0283499993383884
1.64203373242193,0.0221500005573034,0.0147000001743435,0.0563500002026557,0.0685499981045723,0.0421999990940094,0.0366000011563301,0.0320999994874,0.031700000166893,0.0357999987900257,0.0283499993383884
1.64203373242193,0.0221500005573034,0.0147000001743435,0.0563500002026557,0.0685499981045723,0.0421999990940094,0.0366000011563301,0.0320999994874,0.031700000166893,0.0357999987900257,0.0283499993383884
1.64203373242193,0.0221500005573034,0.0147000001743435,0.0563500002026557,0.0685499981045723,0.0421999990940094,0.0366000011563301,0.0320999994874,0.031700000166893,0.0357999987900257,0.0283499993383884
1.64203373242193,0.0221500005573034,0.0147000001743435,0.0563500002026557,0.0685499981045723,0.0421999990940094,0.0366000011563301,0.0320999994874,0.031700000166893,0.0357999987900257,0.0283499993383884
1.64203373242193,0.0221500005573034,0.0147000001743435,0.0563500002026557,0.0685499981045723,0.0421999990940094,0.0366000011563301,0.0320999994874,0.031700000166893,0.0357999987900257,0.0283499993383884
1.64203373242193,0.0221500005573034,0.0147000001743435,0.0563500002026557,0.0685499981045723,0.0421999990940094,0.0366000011563301,0.0320999994874,0.031700000166893,0.0357999987900257,0.0283499993383884
1.64203373242193,0.0221500005573034,0.0147000001743435,0.0563500002026557,0.0685499981045723,0.0421999990940094,0.0366000011563301,0.0320999994874,0.031700000166893,0.0357999987900257,0.0283499993383884
1.64203373242193,0.0221500005573034,0.0147000001743435,0.0563500002026557,0.0685499981045723,0.0421999990940094,0.0366000011563301,0.0320999994874,0.031700000166893,0.0357999987900257,0.0283499993383884
1.64203373242193,0.0221500005573034,0.0147000001743435,0.0563500002026557,0.0685499981045723,0.0421999990940094,0.0366000011563301,0.0320999994874,0.031700000166893,0.0357999987900257,0.0283499993383884
1.64203373242193,0.0221500005573034,0.0147000001743435,0.0563500002026557,0.0685499981045723,0.0421999990940094,0.0366000011563301,0.0320999994874,0.031700000166893,0.0357999987900257,0.0283499993383884
1.64203373242193,0.0221500005573034,0.0147000001743435,0.0563500002026557,0.0685499981045723,0.0421999990940094,0.0366000011563301,0.0320999994874,0.031700000166893,0.0357999987900257,0.0283499993383884
1.64203373242193,0.0221500005573034,0.0147000001743435,0.0563500002026557,0.0685499981045723,0.0421999990940094,0.0366000011563301,0.0320999994874,0.031700000166893,0.0357999987900257,0.0283499993383884
1.64203373242193,0.0221500005573034,0.0147000001743435,0.0563500002026557,0.0685499981045723,0.0421999990940094,0.0366000011563301,0.0320999994874,0.031700000166893,0.0357999987900257,0.0283499993383884
1.64203373242193,0.0221500005573034,0.0147000001743435,0.0563500002026557,0.0685499981045723,0.0421999990940094,0.0366000011563301,0.0320999994874,0.031700000166893,0.0357999987900257,0.0283499993383884
1.64203373242193,0.0221500005573034,0.0147000001743435,0.0563500002026557,0.0685499981045723,0.0421999990940094,0.0366000011563301,0.0320999994874,0.031700000166893,0.0357999987900257,0.0283499993383884
1.64203373242193,0.0221500005573034,0.0147000001743435,0.0563500002026557,0.0685499981045723,0.0421999990940094,0.0366000011563301,0.0320999994874,0.031700000166893,0.0357999987900257,0.0283499993383884
1.64203373242193,0.0221500005573034,0.0147000001743435,0.0563500002026557,0.0685499981045723,0.0421999990940094,0.0366000011563301,0.0320999994874,0.031700000166893,0.0357999987900257,0.0283499993383884
1.64203373242193,0.0221500005573034,0.0147000001743435,0.0563500002026557,0.0685499981045723,0.0421999990940094,0.0366000011563301,0.0320999994874,0.031700000166893,0.0357999987900257,0.0283499993383884
1.64203373242193,0.0221500005573034,0.0147000001743435,0.0563500002026557,0.0685499981045723,0.0421999990940094,0.0366000011563301,0.0320999994874,0.031700000166893,0.0357999987900257,0.0283499993383884
1.64203373242193,0.0221500005573034,0.0147000001743435,0.0563500002026557,0.0685499981045723,0.0421999990940094,0.0366000011563301,0.0320999994874,0.031700000166893,0.0357999987900257,0.0283499993383884
1.64203373242193,0.0221500005573034,0.0147000001743435,0.0563500002026557,0.0685499981045723,0.0421999990940094,0.0366000011563301,0.0320999994874,0.031700000166893,0.0357999987900257,0.0283499993383884
1.64203373242193,0.0221500005573034,0.0147000001743435,0.0563500002026557,0.0685499981045723,0.0421999990940094,0.0366000011563301,0.0320999994874,0.031700000166893,0.0357999987900257,0.0283499993383884
1.64203373242193,0.0221500005573034,0.0147000001743435,0.0563500002026557,0.0685499981045723,0.0421999990940094,0.0366000011563301,0.0320999994874,0.031700000166893,0.0357999987900257,0.0283499993383884
1.64203373242193,0.0221500005573034,0.0147000001743435,0.0563500002026557,0.0685499981045723,0.0421999990940094,0.0366000011563301,0.0320999994874,0.031700000166893,0.0357999987900257,0.0283499993383884
1.64203373242193,0.0221500005573034,0.0147000001743435,0.0563500002026557,0.0685499981045723,0.0421999990940094,0.0366000011563301,0.0320999994874,0.031700000166893,0.0357999987900257,0.0283499993383884
1.64203373242193,0.0221500005573034,0.0147000001743435,0.0563500002026557,0.0685499981045723,0.0421999990940094,0.0366000011563301,0.0320999994874,0.031700000166893,0.0357999987900257,0.0283499993383884
1.64203373242193,0.0221500005573034,0.0147000001743435,0.0563500002026557,0.0685499981045723,0.0421999990940094,0.0366000011563301,0.0320999994874,0.031700000166893,0.0357999987900257,0.0283499993383884
1.64203373242193,0.0221500005573034,0.0147000001743435,0.0563500002026557,0.0685499981045723,0.0421999990940094,0.0366000011563301,0.0320999994874,0.031700000166893,0.0357999987900257,0.0283499993383884
1.64203373242193,0.0221500005573034,0.0147000001743435,0.0563500002026557,0.0685499981045723,0.0421999990940094,0.0366000011563301,0.0320999994874,0.031700000166893,0.0357999987900257,0.0283499993383884
1.64203373242193,0.0221500005573034,0.0147000001743435,0.0563500002026557,0.0685499981045723,0.0421999990940094,0.0366000011563301,0.0320999994874,0.031700000166893,0.0357999987900257,0.0283499993383884
1.64203373242193,0.0221500005573034,0.0147000001743435,0.0563500002026557,0.0685499981045723,0.0421999990940094,0.0366000011563301,0.0320999994874,0.031700000166893,0.0357999987900257,0.0283499993383884
1.64203373242193,0.0221500005573034,0.0147000001743435,0.0563500002026557,0.0685499981045723,0.0421999990940094,0.0366000011563301,0.0320999994874,0.031700000166893,0.0357999987900257,0.0283499993383884
1.64203373242193,0.0221500005573034,0.0147000001743435,0.0563500002026557,0.0685499981045723,0.0421999990940094,0.0366000011563301,0.0320999994874,0.031700000166893,0.0357999987900257,0.0283499993383884
1.64203373242193,0.0221500005573034,0.0147000001743435,0.0563500002026557,0.0685499981045723,0.0421999990940094,0.0366000011563301,0.0320999994874,0.031700000166893,0.0357999987900257,0.0283499993383884
1.64203373242193,0.0221500005573034,0.0147000001743435,0.0563500002026557,0.0685499981045723,0.0421999990940094,0.0366000011563301,0.0320999994874,0.031700000166893,0.0357999987900257,0.0283499993383884
1.64203373242193,0.0221500005573034,0.0147000001743435,0.0563500002026557,0.0685499981045723,0.0421999990940094,0.0366000011563301,0.0320999994874,0.031700000166893,0.0357999987900257,0.0283499993383884
1.64203373242193,0.0221500005573034,0.0147000001743435,0.0563500002026557,0.0685499981045723,0.0421999990940094,0.0366000011563301,0.0320999994874,0.031700000166893,0.0357999987900257,0.0283499993383884
1.64203373242193,0.0221500005573034,0.0147000001743435,0.0563500002026557,0.0685499981045723,0.0421999990940094,0.0366000011563301,0.0320999994874,0.031700000166893,0.0357999987900257,0.0283499993383884
1.64203373242193,0.0221500005573034,0.0147000001743435,0.0563500002026557,0.0685499981045723,0.0421999990940094,0.0366000011563301,0.0320999994874,0.031700000166893,0.0357999987900257,0.0283499993383884
1.64203373242193,0.0221500005573034,0.0147000001743435,0.0563500002026557,0.0685499981045723,0.0421999990940094,0.0366000011563301,0.0320999994874,0.031700000166893,0.0357999987900257,0.0283499993383884
1.64203373242193,0.0221500005573034,0.0147000001743435,0.0563500002026557,0.0685499981045723,0.0421999990940094,0.0366000011563301,0.0320999994874,0.031700000166893,0.0357999987900257,0.0283499993383884
1.64203373242193,0.0221500005573034,0.0147000001743435,0.0563500002026557,0.0685499981045723,0.0421999990940094,0.0366000011563301,0.0320999994874,0.031700000166893,0.0357999987900257,0.0283499993383884
1.64203373242193,0.0221500005573034,0.0147000001743435,0.0563500002026557,0.0685499981045723,0.0421999990940094,0.0366000011563301,0.0320999994874,0.031700000166893,0.0357999987900257,0.0283499993383884
1.64203373242193,0.0221500005573034,0.0147000001743435,0.0563500002026557,0.0685499981045723,0.0421999990940094,0.0366000011563301,0.0320999994874,0.031700000166893,0.0357999987900257,0.0283499993383884
1.64203373242193,0.0221500005573034,0.0147000001743435,0.0563500002026557,0.0685499981045723,0.0421999990940094,0.0366000011563301,0.0320999994874,0.031700000166893,0.0357999987900257,0.0283499993383884
1.64203373242193,0.0221500005573034,0.0147000001743435,0.0563500002026557,0.0685499981045723,0.0421999990940094,0.0366000011563301,0.0320999994874,0.031700000166893,0.0357999987900257,0.0283499993383884
1.64203373242193,0.0221500005573034,0.0147000001743435,0.0563500002026557,0.0685499981045723,0.0421999990940094,0.0366000011563301,0.0320999994874,0.031700000166893,0.0357999987900257,0.0283499993383884
1.64203373242193,0.0221500005573034,0.0147000001743435,0.0563500002026557,0.0685499981045723,0.0421999990940094,0.0366000011563301,0.0320999994874,0.031700000166893,0.0357999987900257,0.0283499993383884
1.64203373242193,0.0221500005573034,0.0147000001743435,0.0563500002026557,0.0685499981045723,0.0421999990940094,0.0366000011563301,0.0320999994874,0.031700000166893,0.0357999987900257,0.0283499993383884
1.64203373242193,0.0221500005573034,0.0147000001743435,0.0563500002026557,0.0685499981045723,0.0421999990940094,0.0366000011563301,0.0320999994874,0.031700000166893,0.0357999987900257,0.0283499993383884
1.64203373242193,0.0221500005573034,0.0147000001743435,0.0563500002026557,0.0685499981045723,0.0421999990940094,0.0366000011563301,0.0320999994874,0.031700000166893,0.0357999987900257,0.0283499993383884
1.64203373242193,0.0221500005573034,0.0147000001743435,0.0563500002026557,0.0685499981045723,0.0421999990940094,0.0366000011563301,0.0320999994874,0.031700000166893,0.0357999987900257,0.0283499993383884
1.64203373242193,0.0221500005573034,0.0147000001743435,0.0563500002026557,0.0685499981045723,0.0421999990940094,0.0366000011563301,0.0320999994874,0.031700000166893,0.0357999987900257,0.0283499993383884
1.64203373242193,0.0221500005573034,0.0147000001743435,0.0563500002026557,0.0685499981045723,0.0421999990940094,0.0366000011563301,0.0320999994874,0.031700000166893,0.0357999987900257,0.0283499993383884
1.64203373242193,0.0221500005573034,0.0147000001743435,0.0563500002026557,0.0685499981045723,0.0421999990940094,0.0366000011563301,0.0320999994874,0.031700000166893,0.0357999987900257,0.0283499993383884
1.64203373242193,0.0221500005573034,0.0147000001743435,0.0563500002026557,0.0685499981045723,0.0421999990940094,0.0366000011563301,0.0320999994874,0.031700000166893,0.0357999987900257,0.0283499993383884
1.64203373242193,0.0221500005573034,0.0147000001743435,0.0563500002026557,0.0685499981045723,0.0421999990940094,0.0366000011563301,0.0320999994874,0.031700000166893,0.0357999987900257,0.0283499993383884
1.64203373242193,0.0221500005573034,0.0147000001743435,0.0563500002026557,0.0685499981045723,0.0421999990940094,0.0366000011563301,0.0320999994874,0.031700000166893,0.0357999987900257,0.0283499993383884
1.64203373242193,0.0221500005573034,0.0147000001743435,0.0563500002026557,0.0685499981045723,0.0421999990940094,0.0366000011563301,0.0320999994874,0.031700000166893,0.0357999987900257,0.0283499993383884
1.64203373242193,0.0221500005573034,0.0147000001743435,0.0563500002026557,0.0685499981045723,0.0421999990940094,0.0366000011563301,0.0320999994874,0.031700000166893,0.0357999987900257,0.0283499993383884
1.64203373242193,0.0221500005573034,0.0147000001743435,0.0563500002026557,0.0685499981045723,0.0421999990940094,0.0366000011563301,0.0320999994874,0.031700000166893,0.0357999987900257,0.0283499993383884
1.64203373242193,0.0221500005573034,0.0147000001743435,0.0563500002026557,0.0685499981045723,0.0421999990940094,0.0366000011563301,0.0320999994874,0.031700000166893,0.0357999987900257,0.0283499993383884
1.64203373242193,0.0221500005573034,0.0147000001743435,0.0563500002026557,0.0685499981045723,0.0421999990940094,0.0366000011563301,0.0320999994874,0.031700000166893,0.0357999987900257,0.0283499993383884
1.64203373242193,0.0221500005573034,0.0147000001743435,0.0563500002026557,0.0685499981045723,0.0421999990940094,0.0366000011563301,0.0320999994874,0.031700000166893,0.0357999987900257,0.0283499993383884
1.64203373242193,0.0221500005573034,0.0147000001743435,0.0563500002026557,0.0685499981045723,0.0421999990940094,0.0366000011563301,0.0320999994874,0.031700000166893,0.0357999987900257,0.0283499993383884
1.64203373242193,0.0221500005573034,0.0147000001743435,0.0563500002026557,0.0685499981045723,0.0421999990940094,0.0366000011563301,0.0320999994874,0.031700000166893,0.0357999987900257,0.0283499993383884
1.64203373242193,0.0221500005573034,0.0147000001743435,0.0563500002026557,0.0685499981045723,0.0421999990940094,0.0366000011563301,0.0320999994874,0.031700000166893,0.0357999987900257,0.0283499993383884
1.64203373242193,0.0221500005573034,0.0147000001743435,0.0563500002026557,0.0685499981045723,0.0421999990940094,0.0366000011563301,0.0320999994874,0.031700000166893,0.0357999987900257,0.0283499993383884
1.64203373242193,0.0221500005573034,0.0147000001743435,0.0563500002026557,0.0685499981045723,0.0421999990940094,0.0366000011563301,0.0320999994874,0.031700000166893,0.0357999987900257,0.0283499993383884
1.64203373242193,0.0221500005573034,0.0147000001743435,0.0563500002026557,0.0685499981045723,0.0421999990940094,0.0366000011563301,0.0320999994874,0.031700000166893,0.0357999987900257,0.0283499993383884
1.64203373242193,0.0221500005573034,0.0147000001743435,0.0563500002026557,0.0685499981045723,0.0421999990940094,0.0366000011563301,0.0320999994874,0.031700000166893,0.0357999987900257,0.0283499993383884
1.64203373242193,0.0221500005573034,0.0147000001743435,0.0563500002026557,0.0685499981045723,0.0421999990940094,0.0366000011563301,0.0320999994874,0.031700000166893,0.0357999987900257,0.0283499993383884
1.64203373242193,0.0221500005573034,0.0147000001743435,0.0563500002026557,0.0685499981045723,0.0421999990940094,0.0366000011563301,0.0320999994874,0.031700000166893,0.0357999987900257,0.0283499993383884
1.64203373242193,0.0221500005573034,0.0147000001743435,0.0563500002026557,0.0685499981045723,0.0421999990940094,0.0366000011563301,0.0320999994874,0.031700000166893,0.0357999987900257,0.0283499993383884
1.64203373242193,0.0221500005573034,0.0147000001743435,0.0563500002026557,0.0685499981045723,0.0421999990940094,0.0366000011563301,0.0320999994874,0.031700000166893,0.0357999987900257,0.0283499993383884
1.64203373242193,0.0221500005573034,0.0147000001743435,0.0563500002026557,0.0685499981045723,0.0421999990940094,0.0366000011563301,0.0320999994874,0.031700000166893,0.0357999987900257,0.0283499993383884
1.64203373242193,0.0221500005573034,0.0147000001743435,0.0563500002026557,0.0685499981045723,0.0421999990940094,0.0366000011563301,0.0320999994874,0.031700000166893,0.0357999987900257,0.0283499993383884
1.64203373242193,0.0221500005573034,0.0147000001743435,0.0563500002026557,0.0685499981045723,0.0421999990940094,0.0366000011563301,0.0320999994874,0.031700000166893,0.0357999987900257,0.0283499993383884
1.64203373242193,0.0221500005573034,0.0147000001743435,0.0563500002026557,0.0685499981045723,0.0421999990940094,0.0366000011563301,0.0320999994874,0.031700000166893,0.0357999987900257,0.0283499993383884
1.64203373242193,0.0221500005573034,0.0147000001743435,0.0563500002026557,0.0685499981045723,0.0421999990940094,0.0366000011563301,0.0320999994874,0.031700000166893,0.0357999987900257,0.0283499993383884
1.64203373242193,0.0221500005573034,0.0147000001743435,0.0563500002026557,0.0685499981045723,0.0421999990940094,0.0366000011563301,0.0320999994874,0.031700000166893,0.0357999987900257,0.0283499993383884
1.64203373242193,0.0221500005573034,0.0147000001743435,0.0563500002026557,0.0685499981045723,0.0421999990940094,0.0366000011563301,0.0320999994874,0.031700000166893,0.0357999987900257,0.0283499993383884
1.64203373242193,0.0221500005573034,0.0147000001743435,0.0563500002026557,0.0685499981045723,0.0421999990940094,0.0366000011563301,0.0320999994874,0.031700000166893,0.0357999987900257,0.0283499993383884
1.64203373242193,0.0221500005573034,0.0147000001743435,0.0563500002026557,0.0685499981045723,0.0421999990940094,0.0366000011563301,0.0320999994874,0.031700000166893,0.0357999987900257,0.0283499993383884
1.64203373242193,0.0221500005573034,0.0147000001743435,0.0563500002026557,0.0685499981045723,0.0421999990940094,0.0366000011563301,0.0320999994874,0.031700000166893,0.0357999987900257,0.0283499993383884
1.64203373242193,0.0221500005573034,0.0147000001743435,0.0563500002026557,0.0685499981045723,0.0421999990940094,0.0366000011563301,0.0320999994874,0.031700000166893,0.0357999987900257,0.0283499993383884
1.64203373242193,0.0221500005573034,0.0147000001743435,0.0563500002026557,0.0685499981045723,0.0421999990940094,0.0366000011563301,0.0320999994874,0.031700000166893,0.0357999987900257,0.0283499993383884
1.64203373242193,0.0221500005573034,0.0147000001743435,0.0563500002026557,0.0685499981045723,0.0421999990940094,0.0366000011563301,0.0320999994874,0.031700000166893,0.0357999987900257,0.0283499993383884
1.64203373242193,0.0221500005573034,0.0147000001743435,0.0563500002026557,0.0685499981045723,0.0421999990940094,0.0366000011563301,0.0320999994874,0.031700000166893,0.0357999987900257,0.0283499993383884
1.64203373242193,0.0221500005573034,0.0147000001743435,0.0563500002026557,0.0685499981045723,0.0421999990940094,0.0366000011563301,0.0320999994874,0.031700000166893,0.0357999987900257,0.0283499993383884
1.64203373242193,0.0221500005573034,0.0147000001743435,0.0563500002026557,0.0685499981045723,0.0421999990940094,0.0366000011563301,0.0320999994874,0.031700000166893,0.0357999987900257,0.0283499993383884
1.64203373242193,0.0221500005573034,0.0147000001743435,0.0563500002026557,0.0685499981045723,0.0421999990940094,0.0366000011563301,0.0320999994874,0.031700000166893,0.0357999987900257,0.0283499993383884
1.64203373242193,0.0221500005573034,0.0147000001743435,0.0563500002026557,0.0685499981045723,0.0421999990940094,0.0366000011563301,0.0320999994874,0.031700000166893,0.0357999987900257,0.0283499993383884
1.64203373242193,0.0221500005573034,0.0147000001743435,0.0563500002026557,0.0685499981045723,0.0421999990940094,0.0366000011563301,0.0320999994874,0.031700000166893,0.0357999987900257,0.0283499993383884
1.64203373242193,0.0221500005573034,0.0147000001743435,0.0563500002026557,0.0685499981045723,0.0421999990940094,0.0366000011563301,0.0320999994874,0.031700000166893,0.0357999987900257,0.0283499993383884
1.64203373242193,0.0221500005573034,0.0147000001743435,0.0563500002026557,0.0685499981045723,0.0421999990940094,0.0366000011563301,0.0320999994874,0.031700000166893,0.0357999987900257,0.0283499993383884
1.64203373242193,0.0221500005573034,0.0147000001743435,0.0563500002026557,0.0685499981045723,0.0421999990940094,0.0366000011563301,0.0320999994874,0.031700000166893,0.0357999987900257,0.0283499993383884
1.64203373242193,0.0221500005573034,0.0147000001743435,0.0563500002026557,0.0685499981045723,0.0421999990940094,0.0366000011563301,0.0320999994874,0.031700000166893,0.0357999987900257,0.0283499993383884
1.86630679109114,0.0221500005573034,0.0147000001743435,0.0563500002026557,0.0685499981045723,0.0421999990940094,0.0366000011563301,0.0320999994874,0.031700000166893,0.0357999987900257,0.0283499993383884
1.86630679109114,0.0221500005573034,0.0147000001743435,0.0563500002026557,0.0685499981045723,0.0421999990940094,0.0366000011563301,0.0320999994874,0.031700000166893,0.0357999987900257,0.0283499993383884
1.86630679109114,0.0221500005573034,0.0147000001743435,0.0563500002026557,0.0685499981045723,0.0421999990940094,0.0366000011563301,0.0320999994874,0.031700000166893,0.0357999987900257,0.0283499993383884
1.86630679109114,0.0221500005573034,0.0147000001743435,0.0563500002026557,0.0685499981045723,0.0421999990940094,0.0366000011563301,0.0320999994874,0.031700000166893,0.0357999987900257,0.0283499993383884
1.86630679109114,0.0221500005573034,0.0147000001743435,0.0563500002026557,0.0685499981045723,0.0421999990940094,0.0366000011563301,0.0320999994874,0.031700000166893,0.0357999987900257,0.0283499993383884
1.86630679109114,0.0221500005573034,0.0147000001743435,0.0563500002026557,0.0685499981045723,0.0421999990940094,0.0366000011563301,0.0320999994874,0.031700000166893,0.0357999987900257,0.0283499993383884
1.86630679109114,0.0221500005573034,0.0147000001743435,0.0563500002026557,0.0685499981045723,0.0421999990940094,0.0366000011563301,0.0320999994874,0.031700000166893,0.0357999987900257,0.0283499993383884
1.86630679109114,0.0221500005573034,0.0147000001743435,0.0563500002026557,0.0685499981045723,0.0421999990940094,0.0366000011563301,0.0320999994874,0.031700000166893,0.0357999987900257,0.0283499993383884
1.86630679109114,0.0221500005573034,0.0147000001743435,0.0563500002026557,0.0685499981045723,0.0421999990940094,0.0366000011563301,0.0320999994874,0.031700000166893,0.0357999987900257,0.0283499993383884
1.86630679109114,0.0221500005573034,0.0147000001743435,0.0563500002026557,0.0685499981045723,0.0421999990940094,0.0366000011563301,0.0320999994874,0.031700000166893,0.0357999987900257,0.0283499993383884
1.86630679109114,0.0221500005573034,0.0147000001743435,0.0563500002026557,0.0685499981045723,0.0421999990940094,0.0366000011563301,0.0320999994874,0.031700000166893,0.0357999987900257,0.0283499993383884
1.86630679109114,0.0221500005573034,0.0147000001743435,0.0563500002026557,0.0685499981045723,0.0421999990940094,0.0366000011563301,0.0320999994874,0.031700000166893,0.0357999987900257,0.0283499993383884
1.86630679109114,0.0221500005573034,0.0147000001743435,0.0563500002026557,0.0685499981045723,0.0421999990940094,0.0366000011563301,0.0320999994874,0.031700000166893,0.0357999987900257,0.0283499993383884
1.86630679109114,0.0221500005573034,0.0147000001743435,0.0563500002026557,0.0685499981045723,0.0421999990940094,0.0366000011563301,0.0320999994874,0.031700000166893,0.0357999987900257,0.0283499993383884
1.86630679109114,0.0221500005573034,0.0147000001743435,0.0563500002026557,0.0685499981045723,0.0421999990940094,0.0366000011563301,0.0320999994874,0.031700000166893,0.0357999987900257,0.0283499993383884
1.86630679109114,0.0221500005573034,0.0147000001743435,0.0563500002026557,0.0685499981045723,0.0421999990940094,0.0366000011563301,0.0320999994874,0.031700000166893,0.0357999987900257,0.0283499993383884
1.86630679109114,0.0221500005573034,0.0147000001743435,0.0563500002026557,0.0685499981045723,0.0421999990940094,0.0366000011563301,0.0320999994874,0.031700000166893,0.0357999987900257,0.0283499993383884
1.86630679109114,0.0221500005573034,0.0147000001743435,0.0563500002026557,0.0685499981045723,0.0421999990940094,0.0366000011563301,0.0320999994874,0.031700000166893,0.0357999987900257,0.0283499993383884
1.86630679109114,0.0221500005573034,0.0147000001743435,0.0563500002026557,0.0685499981045723,0.0421999990940094,0.0366000011563301,0.0320999994874,0.031700000166893,0.0357999987900257,0.0283499993383884
1.86630679109114,0.0221500005573034,0.0147000001743435,0.0563500002026557,0.0685499981045723,0.0421999990940094,0.0366000011563301,0.0320999994874,0.031700000166893,0.0357999987900257,0.0283499993383884
1.86630679109114,0.0221500005573034,0.0147000001743435,0.0563500002026557,0.0685499981045723,0.0421999990940094,0.0366000011563301,0.0320999994874,0.031700000166893,0.0357999987900257,0.0283499993383884
1.86630679109114,0.0221500005573034,0.0147000001743435,0.0563500002026557,0.0685499981045723,0.0421999990940094,0.0366000011563301,0.0320999994874,0.031700000166893,0.0357999987900257,0.0283499993383884
1.86630679109114,0.0221500005573034,0.0147000001743435,0.0563500002026557,0.0685499981045723,0.0421999990940094,0.0366000011563301,0.0320999994874,0.031700000166893,0.0357999987900257,0.0283499993383884
1.86630679109114,0.0221500005573034,0.0147000001743435,0.0563500002026557,0.0685499981045723,0.0421999990940094,0.0366000011563301,0.0320999994874,0.031700000166893,0.0357999987900257,0.0283499993383884
1.86630679109114,0.0221500005573034,0.0147000001743435,0.0563500002026557,0.0685499981045723,0.0421999990940094,0.0366000011563301,0.0320999994874,0.031700000166893,0.0357999987900257,0.0283499993383884
1.86630679109114,0.0221500005573034,0.0147000001743435,0.0563500002026557,0.0685499981045723,0.0421999990940094,0.0366000011563301,0.0320999994874,0.031700000166893,0.0357999987900257,0.0283499993383884
1.86630679109114,0.0221500005573034,0.0147000001743435,0.0563500002026557,0.0685499981045723,0.0421999990940094,0.0366000011563301,0.0320999994874,0.031700000166893,0.0357999987900257,0.0283499993383884
1.86630679109114,0.0221500005573034,0.0147000001743435,0.0563500002026557,0.0685499981045723,0.0421999990940094,0.0366000011563301,0.0320999994874,0.031700000166893,0.0357999987900257,0.0283499993383884
1.86630679109114,0.0221500005573034,0.0147000001743435,0.0563500002026557,0.0685499981045723,0.0421999990940094,0.0366000011563301,0.0320999994874,0.031700000166893,0.0357999987900257,0.0283499993383884
1.86630679109114,0.0221500005573034,0.0147000001743435,0.0563500002026557,0.0685499981045723,0.0421999990940094,0.0366000011563301,0.0320999994874,0.031700000166893,0.0357999987900257,0.0283499993383884
1.86630679109114,0.0221500005573034,0.0147000001743435,0.0563500002026557,0.0685499981045723,0.0421999990940094,0.0366000011563301,0.0320999994874,0.031700000166893,0.0357999987900257,0.0283499993383884
1.86630679109114,0.0221500005573034,0.0147000001743435,0.0563500002026557,0.0685499981045723,0.0421999990940094,0.0366000011563301,0.0320999994874,0.031700000166893,0.0357999987900257,0.0283499993383884
1.86630679109114,0.0221500005573034,0.0147000001743435,0.0563500002026557,0.0685499981045723,0.0421999990940094,0.0366000011563301,0.0320999994874,0.031700000166893,0.0357999987900257,0.0283499993383884
1.86630679109114,0.0221500005573034,0.0147000001743435,0.0563500002026557,0.0685499981045723,0.0421999990940094,0.0366000011563301,0.0320999994874,0.031700000166893,0.0357999987900257,0.0283499993383884
1.86630679109114,0.0221500005573034,0.0147000001743435,0.0563500002026557,0.0685499981045723,0.0421999990940094,0.0366000011563301,0.0320999994874,0.031700000166893,0.0357999987900257,0.0283499993383884
1.86630679109114,0.0221500005573034,0.0147000001743435,0.0563500002026557,0.0685499981045723,0.0421999990940094,0.0366000011563301,0.0320999994874,0.031700000166893,0.0357999987900257,0.0283499993383884
1.86630679109114,0.0221500005573034,0.0147000001743435,0.0563500002026557,0.0685499981045723,0.0421999990940094,0.0366000011563301,0.0320999994874,0.031700000166893,0.0357999987900257,0.0283499993383884
1.86630679109114,0.0221500005573034,0.0147000001743435,0.0563500002026557,0.0685499981045723,0.0421999990940094,0.0366000011563301,0.0320999994874,0.031700000166893,0.0357999987900257,0.0283499993383884
1.86630679109114,0.0221500005573034,0.0147000001743435,0.0563500002026557,0.0685499981045723,0.0421999990940094,0.0366000011563301,0.0320999994874,0.031700000166893,0.0357999987900257,0.0283499993383884
1.86630679109114,0.0221500005573034,0.0147000001743435,0.0563500002026557,0.0685499981045723,0.0421999990940094,0.0366000011563301,0.0320999994874,0.031700000166893,0.0357999987900257,0.0283499993383884
1.86630679109114,0.0221500005573034,0.0147000001743435,0.0563500002026557,0.0685499981045723,0.0421999990940094,0.0366000011563301,0.0320999994874,0.031700000166893,0.0357999987900257,0.0283499993383884
1.86630679109114,0.0221500005573034,0.0147000001743435,0.0563500002026557,0.0685499981045723,0.0421999990940094,0.0366000011563301,0.0320999994874,0.031700000166893,0.0357999987900257,0.0283499993383884
1.86630679109114,0.0221500005573034,0.0147000001743435,0.0563500002026557,0.0685499981045723,0.0421999990940094,0.0366000011563301,0.0320999994874,0.031700000166893,0.0357999987900257,0.0283499993383884
1.86630679109114,0.0221500005573034,0.0147000001743435,0.0563500002026557,0.0685499981045723,0.0421999990940094,0.0366000011563301,0.0320999994874,0.031700000166893,0.0357999987900257,0.0283499993383884
1.86630679109114,0.0221500005573034,0.0147000001743435,0.0563500002026557,0.0685499981045723,0.0421999990940094,0.0366000011563301,0.0320999994874,0.031700000166893,0.0357999987900257,0.0283499993383884
1.86630679109114,0.0221500005573034,0.0147000001743435,0.0563500002026557,0.0685499981045723,0.0421999990940094,0.0366000011563301,0.0320999994874,0.031700000166893,0.0357999987900257,0.0283499993383884
1.86630679109114,0.0221500005573034,0.0147000001743435,0.0563500002026557,0.0685499981045723,0.0421999990940094,0.0366000011563301,0.0320999994874,0.031700000166893,0.0357999987900257,0.0283499993383884
1.86630679109114,0.0221500005573034,0.0147000001743435,0.0563500002026557,0.0685499981045723,0.0421999990940094,0.0366000011563301,0.0320999994874,0.031700000166893,0.0357999987900257,0.0283499993383884
1.86630679109114,0.0221500005573034,0.0147000001743435,0.0563500002026557,0.0685499981045723,0.0421999990940094,0.0366000011563301,0.0320999994874,0.031700000166893,0.0357999987900257,0.0283499993383884
1.86630679109114,0.0221500005573034,0.0147000001743435,0.0563500002026557,0.0685499981045723,0.0421999990940094,0.0366000011563301,0.0320999994874,0.031700000166893,0.0357999987900257,0.0283499993383884
1.86630679109114,0.0221500005573034,0.0147000001743435,0.0563500002026557,0.0685499981045723,0.0421999990940094,0.0366000011563301,0.0320999994874,0.031700000166893,0.0357999987900257,0.0283499993383884
1.86630679109114,0.0221500005573034,0.0147000001743435,0.0563500002026557,0.0685499981045723,0.0421999990940094,0.0366000011563301,0.0320999994874,0.031700000166893,0.0357999987900257,0.0283499993383884
1.86630679109114,0.0221500005573034,0.0147000001743435,0.0563500002026557,0.0685499981045723,0.0421999990940094,0.0366000011563301,0.0320999994874,0.031700000166893,0.0357999987900257,0.0283499993383884
1.86630679109114,0.0221500005573034,0.0147000001743435,0.0563500002026557,0.0685499981045723,0.0421999990940094,0.0366000011563301,0.0320999994874,0.031700000166893,0.0357999987900257,0.0283499993383884
1.86630679109114,0.0221500005573034,0.0147000001743435,0.0563500002026557,0.0685499981045723,0.0421999990940094,0.0366000011563301,0.0320999994874,0.031700000166893,0.0357999987900257,0.0283499993383884
1.86630679109114,0.0221500005573034,0.0147000001743435,0.0563500002026557,0.0685499981045723,0.0421999990940094,0.0366000011563301,0.0320999994874,0.031700000166893,0.0357999987900257,0.0283499993383884
1.86630679109114,0.0221500005573034,0.0147000001743435,0.0563500002026557,0.0685499981045723,0.0421999990940094,0.0366000011563301,0.0320999994874,0.031700000166893,0.0357999987900257,0.0283499993383884
1.86630679109114,0.0221500005573034,0.0147000001743435,0.0563500002026557,0.0685499981045723,0.0421999990940094,0.0366000011563301,0.0320999994874,0.031700000166893,0.0357999987900257,0.0283499993383884
1.86630679109114,0.0221500005573034,0.0147000001743435,0.0563500002026557,0.0685499981045723,0.0421999990940094,0.0366000011563301,0.0320999994874,0.031700000166893,0.0357999987900257,0.0283499993383884
1.86630679109114,0.0221500005573034,0.0147000001743435,0.0563500002026557,0.0685499981045723,0.0421999990940094,0.0366000011563301,0.0320999994874,0.031700000166893,0.0357999987900257,0.0283499993383884
1.86630679109114,0.0221500005573034,0.0147000001743435,0.0563500002026557,0.0685499981045723,0.0421999990940094,0.0366000011563301,0.0320999994874,0.031700000166893,0.0357999987900257,0.0283499993383884
1.86630679109114,0.0221500005573034,0.0147000001743435,0.0563500002026557,0.0685499981045723,0.0421999990940094,0.0366000011563301,0.0320999994874,0.031700000166893,0.0357999987900257,0.0283499993383884
1.86630679109114,0.0221500005573034,0.0147000001743435,0.0563500002026557,0.0685499981045723,0.0421999990940094,0.0366000011563301,0.0320999994874,0.031700000166893,0.0357999987900257,0.0283499993383884
1.86630679109114,0.0221500005573034,0.0147000001743435,0.0563500002026557,0.0685499981045723,0.0421999990940094,0.0366000011563301,0.0320999994874,0.031700000166893,0.0357999987900257,0.0283499993383884
1.86630679109114,0.0221500005573034,0.0147000001743435,0.0563500002026557,0.0685499981045723,0.0421999990940094,0.0366000011563301,0.0320999994874,0.031700000166893,0.0357999987900257,0.0283499993383884
1.86630679109114,0.0221500005573034,0.0147000001743435,0.0563500002026557,0.0685499981045723,0.0421999990940094,0.0366000011563301,0.0320999994874,0.031700000166893,0.0357999987900257,0.0283499993383884
1.86630679109114,0.0221500005573034,0.0147000001743435,0.0563500002026557,0.0685499981045723,0.0421999990940094,0.0366000011563301,0.0320999994874,0.031700000166893,0.0357999987900257,0.0283499993383884
1.86630679109114,0.0221500005573034,0.0147000001743435,0.0563500002026557,0.0685499981045723,0.0421999990940094,0.0366000011563301,0.0320999994874,0.031700000166893,0.0357999987900257,0.0283499993383884
1.86630679109114,0.0221500005573034,0.0147000001743435,0.0563500002026557,0.0685499981045723,0.0421999990940094,0.0366000011563301,0.0320999994874,0.031700000166893,0.0357999987900257,0.0283499993383884
1.86630679109114,0.0221500005573034,0.0147000001743435,0.0563500002026557,0.0685499981045723,0.0421999990940094,0.0366000011563301,0.0320999994874,0.031700000166893,0.0357999987900257,0.0283499993383884
1.86630679109114,0.0221500005573034,0.0147000001743435,0.0563500002026557,0.0685499981045723,0.0421999990940094,0.0366000011563301,0.0320999994874,0.031700000166893,0.0357999987900257,0.0283499993383884
1.86630679109114,0.0221500005573034,0.0147000001743435,0.0563500002026557,0.0685499981045723,0.0421999990940094,0.0366000011563301,0.0320999994874,0.031700000166893,0.0357999987900257,0.0283499993383884
1.86630679109114,0.0221500005573034,0.0147000001743435,0.0563500002026557,0.0685499981045723,0.0421999990940094,0.0366000011563301,0.0320999994874,0.031700000166893,0.0357999987900257,0.0283499993383884
1.86630679109114,0.0221500005573034,0.0147000001743435,0.0563500002026557,0.0685499981045723,0.0421999990940094,0.0366000011563301,0.0320999994874,0.031700000166893,0.0357999987900257,0.0283499993383884
1.86630679109114,0.0221500005573034,0.0147000001743435,0.0563500002026557,0.0685499981045723,0.0421999990940094,0.0366000011563301,0.0320999994874,0.031700000166893,0.0357999987900257,0.0283499993383884
1.86630679109114,0.0221500005573034,0.0147000001743435,0.0563500002026557,0.0685499981045723,0.0421999990940094,0.0366000011563301,0.0320999994874,0.031700000166893,0.0357999987900257,0.0283499993383884
1.86630679109114,0.0221500005573034,0.0147000001743435,0.0563500002026557,0.0685499981045723,0.0421999990940094,0.0366000011563301,0.0320999994874,0.031700000166893,0.0357999987900257,0.0283499993383884
1.86630679109114,0.0221500005573034,0.0147000001743435,0.0563500002026557,0.0685499981045723,0.0421999990940094,0.0366000011563301,0.0320999994874,0.031700000166893,0.0357999987900257,0.0283499993383884
1.86630679109114,0.0221500005573034,0.0147000001743435,0.0563500002026557,0.0685499981045723,0.0421999990940094,0.0366000011563301,0.0320999994874,0.031700000166893,0.0357999987900257,0.0283499993383884
1.86630679109114,0.0221500005573034,0.0147000001743435,0.0563500002026557,0.0685499981045723,0.0421999990940094,0.0366000011563301,0.0320999994874,0.031700000166893,0.0357999987900257,0.0283499993383884
1.86630679109114,0.0221500005573034,0.0147000001743435,0.0563500002026557,0.0685499981045723,0.0421999990940094,0.0366000011563301,0.0320999994874,0.031700000166893,0.0357999987900257,0.0283499993383884
1.86630679109114,0.0221500005573034,0.0147000001743435,0.0563500002026557,0.0685499981045723,0.0421999990940094,0.0366000011563301,0.0320999994874,0.031700000166893,0.0357999987900257,0.0283499993383884
1.86630679109114,0.0221500005573034,0.0147000001743435,0.0563500002026557,0.0685499981045723,0.0421999990940094,0.0366000011563301,0.0320999994874,0.031700000166893,0.0357999987900257,0.0283499993383884
1.86630679109114,0.0221500005573034,0.0147000001743435,0.0563500002026557,0.0685499981045723,0.0421999990940094,0.0366000011563301,0.0320999994874,0.031700000166893,0.0357999987900257,0.0283499993383884
1.86630679109114,0.0221500005573034,0.0147000001743435,0.0563500002026557,0.0685499981045723,0.0421999990940094,0.0366000011563301,0.0320999994874,0.031700000166893,0.0357999987900257,0.0283499993383884
1.86630679109114,0.0221500005573034,0.0147000001743435,0.0563500002026557,0.0685499981045723,0.0421999990940094,0.0366000011563301,0.0320999994874,0.031700000166893,0.0357999987900257,0.0283499993383884
1.86630679109114,0.0221500005573034,0.0147000001743435,0.0563500002026557,0.0685499981045723,0.0421999990940094,0.0366000011563301,0.0320999994874,0.031700000166893,0.0357999987900257,0.0283499993383884
1.86630679109114,0.0221500005573034,0.0147000001743435,0.0563500002026557,0.0685499981045723,0.0421999990940094,0.0366000011563301,0.0320999994874,0.031700000166893,0.0357999987900257,0.0283499993383884
1.86630679109114,0.0221500005573034,0.0147000001743435,0.0563500002026557,0.0685499981045723,0.0421999990940094,0.0366000011563301,0.0320999994874,0.031700000166893,0.0357999987900257,0.0283499993383884
1.86630679109114,0.0221500005573034,0.0147000001743435,0.0563500002026557,0.0685499981045723,0.0421999990940094,0.0366000011563301,0.0320999994874,0.031700000166893,0.0357999987900257,0.0283499993383884
1.86630679109114,0.0221500005573034,0.0147000001743435,0.0563500002026557,0.0685499981045723,0.0421999990940094,0.0366000011563301,0.0320999994874,0.031700000166893,0.0357999987900257,0.0283499993383884
1.86630679109114,0.0221500005573034,0.0147000001743435,0.0563500002026557,0.0685499981045723,0.0421999990940094,0.0366000011563301,0.0320999994874,0.031700000166893,0.0357999987900257,0.0283499993383884
1.86630679109114,0.0221500005573034,0.0147000001743435,0.0563500002026557,0.0685499981045723,0.0421999990940094,0.0366000011563301,0.0320999994874,0.031700000166893,0.0357999987900257,0.0283499993383884
1.86630679109114,0.0221500005573034,0.0147000001743435,0.0563500002026557,0.0685499981045723,0.0421999990940094,0.0366000011563301,0.0320999994874,0.031700000166893,0.0357999987900257,0.0283499993383884
1.86630679109114,0.0221500005573034,0.0147000001743435,0.0563500002026557,0.0685499981045723,0.0421999990940094,0.0366000011563301,0.0320999994874,0.031700000166893,0.0357999987900257,0.0283499993383884
1.86630679109114,0.0221500005573034,0.0147000001743435,0.0563500002026557,0.0685499981045723,0.0421999990940094,0.0366000011563301,0.0320999994874,0.031700000166893,0.0357999987900257,0.0283499993383884
1.86630679109114,0.0221500005573034,0.0147000001743435,0.0563500002026557,0.0685499981045723,0.0421999990940094,0.0366000011563301,0.0320999994874,0.031700000166893,0.0357999987900257,0.0283499993383884
1.86630679109114,0.0221500005573034,0.0147000001743435,0.0563500002026557,0.0685499981045723,0.0421999990940094,0.0366000011563301,0.0320999994874,0.031700000166893,0.0357999987900257,0.0283499993383884
1.86630679109114,0.0221500005573034,0.0147000001743435,0.0563500002026557,0.0685499981045723,0.0421999990940094,0.0366000011563301,0.0320999994874,0.031700000166893,0.0357999987900257,0.0283499993383884
1.86630679109114,0.0221500005573034,0.0147000001743435,0.0563500002026557,0.0685499981045723,0.0421999990940094,0.0366000011563301,0.0320999994874,0.031700000166893,0.0357999987900257,0.0283499993383884
1.86630679109114,0.0221500005573034,0.0147000001743435,0.0563500002026557,0.0685499981045723,0.0421999990940094,0.0366000011563301,0.0320999994874,0.031700000166893,0.0357999987900257,0.0283499993383884
1.86630679109114,0.0221500005573034,0.0147000001743435,0.0563500002026557,0.0685499981045723,0.0421999990940094,0.0366000011563301,0.0320999994874,0.031700000166893,0.0357999987900257,0.0283499993383884
1.86630679109114,0.0221500005573034,0.0147000001743435,0.0563500002026557,0.0685499981045723,0.0421999990940094,0.0366000011563301,0.0320999994874,0.031700000166893,0.0357999987900257,0.0283499993383884
1.86630679109114,0.0221500005573034,0.0147000001743435,0.0563500002026557,0.0685499981045723,0.0421999990940094,0.0366000011563301,0.0320999994874,0.031700000166893,0.0357999987900257,0.0283499993383884
1.86630679109114,0.0221500005573034,0.0147000001743435,0.0563500002026557,0.0685499981045723,0.0421999990940094,0.0366000011563301,0.0320999994874,0.031700000166893,0.0357999987900257,0.0283499993383884
1.86630679109114,0.0221500005573034,0.0147000001743435,0.0563500002026557,0.0685499981045723,0.0421999990940094,0.0366000011563301,0.0320999994874,0.031700000166893,0.0357999987900257,0.0283499993383884
1.86630679109114,0.0221500005573034,0.0147000001743435,0.0563500002026557,0.0685499981045723,0.0421999990940094,0.0366000011563301,0.0320999994874,0.031700000166893,0.0357999987900257,0.0283499993383884
1.86630679109114,0.0221500005573034,0.0147000001743435,0.0563500002026557,0.0685499981045723,0.0421999990940094,0.0366000011563301,0.0320999994874,0.031700000166893,0.0357999987900257,0.0283499993383884
1.86630679109114,0.0221500005573034,0.0147000001743435,0.0563500002026557,0.0685499981045723,0.0421999990940094,0.0366000011563301,0.0320999994874,0.031700000166893,0.0357999987900257,0.0283499993383884
1.86630679109114,0.0221500005573034,0.0147000001743435,0.0563500002026557,0.0685499981045723,0.0421999990940094,0.0366000011563301,0.0320999994874,0.031700000166893,0.0357999987900257,0.0283499993383884
1.86630679109114,0.0221500005573034,0.0147000001743435,0.0563500002026557,0.0685499981045723,0.0421999990940094,0.0366000011563301,0.0320999994874,0.031700000166893,0.0357999987900257,0.0283499993383884
1.86630679109114,0.0221500005573034,0.0147000001743435,0.0563500002026557,0.0685499981045723,0.0421999990940094,0.0366000011563301,0.0320999994874,0.031700000166893,0.0357999987900257,0.0283499993383884
1.86630679109114,0.0221500005573034,0.0147000001743435,0.0563500002026557,0.0685499981045723,0.0421999990940094,0.0366000011563301,0.0320999994874,0.031700000166893,0.0357999987900257,0.0283499993383884
1.86630679109114,0.0221500005573034,0.0147000001743435,0.0563500002026557,0.0685499981045723,0.0421999990940094,0.0366000011563301,0.0320999994874,0.031700000166893,0.0357999987900257,0.0283499993383884
1.86630679109114,0.0221500005573034,0.0147000001743435,0.0563500002026557,0.0685499981045723,0.0421999990940094,0.0366000011563301,0.0320999994874,0.031700000166893,0.0357999987900257,0.0283499993383884
1.86630679109114,0.0221500005573034,0.0147000001743435,0.0563500002026557,0.0685499981045723,0.0421999990940094,0.0366000011563301,0.0320999994874,0.031700000166893,0.0357999987900257,0.0283499993383884
1.86630679109114,0.0221500005573034,0.0147000001743435,0.0563500002026557,0.0685499981045723,0.0421999990940094,0.0366000011563301,0.0320999994874,0.031700000166893,0.0357999987900257,0.0283499993383884
1.86630679109114,0.0221500005573034,0.0147000001743435,0.0563500002026557,0.0685499981045723,0.0421999990940094,0.0366000011563301,0.0320999994874,0.031700000166893,0.0357999987900257,0.0283499993383884
1.86630679109114,0.0221500005573034,0.0147000001743435,0.0563500002026557,0.0685499981045723,0.0421999990940094,0.0366000011563301,0.0320999994874,0.031700000166893,0.0357999987900257,0.0283499993383884
1.86630679109114,0.0221500005573034,0.0147000001743435,0.0563500002026557,0.0685499981045723,0.0421999990940094,0.0366000011563301,0.0320999994874,0.031700000166893,0.0357999987900257,0.0283499993383884
1.86630679109114,0.0221500005573034,0.0147000001743435,0.0563500002026557,0.0685499981045723,0.0421999990940094,0.0366000011563301,0.0320999994874,0.031700000166893,0.0357999987900257,0.0283499993383884
1.86630679109114,0.0221500005573034,0.0147000001743435,0.0563500002026557,0.0685499981045723,0.0421999990940094,0.0366000011563301,0.0320999994874,0.031700000166893,0.0357999987900257,0.0283499993383884
1.86630679109114,0.0221500005573034,0.0147000001743435,0.0563500002026557,0.0685499981045723,0.0421999990940094,0.0366000011563301,0.0320999994874,0.031700000166893,0.0357999987900257,0.0283499993383884
1.86630679109114,0.0221500005573034,0.0147000001743435,0.0563500002026557,0.0685499981045723,0.0421999990940094,0.0366000011563301,0.0320999994874,0.031700000166893,0.0357999987900257,0.0283499993383884
1.86630679109114,0.0221500005573034,0.0147000001743435,0.0563500002026557,0.0685499981045723,0.0421999990940094,0.0366000011563301,0.0320999994874,0.031700000166893,0.0357999987900257,0.0283499993383884
3.63407728817092,0.0221500005573034,0.0147000001743435,0.0563500002026557,0.0685499981045723,0.0421999990940094,0.0366000011563301,0.0320999994874,0.031700000166893,0.0357999987900257,0.0283499993383884
3.63407728817092,0.0221500005573034,0.0147000001743435,0.0563500002026557,0.0685499981045723,0.0421999990940094,0.0366000011563301,0.0320999994874,0.031700000166893,0.0357999987900257,0.0283499993383884
3.63407728817092,0.0221500005573034,0.0147000001743435,0.0563500002026557,0.0685499981045723,0.0421999990940094,0.0366000011563301,0.0320999994874,0.031700000166893,0.0357999987900257,0.0283499993383884
3.63407728817092,0.0221500005573034,0.0147000001743435,0.0563500002026557,0.0685499981045723,0.0421999990940094,0.0366000011563301,0.0320999994874,0.031700000166893,0.0357999987900257,0.0283499993383884
3.63407728817092,0.0221500005573034,0.0147000001743435,0.0563500002026557,0.0685499981045723,0.0421999990940094,0.0366000011563301,0.0320999994874,0.031700000166893,0.0357999987900257,0.0283499993383884
3.63407728817092,0.0221500005573034,0.0147000001743435,0.0563500002026557,0.0685499981045723,0.0421999990940094,0.0366000011563301,0.0320999994874,0.031700000166893,0.0357999987900257,0.0283499993383884
3.63407728817092,0.0221500005573034,0.0147000001743435,0.0563500002026557,0.0685499981045723,0.0421999990940094,0.0366000011563301,0.0320999994874,0.031700000166893,0.0357999987900257,0.0283499993383884
3.63407728817092,0.0221500005573034,0.0147000001743435,0.0563500002026557,0.0685499981045723,0.0421999990940094,0.0366000011563301,0.0320999994874,0.031700000166893,0.0357999987900257,0.0283499993383884
3.63407728817092,0.0221500005573034,0.0147000001743435,0.0563500002026557,0.0685499981045723,0.0421999990940094,0.0366000011563301,0.0320999994874,0.031700000166893,0.0357999987900257,0.0283499993383884
3.63407728817092,0.0221500005573034,0.0147000001743435,0.0563500002026557,0.0685499981045723,0.0421999990940094,0.0366000011563301,0.0320999994874,0.031700000166893,0.0357999987900257,0.0283499993383884
3.63407728817092,0.0221500005573034,0.0147000001743435,0.0563500002026557,0.0685499981045723,0.0421999990940094,0.0366000011563301,0.0320999994874,0.031700000166893,0.0357999987900257,0.0283499993383884
3.63407728817092,0.0221500005573034,0.0147000001743435,0.0563500002026557,0.0685499981045723,0.0421999990940094,0.0366000011563301,0.0320999994874,0.031700000166893,0.0357999987900257,0.0283499993383884
3.63407728817092,0.0221500005573034,0.0147000001743435,0.0563500002026557,0.0685499981045723,0.0421999990940094,0.0366000011563301,0.0320999994874,0.031700000166893,0.0357999987900257,0.0283499993383884
3.63407728817092,0.0221500005573034,0.0147000001743435,0.0563500002026557,0.0685499981045723,0.0421999990940094,0.0366000011563301,0.0320999994874,0.031700000166893,0.0357999987900257,0.0283499993383884
3.63407728817092,0.0221500005573034,0.0147000001743435,0.0563500002026557,0.0685499981045723,0.0421999990940094,0.0366000011563301,0.0320999994874,0.031700000166893,0.0357999987900257,0.0283499993383884
3.63407728817092,0.0221500005573034,0.0147000001743435,0.0563500002026557,0.0685499981045723,0.0421999990940094,0.0366000011563301,0.0320999994874,0.031700000166893,0.0357999987900257,0.0283499993383884
3.63407728817092,0.0221500005573034,0.0147000001743435,0.0563500002026557,0.0685499981045723,0.0421999990940094,0.0366000011563301,0.0320999994874,0.031700000166893,0.0357999987900257,0.0283499993383884
3.63407728817092,0.0221500005573034,0.0147000001743435,0.0563500002026557,0.0685499981045723,0.0421999990940094,0.0366000011563301,0.0320999994874,0.031700000166893,0.0357999987900257,0.0283499993383884
3.63407728817092,0.0221500005573034,0.0147000001743435,0.0563500002026557,0.0685499981045723,0.0421999990940094,0.0366000011563301,0.0320999994874,0.031700000166893,0.0357999987900257,0.0283499993383884
3.63407728817092,0.0221500005573034,0.0147000001743435,0.0563500002026557,0.0685499981045723,0.0421999990940094,0.0366000011563301,0.0320999994874,0.031700000166893,0.0357999987900257,0.0283499993383884
3.63407728817092,0.0221500005573034,0.0147000001743435,0.0563500002026557,0.0685499981045723,0.0421999990940094,0.0366000011563301,0.0320999994874,0.031700000166893,0.0357999987900257,0.0283499993383884
3.63407728817092,0.0221500005573034,0.0147000001743435,0.0563500002026557,0.0685499981045723,0.0421999990940094,0.0366000011563301,0.0320999994874,0.031700000166893,0.0357999987900257,0.0283499993383884
3.63407728817092,0.0221500005573034,0.0147000001743435,0.0563500002026557,0.0685499981045723,0.0421999990940094,0.0366000011563301,0.0320999994874,0.031700000166893,0.0357999987900257,0.0283499993383884
3.63407728817092,0.0221500005573034,0.0147000001743435,0.0563500002026557,0.0685499981045723,0.0421999990940094,0.0366000011563301,0.0320999994874,0.031700000166893,0.0357999987900257,0.0283499993383884
3.63407728817092,0.0221500005573034,0.0147000001743435,0.0563500002026557,0.0685499981045723,0.0421999990940094,0.0366000011563301,0.0320999994874,0.031700000166893,0.0357999987900257,0.0283499993383884
3.63407728817092,0.0221500005573034,0.0147000001743435,0.0563500002026557,0.0685499981045723,0.0421999990940094,0.0366000011563301,0.0320999994874,0.031700000166893,0.0357999987900257,0.0283499993383884
3.63407728817092,0.0221500005573034,0.0147000001743435,0.0563500002026557,0.0685499981045723,0.0421999990940094,0.0366000011563301,0.0320999994874,0.031700000166893,0.0357999987900257,0.0283499993383884
2.84782355764667,0.0221500005573034,0.0147000001743435,0.0563500002026557,0.0685499981045723,0.0421999990940094,0.0366000011563301,0.0320999994874,0.031700000166893,0.0357999987900257,0.0283499993383884
2.84782355764667,0.0221500005573034,0.0147000001743435,0.0563500002026557,0.0685499981045723,0.0421999990940094,0.0366000011563301,0.0320999994874,0.031700000166893,0.0357999987900257,0.0283499993383884
2.84782355764667,0.0221500005573034,0.0147000001743435,0.0563500002026557,0.0685499981045723,0.0421999990940094,0.0366000011563301,0.0320999994874,0.031700000166893,0.0357999987900257,0.0283499993383884
2.84782355764667,0.0221500005573034,0.0147000001743435,0.0563500002026557,0.0685499981045723,0.0421999990940094,0.0366000011563301,0.0320999994874,0.031700000166893,0.0357999987900257,0.0283499993383884
2.84782355764667,0.0221500005573034,0.0147000001743435,0.0563500002026557,0.0685499981045723,0.0421999990940094,0.0366000011563301,0.0320999994874,0.031700000166893,0.0357999987900257,0.0283499993383884
2.84782355764667,0.0221500005573034,0.0147000001743435,0.0563500002026557,0.0685499981045723,0.0421999990940094,0.0366000011563301,0.0320999994874,0.031700000166893,0.0357999987900257,0.0283499993383884
2.84782355764667,0.0221500005573034,0.0147000001743435,0.0563500002026557,0.0685499981045723,0.0421999990940094,0.0366000011563301,0.0320999994874,0.031700000166893,0.0357999987900257,0.0283499993383884
2.84782355764667,0.0221500005573034,0.0147000001743435,0.0563500002026557,0.0685499981045723,0.0421999990940094,0.0366000011563301,0.0320999994874,0.031700000166893,0.0357999987900257,0.0283499993383884
2.84782355764667,0.0221500005573034,0.0147000001743435,0.0563500002026557,0.0685499981045723,0.0421999990940094,0.0366000011563301,0.0320999994874,0.031700000166893,0.0357999987900257,0.0283499993383884
2.84782355764667,0.0221500005573034,0.0147000001743435,0.0563500002026557,0.0685499981045723,0.0421999990940094,0.0366000011563301,0.0320999994874,0.031700000166893,0.0357999987900257,0.0283499993383884
2.84782355764667,0.0221500005573034,0.0147000001743435,0.0563500002026557,0.0685499981045723,0.0421999990940094,0.0366000011563301,0.0320999994874,0.031700000166893,0.0357999987900257,0.0283499993383884
2.84782355764667,0.0221500005573034,0.0147000001743435,0.0563500002026557,0.0685499981045723,0.0421999990940094,0.0366000011563301,0.0320999994874,0.031700000166893,0.0357999987900257,0.0283499993383884
2.84782355764667,0.0221500005573034,0.0147000001743435,0.0563500002026557,0.0685499981045723,0.0421999990940094,0.0366000011563301,0.0320999994874,0.031700000166893,0.0357999987900257,0.0283499993383884
2.84782355764667,0.0221500005573034,0.0147000001743435,0.0563500002026557,0.0685499981045723,0.0421999990940094,0.0366000011563301,0.0320999994874,0.031700000166893,0.0357999987900257,0.0283499993383884
2.84782355764667,0.0221500005573034,0.0147000001743435,0.0563500002026557,0.0685499981045723,0.0421999990940094,0.0366000011563301,0.0320999994874,0.031700000166893,0.0357999987900257,0.0283499993383884
2.84782355764667,0.0221500005573034,0.0147000001743435,0.0563500002026557,0.0685499981045723,0.0421999990940094,0.0366000011563301,0.0320999994874,0.031700000166893,0.0357999987900257,0.0283499993383884
2.84782355764667,0.0221500005573034,0.0147000001743435,0.0563500002026557,0.0685499981045723,0.0421999990940094,0.0366000011563301,0.0320999994874,0.031700000166893,0.0357999987900257,0.0283499993383884
2.84782355764667,0.0221500005573034,0.0147000001743435,0.0563500002026557,0.0685499981045723,0.0421999990940094,0.0366000011563301,0.0320999994874,0.031700000166893,0.0357999987900257,0.0283499993383884
2.84782355764667,0.0221500005573034,0.0147000001743435,0.0563500002026557,0.0685499981045723,0.0421999990940094,0.0366000011563301,0.0320999994874,0.031700000166893,0.0357999987900257,0.0283499993383884
2.84782355764667,0.0221500005573034,0.0147000001743435,0.0563500002026557,0.0685499981045723,0.0421999990940094,0.0366000011563301,0.0320999994874,0.031700000166893,0.0357999987900257,0.0283499993383884
2.84782355764667,0.0221500005573034,0.0147000001743435,0.0563500002026557,0.0685499981045723,0.0421999990940094,0.0366000011563301,0.0320999994874,0.031700000166893,0.0357999987900257,0.0283499993383884
2.84782355764667,0.0221500005573034,0.0147000001743435,0.0563500002026557,0.0685499981045723,0.0421999990940094,0.0366000011563301,0.0320999994874,0.031700000166893,0.0357999987900257,0.0283499993383884
2.84782355764667,0.0221500005573034,0.0147000001743435,0.0563500002026557,0.0685499981045723,0.0421999990940094,0.0366000011563301,0.0320999994874,0.031700000166893,0.0357999987900257,0.0283499993383884
2.84782355764667,0.0221500005573034,0.0147000001743435,0.0563500002026557,0.0685499981045723,0.0421999990940094,0.0366000011563301,0.0320999994874,0.031700000166893,0.0357999987900257,0.0283499993383884
2.84782355764667,0.0221500005573034,0.0147000001743435,0.0563500002026557,0.0685499981045723,0.0421999990940094,0.0366000011563301,0.0320999994874,0.031700000166893,0.0357999987900257,0.0283499993383884
2.84782355764667,0.0221500005573034,0.0147000001743435,0.0563500002026557,0.0685499981045723,0.0421999990940094,0.0366000011563301,0.0320999994874,0.031700000166893,0.0357999987900257,0.0283499993383884
2.84782355764667,0.0221500005573034,0.0147000001743435,0.0563500002026557,0.0685499981045723,0.0421999990940094,0.0366000011563301,0.0320999994874,0.031700000166893,0.0357999987900257,0.0283499993383884
2.75599489088771,0.0221500005573034,0.0147000001743435,0.0563500002026557,0.0685499981045723,0.0421999990940094,0.0366000011563301,0.0320999994874,0.031700000166893,0.0357999987900257,0.0283499993383884
2.75599489088771,0.0221500005573034,0.0147000001743435,0.0563500002026557,0.0685499981045723,0.0421999990940094,0.0366000011563301,0.0320999994874,0.031700000166893,0.0357999987900257,0.0283499993383884
2.75599489088771,0.0221500005573034,0.0147000001743435,0.0563500002026557,0.0685499981045723,0.0421999990940094,0.0366000011563301,0.0320999994874,0.031700000166893,0.0357999987900257,0.0283499993383884
2.75599489088771,0.0221500005573034,0.0147000001743435,0.0563500002026557,0.0685499981045723,0.0421999990940094,0.0366000011563301,0.0320999994874,0.031700000166893,0.0357999987900257,0.0283499993383884
2.75599489088771,0.0221500005573034,0.0147000001743435,0.0563500002026557,0.0685499981045723,0.0421999990940094,0.0366000011563301,0.0320999994874,0.031700000166893,0.0357999987900257,0.0283499993383884
2.75599489088771,0.0221500005573034,0.0147000001743435,0.0563500002026557,0.0685499981045723,0.0421999990940094,0.0366000011563301,0.0320999994874,0.031700000166893,0.0357999987900257,0.0283499993383884
2.75599489088771,0.0221500005573034,0.0147000001743435,0.0563500002026557,0.0685499981045723,0.0421999990940094,0.0366000011563301,0.0320999994874,0.031700000166893,0.0357999987900257,0.0283499993383884
2.75599489088771,0.0221500005573034,0.0147000001743435,0.0563500002026557,0.0685499981045723,0.0421999990940094,0.0366000011563301,0.0320999994874,0.031700000166893,0.0357999987900257,0.0283499993383884
2.75599489088771,0.0221500005573034,0.0147000001743435,0.0563500002026557,0.0685499981045723,0.0421999990940094,0.0366000011563301,0.0320999994874,0.031700000166893,0.0357999987900257,0.0283499993383884
2.75599489088771,0.0221500005573034,0.0147000001743435,0.0563500002026557,0.0685499981045723,0.0421999990940094,0.0366000011563301,0.0320999994874,0.031700000166893,0.0357999987900257,0.0283499993383884
2.75599489088771,0.0221500005573034,0.0147000001743435,0.0563500002026557,0.0685499981045723,0.0421999990940094,0.0366000011563301,0.0320999994874,0.031700000166893,0.0357999987900257,0.0283499993383884
2.75599489088771,0.0221500005573034,0.0147000001743435,0.0563500002026557,0.0685499981045723,0.0421999990940094,0.0366000011563301,0.0320999994874,0.031700000166893,0.0357999987900257,0.0283499993383884
2.75599489088771,0.0221500005573034,0.0147000001743435,0.0563500002026557,0.0685499981045723,0.0421999990940094,0.0366000011563301,0.0320999994874,0.031700000166893,0.0357999987900257,0.0283499993383884
2.75599489088771,0.0221500005573034,0.0147000001743435,0.0563500002026557,0.0685499981045723,0.0421999990940094,0.0366000011563301,0.0320999994874,0.031700000166893,0.0357999987900257,0.0283499993383884
2.75599489088771,0.0221500005573034,0.0147000001743435,0.0563500002026557,0.0685499981045723,0.0421999990940094,0.0366000011563301,0.0320999994874,0.031700000166893,0.0357999987900257,0.0283499993383884
2.75599489088771,0.0221500005573034,0.0147000001743435,0.0563500002026557,0.0685499981045723,0.0421999990940094,0.0366000011563301,0.0320999994874,0.031700000166893,0.0357999987900257,0.0283499993383884
2.75599489088771,0.0221500005573034,0.0147000001743435,0.0563500002026557,0.0685499981045723,0.0421999990940094,0.0366000011563301,0.0320999994874,0.031700000166893,0.0357999987900257,0.0283499993383884
2.75599489088771,0.0221500005573034,0.0147000001743435,0.0563500002026557,0.0685499981045723,0.0421999990940094,0.0366000011563301,0.0320999994874,0.031700000166893,0.0357999987900257,0.0283499993383884
2.75599489088771,0.0221500005573034,0.0147000001743435,0.0563500002026557,0.0685499981045723,0.0421999990940094,0.0366000011563301,0.0320999994874,0.031700000166893,0.0357999987900257,0.0283499993383884
2.75599489088771,0.0221500005573034,0.0147000001743435,0.0563500002026557,0.0685499981045723,0.0421999990940094,0.0366000011563301,0.0320999994874,0.031700000166893,0.0357999987900257,0.0283499993383884
2.75599489088771,0.0221500005573034,0.0147000001743435,0.0563500002026557,0.0685499981045723,0.0421999990940094,0.0366000011563301,0.0320999994874,0.031700000166893,0.0357999987900257,0.0283499993383884
2.75599489088771,0.0221500005573034,0.0147000001743435,0.0563500002026557,0.0685499981045723,0.0421999990940094,0.0366000011563301,0.0320999994874,0.031700000166893,0.0357999987900257,0.0283499993383884
2.75599489088771,0.0221500005573034,0.0147000001743435,0.0563500002026557,0.0685499981045723,0.0421999990940094,0.0366000011563301,0.0320999994874,0.031700000166893,0.0357999987900257,0.0283499993383884
2.75599489088771,0.0221500005573034,0.0147000001743435,0.0563500002026557,0.0685499981045723,0.0421999990940094,0.0366000011563301,0.0320999994874,0.031700000166893,0.0357999987900257,0.0283499993383884
2.75599489088771,0.0221500005573034,0.0147000001743435,0.0563500002026557,0.0685499981045723,0.0421999990940094,0.0366000011563301,0.0320999994874,0.031700000166893,0.0357999987900257,0.0283499993383884
2.75599489088771,0.0221500005573034,0.0147000001743435,0.0563500002026557,0.0685499981045723,0.0421999990940094,0.0366000011563301,0.0320999994874,0.031700000166893,0.0357999987900257,0.0283499993383884
2.75599489088771,0.0221500005573034,0.0147000001743435,0.0563500002026557,0.0685499981045723,0.0421999990940094,0.0366000011563301,0.0320999994874,0.031700000166893,0.0357999987900257,0.0283499993383884
3.7195167254429,0.0221500005573034,0.0147000001743435,0.0563500002026557,0.0685499981045723,0.0421999990940094,0.0366000011563301,0.0320999994874,0.031700000166893,0.0357999987900257,0.0283499993383884
2.87004747932843,0.0248000007122755,0.0156999994069337,0.0744000002741813,0.0953999981284141,0.0606999993324279,0.0326999984681606,0.0362999998033046,0.0291000008583068,0.0535999983549118,0.0295000001788139
2.87004747932843,0.0248000007122755,0.0156999994069337,0.0744000002741813,0.0953999981284141,0.0606999993324279,0.0326999984681606,0.0362999998033046,0.0291000008583068,0.0535999983549118,0.0295000001788139
2.87004747932843,0.0248000007122755,0.0156999994069337,0.0744000002741813,0.0953999981284141,0.0606999993324279,0.0326999984681606,0.0362999998033046,0.0291000008583068,0.0535999983549118,0.0295000001788139
2.87004747932843,0.0248000007122755,0.0156999994069337,0.0744000002741813,0.0953999981284141,0.0606999993324279,0.0326999984681606,0.0362999998033046,0.0291000008583068,0.0535999983549118,0.0295000001788139
2.87004747932843,0.0248000007122755,0.0156999994069337,0.0744000002741813,0.0953999981284141,0.0606999993324279,0.0326999984681606,0.0362999998033046,0.0291000008583068,0.0535999983549118,0.0295000001788139
2.87004747932843,0.0248000007122755,0.0156999994069337,0.0744000002741813,0.0953999981284141,0.0606999993324279,0.0326999984681606,0.0362999998033046,0.0291000008583068,0.0535999983549118,0.0295000001788139
2.87004747932843,0.0248000007122755,0.0156999994069337,0.0744000002741813,0.0953999981284141,0.0606999993324279,0.0326999984681606,0.0362999998033046,0.0291000008583068,0.0535999983549118,0.0295000001788139
2.87004747932843,0.0248000007122755,0.0156999994069337,0.0744000002741813,0.0953999981284141,0.0606999993324279,0.0326999984681606,0.0362999998033046,0.0291000008583068,0.0535999983549118,0.0295000001788139
2.81124668903051,0.0248000007122755,0.0156999994069337,0.0744000002741813,0.0953999981284141,0.0606999993324279,0.0326999984681606,0.0362999998033046,0.0291000008583068,0.0535999983549118,0.0295000001788139
2.81124668903051,0.0248000007122755,0.0156999994069337,0.0744000002741813,0.0953999981284141,0.0606999993324279,0.0326999984681606,0.0362999998033046,0.0291000008583068,0.0535999983549118,0.0295000001788139
2.81124668903051,0.0248000007122755,0.0156999994069337,0.0744000002741813,0.0953999981284141,0.0606999993324279,0.0326999984681606,0.0362999998033046,0.0291000008583068,0.0535999983549118,0.0295000001788139
2.81124668903051,0.0248000007122755,0.0156999994069337,0.0744000002741813,0.0953999981284141,0.0606999993324279,0.0326999984681606,0.0362999998033046,0.0291000008583068,0.0535999983549118,0.0295000001788139
2.81124668903051,0.0248000007122755,0.0156999994069337,0.0744000002741813,0.0953999981284141,0.0606999993324279,0.0326999984681606,0.0362999998033046,0.0291000008583068,0.0535999983549118,0.0295000001788139
2.81124668903051,0.0248000007122755,0.0156999994069337,0.0744000002741813,0.0953999981284141,0.0606999993324279,0.0326999984681606,0.0362999998033046,0.0291000008583068,0.0535999983549118,0.0295000001788139
2.81124668903051,0.0248000007122755,0.0156999994069337,0.0744000002741813,0.0953999981284141,0.0606999993324279,0.0326999984681606,0.0362999998033046,0.0291000008583068,0.0535999983549118,0.0295000001788139
2.81124668903051,0.0248000007122755,0.0156999994069337,0.0744000002741813,0.0953999981284141,0.0606999993324279,0.0326999984681606,0.0362999998033046,0.0291000008583068,0.0535999983549118,0.0295000001788139
2.36640614288023,0.0248000007122755,0.0156999994069337,0.0744000002741813,0.0953999981284141,0.0606999993324279,0.0326999984681606,0.0362999998033046,0.0291000008583068,0.0535999983549118,0.0295000001788139
2.36640614288023,0.0248000007122755,0.0156999994069337,0.0744000002741813,0.0953999981284141,0.0606999993324279,0.0326999984681606,0.0362999998033046,0.0291000008583068,0.0535999983549118,0.0295000001788139
2.36640614288023,0.0248000007122755,0.0156999994069337,0.0744000002741813,0.0953999981284141,0.0606999993324279,0.0326999984681606,0.0362999998033046,0.0291000008583068,0.0535999983549118,0.0295000001788139
2.36640614288023,0.0248000007122755,0.0156999994069337,0.0744000002741813,0.0953999981284141,0.0606999993324279,0.0326999984681606,0.0362999998033046,0.0291000008583068,0.0535999983549118,0.0295000001788139
2.36640614288023,0.0248000007122755,0.0156999994069337,0.0744000002741813,0.0953999981284141,0.0606999993324279,0.0326999984681606,0.0362999998033046,0.0291000008583068,0.0535999983549118,0.0295000001788139
2.36640614288023,0.0248000007122755,0.0156999994069337,0.0744000002741813,0.0953999981284141,0.0606999993324279,0.0326999984681606,0.0362999998033046,0.0291000008583068,0.0535999983549118,0.0295000001788139
2.36640614288023,0.0248000007122755,0.0156999994069337,0.0744000002741813,0.0953999981284141,0.0606999993324279,0.0326999984681606,0.0362999998033046,0.0291000008583068,0.0535999983549118,0.0295000001788139
2.36640614288023,0.0248000007122755,0.0156999994069337,0.0744000002741813,0.0953999981284141,0.0606999993324279,0.0326999984681606,0.0362999998033046,0.0291000008583068,0.0535999983549118,0.0295000001788139
2.91749845644629,0.0248000007122755,0.0156999994069337,0.0744000002741813,0.0953999981284141,0.0606999993324279,0.0326999984681606,0.0362999998033046,0.0291000008583068,0.0535999983549118,0.0295000001788139
2.91749845644629,0.0248000007122755,0.0156999994069337,0.0744000002741813,0.0953999981284141,0.0606999993324279,0.0326999984681606,0.0362999998033046,0.0291000008583068,0.0535999983549118,0.0295000001788139
2.91749845644629,0.0248000007122755,0.0156999994069337,0.0744000002741813,0.0953999981284141,0.0606999993324279,0.0326999984681606,0.0362999998033046,0.0291000008583068,0.0535999983549118,0.0295000001788139
2.91749845644629,0.0248000007122755,0.0156999994069337,0.0744000002741813,0.0953999981284141,0.0606999993324279,0.0326999984681606,0.0362999998033046,0.0291000008583068,0.0535999983549118,0.0295000001788139
2.91749845644629,0.0248000007122755,0.0156999994069337,0.0744000002741813,0.0953999981284141,0.0606999993324279,0.0326999984681606,0.0362999998033046,0.0291000008583068,0.0535999983549118,0.0295000001788139
2.91749845644629,0.0248000007122755,0.0156999994069337,0.0744000002741813,0.0953999981284141,0.0606999993324279,0.0326999984681606,0.0362999998033046,0.0291000008583068,0.0535999983549118,0.0295000001788139
2.91749845644629,0.0248000007122755,0.0156999994069337,0.0744000002741813,0.0953999981284141,0.0606999993324279,0.0326999984681606,0.0362999998033046,0.0291000008583068,0.0535999983549118,0.0295000001788139
2.91749845644629,0.0248000007122755,0.0156999994069337,0.0744000002741813,0.0953999981284141,0.0606999993324279,0.0326999984681606,0.0362999998033046,0.0291000008583068,0.0535999983549118,0.0295000001788139
2.89115426269126,0.0248000007122755,0.0156999994069337,0.0744000002741813,0.0953999981284141,0.0606999993324279,0.0326999984681606,0.0362999998033046,0.0291000008583068,0.0535999983549118,0.0295000001788139
2.45724173971962,0.0185000002384185,0.0137000000104308,0.0744000002741813,0.0832000002264976,0.0480000004172325,0.0297999996691942,0.0298999994993209,0.0291000008583068,0.0416000001132488,0.0260000005364418
0.810835840062904,0.0161499995738267,0.0115499999374151,0.032549999654293,0.0373000018298625,0.0243500005453825,0.0203000009059906,0.0194499995559453,0.0203499998897314,0.0258000008761882,0.016499999910593
0.810835840062904,0.0161499995738267,0.0115499999374151,0.032549999654293,0.0373000018298625,0.0243500005453825,0.0203000009059906,0.0194499995559453,0.0203499998897314,0.0258000008761882,0.016499999910593
0.810835840062904,0.0161499995738267,0.0115499999374151,0.032549999654293,0.0373000018298625,0.0243500005453825,0.0203000009059906,0.0194499995559453,0.0203499998897314,0.0258000008761882,0.016499999910593
0.810835840062904,0.0161499995738267,0.0115499999374151,0.032549999654293,0.0373000018298625,0.0243500005453825,0.0203000009059906,0.0194499995559453,0.0203499998897314,0.0258000008761882,0.016499999910593
0.810835840062904,0.0161499995738267,0.0115499999374151,0.032549999654293,0.0373000018298625,0.0243500005453825,0.0203000009059906,0.0194499995559453,0.0203499998897314,0.0258000008761882,0.016499999910593
0.810835840062904,0.0161499995738267,0.0115499999374151,0.032549999654293,0.0373000018298625,0.0243500005453825,0.0203000009059906,0.0194499995559453,0.0203499998897314,0.0258000008761882,0.016499999910593
0.810835840062904,0.0161499995738267,0.0115499999374151,0.032549999654293,0.0373000018298625,0.0243500005453825,0.0203000009059906,0.0194499995559453,0.0203499998897314,0.0258000008761882,0.016499999910593
0.810835840062904,0.0161499995738267,0.0115499999374151,0.032549999654293,0.0373000018298625,0.0243500005453825,0.0203000009059906,0.0194499995559453,0.0203499998897314,0.0258000008761882,0.016499999910593
0.810835840062904,0.0161499995738267,0.0115499999374151,0.032549999654293,0.0373000018298625,0.0243500005453825,0.0203000009059906,0.0194499995559453,0.0203499998897314,0.0258000008761882,0.016499999910593
0.810835840062904,0.0161499995738267,0.0115499999374151,0.032549999654293,0.0373000018298625,0.0243500005453825,0.0203000009059906,0.0194499995559453,0.0203499998897314,0.0258000008761882,0.016499999910593
0.810835840062904,0.0161499995738267,0.0115499999374151,0.032549999654293,0.0373000018298625,0.0243500005453825,0.0203000009059906,0.0194499995559453,0.0203499998897314,0.0258000008761882,0.016499999910593
0.810835840062904,0.0161499995738267,0.0115499999374151,0.032549999654293,0.0373000018298625,0.0243500005453825,0.0203000009059906,0.0194499995559453,0.0203499998897314,0.0258000008761882,0.016499999910593
0.810835840062904,0.0161499995738267,0.0115499999374151,0.032549999654293,0.0373000018298625,0.0243500005453825,0.0203000009059906,0.0194499995559453,0.0203499998897314,0.0258000008761882,0.016499999910593
0.810835840062904,0.0161499995738267,0.0115499999374151,0.032549999654293,0.0373000018298625,0.0243500005453825,0.0203000009059906,0.0194499995559453,0.0203499998897314,0.0258000008761882,0.016499999910593
0.810835840062904,0.0161499995738267,0.0115499999374151,0.032549999654293,0.0373000018298625,0.0243500005453825,0.0203000009059906,0.0194499995559453,0.0203499998897314,0.0258000008761882,0.016499999910593
0.810835840062904,0.0161499995738267,0.0115499999374151,0.032549999654293,0.0373000018298625,0.0243500005453825,0.0203000009059906,0.0194499995559453,0.0203499998897314,0.0258000008761882,0.016499999910593
0.810835840062904,0.0161499995738267,0.0115499999374151,0.032549999654293,0.0373000018298625,0.0243500005453825,0.0203000009059906,0.0194499995559453,0.0203499998897314,0.0258000008761882,0.016499999910593
0.810835840062904,0.0161499995738267,0.0115499999374151,0.032549999654293,0.0373000018298625,0.0243500005453825,0.0203000009059906,0.0194499995559453,0.0203499998897314,0.0258000008761882,0.016499999910593
0.810835840062904,0.0161499995738267,0.0115499999374151,0.032549999654293,0.0373000018298625,0.0243500005453825,0.0203000009059906,0.0194499995559453,0.0203499998897314,0.0258000008761882,0.016499999910593
0.810835840062904,0.0161499995738267,0.0115499999374151,0.032549999654293,0.0373000018298625,0.0243500005453825,0.0203000009059906,0.0194499995559453,0.0203499998897314,0.0258000008761882,0.016499999910593
0.810835840062904,0.0161499995738267,0.0115499999374151,0.032549999654293,0.0373000018298625,0.0243500005453825,0.0203000009059906,0.0194499995559453,0.0203499998897314,0.0258000008761882,0.016499999910593
0.810835840062904,0.0161499995738267,0.0115499999374151,0.032549999654293,0.0373000018298625,0.0243500005453825,0.0203000009059906,0.0194499995559453,0.0203499998897314,0.0258000008761882,0.016499999910593
0.810835840062904,0.0161499995738267,0.0115499999374151,0.032549999654293,0.0373000018298625,0.0243500005453825,0.0203000009059906,0.0194499995559453,0.0203499998897314,0.0258000008761882,0.016499999910593
0.810835840062904,0.0161499995738267,0.0115499999374151,0.032549999654293,0.0373000018298625,0.0243500005453825,0.0203000009059906,0.0194499995559453,0.0203499998897314,0.0258000008761882,0.016499999910593
0.810835840062904,0.0161499995738267,0.0115499999374151,0.032549999654293,0.0373000018298625,0.0243500005453825,0.0203000009059906,0.0194499995559453,0.0203499998897314,0.0258000008761882,0.016499999910593
0.810835840062904,0.0161499995738267,0.0115499999374151,0.032549999654293,0.0373000018298625,0.0243500005453825,0.0203000009059906,0.0194499995559453,0.0203499998897314,0.0258000008761882,0.016499999910593
0.810835840062904,0.0161499995738267,0.0115499999374151,0.032549999654293,0.0373000018298625,0.0243500005453825,0.0203000009059906,0.0194499995559453,0.0203499998897314,0.0258000008761882,0.016499999910593
0.84973922371934,0.0161499995738267,0.0115499999374151,0.032549999654293,0.0373000018298625,0.0243500005453825,0.0203000009059906,0.0194499995559453,0.0203499998897314,0.0258000008761882,0.016499999910593
0.84973922371934,0.0161499995738267,0.0115499999374151,0.032549999654293,0.0373000018298625,0.0243500005453825,0.0203000009059906,0.0194499995559453,0.0203499998897314,0.0258000008761882,0.016499999910593
0.84973922371934,0.0161499995738267,0.0115499999374151,0.032549999654293,0.0373000018298625,0.0243500005453825,0.0203000009059906,0.0194499995559453,0.0203499998897314,0.0258000008761882,0.016499999910593
0.84973922371934,0.0161499995738267,0.0115499999374151,0.032549999654293,0.0373000018298625,0.0243500005453825,0.0203000009059906,0.0194499995559453,0.0203499998897314,0.0258000008761882,0.016499999910593
0.84973922371934,0.0161499995738267,0.0115499999374151,0.032549999654293,0.0373000018298625,0.0243500005453825,0.0203000009059906,0.0194499995559453,0.0203499998897314,0.0258000008761882,0.016499999910593
0.84973922371934,0.0161499995738267,0.0115499999374151,0.032549999654293,0.0373000018298625,0.0243500005453825,0.0203000009059906,0.0194499995559453,0.0203499998897314,0.0258000008761882,0.016499999910593
0.84973922371934,0.0161499995738267,0.0115499999374151,0.032549999654293,0.0373000018298625,0.0243500005453825,0.0203000009059906,0.0194499995559453,0.0203499998897314,0.0258000008761882,0.016499999910593
0.84973922371934,0.0161499995738267,0.0115499999374151,0.032549999654293,0.0373000018298625,0.0243500005453825,0.0203000009059906,0.0194499995559453,0.0203499998897314,0.0258000008761882,0.016499999910593
0.84973922371934,0.0161499995738267,0.0115499999374151,0.032549999654293,0.0373000018298625,0.0243500005453825,0.0203000009059906,0.0194499995559453,0.0203499998897314,0.0258000008761882,0.016499999910593
0.84973922371934,0.0161499995738267,0.0115499999374151,0.032549999654293,0.0373000018298625,0.0243500005453825,0.0203000009059906,0.0194499995559453,0.0203499998897314,0.0258000008761882,0.016499999910593
0.84973922371934,0.0161499995738267,0.0115499999374151,0.032549999654293,0.0373000018298625,0.0243500005453825,0.0203000009059906,0.0194499995559453,0.0203499998897314,0.0258000008761882,0.016499999910593
0.84973922371934,0.0161499995738267,0.0115499999374151,0.032549999654293,0.0373000018298625,0.0243500005453825,0.0203000009059906,0.0194499995559453,0.0203499998897314,0.0258000008761882,0.016499999910593
0.84973922371934,0.0161499995738267,0.0115499999374151,0.032549999654293,0.0373000018298625,0.0243500005453825,0.0203000009059906,0.0194499995559453,0.0203499998897314,0.0258000008761882,0.016499999910593
0.84973922371934,0.0161499995738267,0.0115499999374151,0.032549999654293,0.0373000018298625,0.0243500005453825,0.0203000009059906,0.0194499995559453,0.0203499998897314,0.0258000008761882,0.016499999910593
0.84973922371934,0.0161499995738267,0.0115499999374151,0.032549999654293,0.0373000018298625,0.0243500005453825,0.0203000009059906,0.0194499995559453,0.0203499998897314,0.0258000008761882,0.016499999910593
0.84973922371934,0.0161499995738267,0.0115499999374151,0.032549999654293,0.0373000018298625,0.0243500005453825,0.0203000009059906,0.0194499995559453,0.0203499998897314,0.0258000008761882,0.016499999910593
0.84973922371934,0.0161499995738267,0.0115499999374151,0.032549999654293,0.0373000018298625,0.0243500005453825,0.0203000009059906,0.0194499995559453,0.0203499998897314,0.0258000008761882,0.016499999910593
0.84973922371934,0.0161499995738267,0.0115499999374151,0.032549999654293,0.0373000018298625,0.0243500005453825,0.0203000009059906,0.0194499995559453,0.0203499998897314,0.0258000008761882,0.016499999910593
0.84973922371934,0.0161499995738267,0.0115499999374151,0.032549999654293,0.0373000018298625,0.0243500005453825,0.0203000009059906,0.0194499995559453,0.0203499998897314,0.0258000008761882,0.016499999910593
0.84973922371934,0.0161499995738267,0.0115499999374151,0.032549999654293,0.0373000018298625,0.0243500005453825,0.0203000009059906,0.0194499995559453,0.0203499998897314,0.0258000008761882,0.016499999910593
0.84973922371934,0.0161499995738267,0.0115499999374151,0.032549999654293,0.0373000018298625,0.0243500005453825,0.0203000009059906,0.0194499995559453,0.0203499998897314,0.0258000008761882,0.016499999910593
0.84973922371934,0.0161499995738267,0.0115499999374151,0.032549999654293,0.0373000018298625,0.0243500005453825,0.0203000009059906,0.0194499995559453,0.0203499998897314,0.0258000008761882,0.016499999910593
0.84973922371934,0.0161499995738267,0.0115499999374151,0.032549999654293,0.0373000018298625,0.0243500005453825,0.0203000009059906,0.0194499995559453,0.0203499998897314,0.0258000008761882,0.016499999910593
0.84973922371934,0.0161499995738267,0.0115499999374151,0.032549999654293,0.0373000018298625,0.0243500005453825,0.0203000009059906,0.0194499995559453,0.0203499998897314,0.0258000008761882,0.016499999910593
0.84973922371934,0.0161499995738267,0.0115499999374151,0.032549999654293,0.0373000018298625,0.0243500005453825,0.0203000009059906,0.0194499995559453,0.0203499998897314,0.0258000008761882,0.016499999910593
0.84973922371934,0.0161499995738267,0.0115499999374151,0.032549999654293,0.0373000018298625,0.0243500005453825,0.0203000009059906,0.0194499995559453,0.0203499998897314,0.0258000008761882,0.016499999910593
0.84973922371934,0.0161499995738267,0.0115499999374151,0.032549999654293,0.0373000018298625,0.0243500005453825,0.0203000009059906,0.0194499995559453,0.0203499998897314,0.0258000008761882,0.016499999910593
0.992689843798833,0.0161499995738267,0.0115499999374151,0.032549999654293,0.0373000018298625,0.0243500005453825,0.0203000009059906,0.0194499995559453,0.0203499998897314,0.0258000008761882,0.016499999910593
0.992689843798833,0.0161499995738267,0.0115499999374151,0.032549999654293,0.0373000018298625,0.0243500005453825,0.0203000009059906,0.0194499995559453,0.0203499998897314,0.0258000008761882,0.016499999910593
0.992689843798833,0.0161499995738267,0.0115499999374151,0.032549999654293,0.0373000018298625,0.0243500005453825,0.0203000009059906,0.0194499995559453,0.0203499998897314,0.0258000008761882,0.016499999910593
0.992689843798833,0.0161499995738267,0.0115499999374151,0.032549999654293,0.0373000018298625,0.0243500005453825,0.0203000009059906,0.0194499995559453,0.0203499998897314,0.0258000008761882,0.016499999910593
0.992689843798833,0.0161499995738267,0.0115499999374151,0.032549999654293,0.0373000018298625,0.0243500005453825,0.0203000009059906,0.0194499995559453,0.0203499998897314,0.0258000008761882,0.016499999910593
0.992689843798833,0.0161499995738267,0.0115499999374151,0.032549999654293,0.0373000018298625,0.0243500005453825,0.0203000009059906,0.0194499995559453,0.0203499998897314,0.0258000008761882,0.016499999910593
0.992689843798833,0.0161499995738267,0.0115499999374151,0.032549999654293,0.0373000018298625,0.0243500005453825,0.0203000009059906,0.0194499995559453,0.0203499998897314,0.0258000008761882,0.016499999910593
0.992689843798833,0.0161499995738267,0.0115499999374151,0.032549999654293,0.0373000018298625,0.0243500005453825,0.0203000009059906,0.0194499995559453,0.0203499998897314,0.0258000008761882,0.016499999910593
0.992689843798833,0.0161499995738267,0.0115499999374151,0.032549999654293,0.0373000018298625,0.0243500005453825,0.0203000009059906,0.0194499995559453,0.0203499998897314,0.0258000008761882,0.016499999910593
0.992689843798833,0.0161499995738267,0.0115499999374151,0.032549999654293,0.0373000018298625,0.0243500005453825,0.0203000009059906,0.0194499995559453,0.0203499998897314,0.0258000008761882,0.016499999910593
0.992689843798833,0.0161499995738267,0.0115499999374151,0.032549999654293,0.0373000018298625,0.0243500005453825,0.0203000009059906,0.0194499995559453,0.0203499998897314,0.0258000008761882,0.016499999910593
0.992689843798833,0.0161499995738267,0.0115499999374151,0.032549999654293,0.0373000018298625,0.0243500005453825,0.0203000009059906,0.0194499995559453,0.0203499998897314,0.0258000008761882,0.016499999910593
0.992689843798833,0.0161499995738267,0.0115499999374151,0.032549999654293,0.0373000018298625,0.0243500005453825,0.0203000009059906,0.0194499995559453,0.0203499998897314,0.0258000008761882,0.016499999910593
0.992689843798833,0.0161499995738267,0.0115499999374151,0.032549999654293,0.0373000018298625,0.0243500005453825,0.0203000009059906,0.0194499995559453,0.0203499998897314,0.0258000008761882,0.016499999910593
0.992689843798833,0.0161499995738267,0.0115499999374151,0.032549999654293,0.0373000018298625,0.0243500005453825,0.0203000009059906,0.0194499995559453,0.0203499998897314,0.0258000008761882,0.016499999910593
0.992689843798833,0.0161499995738267,0.0115499999374151,0.032549999654293,0.0373000018298625,0.0243500005453825,0.0203000009059906,0.0194499995559453,0.0203499998897314,0.0258000008761882,0.016499999910593
0.992689843798833,0.0161499995738267,0.0115499999374151,0.032549999654293,0.0373000018298625,0.0243500005453825,0.0203000009059906,0.0194499995559453,0.0203499998897314,0.0258000008761882,0.016499999910593
0.992689843798833,0.0161499995738267,0.0115499999374151,0.032549999654293,0.0373000018298625,0.0243500005453825,0.0203000009059906,0.0194499995559453,0.0203499998897314,0.0258000008761882,0.016499999910593
0.992689843798833,0.0161499995738267,0.0115499999374151,0.032549999654293,0.0373000018298625,0.0243500005453825,0.0203000009059906,0.0194499995559453,0.0203499998897314,0.0258000008761882,0.016499999910593
0.992689843798833,0.0161499995738267,0.0115499999374151,0.032549999654293,0.0373000018298625,0.0243500005453825,0.0203000009059906,0.0194499995559453,0.0203499998897314,0.0258000008761882,0.016499999910593
0.992689843798833,0.0161499995738267,0.0115499999374151,0.032549999654293,0.0373000018298625,0.0243500005453825,0.0203000009059906,0.0194499995559453,0.0203499998897314,0.0258000008761882,0.016499999910593
0.992689843798833,0.0161499995738267,0.0115499999374151,0.032549999654293,0.0373000018298625,0.0243500005453825,0.0203000009059906,0.0194499995559453,0.0203499998897314,0.0258000008761882,0.016499999910593
0.992689843798833,0.0161499995738267,0.0115499999374151,0.032549999654293,0.0373000018298625,0.0243500005453825,0.0203000009059906,0.0194499995559453,0.0203499998897314,0.0258000008761882,0.016499999910593
0.992689843798833,0.0161499995738267,0.0115499999374151,0.032549999654293,0.0373000018298625,0.0243500005453825,0.0203000009059906,0.0194499995559453,0.0203499998897314,0.0258000008761882,0.016499999910593
0.992689843798833,0.0161499995738267,0.0115499999374151,0.032549999654293,0.0373000018298625,0.0243500005453825,0.0203000009059906,0.0194499995559453,0.0203499998897314,0.0258000008761882,0.016499999910593
0.992689843798833,0.0161499995738267,0.0115499999374151,0.032549999654293,0.0373000018298625,0.0243500005453825,0.0203000009059906,0.0194499995559453,0.0203499998897314,0.0258000008761882,0.016499999910593
0.992689843798833,0.0161499995738267,0.0115499999374151,0.032549999654293,0.0373000018298625,0.0243500005453825,0.0203000009059906,0.0194499995559453,0.0203499998897314,0.0258000008761882,0.016499999910593
0.931878325385186,0.0161499995738267,0.0115499999374151,0.032549999654293,0.0373000018298625,0.0243500005453825,0.0203000009059906,0.0194499995559453,0.0203499998897314,0.0258000008761882,0.016499999910593
0.931878325385186,0.0161499995738267,0.0115499999374151,0.032549999654293,0.0373000018298625,0.0243500005453825,0.0203000009059906,0.0194499995559453,0.0203499998897314,0.0258000008761882,0.016499999910593
0.931878325385186,0.0161499995738267,0.0115499999374151,0.032549999654293,0.0373000018298625,0.0243500005453825,0.0203000009059906,0.0194499995559453,0.0203499998897314,0.0258000008761882,0.016499999910593
0.931878325385186,0.0161499995738267,0.0115499999374151,0.032549999654293,0.0373000018298625,0.0243500005453825,0.0203000009059906,0.0194499995559453,0.0203499998897314,0.0258000008761882,0.016499999910593
0.931878325385186,0.0161499995738267,0.0115499999374151,0.032549999654293,0.0373000018298625,0.0243500005453825,0.0203000009059906,0.0194499995559453,0.0203499998897314,0.0258000008761882,0.016499999910593
0.931878325385186,0.0161499995738267,0.0115499999374151,0.032549999654293,0.0373000018298625,0.0243500005453825,0.0203000009059906,0.0194499995559453,0.0203499998897314,0.0258000008761882,0.016499999910593
0.931878325385186,0.0161499995738267,0.0115499999374151,0.032549999654293,0.0373000018298625,0.0243500005453825,0.0203000009059906,0.0194499995559453,0.0203499998897314,0.0258000008761882,0.016499999910593
0.931878325385186,0.0161499995738267,0.0115499999374151,0.032549999654293,0.0373000018298625,0.0243500005453825,0.0203000009059906,0.0194499995559453,0.0203499998897314,0.0258000008761882,0.016499999910593
0.931878325385186,0.0161499995738267,0.0115499999374151,0.032549999654293,0.0373000018298625,0.0243500005453825,0.0203000009059906,0.0194499995559453,0.0203499998897314,0.0258000008761882,0.016499999910593
0.931878325385186,0.0161499995738267,0.0115499999374151,0.032549999654293,0.0373000018298625,0.0243500005453825,0.0203000009059906,0.0194499995559453,0.0203499998897314,0.0258000008761882,0.016499999910593
0.931878325385186,0.0161499995738267,0.0115499999374151,0.032549999654293,0.0373000018298625,0.0243500005453825,0.0203000009059906,0.0194499995559453,0.0203499998897314,0.0258000008761882,0.016499999910593
0.931878325385186,0.0161499995738267,0.0115499999374151,0.032549999654293,0.0373000018298625,0.0243500005453825,0.0203000009059906,0.0194499995559453,0.0203499998897314,0.0258000008761882,0.016499999910593
0.931878325385186,0.0161499995738267,0.0115499999374151,0.032549999654293,0.0373000018298625,0.0243500005453825,0.0203000009059906,0.0194499995559453,0.0203499998897314,0.0258000008761882,0.016499999910593
0.931878325385186,0.0161499995738267,0.0115499999374151,0.032549999654293,0.0373000018298625,0.0243500005453825,0.0203000009059906,0.0194499995559453,0.0203499998897314,0.0258000008761882,0.016499999910593
0.931878325385186,0.0161499995738267,0.0115499999374151,0.032549999654293,0.0373000018298625,0.0243500005453825,0.0203000009059906,0.0194499995559453,0.0203499998897314,0.0258000008761882,0.016499999910593
0.931878325385186,0.0161499995738267,0.0115499999374151,0.032549999654293,0.0373000018298625,0.0243500005453825,0.0203000009059906,0.0194499995559453,0.0203499998897314,0.0258000008761882,0.016499999910593
0.931878325385186,0.0161499995738267,0.0115499999374151,0.032549999654293,0.0373000018298625,0.0243500005453825,0.0203000009059906,0.0194499995559453,0.0203499998897314,0.0258000008761882,0.016499999910593
0.931878325385186,0.0161499995738267,0.0115499999374151,0.032549999654293,0.0373000018298625,0.0243500005453825,0.0203000009059906,0.0194499995559453,0.0203499998897314,0.0258000008761882,0.016499999910593
0.931878325385186,0.0161499995738267,0.0115499999374151,0.032549999654293,0.0373000018298625,0.0243500005453825,0.0203000009059906,0.0194499995559453,0.0203499998897314,0.0258000008761882,0.016499999910593
0.931878325385186,0.0161499995738267,0.0115499999374151,0.032549999654293,0.0373000018298625,0.0243500005453825,0.0203000009059906,0.0194499995559453,0.0203499998897314,0.0258000008761882,0.016499999910593
0.931878325385186,0.0161499995738267,0.0115499999374151,0.032549999654293,0.0373000018298625,0.0243500005453825,0.0203000009059906,0.0194499995559453,0.0203499998897314,0.0258000008761882,0.016499999910593
0.931878325385186,0.0161499995738267,0.0115499999374151,0.032549999654293,0.0373000018298625,0.0243500005453825,0.0203000009059906,0.0194499995559453,0.0203499998897314,0.0258000008761882,0.016499999910593
0.931878325385186,0.0161499995738267,0.0115499999374151,0.032549999654293,0.0373000018298625,0.0243500005453825,0.0203000009059906,0.0194499995559453,0.0203499998897314,0.0258000008761882,0.016499999910593
0.931878325385186,0.0161499995738267,0.0115499999374151,0.032549999654293,0.0373000018298625,0.0243500005453825,0.0203000009059906,0.0194499995559453,0.0203499998897314,0.0258000008761882,0.016499999910593
0.931878325385186,0.0161499995738267,0.0115499999374151,0.032549999654293,0.0373000018298625,0.0243500005453825,0.0203000009059906,0.0194499995559453,0.0203499998897314,0.0258000008761882,0.016499999910593
0.931878325385186,0.0161499995738267,0.0115499999374151,0.032549999654293,0.0373000018298625,0.0243500005453825,0.0203000009059906,0.0194499995559453,0.0203499998897314,0.0258000008761882,0.016499999910593
0.931878325385186,0.0161499995738267,0.0115499999374151,0.032549999654293,0.0373000018298625,0.0243500005453825,0.0203000009059906,0.0194499995559453,0.0203499998897314,0.0258000008761882,0.016499999910593
1.54652543973233,0.0161499995738267,0.0115499999374151,0.032549999654293,0.0373000018298625,0.0243500005453825,0.0203000009059906,0.0194499995559453,0.0203499998897314,0.0258000008761882,0.016499999910593
1.54652543973233,0.0161499995738267,0.0115499999374151,0.032549999654293,0.0373000018298625,0.0243500005453825,0.0203000009059906,0.0194499995559453,0.0203499998897314,0.0258000008761882,0.016499999910593
1.54652543973233,0.0161499995738267,0.0115499999374151,0.032549999654293,0.0373000018298625,0.0243500005453825,0.0203000009059906,0.0194499995559453,0.0203499998897314,0.0258000008761882,0.016499999910593
1.54652543973233,0.0161499995738267,0.0115499999374151,0.032549999654293,0.0373000018298625,0.0243500005453825,0.0203000009059906,0.0194499995559453,0.0203499998897314,0.0258000008761882,0.016499999910593
1.54652543973233,0.0161499995738267,0.0115499999374151,0.032549999654293,0.0373000018298625,0.0243500005453825,0.0203000009059906,0.0194499995559453,0.0203499998897314,0.0258000008761882,0.016499999910593
1.54652543973233,0.0161499995738267,0.0115499999374151,0.032549999654293,0.0373000018298625,0.0243500005453825,0.0203000009059906,0.0194499995559453,0.0203499998897314,0.0258000008761882,0.016499999910593
1.54652543973233,0.0161499995738267,0.0115499999374151,0.032549999654293,0.0373000018298625,0.0243500005453825,0.0203000009059906,0.0194499995559453,0.0203499998897314,0.0258000008761882,0.016499999910593
1.54652543973233,0.0161499995738267,0.0115499999374151,0.032549999654293,0.0373000018298625,0.0243500005453825,0.0203000009059906,0.0194499995559453,0.0203499998897314,0.0258000008761882,0.016499999910593
1.54652543973233,0.0161499995738267,0.0115499999374151,0.032549999654293,0.0373000018298625,0.0243500005453825,0.0203000009059906,0.0194499995559453,0.0203499998897314,0.0258000008761882,0.016499999910593
1.54652543973233,0.0161499995738267,0.0115499999374151,0.032549999654293,0.0373000018298625,0.0243500005453825,0.0203000009059906,0.0194499995559453,0.0203499998897314,0.0258000008761882,0.016499999910593
1.54652543973233,0.0161499995738267,0.0115499999374151,0.032549999654293,0.0373000018298625,0.0243500005453825,0.0203000009059906,0.0194499995559453,0.0203499998897314,0.0258000008761882,0.016499999910593
1.54652543973233,0.0161499995738267,0.0115499999374151,0.032549999654293,0.0373000018298625,0.0243500005453825,0.0203000009059906,0.0194499995559453,0.0203499998897314,0.0258000008761882,0.016499999910593
1.54652543973233,0.0161499995738267,0.0115499999374151,0.032549999654293,0.0373000018298625,0.0243500005453825,0.0203000009059906,0.0194499995559453,0.0203499998897314,0.0258000008761882,0.016499999910593
1.54652543973233,0.0161499995738267,0.0115499999374151,0.032549999654293,0.0373000018298625,0.0243500005453825,0.0203000009059906,0.0194499995559453,0.0203499998897314,0.0258000008761882,0.016499999910593
1.54652543973233,0.0161499995738267,0.0115499999374151,0.032549999654293,0.0373000018298625,0.0243500005453825,0.0203000009059906,0.0194499995559453,0.0203499998897314,0.0258000008761882,0.016499999910593
1.54652543973233,0.0161499995738267,0.0115499999374151,0.032549999654293,0.0373000018298625,0.0243500005453825,0.0203000009059906,0.0194499995559453,0.0203499998897314,0.0258000008761882,0.016499999910593
1.54652543973233,0.0161499995738267,0.0115499999374151,0.032549999654293,0.0373000018298625,0.0243500005453825,0.0203000009059906,0.0194499995559453,0.0203499998897314,0.0258000008761882,0.016499999910593
1.54652543973233,0.0161499995738267,0.0115499999374151,0.032549999654293,0.0373000018298625,0.0243500005453825,0.0203000009059906,0.0194499995559453,0.0203499998897314,0.0258000008761882,0.016499999910593
1.54652543973233,0.0161499995738267,0.0115499999374151,0.032549999654293,0.0373000018298625,0.0243500005453825,0.0203000009059906,0.0194499995559453,0.0203499998897314,0.0258000008761882,0.016499999910593
1.54652543973233,0.0161499995738267,0.0115499999374151,0.032549999654293,0.0373000018298625,0.0243500005453825,0.0203000009059906,0.0194499995559453,0.0203499998897314,0.0258000008761882,0.016499999910593
1.54652543973233,0.0161499995738267,0.0115499999374151,0.032549999654293,0.0373000018298625,0.0243500005453825,0.0203000009059906,0.0194499995559453,0.0203499998897314,0.0258000008761882,0.016499999910593
1.54652543973233,0.0161499995738267,0.0115499999374151,0.032549999654293,0.0373000018298625,0.0243500005453825,0.0203000009059906,0.0194499995559453,0.0203499998897314,0.0258000008761882,0.016499999910593
1.54652543973233,0.0161499995738267,0.0115499999374151,0.032549999654293,0.0373000018298625,0.0243500005453825,0.0203000009059906,0.0194499995559453,0.0203499998897314,0.0258000008761882,0.016499999910593
1.54652543973233,0.0161499995738267,0.0115499999374151,0.032549999654293,0.0373000018298625,0.0243500005453825,0.0203000009059906,0.0194499995559453,0.0203499998897314,0.0258000008761882,0.016499999910593
1.54652543973233,0.0161499995738267,0.0115499999374151,0.032549999654293,0.0373000018298625,0.0243500005453825,0.0203000009059906,0.0194499995559453,0.0203499998897314,0.0258000008761882,0.016499999910593
1.54652543973233,0.0161499995738267,0.0115499999374151,0.032549999654293,0.0373000018298625,0.0243500005453825,0.0203000009059906,0.0194499995559453,0.0203499998897314,0.0258000008761882,0.016499999910593
1.54652543973233,0.0161499995738267,0.0115499999374151,0.032549999654293,0.0373000018298625,0.0243500005453825,0.0203000009059906,0.0194499995559453,0.0203499998897314,0.0258000008761882,0.016499999910593
1.72938470959406,0.0161499995738267,0.0115499999374151,0.032549999654293,0.0373000018298625,0.0243500005453825,0.0203000009059906,0.0194499995559453,0.0203499998897314,0.0258000008761882,0.016499999910593
1.72938470959406,0.0161499995738267,0.0115499999374151,0.032549999654293,0.0373000018298625,0.0243500005453825,0.0203000009059906,0.0194499995559453,0.0203499998897314,0.0258000008761882,0.016499999910593
1.72938470959406,0.0161499995738267,0.0115499999374151,0.032549999654293,0.0373000018298625,0.0243500005453825,0.0203000009059906,0.0194499995559453,0.0203499998897314,0.0258000008761882,0.016499999910593
1.72938470959406,0.0161499995738267,0.0115499999374151,0.032549999654293,0.0373000018298625,0.0243500005453825,0.0203000009059906,0.0194499995559453,0.0203499998897314,0.0258000008761882,0.016499999910593
1.72938470959406,0.0161499995738267,0.0115499999374151,0.032549999654293,0.0373000018298625,0.0243500005453825,0.0203000009059906,0.0194499995559453,0.0203499998897314,0.0258000008761882,0.016499999910593
1.72938470959406,0.0161499995738267,0.0115499999374151,0.032549999654293,0.0373000018298625,0.0243500005453825,0.0203000009059906,0.0194499995559453,0.0203499998897314,0.0258000008761882,0.016499999910593
1.72938470959406,0.0161499995738267,0.0115499999374151,0.032549999654293,0.0373000018298625,0.0243500005453825,0.0203000009059906,0.0194499995559453,0.0203499998897314,0.0258000008761882,0.016499999910593
1.72938470959406,0.0161499995738267,0.0115499999374151,0.032549999654293,0.0373000018298625,0.0243500005453825,0.0203000009059906,0.0194499995559453,0.0203499998897314,0.0258000008761882,0.016499999910593
1.72938470959406,0.0161499995738267,0.0115499999374151,0.032549999654293,0.0373000018298625,0.0243500005453825,0.0203000009059906,0.0194499995559453,0.0203499998897314,0.0258000008761882,0.016499999910593
1.72938470959406,0.0161499995738267,0.0115499999374151,0.032549999654293,0.0373000018298625,0.0243500005453825,0.0203000009059906,0.0194499995559453,0.0203499998897314,0.0258000008761882,0.016499999910593
1.72938470959406,0.0161499995738267,0.0115499999374151,0.032549999654293,0.0373000018298625,0.0243500005453825,0.0203000009059906,0.0194499995559453,0.0203499998897314,0.0258000008761882,0.016499999910593
1.72938470959406,0.0161499995738267,0.0115499999374151,0.032549999654293,0.0373000018298625,0.0243500005453825,0.0203000009059906,0.0194499995559453,0.0203499998897314,0.0258000008761882,0.016499999910593
1.72938470959406,0.0161499995738267,0.0115499999374151,0.032549999654293,0.0373000018298625,0.0243500005453825,0.0203000009059906,0.0194499995559453,0.0203499998897314,0.0258000008761882,0.016499999910593
1.72938470959406,0.0161499995738267,0.0115499999374151,0.032549999654293,0.0373000018298625,0.0243500005453825,0.0203000009059906,0.0194499995559453,0.0203499998897314,0.0258000008761882,0.016499999910593
1.72938470959406,0.0161499995738267,0.0115499999374151,0.032549999654293,0.0373000018298625,0.0243500005453825,0.0203000009059906,0.0194499995559453,0.0203499998897314,0.0258000008761882,0.016499999910593
1.72938470959406,0.0161499995738267,0.0115499999374151,0.032549999654293,0.0373000018298625,0.0243500005453825,0.0203000009059906,0.0194499995559453,0.0203499998897314,0.0258000008761882,0.016499999910593
1.72938470959406,0.0161499995738267,0.0115499999374151,0.032549999654293,0.0373000018298625,0.0243500005453825,0.0203000009059906,0.0194499995559453,0.0203499998897314,0.0258000008761882,0.016499999910593
1.72938470959406,0.0161499995738267,0.0115499999374151,0.032549999654293,0.0373000018298625,0.0243500005453825,0.0203000009059906,0.0194499995559453,0.0203499998897314,0.0258000008761882,0.016499999910593
1.72938470959406,0.0161499995738267,0.0115499999374151,0.032549999654293,0.0373000018298625,0.0243500005453825,0.0203000009059906,0.0194499995559453,0.0203499998897314,0.0258000008761882,0.016499999910593
1.72938470959406,0.0161499995738267,0.0115499999374151,0.032549999654293,0.0373000018298625,0.0243500005453825,0.0203000009059906,0.0194499995559453,0.0203499998897314,0.0258000008761882,0.016499999910593
1.72938470959406,0.0161499995738267,0.0115499999374151,0.032549999654293,0.0373000018298625,0.0243500005453825,0.0203000009059906,0.0194499995559453,0.0203499998897314,0.0258000008761882,0.016499999910593
1.72938470959406,0.0161499995738267,0.0115499999374151,0.032549999654293,0.0373000018298625,0.0243500005453825,0.0203000009059906,0.0194499995559453,0.0203499998897314,0.0258000008761882,0.016499999910593
1.72938470959406,0.0161499995738267,0.0115499999374151,0.032549999654293,0.0373000018298625,0.0243500005453825,0.0203000009059906,0.0194499995559453,0.0203499998897314,0.0258000008761882,0.016499999910593
1.72938470959406,0.0161499995738267,0.0115499999374151,0.032549999654293,0.0373000018298625,0.0243500005453825,0.0203000009059906,0.0194499995559453,0.0203499998897314,0.0258000008761882,0.016499999910593
1.72938470959406,0.0161499995738267,0.0115499999374151,0.032549999654293,0.0373000018298625,0.0243500005453825,0.0203000009059906,0.0194499995559453,0.0203499998897314,0.0258000008761882,0.016499999910593
1.72938470959406,0.0161499995738267,0.0115499999374151,0.032549999654293,0.0373000018298625,0.0243500005453825,0.0203000009059906,0.0194499995559453,0.0203499998897314,0.0258000008761882,0.016499999910593
1.72938470959406,0.0161499995738267,0.0115499999374151,0.032549999654293,0.0373000018298625,0.0243500005453825,0.0203000009059906,0.0194499995559453,0.0203499998897314,0.0258000008761882,0.016499999910593
1.28697476792306,0.0161499995738267,0.0115499999374151,0.032549999654293,0.0373000018298625,0.0243500005453825,0.0203000009059906,0.0194499995559453,0.0203499998897314,0.0258000008761882,0.016499999910593
1.30590779095632,0.0161499995738267,0.0115499999374151,0.032549999654293,0.0373000018298625,0.0243500005453825,0.0203000009059906,0.0194499995559453,0.0203499998897314,0.0258000008761882,0.016499999910593
1.30590779095632,0.0161499995738267,0.0115499999374151,0.032549999654293,0.0373000018298625,0.0243500005453825,0.0203000009059906,0.0194499995559453,0.0203499998897314,0.0258000008761882,0.016499999910593
1.30590779095632,0.0161499995738267,0.0115499999374151,0.032549999654293,0.0373000018298625,0.0243500005453825,0.0203000009059906,0.0194499995559453,0.0203499998897314,0.0258000008761882,0.016499999910593
1.30590779095632,0.0161499995738267,0.0115499999374151,0.032549999654293,0.0373000018298625,0.0243500005453825,0.0203000009059906,0.0194499995559453,0.0203499998897314,0.0258000008761882,0.016499999910593
1.30590779095632,0.0161499995738267,0.0115499999374151,0.032549999654293,0.0373000018298625,0.0243500005453825,0.0203000009059906,0.0194499995559453,0.0203499998897314,0.0258000008761882,0.016499999910593
1.30590779095632,0.0161499995738267,0.0115499999374151,0.032549999654293,0.0373000018298625,0.0243500005453825,0.0203000009059906,0.0194499995559453,0.0203499998897314,0.0258000008761882,0.016499999910593
1.30590779095632,0.0161499995738267,0.0115499999374151,0.032549999654293,0.0373000018298625,0.0243500005453825,0.0203000009059906,0.0194499995559453,0.0203499998897314,0.0258000008761882,0.016499999910593
1.30590779095632,0.0161499995738267,0.0115499999374151,0.032549999654293,0.0373000018298625,0.0243500005453825,0.0203000009059906,0.0194499995559453,0.0203499998897314,0.0258000008761882,0.016499999910593
1.92903537746421,0.0161499995738267,0.0115499999374151,0.032549999654293,0.0373000018298625,0.0243500005453825,0.0203000009059906,0.0194499995559453,0.0203499998897314,0.0258000008761882,0.016499999910593
1.92903537746421,0.0161499995738267,0.0115499999374151,0.032549999654293,0.0373000018298625,0.0243500005453825,0.0203000009059906,0.0194499995559453,0.0203499998897314,0.0258000008761882,0.016499999910593
1.92903537746421,0.0161499995738267,0.0115499999374151,0.032549999654293,0.0373000018298625,0.0243500005453825,0.0203000009059906,0.0194499995559453,0.0203499998897314,0.0258000008761882,0.016499999910593
1.92903537746421,0.0161499995738267,0.0115499999374151,0.032549999654293,0.0373000018298625,0.0243500005453825,0.0203000009059906,0.0194499995559453,0.0203499998897314,0.0258000008761882,0.016499999910593
1.92903537746421,0.0161499995738267,0.0115499999374151,0.032549999654293,0.0373000018298625,0.0243500005453825,0.0203000009059906,0.0194499995559453,0.0203499998897314,0.0258000008761882,0.016499999910593
1.92903537746421,0.0161499995738267,0.0115499999374151,0.032549999654293,0.0373000018298625,0.0243500005453825,0.0203000009059906,0.0194499995559453,0.0203499998897314,0.0258000008761882,0.016499999910593
1.92903537746421,0.0161499995738267,0.0115499999374151,0.032549999654293,0.0373000018298625,0.0243500005453825,0.0203000009059906,0.0194499995559453,0.0203499998897314,0.0258000008761882,0.016499999910593
1.92903537746421,0.0161499995738267,0.0115499999374151,0.032549999654293,0.0373000018298625,0.0243500005453825,0.0203000009059906,0.0194499995559453,0.0203499998897314,0.0258000008761882,0.016499999910593
1.41944515112767,0.0161499995738267,0.0115499999374151,0.032549999654293,0.0373000018298625,0.0243500005453825,0.0203000009059906,0.0194499995559453,0.0203499998897314,0.0258000008761882,0.016499999910593
1.41944515112767,0.0161499995738267,0.0115499999374151,0.032549999654293,0.0373000018298625,0.0243500005453825,0.0203000009059906,0.0194499995559453,0.0203499998897314,0.0258000008761882,0.016499999910593
1.41944515112767,0.0161499995738267,0.0115499999374151,0.032549999654293,0.0373000018298625,0.0243500005453825,0.0203000009059906,0.0194499995559453,0.0203499998897314,0.0258000008761882,0.016499999910593
1.41944515112767,0.0161499995738267,0.0115499999374151,0.032549999654293,0.0373000018298625,0.0243500005453825,0.0203000009059906,0.0194499995559453,0.0203499998897314,0.0258000008761882,0.016499999910593
1.41944515112767,0.0161499995738267,0.0115499999374151,0.032549999654293,0.0373000018298625,0.0243500005453825,0.0203000009059906,0.0194499995559453,0.0203499998897314,0.0258000008761882,0.016499999910593
1.41944515112767,0.0161499995738267,0.0115499999374151,0.032549999654293,0.0373000018298625,0.0243500005453825,0.0203000009059906,0.0194499995559453,0.0203499998897314,0.0258000008761882,0.016499999910593
1.41944515112767,0.0161499995738267,0.0115499999374151,0.032549999654293,0.0373000018298625,0.0243500005453825,0.0203000009059906,0.0194499995559453,0.0203499998897314,0.0258000008761882,0.016499999910593
1.41944515112767,0.0161499995738267,0.0115499999374151,0.032549999654293,0.0373000018298625,0.0243500005453825,0.0203000009059906,0.0194499995559453,0.0203499998897314,0.0258000008761882,0.016499999910593
1.66444191151961,0.0161499995738267,0.0115499999374151,0.032549999654293,0.0373000018298625,0.0243500005453825,0.0203000009059906,0.0194499995559453,0.0203499998897314,0.0258000008761882,0.016499999910593
1.66444191151961,0.0161499995738267,0.0115499999374151,0.032549999654293,0.0373000018298625,0.0243500005453825,0.0203000009059906,0.0194499995559453,0.0203499998897314,0.0258000008761882,0.016499999910593
1.66444191151961,0.0161499995738267,0.0115499999374151,0.032549999654293,0.0373000018298625,0.0243500005453825,0.0203000009059906,0.0194499995559453,0.0203499998897314,0.0258000008761882,0.016499999910593
1.66444191151961,0.0161499995738267,0.0115499999374151,0.032549999654293,0.0373000018298625,0.0243500005453825,0.0203000009059906,0.0194499995559453,0.0203499998897314,0.0258000008761882,0.016499999910593
1.66444191151961,0.0161499995738267,0.0115499999374151,0.032549999654293,0.0373000018298625,0.0243500005453825,0.0203000009059906,0.0194499995559453,0.0203499998897314,0.0258000008761882,0.016499999910593
1.66444191151961,0.0161499995738267,0.0115499999374151,0.032549999654293,0.0373000018298625,0.0243500005453825,0.0203000009059906,0.0194499995559453,0.0203499998897314,0.0258000008761882,0.016499999910593
1.66444191151961,0.0161499995738267,0.0115499999374151,0.032549999654293,0.0373000018298625,0.0243500005453825,0.0203000009059906,0.0194499995559453,0.0203499998897314,0.0258000008761882,0.016499999910593
1.66444191151961,0.0161499995738267,0.0115499999374151,0.032549999654293,0.0373000018298625,0.0243500005453825,0.0203000009059906,0.0194499995559453,0.0203499998897314,0.0258000008761882,0.016499999910593
3.58567420389378,0.0161499995738267,0.0115499999374151,0.032549999654293,0.0373000018298625,0.0243500005453825,0.0203000009059906,0.0194499995559453,0.0203499998897314,0.0258000008761882,0.016499999910593
0.800866767063518,0.0161499995738267,0.0115499999374151,0.032549999654293,0.0373000018298625,0.0243500005453825,0.0203000009059906,0.0194499995559453,0.0203499998897314,0.0258000008761882,0.016499999910593
0.800866767063518,0.0161499995738267,0.0115499999374151,0.032549999654293,0.0373000018298625,0.0243500005453825,0.0203000009059906,0.0194499995559453,0.0203499998897314,0.0258000008761882,0.016499999910593
0.800866767063518,0.0161499995738267,0.0115499999374151,0.032549999654293,0.0373000018298625,0.0243500005453825,0.0203000009059906,0.0194499995559453,0.0203499998897314,0.0258000008761882,0.016499999910593
0.800866767063518,0.0161499995738267,0.0115499999374151,0.032549999654293,0.0373000018298625,0.0243500005453825,0.0203000009059906,0.0194499995559453,0.0203499998897314,0.0258000008761882,0.016499999910593
0.800866767063518,0.0161499995738267,0.0115499999374151,0.032549999654293,0.0373000018298625,0.0243500005453825,0.0203000009059906,0.0194499995559453,0.0203499998897314,0.0258000008761882,0.016499999910593
0.800866767063518,0.0161499995738267,0.0115499999374151,0.032549999654293,0.0373000018298625,0.0243500005453825,0.0203000009059906,0.0194499995559453,0.0203499998897314,0.0258000008761882,0.016499999910593
0.800866767063518,0.0161499995738267,0.0115499999374151,0.032549999654293,0.0373000018298625,0.0243500005453825,0.0203000009059906,0.0194499995559453,0.0203499998897314,0.0258000008761882,0.016499999910593
0.800866767063518,0.0161499995738267,0.0115499999374151,0.032549999654293,0.0373000018298625,0.0243500005453825,0.0203000009059906,0.0194499995559453,0.0203499998897314,0.0258000008761882,0.016499999910593
1.05142425041947,0.0161499995738267,0.0115499999374151,0.032549999654293,0.0373000018298625,0.0243500005453825,0.0203000009059906,0.0194499995559453,0.0203499998897314,0.0258000008761882,0.016499999910593
1.05142425041947,0.0161499995738267,0.0115499999374151,0.032549999654293,0.0373000018298625,0.0243500005453825,0.0203000009059906,0.0194499995559453,0.0203499998897314,0.0258000008761882,0.016499999910593
1.05142425041947,0.0161499995738267,0.0115499999374151,0.032549999654293,0.0373000018298625,0.0243500005453825,0.0203000009059906,0.0194499995559453,0.0203499998897314,0.0258000008761882,0.016499999910593
1.05142425041947,0.0161499995738267,0.0115499999374151,0.032549999654293,0.0373000018298625,0.0243500005453825,0.0203000009059906,0.0194499995559453,0.0203499998897314,0.0258000008761882,0.016499999910593
1.05142425041947,0.0161499995738267,0.0115499999374151,0.032549999654293,0.0373000018298625,0.0243500005453825,0.0203000009059906,0.0194499995559453,0.0203499998897314,0.0258000008761882,0.016499999910593
1.05142425041947,0.0161499995738267,0.0115499999374151,0.032549999654293,0.0373000018298625,0.0243500005453825,0.0203000009059906,0.0194499995559453,0.0203499998897314,0.0258000008761882,0.016499999910593
1.05142425041947,0.0161499995738267,0.0115499999374151,0.032549999654293,0.0373000018298625,0.0243500005453825,0.0203000009059906,0.0194499995559453,0.0203499998897314,0.0258000008761882,0.016499999910593
1.05142425041947,0.0161499995738267,0.0115499999374151,0.032549999654293,0.0373000018298625,0.0243500005453825,0.0203000009059906,0.0194499995559453,0.0203499998897314,0.0258000008761882,0.016499999910593
0.830535670954208,0.0161499995738267,0.0115499999374151,0.032549999654293,0.0373000018298625,0.0243500005453825,0.0203000009059906,0.0194499995559453,0.0203499998897314,0.0258000008761882,0.016499999910593
0.830535670954208,0.0161499995738267,0.0115499999374151,0.032549999654293,0.0373000018298625,0.0243500005453825,0.0203000009059906,0.0194499995559453,0.0203499998897314,0.0258000008761882,0.016499999910593
0.830535670954208,0.0161499995738267,0.0115499999374151,0.032549999654293,0.0373000018298625,0.0243500005453825,0.0203000009059906,0.0194499995559453,0.0203499998897314,0.0258000008761882,0.016499999910593
0.830535670954208,0.0161499995738267,0.0115499999374151,0.032549999654293,0.0373000018298625,0.0243500005453825,0.0203000009059906,0.0194499995559453,0.0203499998897314,0.0258000008761882,0.016499999910593
0.830535670954208,0.0161499995738267,0.0115499999374151,0.032549999654293,0.0373000018298625,0.0243500005453825,0.0203000009059906,0.0194499995559453,0.0203499998897314,0.0258000008761882,0.016499999910593
0.830535670954208,0.0161499995738267,0.0115499999374151,0.032549999654293,0.0373000018298625,0.0243500005453825,0.0203000009059906,0.0194499995559453,0.0203499998897314,0.0258000008761882,0.016499999910593
0.830535670954208,0.0161499995738267,0.0115499999374151,0.032549999654293,0.0373000018298625,0.0243500005453825,0.0203000009059906,0.0194499995559453,0.0203499998897314,0.0258000008761882,0.016499999910593
0.830535670954208,0.0161499995738267,0.0115499999374151,0.032549999654293,0.0373000018298625,0.0243500005453825,0.0203000009059906,0.0194499995559453,0.0203499998897314,0.0258000008761882,0.016499999910593
0.867574474622795,0.0161499995738267,0.0115499999374151,0.032549999654293,0.0373000018298625,0.0243500005453825,0.0203000009059906,0.0194499995559453,0.0203499998897314,0.0258000008761882,0.016499999910593
0.867574474622795,0.0161499995738267,0.0115499999374151,0.032549999654293,0.0373000018298625,0.0243500005453825,0.0203000009059906,0.0194499995559453,0.0203499998897314,0.0258000008761882,0.016499999910593
0.867574474622795,0.0161499995738267,0.0115499999374151,0.032549999654293,0.0373000018298625,0.0243500005453825,0.0203000009059906,0.0194499995559453,0.0203499998897314,0.0258000008761882,0.016499999910593
0.867574474622795,0.0161499995738267,0.0115499999374151,0.032549999654293,0.0373000018298625,0.0243500005453825,0.0203000009059906,0.0194499995559453,0.0203499998897314,0.0258000008761882,0.016499999910593
0.867574474622795,0.0161499995738267,0.0115499999374151,0.032549999654293,0.0373000018298625,0.0243500005453825,0.0203000009059906,0.0194499995559453,0.0203499998897314,0.0258000008761882,0.016499999910593
0.867574474622795,0.0161499995738267,0.0115499999374151,0.032549999654293,0.0373000018298625,0.0243500005453825,0.0203000009059906,0.0194499995559453,0.0203499998897314,0.0258000008761882,0.016499999910593
0.867574474622795,0.0161499995738267,0.0115499999374151,0.032549999654293,0.0373000018298625,0.0243500005453825,0.0203000009059906,0.0194499995559453,0.0203499998897314,0.0258000008761882,0.016499999910593
0.867574474622795,0.0161499995738267,0.0115499999374151,0.032549999654293,0.0373000018298625,0.0243500005453825,0.0203000009059906,0.0194499995559453,0.0203499998897314,0.0258000008761882,0.016499999910593
0.821988996938286,0.0161499995738267,0.0115499999374151,0.032549999654293,0.0373000018298625,0.0243500005453825,0.0203000009059906,0.0194499995559453,0.0203499998897314,0.0258000008761882,0.016499999910593
0.821988996938286,0.0161499995738267,0.0115499999374151,0.032549999654293,0.0373000018298625,0.0243500005453825,0.0203000009059906,0.0194499995559453,0.0203499998897314,0.0258000008761882,0.016499999910593
0.821988996938286,0.0161499995738267,0.0115499999374151,0.032549999654293,0.0373000018298625,0.0243500005453825,0.0203000009059906,0.0194499995559453,0.0203499998897314,0.0258000008761882,0.016499999910593
0.821988996938286,0.0161499995738267,0.0115499999374151,0.032549999654293,0.0373000018298625,0.0243500005453825,0.0203000009059906,0.0194499995559453,0.0203499998897314,0.0258000008761882,0.016499999910593
0.821988996938286,0.0161499995738267,0.0115499999374151,0.032549999654293,0.0373000018298625,0.0243500005453825,0.0203000009059906,0.0194499995559453,0.0203499998897314,0.0258000008761882,0.016499999910593
0.821988996938286,0.0161499995738267,0.0115499999374151,0.032549999654293,0.0373000018298625,0.0243500005453825,0.0203000009059906,0.0194499995559453,0.0203499998897314,0.0258000008761882,0.016499999910593
0.821988996938286,0.0161499995738267,0.0115499999374151,0.032549999654293,0.0373000018298625,0.0243500005453825,0.0203000009059906,0.0194499995559453,0.0203499998897314,0.0258000008761882,0.016499999910593
0.821988996938286,0.0161499995738267,0.0115499999374151,0.032549999654293,0.0373000018298625,0.0243500005453825,0.0203000009059906,0.0194499995559453,0.0203499998897314,0.0258000008761882,0.016499999910593
0.88828362610961,0.0161499995738267,0.0115499999374151,0.032549999654293,0.0373000018298625,0.0243500005453825,0.0203000009059906,0.0194499995559453,0.0203499998897314,0.0258000008761882,0.016499999910593
0.88828362610961,0.0161499995738267,0.0115499999374151,0.032549999654293,0.0373000018298625,0.0243500005453825,0.0203000009059906,0.0194499995559453,0.0203499998897314,0.0258000008761882,0.016499999910593
0.88828362610961,0.0161499995738267,0.0115499999374151,0.032549999654293,0.0373000018298625,0.0243500005453825,0.0203000009059906,0.0194499995559453,0.0203499998897314,0.0258000008761882,0.016499999910593
0.88828362610961,0.0161499995738267,0.0115499999374151,0.032549999654293,0.0373000018298625,0.0243500005453825,0.0203000009059906,0.0194499995559453,0.0203499998897314,0.0258000008761882,0.016499999910593
0.88828362610961,0.0161499995738267,0.0115499999374151,0.032549999654293,0.0373000018298625,0.0243500005453825,0.0203000009059906,0.0194499995559453,0.0203499998897314,0.0258000008761882,0.016499999910593
0.88828362610961,0.0161499995738267,0.0115499999374151,0.032549999654293,0.0373000018298625,0.0243500005453825,0.0203000009059906,0.0194499995559453,0.0203499998897314,0.0258000008761882,0.016499999910593
0.88828362610961,0.0161499995738267,0.0115499999374151,0.032549999654293,0.0373000018298625,0.0243500005453825,0.0203000009059906,0.0194499995559453,0.0203499998897314,0.0258000008761882,0.016499999910593
0.88828362610961,0.0161499995738267,0.0115499999374151,0.032549999654293,0.0373000018298625,0.0243500005453825,0.0203000009059906,0.0194499995559453,0.0203499998897314,0.0258000008761882,0.016499999910593
2.11626320363736,0.0161499995738267,0.0115499999374151,0.032549999654293,0.0373000018298625,0.0243500005453825,0.0203000009059906,0.0194499995559453,0.0203499998897314,0.0258000008761882,0.016499999910593
2.11626320363736,0.0161499995738267,0.0115499999374151,0.032549999654293,0.0373000018298625,0.0243500005453825,0.0203000009059906,0.0194499995559453,0.0203499998897314,0.0258000008761882,0.016499999910593
2.11626320363736,0.0161499995738267,0.0115499999374151,0.032549999654293,0.0373000018298625,0.0243500005453825,0.0203000009059906,0.0194499995559453,0.0203499998897314,0.0258000008761882,0.016499999910593
2.11626320363736,0.0161499995738267,0.0115499999374151,0.032549999654293,0.0373000018298625,0.0243500005453825,0.0203000009059906,0.0194499995559453,0.0203499998897314,0.0258000008761882,0.016499999910593
2.11626320363736,0.0161499995738267,0.0115499999374151,0.032549999654293,0.0373000018298625,0.0243500005453825,0.0203000009059906,0.0194499995559453,0.0203499998897314,0.0258000008761882,0.016499999910593
2.11626320363736,0.0161499995738267,0.0115499999374151,0.032549999654293,0.0373000018298625,0.0243500005453825,0.0203000009059906,0.0194499995559453,0.0203499998897314,0.0258000008761882,0.016499999910593
2.11626320363736,0.0161499995738267,0.0115499999374151,0.032549999654293,0.0373000018298625,0.0243500005453825,0.0203000009059906,0.0194499995559453,0.0203499998897314,0.0258000008761882,0.016499999910593
2.11626320363736,0.0161499995738267,0.0115499999374151,0.032549999654293,0.0373000018298625,0.0243500005453825,0.0203000009059906,0.0194499995559453,0.0203499998897314,0.0258000008761882,0.016499999910593
2.79351978835023,0.0161499995738267,0.0115499999374151,0.032549999654293,0.0373000018298625,0.0243500005453825,0.0203000009059906,0.0194499995559453,0.0203499998897314,0.0258000008761882,0.016499999910593
2.79351978835023,0.0161499995738267,0.0115499999374151,0.032549999654293,0.0373000018298625,0.0243500005453825,0.0203000009059906,0.0194499995559453,0.0203499998897314,0.0258000008761882,0.016499999910593
2.79351978835023,0.0161499995738267,0.0115499999374151,0.032549999654293,0.0373000018298625,0.0243500005453825,0.0203000009059906,0.0194499995559453,0.0203499998897314,0.0258000008761882,0.016499999910593
2.79351978835023,0.0161499995738267,0.0115499999374151,0.032549999654293,0.0373000018298625,0.0243500005453825,0.0203000009059906,0.0194499995559453,0.0203499998897314,0.0258000008761882,0.016499999910593
2.79351978835023,0.0161499995738267,0.0115499999374151,0.032549999654293,0.0373000018298625,0.0243500005453825,0.0203000009059906,0.0194499995559453,0.0203499998897314,0.0258000008761882,0.016499999910593
2.79351978835023,0.0161499995738267,0.0115499999374151,0.032549999654293,0.0373000018298625,0.0243500005453825,0.0203000009059906,0.0194499995559453,0.0203499998897314,0.0258000008761882,0.016499999910593
2.79351978835023,0.0161499995738267,0.0115499999374151,0.032549999654293,0.0373000018298625,0.0243500005453825,0.0203000009059906,0.0194499995559453,0.0203499998897314,0.0258000008761882,0.016499999910593
2.79351978835023,0.0161499995738267,0.0115499999374151,0.032549999654293,0.0373000018298625,0.0243500005453825,0.0203000009059906,0.0194499995559453,0.0203499998897314,0.0258000008761882,0.016499999910593
3.10608828343951,0.0114500001072883,0.0065500000491738,0.0274999998509883,0.0309999994933605,0.0232500005513429,0.0153500000014901,0.0137999998405575,0.0126000000163912,0.0201999992132186,0.0140000004321336
3.10608828343951,0.0114500001072883,0.0065500000491738,0.0274999998509883,0.0309999994933605,0.0232500005513429,0.0153500000014901,0.0137999998405575,0.0126000000163912,0.0201999992132186,0.0140000004321336
3.10608828343951,0.0114500001072883,0.0065500000491738,0.0274999998509883,0.0309999994933605,0.0232500005513429,0.0153500000014901,0.0137999998405575,0.0126000000163912,0.0201999992132186,0.0140000004321336
3.10608828343951,0.0114500001072883,0.0065500000491738,0.0274999998509883,0.0309999994933605,0.0232500005513429,0.0153500000014901,0.0137999998405575,0.0126000000163912,0.0201999992132186,0.0140000004321336
3.10608828343951,0.0114500001072883,0.0065500000491738,0.0274999998509883,0.0309999994933605,0.0232500005513429,0.0153500000014901,0.0137999998405575,0.0126000000163912,0.0201999992132186,0.0140000004321336
3.10608828343951,0.0114500001072883,0.0065500000491738,0.0274999998509883,0.0309999994933605,0.0232500005513429,0.0153500000014901,0.0137999998405575,0.0126000000163912,0.0201999992132186,0.0140000004321336
3.10608828343951,0.0114500001072883,0.0065500000491738,0.0274999998509883,0.0309999994933605,0.0232500005513429,0.0153500000014901,0.0137999998405575,0.0126000000163912,0.0201999992132186,0.0140000004321336
3.10608828343951,0.0114500001072883,0.0065500000491738,0.0274999998509883,0.0309999994933605,0.0232500005513429,0.0153500000014901,0.0137999998405575,0.0126000000163912,0.0201999992132186,0.0140000004321336
3.0466610812784,0.0114500001072883,0.0065500000491738,0.0274999998509883,0.0309999994933605,0.0232500005513429,0.0153500000014901,0.0137999998405575,0.0126000000163912,0.0201999992132186,0.0140000004321336
3.0466610812784,0.0114500001072883,0.0065500000491738,0.0274999998509883,0.0309999994933605,0.0232500005513429,0.0153500000014901,0.0137999998405575,0.0126000000163912,0.0201999992132186,0.0140000004321336
3.0466610812784,0.0114500001072883,0.0065500000491738,0.0274999998509883,0.0309999994933605,0.0232500005513429,0.0153500000014901,0.0137999998405575,0.0126000000163912,0.0201999992132186,0.0140000004321336
3.0466610812784,0.0114500001072883,0.0065500000491738,0.0274999998509883,0.0309999994933605,0.0232500005513429,0.0153500000014901,0.0137999998405575,0.0126000000163912,0.0201999992132186,0.0140000004321336
3.0466610812784,0.0114500001072883,0.0065500000491738,0.0274999998509883,0.0309999994933605,0.0232500005513429,0.0153500000014901,0.0137999998405575,0.0126000000163912,0.0201999992132186,0.0140000004321336
3.0466610812784,0.0114500001072883,0.0065500000491738,0.0274999998509883,0.0309999994933605,0.0232500005513429,0.0153500000014901,0.0137999998405575,0.0126000000163912,0.0201999992132186,0.0140000004321336
3.0466610812784,0.0114500001072883,0.0065500000491738,0.0274999998509883,0.0309999994933605,0.0232500005513429,0.0153500000014901,0.0137999998405575,0.0126000000163912,0.0201999992132186,0.0140000004321336
3.0466610812784,0.0114500001072883,0.0065500000491738,0.0274999998509883,0.0309999994933605,0.0232500005513429,0.0153500000014901,0.0137999998405575,0.0126000000163912,0.0201999992132186,0.0140000004321336
4.60326498510969,0.0114500001072883,0.0065500000491738,0.0274999998509883,0.0309999994933605,0.0232500005513429,0.0153500000014901,0.0137999998405575,0.0126000000163912,0.0201999992132186,0.0140000004321336
4.60326498510969,0.0114500001072883,0.0065500000491738,0.0274999998509883,0.0309999994933605,0.0232500005513429,0.0153500000014901,0.0137999998405575,0.0126000000163912,0.0201999992132186,0.0140000004321336
4.60326498510969,0.0114500001072883,0.0065500000491738,0.0274999998509883,0.0309999994933605,0.0232500005513429,0.0153500000014901,0.0137999998405575,0.0126000000163912,0.0201999992132186,0.0140000004321336
4.60326498510969,0.0114500001072883,0.0065500000491738,0.0274999998509883,0.0309999994933605,0.0232500005513429,0.0153500000014901,0.0137999998405575,0.0126000000163912,0.0201999992132186,0.0140000004321336
4.60326498510969,0.0114500001072883,0.0065500000491738,0.0274999998509883,0.0309999994933605,0.0232500005513429,0.0153500000014901,0.0137999998405575,0.0126000000163912,0.0201999992132186,0.0140000004321336
4.60326498510969,0.0114500001072883,0.0065500000491738,0.0274999998509883,0.0309999994933605,0.0232500005513429,0.0153500000014901,0.0137999998405575,0.0126000000163912,0.0201999992132186,0.0140000004321336
4.60326498510969,0.0114500001072883,0.0065500000491738,0.0274999998509883,0.0309999994933605,0.0232500005513429,0.0153500000014901,0.0137999998405575,0.0126000000163912,0.0201999992132186,0.0140000004321336
4.60326498510969,0.0114500001072883,0.0065500000491738,0.0274999998509883,0.0309999994933605,0.0232500005513429,0.0153500000014901,0.0137999998405575,0.0126000000163912,0.0201999992132186,0.0140000004321336
5.8788987378531,0.0114500001072883,0.0065500000491738,0.0274999998509883,0.0309999994933605,0.0232500005513429,0.0153500000014901,0.0137999998405575,0.0126000000163912,0.0201999992132186,0.0140000004321336
5.8788987378531,0.0114500001072883,0.0065500000491738,0.0274999998509883,0.0309999994933605,0.0232500005513429,0.0153500000014901,0.0137999998405575,0.0126000000163912,0.0201999992132186,0.0140000004321336
5.8788987378531,0.0114500001072883,0.0065500000491738,0.0274999998509883,0.0309999994933605,0.0232500005513429,0.0153500000014901,0.0137999998405575,0.0126000000163912,0.0201999992132186,0.0140000004321336
5.8788987378531,0.0114500001072883,0.0065500000491738,0.0274999998509883,0.0309999994933605,0.0232500005513429,0.0153500000014901,0.0137999998405575,0.0126000000163912,0.0201999992132186,0.0140000004321336
5.8788987378531,0.0114500001072883,0.0065500000491738,0.0274999998509883,0.0309999994933605,0.0232500005513429,0.0153500000014901,0.0137999998405575,0.0126000000163912,0.0201999992132186,0.0140000004321336
5.8788987378531,0.0114500001072883,0.0065500000491738,0.0274999998509883,0.0309999994933605,0.0232500005513429,0.0153500000014901,0.0137999998405575,0.0126000000163912,0.0201999992132186,0.0140000004321336
5.8788987378531,0.0114500001072883,0.0065500000491738,0.0274999998509883,0.0309999994933605,0.0232500005513429,0.0153500000014901,0.0137999998405575,0.0126000000163912,0.0201999992132186,0.0140000004321336
5.8788987378531,0.0114500001072883,0.0065500000491738,0.0274999998509883,0.0309999994933605,0.0232500005513429,0.0153500000014901,0.0137999998405575,0.0126000000163912,0.0201999992132186,0.0140000004321336
4.5546620873479,0.0114500001072883,0.0065500000491738,0.0274999998509883,0.0309999994933605,0.0232500005513429,0.0153500000014901,0.0137999998405575,0.0126000000163912,0.0201999992132186,0.0140000004321336
4.5546620873479,0.0114500001072883,0.0065500000491738,0.0274999998509883,0.0309999994933605,0.0232500005513429,0.0153500000014901,0.0137999998405575,0.0126000000163912,0.0201999992132186,0.0140000004321336
4.5546620873479,0.0114500001072883,0.0065500000491738,0.0274999998509883,0.0309999994933605,0.0232500005513429,0.0153500000014901,0.0137999998405575,0.0126000000163912,0.0201999992132186,0.0140000004321336
4.5546620873479,0.0114500001072883,0.0065500000491738,0.0274999998509883,0.0309999994933605,0.0232500005513429,0.0153500000014901,0.0137999998405575,0.0126000000163912,0.0201999992132186,0.0140000004321336
4.5546620873479,0.0114500001072883,0.0065500000491738,0.0274999998509883,0.0309999994933605,0.0232500005513429,0.0153500000014901,0.0137999998405575,0.0126000000163912,0.0201999992132186,0.0140000004321336
4.5546620873479,0.0114500001072883,0.0065500000491738,0.0274999998509883,0.0309999994933605,0.0232500005513429,0.0153500000014901,0.0137999998405575,0.0126000000163912,0.0201999992132186,0.0140000004321336
4.5546620873479,0.0114500001072883,0.0065500000491738,0.0274999998509883,0.0309999994933605,0.0232500005513429,0.0153500000014901,0.0137999998405575,0.0126000000163912,0.0201999992132186,0.0140000004321336
4.5546620873479,0.0114500001072883,0.0065500000491738,0.0274999998509883,0.0309999994933605,0.0232500005513429,0.0153500000014901,0.0137999998405575,0.0126000000163912,0.0201999992132186,0.0140000004321336
3.99765061442799,0.0114500001072883,0.0065500000491738,0.0274999998509883,0.0309999994933605,0.0232500005513429,0.0153500000014901,0.0137999998405575,0.0126000000163912,0.0201999992132186,0.0140000004321336
3.99765061442799,0.0114500001072883,0.0065500000491738,0.0274999998509883,0.0309999994933605,0.0232500005513429,0.0153500000014901,0.0137999998405575,0.0126000000163912,0.0201999992132186,0.0140000004321336
3.99765061442799,0.0114500001072883,0.0065500000491738,0.0274999998509883,0.0309999994933605,0.0232500005513429,0.0153500000014901,0.0137999998405575,0.0126000000163912,0.0201999992132186,0.0140000004321336
3.99765061442799,0.0114500001072883,0.0065500000491738,0.0274999998509883,0.0309999994933605,0.0232500005513429,0.0153500000014901,0.0137999998405575,0.0126000000163912,0.0201999992132186,0.0140000004321336
3.99765061442799,0.0114500001072883,0.0065500000491738,0.0274999998509883,0.0309999994933605,0.0232500005513429,0.0153500000014901,0.0137999998405575,0.0126000000163912,0.0201999992132186,0.0140000004321336
3.99765061442799,0.0114500001072883,0.0065500000491738,0.0274999998509883,0.0309999994933605,0.0232500005513429,0.0153500000014901,0.0137999998405575,0.0126000000163912,0.0201999992132186,0.0140000004321336
3.99765061442799,0.0114500001072883,0.0065500000491738,0.0274999998509883,0.0309999994933605,0.0232500005513429,0.0153500000014901,0.0137999998405575,0.0126000000163912,0.0201999992132186,0.0140000004321336
3.99765061442799,0.0114500001072883,0.0065500000491738,0.0274999998509883,0.0309999994933605,0.0232500005513429,0.0153500000014901,0.0137999998405575,0.0126000000163912,0.0201999992132186,0.0140000004321336
6.25393907063104,0.0114500001072883,0.0065500000491738,0.0274999998509883,0.0309999994933605,0.0232500005513429,0.0153500000014901,0.0137999998405575,0.0126000000163912,0.0201999992132186,0.0140000004321336
6.25393907063104,0.0114500001072883,0.0065500000491738,0.0274999998509883,0.0309999994933605,0.0232500005513429,0.0153500000014901,0.0137999998405575,0.0126000000163912,0.0201999992132186,0.0140000004321336
6.25393907063104,0.0114500001072883,0.0065500000491738,0.0274999998509883,0.0309999994933605,0.0232500005513429,0.0153500000014901,0.0137999998405575,0.0126000000163912,0.0201999992132186,0.0140000004321336
6.25393907063104,0.0114500001072883,0.0065500000491738,0.0274999998509883,0.0309999994933605,0.0232500005513429,0.0153500000014901,0.0137999998405575,0.0126000000163912,0.0201999992132186,0.0140000004321336
6.25393907063104,0.0114500001072883,0.0065500000491738,0.0274999998509883,0.0309999994933605,0.0232500005513429,0.0153500000014901,0.0137999998405575,0.0126000000163912,0.0201999992132186,0.0140000004321336
6.25393907063104,0.0114500001072883,0.0065500000491738,0.0274999998509883,0.0309999994933605,0.0232500005513429,0.0153500000014901,0.0137999998405575,0.0126000000163912,0.0201999992132186,0.0140000004321336
6.25393907063104,0.0114500001072883,0.0065500000491738,0.0274999998509883,0.0309999994933605,0.0232500005513429,0.0153500000014901,0.0137999998405575,0.0126000000163912,0.0201999992132186,0.0140000004321336
6.25393907063104,0.0114500001072883,0.0065500000491738,0.0274999998509883,0.0309999994933605,0.0232500005513429,0.0153500000014901,0.0137999998405575,0.0126000000163912,0.0201999992132186,0.0140000004321336
5.4400997442854,0.0114500001072883,0.0065500000491738,0.0274999998509883,0.0309999994933605,0.0232500005513429,0.0153500000014901,0.0137999998405575,0.0126000000163912,0.0201999992132186,0.0140000004321336
5.4400997442854,0.0114500001072883,0.0065500000491738,0.0274999998509883,0.0309999994933605,0.0232500005513429,0.0153500000014901,0.0137999998405575,0.0126000000163912,0.0201999992132186,0.0140000004321336
5.4400997442854,0.0114500001072883,0.0065500000491738,0.0274999998509883,0.0309999994933605,0.0232500005513429,0.0153500000014901,0.0137999998405575,0.0126000000163912,0.0201999992132186,0.0140000004321336
5.4400997442854,0.0114500001072883,0.0065500000491738,0.0274999998509883,0.0309999994933605,0.0232500005513429,0.0153500000014901,0.0137999998405575,0.0126000000163912,0.0201999992132186,0.0140000004321336
5.4400997442854,0.0114500001072883,0.0065500000491738,0.0274999998509883,0.0309999994933605,0.0232500005513429,0.0153500000014901,0.0137999998405575,0.0126000000163912,0.0201999992132186,0.0140000004321336
5.4400997442854,0.0114500001072883,0.0065500000491738,0.0274999998509883,0.0309999994933605,0.0232500005513429,0.0153500000014901,0.0137999998405575,0.0126000000163912,0.0201999992132186,0.0140000004321336
5.4400997442854,0.0114500001072883,0.0065500000491738,0.0274999998509883,0.0309999994933605,0.0232500005513429,0.0153500000014901,0.0137999998405575,0.0126000000163912,0.0201999992132186,0.0140000004321336
5.4400997442854,0.0114500001072883,0.0065500000491738,0.0274999998509883,0.0309999994933605,0.0232500005513429,0.0153500000014901,0.0137999998405575,0.0126000000163912,0.0201999992132186,0.0140000004321336
4.55505168099164,0.0114500001072883,0.0065500000491738,0.0274999998509883,0.0309999994933605,0.0232500005513429,0.0153500000014901,0.0137999998405575,0.0126000000163912,0.0201999992132186,0.0140000004321336
4.55505168099164,0.0114500001072883,0.0065500000491738,0.0274999998509883,0.0309999994933605,0.0232500005513429,0.0153500000014901,0.0137999998405575,0.0126000000163912,0.0201999992132186,0.0140000004321336
4.55505168099164,0.0114500001072883,0.0065500000491738,0.0274999998509883,0.0309999994933605,0.0232500005513429,0.0153500000014901,0.0137999998405575,0.0126000000163912,0.0201999992132186,0.0140000004321336
4.55505168099164,0.0114500001072883,0.0065500000491738,0.0274999998509883,0.0309999994933605,0.0232500005513429,0.0153500000014901,0.0137999998405575,0.0126000000163912,0.0201999992132186,0.0140000004321336
4.55505168099164,0.0114500001072883,0.0065500000491738,0.0274999998509883,0.0309999994933605,0.0232500005513429,0.0153500000014901,0.0137999998405575,0.0126000000163912,0.0201999992132186,0.0140000004321336
4.55505168099164,0.0114500001072883,0.0065500000491738,0.0274999998509883,0.0309999994933605,0.0232500005513429,0.0153500000014901,0.0137999998405575,0.0126000000163912,0.0201999992132186,0.0140000004321336
4.55505168099164,0.0114500001072883,0.0065500000491738,0.0274999998509883,0.0309999994933605,0.0232500005513429,0.0153500000014901,0.0137999998405575,0.0126000000163912,0.0201999992132186,0.0140000004321336
4.55505168099164,0.0114500001072883,0.0065500000491738,0.0274999998509883,0.0309999994933605,0.0232500005513429,0.0153500000014901,0.0137999998405575,0.0126000000163912,0.0201999992132186,0.0140000004321336
5.50541721204229,0.0114500001072883,0.0065500000491738,0.0274999998509883,0.0309999994933605,0.0232500005513429,0.0153500000014901,0.0137999998405575,0.0126000000163912,0.0201999992132186,0.0140000004321336
5.50541721204229,0.0114500001072883,0.0065500000491738,0.0274999998509883,0.0309999994933605,0.0232500005513429,0.0153500000014901,0.0137999998405575,0.0126000000163912,0.0201999992132186,0.0140000004321336
5.50541721204229,0.0114500001072883,0.0065500000491738,0.0274999998509883,0.0309999994933605,0.0232500005513429,0.0153500000014901,0.0137999998405575,0.0126000000163912,0.0201999992132186,0.0140000004321336
5.50541721204229,0.0114500001072883,0.0065500000491738,0.0274999998509883,0.0309999994933605,0.0232500005513429,0.0153500000014901,0.0137999998405575,0.0126000000163912,0.0201999992132186,0.0140000004321336
5.50541721204229,0.0114500001072883,0.0065500000491738,0.0274999998509883,0.0309999994933605,0.0232500005513429,0.0153500000014901,0.0137999998405575,0.0126000000163912,0.0201999992132186,0.0140000004321336
5.50541721204229,0.0114500001072883,0.0065500000491738,0.0274999998509883,0.0309999994933605,0.0232500005513429,0.0153500000014901,0.0137999998405575,0.0126000000163912,0.0201999992132186,0.0140000004321336
5.50541721204229,0.0114500001072883,0.0065500000491738,0.0274999998509883,0.0309999994933605,0.0232500005513429,0.0153500000014901,0.0137999998405575,0.0126000000163912,0.0201999992132186,0.0140000004321336
5.50541721204229,0.0114500001072883,0.0065500000491738,0.0274999998509883,0.0309999994933605,0.0232500005513429,0.0153500000014901,0.0137999998405575,0.0126000000163912,0.0201999992132186,0.0140000004321336
4.22803379026065,0.0114500001072883,0.0065500000491738,0.0274999998509883,0.0309999994933605,0.0232500005513429,0.0153500000014901,0.0137999998405575,0.0126000000163912,0.0201999992132186,0.0140000004321336
4.22803379026065,0.0114500001072883,0.0065500000491738,0.0274999998509883,0.0309999994933605,0.0232500005513429,0.0153500000014901,0.0137999998405575,0.0126000000163912,0.0201999992132186,0.0140000004321336
4.22803379026065,0.0114500001072883,0.0065500000491738,0.0274999998509883,0.0309999994933605,0.0232500005513429,0.0153500000014901,0.0137999998405575,0.0126000000163912,0.0201999992132186,0.0140000004321336
4.22803379026065,0.0114500001072883,0.0065500000491738,0.0274999998509883,0.0309999994933605,0.0232500005513429,0.0153500000014901,0.0137999998405575,0.0126000000163912,0.0201999992132186,0.0140000004321336
4.22803379026065,0.0114500001072883,0.0065500000491738,0.0274999998509883,0.0309999994933605,0.0232500005513429,0.0153500000014901,0.0137999998405575,0.0126000000163912,0.0201999992132186,0.0140000004321336
4.22803379026065,0.0114500001072883,0.0065500000491738,0.0274999998509883,0.0309999994933605,0.0232500005513429,0.0153500000014901,0.0137999998405575,0.0126000000163912,0.0201999992132186,0.0140000004321336
4.22803379026065,0.0114500001072883,0.0065500000491738,0.0274999998509883,0.0309999994933605,0.0232500005513429,0.0153500000014901,0.0137999998405575,0.0126000000163912,0.0201999992132186,0.0140000004321336
4.22803379026065,0.0114500001072883,0.0065500000491738,0.0274999998509883,0.0309999994933605,0.0232500005513429,0.0153500000014901,0.0137999998405575,0.0126000000163912,0.0201999992132186,0.0140000004321336
4.89565728985819,0.0114500001072883,0.0065500000491738,0.0274999998509883,0.0309999994933605,0.0232500005513429,0.0153500000014901,0.0137999998405575,0.0126000000163912,0.0201999992132186,0.0140000004321336
4.89565728985819,0.0114500001072883,0.0065500000491738,0.0274999998509883,0.0309999994933605,0.0232500005513429,0.0153500000014901,0.0137999998405575,0.0126000000163912,0.0201999992132186,0.0140000004321336
4.89565728985819,0.0114500001072883,0.0065500000491738,0.0274999998509883,0.0309999994933605,0.0232500005513429,0.0153500000014901,0.0137999998405575,0.0126000000163912,0.0201999992132186,0.0140000004321336
4.89565728985819,0.0114500001072883,0.0065500000491738,0.0274999998509883,0.0309999994933605,0.0232500005513429,0.0153500000014901,0.0137999998405575,0.0126000000163912,0.0201999992132186,0.0140000004321336
4.89565728985819,0.0114500001072883,0.0065500000491738,0.0274999998509883,0.0309999994933605,0.0232500005513429,0.0153500000014901,0.0137999998405575,0.0126000000163912,0.0201999992132186,0.0140000004321336
4.89565728985819,0.0114500001072883,0.0065500000491738,0.0274999998509883,0.0309999994933605,0.0232500005513429,0.0153500000014901,0.0137999998405575,0.0126000000163912,0.0201999992132186,0.0140000004321336
4.89565728985819,0.0114500001072883,0.0065500000491738,0.0274999998509883,0.0309999994933605,0.0232500005513429,0.0153500000014901,0.0137999998405575,0.0126000000163912,0.0201999992132186,0.0140000004321336
4.89565728985819,0.0114500001072883,0.0065500000491738,0.0274999998509883,0.0309999994933605,0.0232500005513429,0.0153500000014901,0.0137999998405575,0.0126000000163912,0.0201999992132186,0.0140000004321336
3.92059292346956,0.0114500001072883,0.0065500000491738,0.0274999998509883,0.0309999994933605,0.0232500005513429,0.0153500000014901,0.0137999998405575,0.0126000000163912,0.0201999992132186,0.0140000004321336
3.92059292346956,0.0114500001072883,0.0065500000491738,0.0274999998509883,0.0309999994933605,0.0232500005513429,0.0153500000014901,0.0137999998405575,0.0126000000163912,0.0201999992132186,0.0140000004321336
3.92059292346956,0.0114500001072883,0.0065500000491738,0.0274999998509883,0.0309999994933605,0.0232500005513429,0.0153500000014901,0.0137999998405575,0.0126000000163912,0.0201999992132186,0.0140000004321336
3.92059292346956,0.0114500001072883,0.0065500000491738,0.0274999998509883,0.0309999994933605,0.0232500005513429,0.0153500000014901,0.0137999998405575,0.0126000000163912,0.0201999992132186,0.0140000004321336
3.92059292346956,0.0114500001072883,0.0065500000491738,0.0274999998509883,0.0309999994933605,0.0232500005513429,0.0153500000014901,0.0137999998405575,0.0126000000163912,0.0201999992132186,0.0140000004321336
3.92059292346956,0.0114500001072883,0.0065500000491738,0.0274999998509883,0.0309999994933605,0.0232500005513429,0.0153500000014901,0.0137999998405575,0.0126000000163912,0.0201999992132186,0.0140000004321336
3.92059292346956,0.0114500001072883,0.0065500000491738,0.0274999998509883,0.0309999994933605,0.0232500005513429,0.0153500000014901,0.0137999998405575,0.0126000000163912,0.0201999992132186,0.0140000004321336
3.92059292346956,0.0114500001072883,0.0065500000491738,0.0274999998509883,0.0309999994933605,0.0232500005513429,0.0153500000014901,0.0137999998405575,0.0126000000163912,0.0201999992132186,0.0140000004321336
4.27256138209956,0.0114500001072883,0.0065500000491738,0.0274999998509883,0.0309999994933605,0.0232500005513429,0.0153500000014901,0.0137999998405575,0.0126000000163912,0.0201999992132186,0.0140000004321336
4.27256138209956,0.0114500001072883,0.0065500000491738,0.0274999998509883,0.0309999994933605,0.0232500005513429,0.0153500000014901,0.0137999998405575,0.0126000000163912,0.0201999992132186,0.0140000004321336
4.27256138209956,0.0114500001072883,0.0065500000491738,0.0274999998509883,0.0309999994933605,0.0232500005513429,0.0153500000014901,0.0137999998405575,0.0126000000163912,0.0201999992132186,0.0140000004321336
4.27256138209956,0.0114500001072883,0.0065500000491738,0.0274999998509883,0.0309999994933605,0.0232500005513429,0.0153500000014901,0.0137999998405575,0.0126000000163912,0.0201999992132186,0.0140000004321336
4.27256138209956,0.0114500001072883,0.0065500000491738,0.0274999998509883,0.0309999994933605,0.0232500005513429,0.0153500000014901,0.0137999998405575,0.0126000000163912,0.0201999992132186,0.0140000004321336
4.27256138209956,0.0114500001072883,0.0065500000491738,0.0274999998509883,0.0309999994933605,0.0232500005513429,0.0153500000014901,0.0137999998405575,0.0126000000163912,0.0201999992132186,0.0140000004321336
4.27256138209956,0.0114500001072883,0.0065500000491738,0.0274999998509883,0.0309999994933605,0.0232500005513429,0.0153500000014901,0.0137999998405575,0.0126000000163912,0.0201999992132186,0.0140000004321336
4.27256138209956,0.0114500001072883,0.0065500000491738,0.0274999998509883,0.0309999994933605,0.0232500005513429,0.0153500000014901,0.0137999998405575,0.0126000000163912,0.0201999992132186,0.0140000004321336
1.23370020892297,0.0149499997496604,0.0093000000342726,0.047749999910593,0.0525499992072582,0.0318000018596649,0.0327499993145465,0.0319500006735324,0.02364999987185,0.0320000015199184,0.0256999991834163
1.30643770699067,0.0149499997496604,0.0093000000342726,0.047749999910593,0.0525499992072582,0.0318000018596649,0.0327499993145465,0.0319500006735324,0.02364999987185,0.0320000015199184,0.0256999991834163
1.19507653229481,0.0149499997496604,0.0093000000342726,0.047749999910593,0.0525499992072582,0.0318000018596649,0.0327499993145465,0.0319500006735324,0.02364999987185,0.0320000015199184,0.0256999991834163
1.19507653229481,0.0149499997496604,0.0093000000342726,0.047749999910593,0.0525499992072582,0.0318000018596649,0.0327499993145465,0.0319500006735324,0.02364999987185,0.0320000015199184,0.0256999991834163
1.19507653229481,0.0149499997496604,0.0093000000342726,0.047749999910593,0.0525499992072582,0.0318000018596649,0.0327499993145465,0.0319500006735324,0.02364999987185,0.0320000015199184,0.0256999991834163
1.19507653229481,0.0149499997496604,0.0093000000342726,0.047749999910593,0.0525499992072582,0.0318000018596649,0.0327499993145465,0.0319500006735324,0.02364999987185,0.0320000015199184,0.0256999991834163
1.19507653229481,0.0149499997496604,0.0093000000342726,0.047749999910593,0.0525499992072582,0.0318000018596649,0.0327499993145465,0.0319500006735324,0.02364999987185,0.0320000015199184,0.0256999991834163
1.19507653229481,0.0149499997496604,0.0093000000342726,0.047749999910593,0.0525499992072582,0.0318000018596649,0.0327499993145465,0.0319500006735324,0.02364999987185,0.0320000015199184,0.0256999991834163
1.19507653229481,0.0149499997496604,0.0093000000342726,0.047749999910593,0.0525499992072582,0.0318000018596649,0.0327499993145465,0.0319500006735324,0.02364999987185,0.0320000015199184,0.0256999991834163
1.19507653229481,0.0149499997496604,0.0093000000342726,0.047749999910593,0.0525499992072582,0.0318000018596649,0.0327499993145465,0.0319500006735324,0.02364999987185,0.0320000015199184,0.0256999991834163
2.06848996744054,0.0149499997496604,0.0093000000342726,0.047749999910593,0.0525499992072582,0.0318000018596649,0.0327499993145465,0.0319500006735324,0.02364999987185,0.0320000015199184,0.0256999991834163
2.06848996744054,0.0149499997496604,0.0093000000342726,0.047749999910593,0.0525499992072582,0.0318000018596649,0.0327499993145465,0.0319500006735324,0.02364999987185,0.0320000015199184,0.0256999991834163
2.06848996744054,0.0149499997496604,0.0093000000342726,0.047749999910593,0.0525499992072582,0.0318000018596649,0.0327499993145465,0.0319500006735324,0.02364999987185,0.0320000015199184,0.0256999991834163
2.06848996744054,0.0149499997496604,0.0093000000342726,0.047749999910593,0.0525499992072582,0.0318000018596649,0.0327499993145465,0.0319500006735324,0.02364999987185,0.0320000015199184,0.0256999991834163
2.06848996744054,0.0149499997496604,0.0093000000342726,0.047749999910593,0.0525499992072582,0.0318000018596649,0.0327499993145465,0.0319500006735324,0.02364999987185,0.0320000015199184,0.0256999991834163
2.06848996744054,0.0149499997496604,0.0093000000342726,0.047749999910593,0.0525499992072582,0.0318000018596649,0.0327499993145465,0.0319500006735324,0.02364999987185,0.0320000015199184,0.0256999991834163
2.06848996744054,0.0149499997496604,0.0093000000342726,0.047749999910593,0.0525499992072582,0.0318000018596649,0.0327499993145465,0.0319500006735324,0.02364999987185,0.0320000015199184,0.0256999991834163
2.06848996744054,0.0149499997496604,0.0093000000342726,0.047749999910593,0.0525499992072582,0.0318000018596649,0.0327499993145465,0.0319500006735324,0.02364999987185,0.0320000015199184,0.0256999991834163
1.56711548019605,0.0149499997496604,0.0093000000342726,0.047749999910593,0.0525499992072582,0.0318000018596649,0.0327499993145465,0.0319500006735324,0.02364999987185,0.0320000015199184,0.0256999991834163
1.56711548019605,0.0149499997496604,0.0093000000342726,0.047749999910593,0.0525499992072582,0.0318000018596649,0.0327499993145465,0.0319500006735324,0.02364999987185,0.0320000015199184,0.0256999991834163
1.56711548019605,0.0149499997496604,0.0093000000342726,0.047749999910593,0.0525499992072582,0.0318000018596649,0.0327499993145465,0.0319500006735324,0.02364999987185,0.0320000015199184,0.0256999991834163
1.56711548019605,0.0149499997496604,0.0093000000342726,0.047749999910593,0.0525499992072582,0.0318000018596649,0.0327499993145465,0.0319500006735324,0.02364999987185,0.0320000015199184,0.0256999991834163
1.56711548019605,0.0149499997496604,0.0093000000342726,0.047749999910593,0.0525499992072582,0.0318000018596649,0.0327499993145465,0.0319500006735324,0.02364999987185,0.0320000015199184,0.0256999991834163
1.56711548019605,0.0149499997496604,0.0093000000342726,0.047749999910593,0.0525499992072582,0.0318000018596649,0.0327499993145465,0.0319500006735324,0.02364999987185,0.0320000015199184,0.0256999991834163
1.56711548019605,0.0149499997496604,0.0093000000342726,0.047749999910593,0.0525499992072582,0.0318000018596649,0.0327499993145465,0.0319500006735324,0.02364999987185,0.0320000015199184,0.0256999991834163
1.56711548019605,0.0149499997496604,0.0093000000342726,0.047749999910593,0.0525499992072582,0.0318000018596649,0.0327499993145465,0.0319500006735324,0.02364999987185,0.0320000015199184,0.0256999991834163
1.28137467466858,0.0149499997496604,0.0093000000342726,0.047749999910593,0.0525499992072582,0.0318000018596649,0.0327499993145465,0.0319500006735324,0.02364999987185,0.0320000015199184,0.0256999991834163
1.28137467466858,0.0149499997496604,0.0093000000342726,0.047749999910593,0.0525499992072582,0.0318000018596649,0.0327499993145465,0.0319500006735324,0.02364999987185,0.0320000015199184,0.0256999991834163
1.28137467466858,0.0149499997496604,0.0093000000342726,0.047749999910593,0.0525499992072582,0.0318000018596649,0.0327499993145465,0.0319500006735324,0.02364999987185,0.0320000015199184,0.0256999991834163
1.28137467466858,0.0149499997496604,0.0093000000342726,0.047749999910593,0.0525499992072582,0.0318000018596649,0.0327499993145465,0.0319500006735324,0.02364999987185,0.0320000015199184,0.0256999991834163
1.28137467466858,0.0149499997496604,0.0093000000342726,0.047749999910593,0.0525499992072582,0.0318000018596649,0.0327499993145465,0.0319500006735324,0.02364999987185,0.0320000015199184,0.0256999991834163
1.28137467466858,0.0149499997496604,0.0093000000342726,0.047749999910593,0.0525499992072582,0.0318000018596649,0.0327499993145465,0.0319500006735324,0.02364999987185,0.0320000015199184,0.0256999991834163
1.28137467466858,0.0149499997496604,0.0093000000342726,0.047749999910593,0.0525499992072582,0.0318000018596649,0.0327499993145465,0.0319500006735324,0.02364999987185,0.0320000015199184,0.0256999991834163
1.28137467466858,0.0149499997496604,0.0093000000342726,0.047749999910593,0.0525499992072582,0.0318000018596649,0.0327499993145465,0.0319500006735324,0.02364999987185,0.0320000015199184,0.0256999991834163
0.968022736226423,0.0149499997496604,0.0093000000342726,0.047749999910593,0.0525499992072582,0.0318000018596649,0.0327499993145465,0.0319500006735324,0.02364999987185,0.0320000015199184,0.0256999991834163
0.968022736226423,0.0149499997496604,0.0093000000342726,0.047749999910593,0.0525499992072582,0.0318000018596649,0.0327499993145465,0.0319500006735324,0.02364999987185,0.0320000015199184,0.0256999991834163
0.968022736226423,0.0149499997496604,0.0093000000342726,0.047749999910593,0.0525499992072582,0.0318000018596649,0.0327499993145465,0.0319500006735324,0.02364999987185,0.0320000015199184,0.0256999991834163
0.968022736226423,0.0149499997496604,0.0093000000342726,0.047749999910593,0.0525499992072582,0.0318000018596649,0.0327499993145465,0.0319500006735324,0.02364999987185,0.0320000015199184,0.0256999991834163
0.968022736226423,0.0149499997496604,0.0093000000342726,0.047749999910593,0.0525499992072582,0.0318000018596649,0.0327499993145465,0.0319500006735324,0.02364999987185,0.0320000015199184,0.0256999991834163
0.968022736226423,0.0149499997496604,0.0093000000342726,0.047749999910593,0.0525499992072582,0.0318000018596649,0.0327499993145465,0.0319500006735324,0.02364999987185,0.0320000015199184,0.0256999991834163
0.968022736226423,0.0149499997496604,0.0093000000342726,0.047749999910593,0.0525499992072582,0.0318000018596649,0.0327499993145465,0.0319500006735324,0.02364999987185,0.0320000015199184,0.0256999991834163
0.968022736226423,0.0149499997496604,0.0093000000342726,0.047749999910593,0.0525499992072582,0.0318000018596649,0.0327499993145465,0.0319500006735324,0.02364999987185,0.0320000015199184,0.0256999991834163
1.03221625585965,0.0149499997496604,0.0093000000342726,0.047749999910593,0.0525499992072582,0.0318000018596649,0.0327499993145465,0.0319500006735324,0.02364999987185,0.0320000015199184,0.0256999991834163
1.03221625585965,0.0149499997496604,0.0093000000342726,0.047749999910593,0.0525499992072582,0.0318000018596649,0.0327499993145465,0.0319500006735324,0.02364999987185,0.0320000015199184,0.0256999991834163
1.03221625585965,0.0149499997496604,0.0093000000342726,0.047749999910593,0.0525499992072582,0.0318000018596649,0.0327499993145465,0.0319500006735324,0.02364999987185,0.0320000015199184,0.0256999991834163
1.03221625585965,0.0149499997496604,0.0093000000342726,0.047749999910593,0.0525499992072582,0.0318000018596649,0.0327499993145465,0.0319500006735324,0.02364999987185,0.0320000015199184,0.0256999991834163
1.03221625585965,0.0149499997496604,0.0093000000342726,0.047749999910593,0.0525499992072582,0.0318000018596649,0.0327499993145465,0.0319500006735324,0.02364999987185,0.0320000015199184,0.0256999991834163
1.03221625585965,0.0149499997496604,0.0093000000342726,0.047749999910593,0.0525499992072582,0.0318000018596649,0.0327499993145465,0.0319500006735324,0.02364999987185,0.0320000015199184,0.0256999991834163
1.03221625585965,0.0149499997496604,0.0093000000342726,0.047749999910593,0.0525499992072582,0.0318000018596649,0.0327499993145465,0.0319500006735324,0.02364999987185,0.0320000015199184,0.0256999991834163
1.03221625585965,0.0149499997496604,0.0093000000342726,0.047749999910593,0.0525499992072582,0.0318000018596649,0.0327499993145465,0.0319500006735324,0.02364999987185,0.0320000015199184,0.0256999991834163
0.828413688191508,0.0149499997496604,0.0093000000342726,0.047749999910593,0.0525499992072582,0.0318000018596649,0.0327499993145465,0.0319500006735324,0.02364999987185,0.0320000015199184,0.0256999991834163
0.828413688191508,0.0149499997496604,0.0093000000342726,0.047749999910593,0.0525499992072582,0.0318000018596649,0.0327499993145465,0.0319500006735324,0.02364999987185,0.0320000015199184,0.0256999991834163
0.828413688191508,0.0149499997496604,0.0093000000342726,0.047749999910593,0.0525499992072582,0.0318000018596649,0.0327499993145465,0.0319500006735324,0.02364999987185,0.0320000015199184,0.0256999991834163
0.828413688191508,0.0149499997496604,0.0093000000342726,0.047749999910593,0.0525499992072582,0.0318000018596649,0.0327499993145465,0.0319500006735324,0.02364999987185,0.0320000015199184,0.0256999991834163
0.828413688191508,0.0149499997496604,0.0093000000342726,0.047749999910593,0.0525499992072582,0.0318000018596649,0.0327499993145465,0.0319500006735324,0.02364999987185,0.0320000015199184,0.0256999991834163
0.828413688191508,0.0149499997496604,0.0093000000342726,0.047749999910593,0.0525499992072582,0.0318000018596649,0.0327499993145465,0.0319500006735324,0.02364999987185,0.0320000015199184,0.0256999991834163
0.828413688191508,0.0149499997496604,0.0093000000342726,0.047749999910593,0.0525499992072582,0.0318000018596649,0.0327499993145465,0.0319500006735324,0.02364999987185,0.0320000015199184,0.0256999991834163
0.828413688191508,0.0149499997496604,0.0093000000342726,0.047749999910593,0.0525499992072582,0.0318000018596649,0.0327499993145465,0.0319500006735324,0.02364999987185,0.0320000015199184,0.0256999991834163
0.876672471990608,0.0149499997496604,0.0093000000342726,0.047749999910593,0.0525499992072582,0.0318000018596649,0.0327499993145465,0.0319500006735324,0.02364999987185,0.0320000015199184,0.0256999991834163
0.876672471990608,0.0149499997496604,0.0093000000342726,0.047749999910593,0.0525499992072582,0.0318000018596649,0.0327499993145465,0.0319500006735324,0.02364999987185,0.0320000015199184,0.0256999991834163
0.876672471990608,0.0149499997496604,0.0093000000342726,0.047749999910593,0.0525499992072582,0.0318000018596649,0.0327499993145465,0.0319500006735324,0.02364999987185,0.0320000015199184,0.0256999991834163
0.876672471990608,0.0149499997496604,0.0093000000342726,0.047749999910593,0.0525499992072582,0.0318000018596649,0.0327499993145465,0.0319500006735324,0.02364999987185,0.0320000015199184,0.0256999991834163
0.876672471990608,0.0149499997496604,0.0093000000342726,0.047749999910593,0.0525499992072582,0.0318000018596649,0.0327499993145465,0.0319500006735324,0.02364999987185,0.0320000015199184,0.0256999991834163
0.876672471990608,0.0149499997496604,0.0093000000342726,0.047749999910593,0.0525499992072582,0.0318000018596649,0.0327499993145465,0.0319500006735324,0.02364999987185,0.0320000015199184,0.0256999991834163
0.876672471990608,0.0149499997496604,0.0093000000342726,0.047749999910593,0.0525499992072582,0.0318000018596649,0.0327499993145465,0.0319500006735324,0.02364999987185,0.0320000015199184,0.0256999991834163
0.876672471990608,0.0149499997496604,0.0093000000342726,0.047749999910593,0.0525499992072582,0.0318000018596649,0.0327499993145465,0.0319500006735324,0.02364999987185,0.0320000015199184,0.0256999991834163
1.54541389693844,0.0206499993801116,0.0153000000864267,0.0534499995410442,0.0546000003814697,0.0492499992251396,0.0358499996364116,0.0309500005096197,0.0333999991416931,0.0384499989449977,0.0213500000536441
1.57013053377169,0.0206499993801116,0.0153000000864267,0.0534499995410442,0.0546000003814697,0.0492499992251396,0.0358499996364116,0.0309500005096197,0.0333999991416931,0.0384499989449977,0.0213500000536441
1.57013053377169,0.0206499993801116,0.0153000000864267,0.0534499995410442,0.0546000003814697,0.0492499992251396,0.0358499996364116,0.0309500005096197,0.0333999991416931,0.0384499989449977,0.0213500000536441
1.57013053377169,0.0206499993801116,0.0153000000864267,0.0534499995410442,0.0546000003814697,0.0492499992251396,0.0358499996364116,0.0309500005096197,0.0333999991416931,0.0384499989449977,0.0213500000536441
1.57013053377169,0.0206499993801116,0.0153000000864267,0.0534499995410442,0.0546000003814697,0.0492499992251396,0.0358499996364116,0.0309500005096197,0.0333999991416931,0.0384499989449977,0.0213500000536441
1.57013053377169,0.0206499993801116,0.0153000000864267,0.0534499995410442,0.0546000003814697,0.0492499992251396,0.0358499996364116,0.0309500005096197,0.0333999991416931,0.0384499989449977,0.0213500000536441
1.57013053377169,0.0206499993801116,0.0153000000864267,0.0534499995410442,0.0546000003814697,0.0492499992251396,0.0358499996364116,0.0309500005096197,0.0333999991416931,0.0384499989449977,0.0213500000536441
1.57013053377169,0.0206499993801116,0.0153000000864267,0.0534499995410442,0.0546000003814697,0.0492499992251396,0.0358499996364116,0.0309500005096197,0.0333999991416931,0.0384499989449977,0.0213500000536441
1.57013053377169,0.0206499993801116,0.0153000000864267,0.0534499995410442,0.0546000003814697,0.0492499992251396,0.0358499996364116,0.0309500005096197,0.0333999991416931,0.0384499989449977,0.0213500000536441
1.76959843320821,0.0206499993801116,0.0153000000864267,0.0534499995410442,0.0546000003814697,0.0492499992251396,0.0358499996364116,0.0309500005096197,0.0333999991416931,0.0384499989449977,0.0213500000536441
1.76959843320821,0.0206499993801116,0.0153000000864267,0.0534499995410442,0.0546000003814697,0.0492499992251396,0.0358499996364116,0.0309500005096197,0.0333999991416931,0.0384499989449977,0.0213500000536441
1.76959843320821,0.0206499993801116,0.0153000000864267,0.0534499995410442,0.0546000003814697,0.0492499992251396,0.0358499996364116,0.0309500005096197,0.0333999991416931,0.0384499989449977,0.0213500000536441
1.76959843320821,0.0206499993801116,0.0153000000864267,0.0534499995410442,0.0546000003814697,0.0492499992251396,0.0358499996364116,0.0309500005096197,0.0333999991416931,0.0384499989449977,0.0213500000536441
1.76959843320821,0.0206499993801116,0.0153000000864267,0.0534499995410442,0.0546000003814697,0.0492499992251396,0.0358499996364116,0.0309500005096197,0.0333999991416931,0.0384499989449977,0.0213500000536441
1.76959843320821,0.0206499993801116,0.0153000000864267,0.0534499995410442,0.0546000003814697,0.0492499992251396,0.0358499996364116,0.0309500005096197,0.0333999991416931,0.0384499989449977,0.0213500000536441
1.76959843320821,0.0206499993801116,0.0153000000864267,0.0534499995410442,0.0546000003814697,0.0492499992251396,0.0358499996364116,0.0309500005096197,0.0333999991416931,0.0384499989449977,0.0213500000536441
1.76959843320821,0.0206499993801116,0.0153000000864267,0.0534499995410442,0.0546000003814697,0.0492499992251396,0.0358499996364116,0.0309500005096197,0.0333999991416931,0.0384499989449977,0.0213500000536441
1.66515440340698,0.0206499993801116,0.0153000000864267,0.0534499995410442,0.0546000003814697,0.0492499992251396,0.0358499996364116,0.0309500005096197,0.0333999991416931,0.0384499989449977,0.0213500000536441
1.66515440340698,0.0206499993801116,0.0153000000864267,0.0534499995410442,0.0546000003814697,0.0492499992251396,0.0358499996364116,0.0309500005096197,0.0333999991416931,0.0384499989449977,0.0213500000536441
1.66515440340698,0.0206499993801116,0.0153000000864267,0.0534499995410442,0.0546000003814697,0.0492499992251396,0.0358499996364116,0.0309500005096197,0.0333999991416931,0.0384499989449977,0.0213500000536441
1.66515440340698,0.0206499993801116,0.0153000000864267,0.0534499995410442,0.0546000003814697,0.0492499992251396,0.0358499996364116,0.0309500005096197,0.0333999991416931,0.0384499989449977,0.0213500000536441
1.66515440340698,0.0206499993801116,0.0153000000864267,0.0534499995410442,0.0546000003814697,0.0492499992251396,0.0358499996364116,0.0309500005096197,0.0333999991416931,0.0384499989449977,0.0213500000536441
1.66515440340698,0.0206499993801116,0.0153000000864267,0.0534499995410442,0.0546000003814697,0.0492499992251396,0.0358499996364116,0.0309500005096197,0.0333999991416931,0.0384499989449977,0.0213500000536441
1.66515440340698,0.0206499993801116,0.0153000000864267,0.0534499995410442,0.0546000003814697,0.0492499992251396,0.0358499996364116,0.0309500005096197,0.0333999991416931,0.0384499989449977,0.0213500000536441
1.66515440340698,0.0206499993801116,0.0153000000864267,0.0534499995410442,0.0546000003814697,0.0492499992251396,0.0358499996364116,0.0309500005096197,0.0333999991416931,0.0384499989449977,0.0213500000536441
1.29280904051886,0.0206499993801116,0.0153000000864267,0.0534499995410442,0.0546000003814697,0.0492499992251396,0.0358499996364116,0.0309500005096197,0.0333999991416931,0.0384499989449977,0.0213500000536441
1.29280904051886,0.0206499993801116,0.0153000000864267,0.0534499995410442,0.0546000003814697,0.0492499992251396,0.0358499996364116,0.0309500005096197,0.0333999991416931,0.0384499989449977,0.0213500000536441
1.29280904051886,0.0206499993801116,0.0153000000864267,0.0534499995410442,0.0546000003814697,0.0492499992251396,0.0358499996364116,0.0309500005096197,0.0333999991416931,0.0384499989449977,0.0213500000536441
1.29280904051886,0.0206499993801116,0.0153000000864267,0.0534499995410442,0.0546000003814697,0.0492499992251396,0.0358499996364116,0.0309500005096197,0.0333999991416931,0.0384499989449977,0.0213500000536441
1.29280904051886,0.0206499993801116,0.0153000000864267,0.0534499995410442,0.0546000003814697,0.0492499992251396,0.0358499996364116,0.0309500005096197,0.0333999991416931,0.0384499989449977,0.0213500000536441
1.29280904051886,0.0206499993801116,0.0153000000864267,0.0534499995410442,0.0546000003814697,0.0492499992251396,0.0358499996364116,0.0309500005096197,0.0333999991416931,0.0384499989449977,0.0213500000536441
1.29280904051886,0.0206499993801116,0.0153000000864267,0.0534499995410442,0.0546000003814697,0.0492499992251396,0.0358499996364116,0.0309500005096197,0.0333999991416931,0.0384499989449977,0.0213500000536441
1.29280904051886,0.0206499993801116,0.0153000000864267,0.0534499995410442,0.0546000003814697,0.0492499992251396,0.0358499996364116,0.0309500005096197,0.0333999991416931,0.0384499989449977,0.0213500000536441
1.85894058481785,0.0206499993801116,0.0153000000864267,0.0534499995410442,0.0546000003814697,0.0492499992251396,0.0358499996364116,0.0309500005096197,0.0333999991416931,0.0384499989449977,0.0213500000536441
1.74506053788969,0.0166999995708465,0.0138999996706843,0.0434999987483024,0.0423999987542629,0.0272499993443489,0.0331499986350536,0.0247499998658895,0.0254999995231628,0.0276500005275011,0.0197000000625848
1.74506053788969,0.0166999995708465,0.0138999996706843,0.0434999987483024,0.0423999987542629,0.0272499993443489,0.0331499986350536,0.0247499998658895,0.0254999995231628,0.0276500005275011,0.0197000000625848
1.74506053788969,0.0166999995708465,0.0138999996706843,0.0434999987483024,0.0423999987542629,0.0272499993443489,0.0331499986350536,0.0247499998658895,0.0254999995231628,0.0276500005275011,0.0197000000625848
1.74506053788969,0.0166999995708465,0.0138999996706843,0.0434999987483024,0.0423999987542629,0.0272499993443489,0.0331499986350536,0.0247499998658895,0.0254999995231628,0.0276500005275011,0.0197000000625848
1.74506053788969,0.0166999995708465,0.0138999996706843,0.0434999987483024,0.0423999987542629,0.0272499993443489,0.0331499986350536,0.0247499998658895,0.0254999995231628,0.0276500005275011,0.0197000000625848
1.74506053788969,0.0166999995708465,0.0138999996706843,0.0434999987483024,0.0423999987542629,0.0272499993443489,0.0331499986350536,0.0247499998658895,0.0254999995231628,0.0276500005275011,0.0197000000625848
1.74506053788969,0.0166999995708465,0.0138999996706843,0.0434999987483024,0.0423999987542629,0.0272499993443489,0.0331499986350536,0.0247499998658895,0.0254999995231628,0.0276500005275011,0.0197000000625848
1.74506053788969,0.0166999995708465,0.0138999996706843,0.0434999987483024,0.0423999987542629,0.0272499993443489,0.0331499986350536,0.0247499998658895,0.0254999995231628,0.0276500005275011,0.0197000000625848
3.04914593289424,0.0166999995708465,0.0138999996706843,0.0434999987483024,0.0423999987542629,0.0272499993443489,0.0331499986350536,0.0247499998658895,0.0254999995231628,0.0276500005275011,0.0197000000625848
3.04914593289424,0.0166999995708465,0.0138999996706843,0.0434999987483024,0.0423999987542629,0.0272499993443489,0.0331499986350536,0.0247499998658895,0.0254999995231628,0.0276500005275011,0.0197000000625848
3.04914593289424,0.0166999995708465,0.0138999996706843,0.0434999987483024,0.0423999987542629,0.0272499993443489,0.0331499986350536,0.0247499998658895,0.0254999995231628,0.0276500005275011,0.0197000000625848
3.04914593289424,0.0166999995708465,0.0138999996706843,0.0434999987483024,0.0423999987542629,0.0272499993443489,0.0331499986350536,0.0247499998658895,0.0254999995231628,0.0276500005275011,0.0197000000625848
3.04914593289424,0.0166999995708465,0.0138999996706843,0.0434999987483024,0.0423999987542629,0.0272499993443489,0.0331499986350536,0.0247499998658895,0.0254999995231628,0.0276500005275011,0.0197000000625848
3.04914593289424,0.0166999995708465,0.0138999996706843,0.0434999987483024,0.0423999987542629,0.0272499993443489,0.0331499986350536,0.0247499998658895,0.0254999995231628,0.0276500005275011,0.0197000000625848
3.04914593289424,0.0166999995708465,0.0138999996706843,0.0434999987483024,0.0423999987542629,0.0272499993443489,0.0331499986350536,0.0247499998658895,0.0254999995231628,0.0276500005275011,0.0197000000625848
3.04914593289424,0.0166999995708465,0.0138999996706843,0.0434999987483024,0.0423999987542629,0.0272499993443489,0.0331499986350536,0.0247499998658895,0.0254999995231628,0.0276500005275011,0.0197000000625848
2.23233440204044,0.0166999995708465,0.0138999996706843,0.0434999987483024,0.0423999987542629,0.0272499993443489,0.0331499986350536,0.0247499998658895,0.0254999995231628,0.0276500005275011,0.0197000000625848
2.23233440204044,0.0166999995708465,0.0138999996706843,0.0434999987483024,0.0423999987542629,0.0272499993443489,0.0331499986350536,0.0247499998658895,0.0254999995231628,0.0276500005275011,0.0197000000625848
2.23233440204044,0.0166999995708465,0.0138999996706843,0.0434999987483024,0.0423999987542629,0.0272499993443489,0.0331499986350536,0.0247499998658895,0.0254999995231628,0.0276500005275011,0.0197000000625848
2.23233440204044,0.0166999995708465,0.0138999996706843,0.0434999987483024,0.0423999987542629,0.0272499993443489,0.0331499986350536,0.0247499998658895,0.0254999995231628,0.0276500005275011,0.0197000000625848
2.23233440204044,0.0166999995708465,0.0138999996706843,0.0434999987483024,0.0423999987542629,0.0272499993443489,0.0331499986350536,0.0247499998658895,0.0254999995231628,0.0276500005275011,0.0197000000625848
2.23233440204044,0.0166999995708465,0.0138999996706843,0.0434999987483024,0.0423999987542629,0.0272499993443489,0.0331499986350536,0.0247499998658895,0.0254999995231628,0.0276500005275011,0.0197000000625848
2.23233440204044,0.0166999995708465,0.0138999996706843,0.0434999987483024,0.0423999987542629,0.0272499993443489,0.0331499986350536,0.0247499998658895,0.0254999995231628,0.0276500005275011,0.0197000000625848
2.23233440204044,0.0166999995708465,0.0138999996706843,0.0434999987483024,0.0423999987542629,0.0272499993443489,0.0331499986350536,0.0247499998658895,0.0254999995231628,0.0276500005275011,0.0197000000625848
2.95264551629741,0.0166999995708465,0.0138999996706843,0.0434999987483024,0.0423999987542629,0.0272499993443489,0.0331499986350536,0.0247499998658895,0.0254999995231628,0.0276500005275011,0.0197000000625848
2.95264551629741,0.0166999995708465,0.0138999996706843,0.0434999987483024,0.0423999987542629,0.0272499993443489,0.0331499986350536,0.0247499998658895,0.0254999995231628,0.0276500005275011,0.0197000000625848
2.95264551629741,0.0166999995708465,0.0138999996706843,0.0434999987483024,0.0423999987542629,0.0272499993443489,0.0331499986350536,0.0247499998658895,0.0254999995231628,0.0276500005275011,0.0197000000625848
2.95264551629741,0.0166999995708465,0.0138999996706843,0.0434999987483024,0.0423999987542629,0.0272499993443489,0.0331499986350536,0.0247499998658895,0.0254999995231628,0.0276500005275011,0.0197000000625848
2.95264551629741,0.0166999995708465,0.0138999996706843,0.0434999987483024,0.0423999987542629,0.0272499993443489,0.0331499986350536,0.0247499998658895,0.0254999995231628,0.0276500005275011,0.0197000000625848
2.95264551629741,0.0166999995708465,0.0138999996706843,0.0434999987483024,0.0423999987542629,0.0272499993443489,0.0331499986350536,0.0247499998658895,0.0254999995231628,0.0276500005275011,0.0197000000625848
2.95264551629741,0.0166999995708465,0.0138999996706843,0.0434999987483024,0.0423999987542629,0.0272499993443489,0.0331499986350536,0.0247499998658895,0.0254999995231628,0.0276500005275011,0.0197000000625848
2.95264551629741,0.0166999995708465,0.0138999996706843,0.0434999987483024,0.0423999987542629,0.0272499993443489,0.0331499986350536,0.0247499998658895,0.0254999995231628,0.0276500005275011,0.0197000000625848
2.14573618076103,0.0166999995708465,0.0138999996706843,0.0434999987483024,0.0423999987542629,0.0272499993443489,0.0331499986350536,0.0247499998658895,0.0254999995231628,0.0276500005275011,0.0197000000625848
2.14573618076103,0.0166999995708465,0.0138999996706843,0.0434999987483024,0.0423999987542629,0.0272499993443489,0.0331499986350536,0.0247499998658895,0.0254999995231628,0.0276500005275011,0.0197000000625848
2.14573618076103,0.0166999995708465,0.0138999996706843,0.0434999987483024,0.0423999987542629,0.0272499993443489,0.0331499986350536,0.0247499998658895,0.0254999995231628,0.0276500005275011,0.0197000000625848
2.14573618076103,0.0166999995708465,0.0138999996706843,0.0434999987483024,0.0423999987542629,0.0272499993443489,0.0331499986350536,0.0247499998658895,0.0254999995231628,0.0276500005275011,0.0197000000625848
2.14573618076103,0.0166999995708465,0.0138999996706843,0.0434999987483024,0.0423999987542629,0.0272499993443489,0.0331499986350536,0.0247499998658895,0.0254999995231628,0.0276500005275011,0.0197000000625848
2.14573618076103,0.0166999995708465,0.0138999996706843,0.0434999987483024,0.0423999987542629,0.0272499993443489,0.0331499986350536,0.0247499998658895,0.0254999995231628,0.0276500005275011,0.0197000000625848
2.14573618076103,0.0166999995708465,0.0138999996706843,0.0434999987483024,0.0423999987542629,0.0272499993443489,0.0331499986350536,0.0247499998658895,0.0254999995231628,0.0276500005275011,0.0197000000625848
2.14573618076103,0.0166999995708465,0.0138999996706843,0.0434999987483024,0.0423999987542629,0.0272499993443489,0.0331499986350536,0.0247499998658895,0.0254999995231628,0.0276500005275011,0.0197000000625848
2.78639903402376,0.0166999995708465,0.0138999996706843,0.0434999987483024,0.0423999987542629,0.0272499993443489,0.0331499986350536,0.0247499998658895,0.0254999995231628,0.0276500005275011,0.0197000000625848
2.78639903402376,0.0166999995708465,0.0138999996706843,0.0434999987483024,0.0423999987542629,0.0272499993443489,0.0331499986350536,0.0247499998658895,0.0254999995231628,0.0276500005275011,0.0197000000625848
2.78639903402376,0.0166999995708465,0.0138999996706843,0.0434999987483024,0.0423999987542629,0.0272499993443489,0.0331499986350536,0.0247499998658895,0.0254999995231628,0.0276500005275011,0.0197000000625848
2.78639903402376,0.0166999995708465,0.0138999996706843,0.0434999987483024,0.0423999987542629,0.0272499993443489,0.0331499986350536,0.0247499998658895,0.0254999995231628,0.0276500005275011,0.0197000000625848
2.78639903402376,0.0166999995708465,0.0138999996706843,0.0434999987483024,0.0423999987542629,0.0272499993443489,0.0331499986350536,0.0247499998658895,0.0254999995231628,0.0276500005275011,0.0197000000625848
2.78639903402376,0.0166999995708465,0.0138999996706843,0.0434999987483024,0.0423999987542629,0.0272499993443489,0.0331499986350536,0.0247499998658895,0.0254999995231628,0.0276500005275011,0.0197000000625848
2.78639903402376,0.0166999995708465,0.0138999996706843,0.0434999987483024,0.0423999987542629,0.0272499993443489,0.0331499986350536,0.0247499998658895,0.0254999995231628,0.0276500005275011,0.0197000000625848
2.78639903402376,0.0166999995708465,0.0138999996706843,0.0434999987483024,0.0423999987542629,0.0272499993443489,0.0331499986350536,0.0247499998658895,0.0254999995231628,0.0276500005275011,0.0197000000625848
6.82594644915811,0.0166999995708465,0.0138999996706843,0.0434999987483024,0.0423999987542629,0.0272499993443489,0.0331499986350536,0.0247499998658895,0.0254999995231628,0.0276500005275011,0.0197000000625848
6.34661156935216,0.0166999995708465,0.0138999996706843,0.0434999987483024,0.0423999987542629,0.0272499993443489,0.0331499986350536,0.0247499998658895,0.0254999995231628,0.0276500005275011,0.0197000000625848
2.50222274463107,0.0166999995708465,0.0138999996706843,0.0434999987483024,0.0423999987542629,0.0272499993443489,0.0331499986350536,0.0247499998658895,0.0254999995231628,0.0276500005275011,0.0197000000625848
2.50222274463107,0.0166999995708465,0.0138999996706843,0.0434999987483024,0.0423999987542629,0.0272499993443489,0.0331499986350536,0.0247499998658895,0.0254999995231628,0.0276500005275011,0.0197000000625848
2.50222274463107,0.0166999995708465,0.0138999996706843,0.0434999987483024,0.0423999987542629,0.0272499993443489,0.0331499986350536,0.0247499998658895,0.0254999995231628,0.0276500005275011,0.0197000000625848
2.50222274463107,0.0166999995708465,0.0138999996706843,0.0434999987483024,0.0423999987542629,0.0272499993443489,0.0331499986350536,0.0247499998658895,0.0254999995231628,0.0276500005275011,0.0197000000625848
2.50222274463107,0.0166999995708465,0.0138999996706843,0.0434999987483024,0.0423999987542629,0.0272499993443489,0.0331499986350536,0.0247499998658895,0.0254999995231628,0.0276500005275011,0.0197000000625848
2.50222274463107,0.0166999995708465,0.0138999996706843,0.0434999987483024,0.0423999987542629,0.0272499993443489,0.0331499986350536,0.0247499998658895,0.0254999995231628,0.0276500005275011,0.0197000000625848
2.50222274463107,0.0166999995708465,0.0138999996706843,0.0434999987483024,0.0423999987542629,0.0272499993443489,0.0331499986350536,0.0247499998658895,0.0254999995231628,0.0276500005275011,0.0197000000625848
2.50222274463107,0.0166999995708465,0.0138999996706843,0.0434999987483024,0.0423999987542629,0.0272499993443489,0.0331499986350536,0.0247499998658895,0.0254999995231628,0.0276500005275011,0.0197000000625848
2.39679590511687,0.0166999995708465,0.0138999996706843,0.0434999987483024,0.0423999987542629,0.0272499993443489,0.0331499986350536,0.0247499998658895,0.0254999995231628,0.0276500005275011,0.0197000000625848
2.39679590511687,0.0166999995708465,0.0138999996706843,0.0434999987483024,0.0423999987542629,0.0272499993443489,0.0331499986350536,0.0247499998658895,0.0254999995231628,0.0276500005275011,0.0197000000625848
2.39679590511687,0.0166999995708465,0.0138999996706843,0.0434999987483024,0.0423999987542629,0.0272499993443489,0.0331499986350536,0.0247499998658895,0.0254999995231628,0.0276500005275011,0.0197000000625848
2.39679590511687,0.0166999995708465,0.0138999996706843,0.0434999987483024,0.0423999987542629,0.0272499993443489,0.0331499986350536,0.0247499998658895,0.0254999995231628,0.0276500005275011,0.0197000000625848
2.39679590511687,0.0166999995708465,0.0138999996706843,0.0434999987483024,0.0423999987542629,0.0272499993443489,0.0331499986350536,0.0247499998658895,0.0254999995231628,0.0276500005275011,0.0197000000625848
2.39679590511687,0.0166999995708465,0.0138999996706843,0.0434999987483024,0.0423999987542629,0.0272499993443489,0.0331499986350536,0.0247499998658895,0.0254999995231628,0.0276500005275011,0.0197000000625848
2.39679590511687,0.0166999995708465,0.0138999996706843,0.0434999987483024,0.0423999987542629,0.0272499993443489,0.0331499986350536,0.0247499998658895,0.0254999995231628,0.0276500005275011,0.0197000000625848
2.39679590511687,0.0166999995708465,0.0138999996706843,0.0434999987483024,0.0423999987542629,0.0272499993443489,0.0331499986350536,0.0247499998658895,0.0254999995231628,0.0276500005275011,0.0197000000625848
1.44919249320488,0.0166999995708465,0.0138999996706843,0.0434999987483024,0.0423999987542629,0.0272499993443489,0.0331499986350536,0.0247499998658895,0.0254999995231628,0.0276500005275011,0.0197000000625848
1.44919249320488,0.0166999995708465,0.0138999996706843,0.0434999987483024,0.0423999987542629,0.0272499993443489,0.0331499986350536,0.0247499998658895,0.0254999995231628,0.0276500005275011,0.0197000000625848
1.44919249320488,0.0166999995708465,0.0138999996706843,0.0434999987483024,0.0423999987542629,0.0272499993443489,0.0331499986350536,0.0247499998658895,0.0254999995231628,0.0276500005275011,0.0197000000625848
1.44919249320488,0.0166999995708465,0.0138999996706843,0.0434999987483024,0.0423999987542629,0.0272499993443489,0.0331499986350536,0.0247499998658895,0.0254999995231628,0.0276500005275011,0.0197000000625848
1.44919249320488,0.0166999995708465,0.0138999996706843,0.0434999987483024,0.0423999987542629,0.0272499993443489,0.0331499986350536,0.0247499998658895,0.0254999995231628,0.0276500005275011,0.0197000000625848
1.44919249320488,0.0166999995708465,0.0138999996706843,0.0434999987483024,0.0423999987542629,0.0272499993443489,0.0331499986350536,0.0247499998658895,0.0254999995231628,0.0276500005275011,0.0197000000625848
1.44919249320488,0.0166999995708465,0.0138999996706843,0.0434999987483024,0.0423999987542629,0.0272499993443489,0.0331499986350536,0.0247499998658895,0.0254999995231628,0.0276500005275011,0.0197000000625848
1.44919249320488,0.0166999995708465,0.0138999996706843,0.0434999987483024,0.0423999987542629,0.0272499993443489,0.0331499986350536,0.0247499998658895,0.0254999995231628,0.0276500005275011,0.0197000000625848
1.54601377354322,0.0166999995708465,0.0138999996706843,0.0434999987483024,0.0423999987542629,0.0272499993443489,0.0331499986350536,0.0247499998658895,0.0254999995231628,0.0276500005275011,0.0197000000625848
1.54601377354322,0.0166999995708465,0.0138999996706843,0.0434999987483024,0.0423999987542629,0.0272499993443489,0.0331499986350536,0.0247499998658895,0.0254999995231628,0.0276500005275011,0.0197000000625848
1.54601377354322,0.0166999995708465,0.0138999996706843,0.0434999987483024,0.0423999987542629,0.0272499993443489,0.0331499986350536,0.0247499998658895,0.0254999995231628,0.0276500005275011,0.0197000000625848
1.54601377354322,0.0166999995708465,0.0138999996706843,0.0434999987483024,0.0423999987542629,0.0272499993443489,0.0331499986350536,0.0247499998658895,0.0254999995231628,0.0276500005275011,0.0197000000625848
1.54601377354322,0.0166999995708465,0.0138999996706843,0.0434999987483024,0.0423999987542629,0.0272499993443489,0.0331499986350536,0.0247499998658895,0.0254999995231628,0.0276500005275011,0.0197000000625848
1.54601377354322,0.0166999995708465,0.0138999996706843,0.0434999987483024,0.0423999987542629,0.0272499993443489,0.0331499986350536,0.0247499998658895,0.0254999995231628,0.0276500005275011,0.0197000000625848
1.54601377354322,0.0166999995708465,0.0138999996706843,0.0434999987483024,0.0423999987542629,0.0272499993443489,0.0331499986350536,0.0247499998658895,0.0254999995231628,0.0276500005275011,0.0197000000625848
1.54601377354322,0.0166999995708465,0.0138999996706843,0.0434999987483024,0.0423999987542629,0.0272499993443489,0.0331499986350536,0.0247499998658895,0.0254999995231628,0.0276500005275011,0.0197000000625848
3.8929157356294,0.0166999995708465,0.0138999996706843,0.0434999987483024,0.0423999987542629,0.0272499993443489,0.0331499986350536,0.0247499998658895,0.0254999995231628,0.0276500005275011,0.0197000000625848
3.8929157356294,0.0166999995708465,0.0138999996706843,0.0434999987483024,0.0423999987542629,0.0272499993443489,0.0331499986350536,0.0247499998658895,0.0254999995231628,0.0276500005275011,0.0197000000625848
3.8929157356294,0.0166999995708465,0.0138999996706843,0.0434999987483024,0.0423999987542629,0.0272499993443489,0.0331499986350536,0.0247499998658895,0.0254999995231628,0.0276500005275011,0.0197000000625848
3.8929157356294,0.0166999995708465,0.0138999996706843,0.0434999987483024,0.0423999987542629,0.0272499993443489,0.0331499986350536,0.0247499998658895,0.0254999995231628,0.0276500005275011,0.0197000000625848
3.8929157356294,0.0166999995708465,0.0138999996706843,0.0434999987483024,0.0423999987542629,0.0272499993443489,0.0331499986350536,0.0247499998658895,0.0254999995231628,0.0276500005275011,0.0197000000625848
3.8929157356294,0.0166999995708465,0.0138999996706843,0.0434999987483024,0.0423999987542629,0.0272499993443489,0.0331499986350536,0.0247499998658895,0.0254999995231628,0.0276500005275011,0.0197000000625848
3.8929157356294,0.0166999995708465,0.0138999996706843,0.0434999987483024,0.0423999987542629,0.0272499993443489,0.0331499986350536,0.0247499998658895,0.0254999995231628,0.0276500005275011,0.0197000000625848
3.8929157356294,0.0166999995708465,0.0138999996706843,0.0434999987483024,0.0423999987542629,0.0272499993443489,0.0331499986350536,0.0247499998658895,0.0254999995231628,0.0276500005275011,0.0197000000625848
3.90843134608171,0.0166999995708465,0.0138999996706843,0.0434999987483024,0.0423999987542629,0.0272499993443489,0.0331499986350536,0.0247499998658895,0.0254999995231628,0.0276500005275011,0.0197000000625848
3.90843134608171,0.0166999995708465,0.0138999996706843,0.0434999987483024,0.0423999987542629,0.0272499993443489,0.0331499986350536,0.0247499998658895,0.0254999995231628,0.0276500005275011,0.0197000000625848
3.90843134608171,0.0166999995708465,0.0138999996706843,0.0434999987483024,0.0423999987542629,0.0272499993443489,0.0331499986350536,0.0247499998658895,0.0254999995231628,0.0276500005275011,0.0197000000625848
3.90843134608171,0.0166999995708465,0.0138999996706843,0.0434999987483024,0.0423999987542629,0.0272499993443489,0.0331499986350536,0.0247499998658895,0.0254999995231628,0.0276500005275011,0.0197000000625848
3.90843134608171,0.0166999995708465,0.0138999996706843,0.0434999987483024,0.0423999987542629,0.0272499993443489,0.0331499986350536,0.0247499998658895,0.0254999995231628,0.0276500005275011,0.0197000000625848
3.90843134608171,0.0166999995708465,0.0138999996706843,0.0434999987483024,0.0423999987542629,0.0272499993443489,0.0331499986350536,0.0247499998658895,0.0254999995231628,0.0276500005275011,0.0197000000625848
3.90843134608171,0.0166999995708465,0.0138999996706843,0.0434999987483024,0.0423999987542629,0.0272499993443489,0.0331499986350536,0.0247499998658895,0.0254999995231628,0.0276500005275011,0.0197000000625848
3.90843134608171,0.0166999995708465,0.0138999996706843,0.0434999987483024,0.0423999987542629,0.0272499993443489,0.0331499986350536,0.0247499998658895,0.0254999995231628,0.0276500005275011,0.0197000000625848
2.81508702766384,0.0139499995857477,0.0097000002861022,0.031649999320507,0.0360499992966651,0.0223500002175569,0.0234500002115964,0.0178999993950128,0.0157500002533197,0.0214499998837709,0.0148000000044703
5.08901123672794,0.0139499995857477,0.0097000002861022,0.031649999320507,0.0360499992966651,0.0223500002175569,0.0234500002115964,0.0178999993950128,0.0157500002533197,0.0214499998837709,0.0148000000044703
5.08901123672794,0.0139499995857477,0.0097000002861022,0.031649999320507,0.0360499992966651,0.0223500002175569,0.0234500002115964,0.0178999993950128,0.0157500002533197,0.0214499998837709,0.0148000000044703
5.08901123672794,0.0139499995857477,0.0097000002861022,0.031649999320507,0.0360499992966651,0.0223500002175569,0.0234500002115964,0.0178999993950128,0.0157500002533197,0.0214499998837709,0.0148000000044703
5.08901123672794,0.0139499995857477,0.0097000002861022,0.031649999320507,0.0360499992966651,0.0223500002175569,0.0234500002115964,0.0178999993950128,0.0157500002533197,0.0214499998837709,0.0148000000044703
5.08901123672794,0.0139499995857477,0.0097000002861022,0.031649999320507,0.0360499992966651,0.0223500002175569,0.0234500002115964,0.0178999993950128,0.0157500002533197,0.0214499998837709,0.0148000000044703
5.08901123672794,0.0139499995857477,0.0097000002861022,0.031649999320507,0.0360499992966651,0.0223500002175569,0.0234500002115964,0.0178999993950128,0.0157500002533197,0.0214499998837709,0.0148000000044703
5.08901123672794,0.0139499995857477,0.0097000002861022,0.031649999320507,0.0360499992966651,0.0223500002175569,0.0234500002115964,0.0178999993950128,0.0157500002533197,0.0214499998837709,0.0148000000044703
5.08901123672794,0.0139499995857477,0.0097000002861022,0.031649999320507,0.0360499992966651,0.0223500002175569,0.0234500002115964,0.0178999993950128,0.0157500002533197,0.0214499998837709,0.0148000000044703
5.01658964563192,0.0139499995857477,0.0097000002861022,0.031649999320507,0.0360499992966651,0.0223500002175569,0.0234500002115964,0.0178999993950128,0.0157500002533197,0.0214499998837709,0.0148000000044703
5.01658964563192,0.0139499995857477,0.0097000002861022,0.031649999320507,0.0360499992966651,0.0223500002175569,0.0234500002115964,0.0178999993950128,0.0157500002533197,0.0214499998837709,0.0148000000044703
5.01658964563192,0.0139499995857477,0.0097000002861022,0.031649999320507,0.0360499992966651,0.0223500002175569,0.0234500002115964,0.0178999993950128,0.0157500002533197,0.0214499998837709,0.0148000000044703
5.01658964563192,0.0139499995857477,0.0097000002861022,0.031649999320507,0.0360499992966651,0.0223500002175569,0.0234500002115964,0.0178999993950128,0.0157500002533197,0.0214499998837709,0.0148000000044703
5.01658964563192,0.0139499995857477,0.0097000002861022,0.031649999320507,0.0360499992966651,0.0223500002175569,0.0234500002115964,0.0178999993950128,0.0157500002533197,0.0214499998837709,0.0148000000044703
5.01658964563192,0.0139499995857477,0.0097000002861022,0.031649999320507,0.0360499992966651,0.0223500002175569,0.0234500002115964,0.0178999993950128,0.0157500002533197,0.0214499998837709,0.0148000000044703
5.01658964563192,0.0139499995857477,0.0097000002861022,0.031649999320507,0.0360499992966651,0.0223500002175569,0.0234500002115964,0.0178999993950128,0.0157500002533197,0.0214499998837709,0.0148000000044703
5.01658964563192,0.0139499995857477,0.0097000002861022,0.031649999320507,0.0360499992966651,0.0223500002175569,0.0234500002115964,0.0178999993950128,0.0157500002533197,0.0214499998837709,0.0148000000044703
3.6345398356309,0.0139499995857477,0.0097000002861022,0.031649999320507,0.0360499992966651,0.0223500002175569,0.0234500002115964,0.0178999993950128,0.0157500002533197,0.0214499998837709,0.0148000000044703
3.6345398356309,0.0139499995857477,0.0097000002861022,0.031649999320507,0.0360499992966651,0.0223500002175569,0.0234500002115964,0.0178999993950128,0.0157500002533197,0.0214499998837709,0.0148000000044703
3.6345398356309,0.0139499995857477,0.0097000002861022,0.031649999320507,0.0360499992966651,0.0223500002175569,0.0234500002115964,0.0178999993950128,0.0157500002533197,0.0214499998837709,0.0148000000044703
3.6345398356309,0.0139499995857477,0.0097000002861022,0.031649999320507,0.0360499992966651,0.0223500002175569,0.0234500002115964,0.0178999993950128,0.0157500002533197,0.0214499998837709,0.0148000000044703
3.6345398356309,0.0139499995857477,0.0097000002861022,0.031649999320507,0.0360499992966651,0.0223500002175569,0.0234500002115964,0.0178999993950128,0.0157500002533197,0.0214499998837709,0.0148000000044703
3.6345398356309,0.0139499995857477,0.0097000002861022,0.031649999320507,0.0360499992966651,0.0223500002175569,0.0234500002115964,0.0178999993950128,0.0157500002533197,0.0214499998837709,0.0148000000044703
3.6345398356309,0.0139499995857477,0.0097000002861022,0.031649999320507,0.0360499992966651,0.0223500002175569,0.0234500002115964,0.0178999993950128,0.0157500002533197,0.0214499998837709,0.0148000000044703
3.6345398356309,0.0139499995857477,0.0097000002861022,0.031649999320507,0.0360499992966651,0.0223500002175569,0.0234500002115964,0.0178999993950128,0.0157500002533197,0.0214499998837709,0.0148000000044703
5.31931159172459,0.0139499995857477,0.0097000002861022,0.031649999320507,0.0360499992966651,0.0223500002175569,0.0234500002115964,0.0178999993950128,0.0157500002533197,0.0214499998837709,0.0148000000044703
5.31931159172459,0.0139499995857477,0.0097000002861022,0.031649999320507,0.0360499992966651,0.0223500002175569,0.0234500002115964,0.0178999993950128,0.0157500002533197,0.0214499998837709,0.0148000000044703
5.31931159172459,0.0139499995857477,0.0097000002861022,0.031649999320507,0.0360499992966651,0.0223500002175569,0.0234500002115964,0.0178999993950128,0.0157500002533197,0.0214499998837709,0.0148000000044703
5.31931159172459,0.0139499995857477,0.0097000002861022,0.031649999320507,0.0360499992966651,0.0223500002175569,0.0234500002115964,0.0178999993950128,0.0157500002533197,0.0214499998837709,0.0148000000044703
5.31931159172459,0.0139499995857477,0.0097000002861022,0.031649999320507,0.0360499992966651,0.0223500002175569,0.0234500002115964,0.0178999993950128,0.0157500002533197,0.0214499998837709,0.0148000000044703
5.31931159172459,0.0139499995857477,0.0097000002861022,0.031649999320507,0.0360499992966651,0.0223500002175569,0.0234500002115964,0.0178999993950128,0.0157500002533197,0.0214499998837709,0.0148000000044703
5.31931159172459,0.0139499995857477,0.0097000002861022,0.031649999320507,0.0360499992966651,0.0223500002175569,0.0234500002115964,0.0178999993950128,0.0157500002533197,0.0214499998837709,0.0148000000044703
5.31931159172459,0.0139499995857477,0.0097000002861022,0.031649999320507,0.0360499992966651,0.0223500002175569,0.0234500002115964,0.0178999993950128,0.0157500002533197,0.0214499998837709,0.0148000000044703
3.38843725339969,0.0139499995857477,0.0097000002861022,0.031649999320507,0.0360499992966651,0.0223500002175569,0.0234500002115964,0.0178999993950128,0.0157500002533197,0.0214499998837709,0.0148000000044703
3.38843725339969,0.0139499995857477,0.0097000002861022,0.031649999320507,0.0360499992966651,0.0223500002175569,0.0234500002115964,0.0178999993950128,0.0157500002533197,0.0214499998837709,0.0148000000044703
3.38843725339969,0.0139499995857477,0.0097000002861022,0.031649999320507,0.0360499992966651,0.0223500002175569,0.0234500002115964,0.0178999993950128,0.0157500002533197,0.0214499998837709,0.0148000000044703
3.38843725339969,0.0139499995857477,0.0097000002861022,0.031649999320507,0.0360499992966651,0.0223500002175569,0.0234500002115964,0.0178999993950128,0.0157500002533197,0.0214499998837709,0.0148000000044703
3.38843725339969,0.0139499995857477,0.0097000002861022,0.031649999320507,0.0360499992966651,0.0223500002175569,0.0234500002115964,0.0178999993950128,0.0157500002533197,0.0214499998837709,0.0148000000044703
3.38843725339969,0.0139499995857477,0.0097000002861022,0.031649999320507,0.0360499992966651,0.0223500002175569,0.0234500002115964,0.0178999993950128,0.0157500002533197,0.0214499998837709,0.0148000000044703
3.38843725339969,0.0139499995857477,0.0097000002861022,0.031649999320507,0.0360499992966651,0.0223500002175569,0.0234500002115964,0.0178999993950128,0.0157500002533197,0.0214499998837709,0.0148000000044703
3.38843725339969,0.0139499995857477,0.0097000002861022,0.031649999320507,0.0360499992966651,0.0223500002175569,0.0234500002115964,0.0178999993950128,0.0157500002533197,0.0214499998837709,0.0148000000044703
3.15930753615588,0.0139499995857477,0.0097000002861022,0.031649999320507,0.0360499992966651,0.0223500002175569,0.0234500002115964,0.0178999993950128,0.0157500002533197,0.0214499998837709,0.0148000000044703
3.15930753615588,0.0139499995857477,0.0097000002861022,0.031649999320507,0.0360499992966651,0.0223500002175569,0.0234500002115964,0.0178999993950128,0.0157500002533197,0.0214499998837709,0.0148000000044703
3.15930753615588,0.0139499995857477,0.0097000002861022,0.031649999320507,0.0360499992966651,0.0223500002175569,0.0234500002115964,0.0178999993950128,0.0157500002533197,0.0214499998837709,0.0148000000044703
3.15930753615588,0.0139499995857477,0.0097000002861022,0.031649999320507,0.0360499992966651,0.0223500002175569,0.0234500002115964,0.0178999993950128,0.0157500002533197,0.0214499998837709,0.0148000000044703
3.15930753615588,0.0139499995857477,0.0097000002861022,0.031649999320507,0.0360499992966651,0.0223500002175569,0.0234500002115964,0.0178999993950128,0.0157500002533197,0.0214499998837709,0.0148000000044703
3.15930753615588,0.0139499995857477,0.0097000002861022,0.031649999320507,0.0360499992966651,0.0223500002175569,0.0234500002115964,0.0178999993950128,0.0157500002533197,0.0214499998837709,0.0148000000044703
3.15930753615588,0.0139499995857477,0.0097000002861022,0.031649999320507,0.0360499992966651,0.0223500002175569,0.0234500002115964,0.0178999993950128,0.0157500002533197,0.0214499998837709,0.0148000000044703
3.15930753615588,0.0139499995857477,0.0097000002861022,0.031649999320507,0.0360499992966651,0.0223500002175569,0.0234500002115964,0.0178999993950128,0.0157500002533197,0.0214499998837709,0.0148000000044703
5.93180798419138,0.0139499995857477,0.0097000002861022,0.031649999320507,0.0360499992966651,0.0223500002175569,0.0234500002115964,0.0178999993950128,0.0157500002533197,0.0214499998837709,0.0148000000044703
5.93180798419138,0.0139499995857477,0.0097000002861022,0.031649999320507,0.0360499992966651,0.0223500002175569,0.0234500002115964,0.0178999993950128,0.0157500002533197,0.0214499998837709,0.0148000000044703
5.93180798419138,0.0139499995857477,0.0097000002861022,0.031649999320507,0.0360499992966651,0.0223500002175569,0.0234500002115964,0.0178999993950128,0.0157500002533197,0.0214499998837709,0.0148000000044703
5.93180798419138,0.0139499995857477,0.0097000002861022,0.031649999320507,0.0360499992966651,0.0223500002175569,0.0234500002115964,0.0178999993950128,0.0157500002533197,0.0214499998837709,0.0148000000044703
5.93180798419138,0.0139499995857477,0.0097000002861022,0.031649999320507,0.0360499992966651,0.0223500002175569,0.0234500002115964,0.0178999993950128,0.0157500002533197,0.0214499998837709,0.0148000000044703
5.93180798419138,0.0139499995857477,0.0097000002861022,0.031649999320507,0.0360499992966651,0.0223500002175569,0.0234500002115964,0.0178999993950128,0.0157500002533197,0.0214499998837709,0.0148000000044703
5.93180798419138,0.0139499995857477,0.0097000002861022,0.031649999320507,0.0360499992966651,0.0223500002175569,0.0234500002115964,0.0178999993950128,0.0157500002533197,0.0214499998837709,0.0148000000044703
5.93180798419138,0.0139499995857477,0.0097000002861022,0.031649999320507,0.0360499992966651,0.0223500002175569,0.0234500002115964,0.0178999993950128,0.0157500002533197,0.0214499998837709,0.0148000000044703
6.46995539074304,0.0139499995857477,0.0097000002861022,0.031649999320507,0.0360499992966651,0.0223500002175569,0.0234500002115964,0.0178999993950128,0.0157500002533197,0.0214499998837709,0.0148000000044703
6.46995539074304,0.0139499995857477,0.0097000002861022,0.031649999320507,0.0360499992966651,0.0223500002175569,0.0234500002115964,0.0178999993950128,0.0157500002533197,0.0214499998837709,0.0148000000044703
6.46995539074304,0.0139499995857477,0.0097000002861022,0.031649999320507,0.0360499992966651,0.0223500002175569,0.0234500002115964,0.0178999993950128,0.0157500002533197,0.0214499998837709,0.0148000000044703
6.46995539074304,0.0139499995857477,0.0097000002861022,0.031649999320507,0.0360499992966651,0.0223500002175569,0.0234500002115964,0.0178999993950128,0.0157500002533197,0.0214499998837709,0.0148000000044703
6.46995539074304,0.0139499995857477,0.0097000002861022,0.031649999320507,0.0360499992966651,0.0223500002175569,0.0234500002115964,0.0178999993950128,0.0157500002533197,0.0214499998837709,0.0148000000044703
6.46995539074304,0.0139499995857477,0.0097000002861022,0.031649999320507,0.0360499992966651,0.0223500002175569,0.0234500002115964,0.0178999993950128,0.0157500002533197,0.0214499998837709,0.0148000000044703
6.46995539074304,0.0139499995857477,0.0097000002861022,0.031649999320507,0.0360499992966651,0.0223500002175569,0.0234500002115964,0.0178999993950128,0.0157500002533197,0.0214499998837709,0.0148000000044703
6.46995539074304,0.0139499995857477,0.0097000002861022,0.031649999320507,0.0360499992966651,0.0223500002175569,0.0234500002115964,0.0178999993950128,0.0157500002533197,0.0214499998837709,0.0148000000044703
3.52670747262193,0.012699999846518,0.0100499996915459,0.0288999993354082,0.0291499998420476,0.0208999998867511,0.024550000205636,0.017349999397993,0.0142999999225139,0.0179999992251396,0.0186999998986721
2.74562669274458,0.012699999846518,0.0100499996915459,0.0288999993354082,0.0291499998420476,0.0208999998867511,0.024550000205636,0.017349999397993,0.0142999999225139,0.0179999992251396,0.0186999998986721
3.39899262327064,0.012699999846518,0.0100499996915459,0.0288999993354082,0.0291499998420476,0.0208999998867511,0.024550000205636,0.017349999397993,0.0142999999225139,0.0179999992251396,0.0186999998986721
3.39899262327064,0.012699999846518,0.0100499996915459,0.0288999993354082,0.0291499998420476,0.0208999998867511,0.024550000205636,0.017349999397993,0.0142999999225139,0.0179999992251396,0.0186999998986721
3.39899262327064,0.012699999846518,0.0100499996915459,0.0288999993354082,0.0291499998420476,0.0208999998867511,0.024550000205636,0.017349999397993,0.0142999999225139,0.0179999992251396,0.0186999998986721
3.39899262327064,0.012699999846518,0.0100499996915459,0.0288999993354082,0.0291499998420476,0.0208999998867511,0.024550000205636,0.017349999397993,0.0142999999225139,0.0179999992251396,0.0186999998986721
3.39899262327064,0.012699999846518,0.0100499996915459,0.0288999993354082,0.0291499998420476,0.0208999998867511,0.024550000205636,0.017349999397993,0.0142999999225139,0.0179999992251396,0.0186999998986721
3.39899262327064,0.012699999846518,0.0100499996915459,0.0288999993354082,0.0291499998420476,0.0208999998867511,0.024550000205636,0.017349999397993,0.0142999999225139,0.0179999992251396,0.0186999998986721
3.39899262327064,0.012699999846518,0.0100499996915459,0.0288999993354082,0.0291499998420476,0.0208999998867511,0.024550000205636,0.017349999397993,0.0142999999225139,0.0179999992251396,0.0186999998986721
3.39899262327064,0.012699999846518,0.0100499996915459,0.0288999993354082,0.0291499998420476,0.0208999998867511,0.024550000205636,0.017349999397993,0.0142999999225139,0.0179999992251396,0.0186999998986721
4.20853619822906,0.012699999846518,0.0100499996915459,0.0288999993354082,0.0291499998420476,0.0208999998867511,0.024550000205636,0.017349999397993,0.0142999999225139,0.0179999992251396,0.0186999998986721
4.20853619822906,0.012699999846518,0.0100499996915459,0.0288999993354082,0.0291499998420476,0.0208999998867511,0.024550000205636,0.017349999397993,0.0142999999225139,0.0179999992251396,0.0186999998986721
4.20853619822906,0.012699999846518,0.0100499996915459,0.0288999993354082,0.0291499998420476,0.0208999998867511,0.024550000205636,0.017349999397993,0.0142999999225139,0.0179999992251396,0.0186999998986721
4.20853619822906,0.012699999846518,0.0100499996915459,0.0288999993354082,0.0291499998420476,0.0208999998867511,0.024550000205636,0.017349999397993,0.0142999999225139,0.0179999992251396,0.0186999998986721
4.20853619822906,0.012699999846518,0.0100499996915459,0.0288999993354082,0.0291499998420476,0.0208999998867511,0.024550000205636,0.017349999397993,0.0142999999225139,0.0179999992251396,0.0186999998986721
4.20853619822906,0.012699999846518,0.0100499996915459,0.0288999993354082,0.0291499998420476,0.0208999998867511,0.024550000205636,0.017349999397993,0.0142999999225139,0.0179999992251396,0.0186999998986721
4.20853619822906,0.012699999846518,0.0100499996915459,0.0288999993354082,0.0291499998420476,0.0208999998867511,0.024550000205636,0.017349999397993,0.0142999999225139,0.0179999992251396,0.0186999998986721
4.20853619822906,0.012699999846518,0.0100499996915459,0.0288999993354082,0.0291499998420476,0.0208999998867511,0.024550000205636,0.017349999397993,0.0142999999225139,0.0179999992251396,0.0186999998986721
5.28084312144036,0.012699999846518,0.0100499996915459,0.0288999993354082,0.0291499998420476,0.0208999998867511,0.024550000205636,0.017349999397993,0.0142999999225139,0.0179999992251396,0.0186999998986721
5.28084312144036,0.012699999846518,0.0100499996915459,0.0288999993354082,0.0291499998420476,0.0208999998867511,0.024550000205636,0.017349999397993,0.0142999999225139,0.0179999992251396,0.0186999998986721
5.28084312144036,0.012699999846518,0.0100499996915459,0.0288999993354082,0.0291499998420476,0.0208999998867511,0.024550000205636,0.017349999397993,0.0142999999225139,0.0179999992251396,0.0186999998986721
5.28084312144036,0.012699999846518,0.0100499996915459,0.0288999993354082,0.0291499998420476,0.0208999998867511,0.024550000205636,0.017349999397993,0.0142999999225139,0.0179999992251396,0.0186999998986721
5.28084312144036,0.012699999846518,0.0100499996915459,0.0288999993354082,0.0291499998420476,0.0208999998867511,0.024550000205636,0.017349999397993,0.0142999999225139,0.0179999992251396,0.0186999998986721
5.28084312144036,0.012699999846518,0.0100499996915459,0.0288999993354082,0.0291499998420476,0.0208999998867511,0.024550000205636,0.017349999397993,0.0142999999225139,0.0179999992251396,0.0186999998986721
5.28084312144036,0.012699999846518,0.0100499996915459,0.0288999993354082,0.0291499998420476,0.0208999998867511,0.024550000205636,0.017349999397993,0.0142999999225139,0.0179999992251396,0.0186999998986721
5.28084312144036,0.012699999846518,0.0100499996915459,0.0288999993354082,0.0291499998420476,0.0208999998867511,0.024550000205636,0.017349999397993,0.0142999999225139,0.0179999992251396,0.0186999998986721
6.03510507355473,0.012699999846518,0.0100499996915459,0.0288999993354082,0.0291499998420476,0.0208999998867511,0.024550000205636,0.017349999397993,0.0142999999225139,0.0179999992251396,0.0186999998986721
6.03510507355473,0.012699999846518,0.0100499996915459,0.0288999993354082,0.0291499998420476,0.0208999998867511,0.024550000205636,0.017349999397993,0.0142999999225139,0.0179999992251396,0.0186999998986721
6.03510507355473,0.012699999846518,0.0100499996915459,0.0288999993354082,0.0291499998420476,0.0208999998867511,0.024550000205636,0.017349999397993,0.0142999999225139,0.0179999992251396,0.0186999998986721
6.03510507355473,0.012699999846518,0.0100499996915459,0.0288999993354082,0.0291499998420476,0.0208999998867511,0.024550000205636,0.017349999397993,0.0142999999225139,0.0179999992251396,0.0186999998986721
6.03510507355473,0.012699999846518,0.0100499996915459,0.0288999993354082,0.0291499998420476,0.0208999998867511,0.024550000205636,0.017349999397993,0.0142999999225139,0.0179999992251396,0.0186999998986721
6.03510507355473,0.012699999846518,0.0100499996915459,0.0288999993354082,0.0291499998420476,0.0208999998867511,0.024550000205636,0.017349999397993,0.0142999999225139,0.0179999992251396,0.0186999998986721
6.03510507355473,0.012699999846518,0.0100499996915459,0.0288999993354082,0.0291499998420476,0.0208999998867511,0.024550000205636,0.017349999397993,0.0142999999225139,0.0179999992251396,0.0186999998986721
6.03510507355473,0.012699999846518,0.0100499996915459,0.0288999993354082,0.0291499998420476,0.0208999998867511,0.024550000205636,0.017349999397993,0.0142999999225139,0.0179999992251396,0.0186999998986721
5.97700933549768,0.012699999846518,0.0100499996915459,0.0288999993354082,0.0291499998420476,0.0208999998867511,0.024550000205636,0.017349999397993,0.0142999999225139,0.0179999992251396,0.0186999998986721
1.57423302645913,0.0171499997377395,0.0153500000014901,0.033050000667572,0.0346500016748905,0.0248000007122755,0.0191500000655651,0.0222999993711709,0.0218000002205371,0.0232999995350837,0.0232500005513429
1.62943239065947,0.0171499997377395,0.0153500000014901,0.033050000667572,0.0346500016748905,0.0248000007122755,0.0191500000655651,0.0222999993711709,0.0218000002205371,0.0232999995350837,0.0232500005513429
1.62943239065947,0.0171499997377395,0.0153500000014901,0.033050000667572,0.0346500016748905,0.0248000007122755,0.0191500000655651,0.0222999993711709,0.0218000002205371,0.0232999995350837,0.0232500005513429
1.62943239065947,0.0171499997377395,0.0153500000014901,0.033050000667572,0.0346500016748905,0.0248000007122755,0.0191500000655651,0.0222999993711709,0.0218000002205371,0.0232999995350837,0.0232500005513429
1.62943239065947,0.0171499997377395,0.0153500000014901,0.033050000667572,0.0346500016748905,0.0248000007122755,0.0191500000655651,0.0222999993711709,0.0218000002205371,0.0232999995350837,0.0232500005513429
1.62943239065947,0.0171499997377395,0.0153500000014901,0.033050000667572,0.0346500016748905,0.0248000007122755,0.0191500000655651,0.0222999993711709,0.0218000002205371,0.0232999995350837,0.0232500005513429
1.62943239065947,0.0171499997377395,0.0153500000014901,0.033050000667572,0.0346500016748905,0.0248000007122755,0.0191500000655651,0.0222999993711709,0.0218000002205371,0.0232999995350837,0.0232500005513429
1.62943239065947,0.0171499997377395,0.0153500000014901,0.033050000667572,0.0346500016748905,0.0248000007122755,0.0191500000655651,0.0222999993711709,0.0218000002205371,0.0232999995350837,0.0232500005513429
1.62943239065947,0.0171499997377395,0.0153500000014901,0.033050000667572,0.0346500016748905,0.0248000007122755,0.0191500000655651,0.0222999993711709,0.0218000002205371,0.0232999995350837,0.0232500005513429
1.9022544797497,0.0171499997377395,0.0153500000014901,0.033050000667572,0.0346500016748905,0.0248000007122755,0.0191500000655651,0.0222999993711709,0.0218000002205371,0.0232999995350837,0.0232500005513429
1.9022544797497,0.0171499997377395,0.0153500000014901,0.033050000667572,0.0346500016748905,0.0248000007122755,0.0191500000655651,0.0222999993711709,0.0218000002205371,0.0232999995350837,0.0232500005513429
1.9022544797497,0.0171499997377395,0.0153500000014901,0.033050000667572,0.0346500016748905,0.0248000007122755,0.0191500000655651,0.0222999993711709,0.0218000002205371,0.0232999995350837,0.0232500005513429
1.9022544797497,0.0171499997377395,0.0153500000014901,0.033050000667572,0.0346500016748905,0.0248000007122755,0.0191500000655651,0.0222999993711709,0.0218000002205371,0.0232999995350837,0.0232500005513429
1.9022544797497,0.0171499997377395,0.0153500000014901,0.033050000667572,0.0346500016748905,0.0248000007122755,0.0191500000655651,0.0222999993711709,0.0218000002205371,0.0232999995350837,0.0232500005513429
1.9022544797497,0.0171499997377395,0.0153500000014901,0.033050000667572,0.0346500016748905,0.0248000007122755,0.0191500000655651,0.0222999993711709,0.0218000002205371,0.0232999995350837,0.0232500005513429
1.9022544797497,0.0171499997377395,0.0153500000014901,0.033050000667572,0.0346500016748905,0.0248000007122755,0.0191500000655651,0.0222999993711709,0.0218000002205371,0.0232999995350837,0.0232500005513429
1.9022544797497,0.0171499997377395,0.0153500000014901,0.033050000667572,0.0346500016748905,0.0248000007122755,0.0191500000655651,0.0222999993711709,0.0218000002205371,0.0232999995350837,0.0232500005513429
2.0206135713594,0.0171499997377395,0.0153500000014901,0.033050000667572,0.0346500016748905,0.0248000007122755,0.0191500000655651,0.0222999993711709,0.0218000002205371,0.0232999995350837,0.0232500005513429
2.0206135713594,0.0171499997377395,0.0153500000014901,0.033050000667572,0.0346500016748905,0.0248000007122755,0.0191500000655651,0.0222999993711709,0.0218000002205371,0.0232999995350837,0.0232500005513429
2.0206135713594,0.0171499997377395,0.0153500000014901,0.033050000667572,0.0346500016748905,0.0248000007122755,0.0191500000655651,0.0222999993711709,0.0218000002205371,0.0232999995350837,0.0232500005513429
2.0206135713594,0.0171499997377395,0.0153500000014901,0.033050000667572,0.0346500016748905,0.0248000007122755,0.0191500000655651,0.0222999993711709,0.0218000002205371,0.0232999995350837,0.0232500005513429
2.0206135713594,0.0171499997377395,0.0153500000014901,0.033050000667572,0.0346500016748905,0.0248000007122755,0.0191500000655651,0.0222999993711709,0.0218000002205371,0.0232999995350837,0.0232500005513429
2.0206135713594,0.0171499997377395,0.0153500000014901,0.033050000667572,0.0346500016748905,0.0248000007122755,0.0191500000655651,0.0222999993711709,0.0218000002205371,0.0232999995350837,0.0232500005513429
2.0206135713594,0.0171499997377395,0.0153500000014901,0.033050000667572,0.0346500016748905,0.0248000007122755,0.0191500000655651,0.0222999993711709,0.0218000002205371,0.0232999995350837,0.0232500005513429
2.0206135713594,0.0171499997377395,0.0153500000014901,0.033050000667572,0.0346500016748905,0.0248000007122755,0.0191500000655651,0.0222999993711709,0.0218000002205371,0.0232999995350837,0.0232500005513429
2.62123875186811,0.0171499997377395,0.0153500000014901,0.033050000667572,0.0346500016748905,0.0248000007122755,0.0191500000655651,0.0222999993711709,0.0218000002205371,0.0232999995350837,0.0232500005513429
2.62123875186811,0.0171499997377395,0.0153500000014901,0.033050000667572,0.0346500016748905,0.0248000007122755,0.0191500000655651,0.0222999993711709,0.0218000002205371,0.0232999995350837,0.0232500005513429
2.62123875186811,0.0171499997377395,0.0153500000014901,0.033050000667572,0.0346500016748905,0.0248000007122755,0.0191500000655651,0.0222999993711709,0.0218000002205371,0.0232999995350837,0.0232500005513429
2.62123875186811,0.0171499997377395,0.0153500000014901,0.033050000667572,0.0346500016748905,0.0248000007122755,0.0191500000655651,0.0222999993711709,0.0218000002205371,0.0232999995350837,0.0232500005513429
2.62123875186811,0.0171499997377395,0.0153500000014901,0.033050000667572,0.0346500016748905,0.0248000007122755,0.0191500000655651,0.0222999993711709,0.0218000002205371,0.0232999995350837,0.0232500005513429
2.62123875186811,0.0171499997377395,0.0153500000014901,0.033050000667572,0.0346500016748905,0.0248000007122755,0.0191500000655651,0.0222999993711709,0.0218000002205371,0.0232999995350837,0.0232500005513429
2.62123875186811,0.0171499997377395,0.0153500000014901,0.033050000667572,0.0346500016748905,0.0248000007122755,0.0191500000655651,0.0222999993711709,0.0218000002205371,0.0232999995350837,0.0232500005513429
2.62123875186811,0.0171499997377395,0.0153500000014901,0.033050000667572,0.0346500016748905,0.0248000007122755,0.0191500000655651,0.0222999993711709,0.0218000002205371,0.0232999995350837,0.0232500005513429
4.25321782927619,0.0171499997377395,0.0153500000014901,0.033050000667572,0.0346500016748905,0.0248000007122755,0.0191500000655651,0.0222999993711709,0.0218000002205371,0.0232999995350837,0.0232500005513429
2.9707628957329,0.0197500009089708,0.0184499993920326,0.050450000911951,0.0461499989032745,0.0336499996483325,0.017799999564886,0.0230500008910894,0.0297999996691942,0.0443999990820884,0.0232500005513429
2.9707628957329,0.0197500009089708,0.0184499993920326,0.050450000911951,0.0461499989032745,0.0336499996483325,0.017799999564886,0.0230500008910894,0.0297999996691942,0.0443999990820884,0.0232500005513429
2.9707628957329,0.0197500009089708,0.0184499993920326,0.050450000911951,0.0461499989032745,0.0336499996483325,0.017799999564886,0.0230500008910894,0.0297999996691942,0.0443999990820884,0.0232500005513429
2.9707628957329,0.0197500009089708,0.0184499993920326,0.050450000911951,0.0461499989032745,0.0336499996483325,0.017799999564886,0.0230500008910894,0.0297999996691942,0.0443999990820884,0.0232500005513429
2.9707628957329,0.0197500009089708,0.0184499993920326,0.050450000911951,0.0461499989032745,0.0336499996483325,0.017799999564886,0.0230500008910894,0.0297999996691942,0.0443999990820884,0.0232500005513429
2.9707628957329,0.0197500009089708,0.0184499993920326,0.050450000911951,0.0461499989032745,0.0336499996483325,0.017799999564886,0.0230500008910894,0.0297999996691942,0.0443999990820884,0.0232500005513429
2.9707628957329,0.0197500009089708,0.0184499993920326,0.050450000911951,0.0461499989032745,0.0336499996483325,0.017799999564886,0.0230500008910894,0.0297999996691942,0.0443999990820884,0.0232500005513429
2.9707628957329,0.0197500009089708,0.0184499993920326,0.050450000911951,0.0461499989032745,0.0336499996483325,0.017799999564886,0.0230500008910894,0.0297999996691942,0.0443999990820884,0.0232500005513429
3.84596305294918,0.0197500009089708,0.0184499993920326,0.050450000911951,0.0461499989032745,0.0336499996483325,0.017799999564886,0.0230500008910894,0.0297999996691942,0.0443999990820884,0.0232500005513429
3.84596305294918,0.0197500009089708,0.0184499993920326,0.050450000911951,0.0461499989032745,0.0336499996483325,0.017799999564886,0.0230500008910894,0.0297999996691942,0.0443999990820884,0.0232500005513429
3.84596305294918,0.0197500009089708,0.0184499993920326,0.050450000911951,0.0461499989032745,0.0336499996483325,0.017799999564886,0.0230500008910894,0.0297999996691942,0.0443999990820884,0.0232500005513429
3.84596305294918,0.0197500009089708,0.0184499993920326,0.050450000911951,0.0461499989032745,0.0336499996483325,0.017799999564886,0.0230500008910894,0.0297999996691942,0.0443999990820884,0.0232500005513429
3.84596305294918,0.0197500009089708,0.0184499993920326,0.050450000911951,0.0461499989032745,0.0336499996483325,0.017799999564886,0.0230500008910894,0.0297999996691942,0.0443999990820884,0.0232500005513429
3.84596305294918,0.0197500009089708,0.0184499993920326,0.050450000911951,0.0461499989032745,0.0336499996483325,0.017799999564886,0.0230500008910894,0.0297999996691942,0.0443999990820884,0.0232500005513429
3.84596305294918,0.0197500009089708,0.0184499993920326,0.050450000911951,0.0461499989032745,0.0336499996483325,0.017799999564886,0.0230500008910894,0.0297999996691942,0.0443999990820884,0.0232500005513429
3.84596305294918,0.0197500009089708,0.0184499993920326,0.050450000911951,0.0461499989032745,0.0336499996483325,0.017799999564886,0.0230500008910894,0.0297999996691942,0.0443999990820884,0.0232500005513429
4.70875618597226,0.0236000008881092,0.0195499993860721,0.0592500008642673,0.0546500012278556,0.0383500009775161,0.0237499997019767,0.0230500008910894,0.0297999996691942,0.0436000004410743,0.0232500005513429
4.70875618597226,0.0236000008881092,0.0195499993860721,0.0592500008642673,0.0546500012278556,0.0383500009775161,0.0237499997019767,0.0230500008910894,0.0297999996691942,0.0436000004410743,0.0232500005513429
4.70875618597226,0.0236000008881092,0.0195499993860721,0.0592500008642673,0.0546500012278556,0.0383500009775161,0.0237499997019767,0.0230500008910894,0.0297999996691942,0.0436000004410743,0.0232500005513429
4.70875618597226,0.0236000008881092,0.0195499993860721,0.0592500008642673,0.0546500012278556,0.0383500009775161,0.0237499997019767,0.0230500008910894,0.0297999996691942,0.0436000004410743,0.0232500005513429
4.70875618597226,0.0236000008881092,0.0195499993860721,0.0592500008642673,0.0546500012278556,0.0383500009775161,0.0237499997019767,0.0230500008910894,0.0297999996691942,0.0436000004410743,0.0232500005513429
4.70875618597226,0.0236000008881092,0.0195499993860721,0.0592500008642673,0.0546500012278556,0.0383500009775161,0.0237499997019767,0.0230500008910894,0.0297999996691942,0.0436000004410743,0.0232500005513429
4.70875618597226,0.0236000008881092,0.0195499993860721,0.0592500008642673,0.0546500012278556,0.0383500009775161,0.0237499997019767,0.0230500008910894,0.0297999996691942,0.0436000004410743,0.0232500005513429
4.70875618597226,0.0236000008881092,0.0195499993860721,0.0592500008642673,0.0546500012278556,0.0383500009775161,0.0237499997019767,0.0230500008910894,0.0297999996691942,0.0436000004410743,0.0232500005513429
4.17053157612423,0.0236000008881092,0.0195499993860721,0.0592500008642673,0.0546500012278556,0.0383500009775161,0.0237499997019767,0.0230500008910894,0.0297999996691942,0.0436000004410743,0.0232500005513429
4.17053157612423,0.0236000008881092,0.0195499993860721,0.0592500008642673,0.0546500012278556,0.0383500009775161,0.0237499997019767,0.0230500008910894,0.0297999996691942,0.0436000004410743,0.0232500005513429
4.17053157612423,0.0236000008881092,0.0195499993860721,0.0592500008642673,0.0546500012278556,0.0383500009775161,0.0237499997019767,0.0230500008910894,0.0297999996691942,0.0436000004410743,0.0232500005513429
4.17053157612423,0.0236000008881092,0.0195499993860721,0.0592500008642673,0.0546500012278556,0.0383500009775161,0.0237499997019767,0.0230500008910894,0.0297999996691942,0.0436000004410743,0.0232500005513429
4.17053157612423,0.0236000008881092,0.0195499993860721,0.0592500008642673,0.0546500012278556,0.0383500009775161,0.0237499997019767,0.0230500008910894,0.0297999996691942,0.0436000004410743,0.0232500005513429
4.17053157612423,0.0236000008881092,0.0195499993860721,0.0592500008642673,0.0546500012278556,0.0383500009775161,0.0237499997019767,0.0230500008910894,0.0297999996691942,0.0436000004410743,0.0232500005513429
4.17053157612423,0.0236000008881092,0.0195499993860721,0.0592500008642673,0.0546500012278556,0.0383500009775161,0.0237499997019767,0.0230500008910894,0.0297999996691942,0.0436000004410743,0.0232500005513429
4.17053157612423,0.0236000008881092,0.0195499993860721,0.0592500008642673,0.0546500012278556,0.0383500009775161,0.0237499997019767,0.0230500008910894,0.0297999996691942,0.0436000004410743,0.0232500005513429
3.53181322500392,0.0236000008881092,0.0195499993860721,0.0592500008642673,0.0546500012278556,0.0383500009775161,0.0237499997019767,0.0230500008910894,0.0297999996691942,0.0436000004410743,0.0232500005513429
3.50450096905165,0.0236000008881092,0.0195499993860721,0.0592500008642673,0.0546500012278556,0.0383500009775161,0.0237499997019767,0.0230500008910894,0.0297999996691942,0.0436000004410743,0.0232500005513429
3.50450096905165,0.0236000008881092,0.0195499993860721,0.0592500008642673,0.0546500012278556,0.0383500009775161,0.0237499997019767,0.0230500008910894,0.0297999996691942,0.0436000004410743,0.0232500005513429
3.50450096905165,0.0236000008881092,0.0195499993860721,0.0592500008642673,0.0546500012278556,0.0383500009775161,0.0237499997019767,0.0230500008910894,0.0297999996691942,0.0436000004410743,0.0232500005513429
3.50450096905165,0.0236000008881092,0.0195499993860721,0.0592500008642673,0.0546500012278556,0.0383500009775161,0.0237499997019767,0.0230500008910894,0.0297999996691942,0.0436000004410743,0.0232500005513429
3.50450096905165,0.0236000008881092,0.0195499993860721,0.0592500008642673,0.0546500012278556,0.0383500009775161,0.0237499997019767,0.0230500008910894,0.0297999996691942,0.0436000004410743,0.0232500005513429
3.50450096905165,0.0236000008881092,0.0195499993860721,0.0592500008642673,0.0546500012278556,0.0383500009775161,0.0237499997019767,0.0230500008910894,0.0297999996691942,0.0436000004410743,0.0232500005513429
3.50450096905165,0.0236000008881092,0.0195499993860721,0.0592500008642673,0.0546500012278556,0.0383500009775161,0.0237499997019767,0.0230500008910894,0.0297999996691942,0.0436000004410743,0.0232500005513429
3.50450096905165,0.0236000008881092,0.0195499993860721,0.0592500008642673,0.0546500012278556,0.0383500009775161,0.0237499997019767,0.0230500008910894,0.0297999996691942,0.0436000004410743,0.0232500005513429
3.29086287362055,0.0236000008881092,0.0195499993860721,0.0592500008642673,0.0546500012278556,0.0383500009775161,0.0237499997019767,0.0230500008910894,0.0297999996691942,0.0436000004410743,0.0232500005513429
3.29086287362055,0.0236000008881092,0.0195499993860721,0.0592500008642673,0.0546500012278556,0.0383500009775161,0.0237499997019767,0.0230500008910894,0.0297999996691942,0.0436000004410743,0.0232500005513429
3.29086287362055,0.0236000008881092,0.0195499993860721,0.0592500008642673,0.0546500012278556,0.0383500009775161,0.0237499997019767,0.0230500008910894,0.0297999996691942,0.0436000004410743,0.0232500005513429
3.29086287362055,0.0236000008881092,0.0195499993860721,0.0592500008642673,0.0546500012278556,0.0383500009775161,0.0237499997019767,0.0230500008910894,0.0297999996691942,0.0436000004410743,0.0232500005513429
3.29086287362055,0.0236000008881092,0.0195499993860721,0.0592500008642673,0.0546500012278556,0.0383500009775161,0.0237499997019767,0.0230500008910894,0.0297999996691942,0.0436000004410743,0.0232500005513429
3.29086287362055,0.0236000008881092,0.0195499993860721,0.0592500008642673,0.0546500012278556,0.0383500009775161,0.0237499997019767,0.0230500008910894,0.0297999996691942,0.0436000004410743,0.0232500005513429
3.29086287362055,0.0236000008881092,0.0195499993860721,0.0592500008642673,0.0546500012278556,0.0383500009775161,0.0237499997019767,0.0230500008910894,0.0297999996691942,0.0436000004410743,0.0232500005513429
3.29086287362055,0.0236000008881092,0.0195499993860721,0.0592500008642673,0.0546500012278556,0.0383500009775161,0.0237499997019767,0.0230500008910894,0.0297999996691942,0.0436000004410743,0.0232500005513429
1.96661879712156,0.0236000008881092,0.0195499993860721,0.0592500008642673,0.0546500012278556,0.0383500009775161,0.0237499997019767,0.0230500008910894,0.0297999996691942,0.0436000004410743,0.0232500005513429
1.96661879712156,0.0236000008881092,0.0195499993860721,0.0592500008642673,0.0546500012278556,0.0383500009775161,0.0237499997019767,0.0230500008910894,0.0297999996691942,0.0436000004410743,0.0232500005513429
1.96661879712156,0.0236000008881092,0.0195499993860721,0.0592500008642673,0.0546500012278556,0.0383500009775161,0.0237499997019767,0.0230500008910894,0.0297999996691942,0.0436000004410743,0.0232500005513429
1.96661879712156,0.0236000008881092,0.0195499993860721,0.0592500008642673,0.0546500012278556,0.0383500009775161,0.0237499997019767,0.0230500008910894,0.0297999996691942,0.0436000004410743,0.0232500005513429
1.96661879712156,0.0236000008881092,0.0195499993860721,0.0592500008642673,0.0546500012278556,0.0383500009775161,0.0237499997019767,0.0230500008910894,0.0297999996691942,0.0436000004410743,0.0232500005513429
1.96661879712156,0.0236000008881092,0.0195499993860721,0.0592500008642673,0.0546500012278556,0.0383500009775161,0.0237499997019767,0.0230500008910894,0.0297999996691942,0.0436000004410743,0.0232500005513429
1.96661879712156,0.0236000008881092,0.0195499993860721,0.0592500008642673,0.0546500012278556,0.0383500009775161,0.0237499997019767,0.0230500008910894,0.0297999996691942,0.0436000004410743,0.0232500005513429
1.96661879712156,0.0236000008881092,0.0195499993860721,0.0592500008642673,0.0546500012278556,0.0383500009775161,0.0237499997019767,0.0230500008910894,0.0297999996691942,0.0436000004410743,0.0232500005513429
2.03501313190844,0.0236000008881092,0.0195499993860721,0.0592500008642673,0.0546500012278556,0.0383500009775161,0.0237499997019767,0.0230500008910894,0.0297999996691942,0.0436000004410743,0.0232500005513429
2.03501313190844,0.0236000008881092,0.0195499993860721,0.0592500008642673,0.0546500012278556,0.0383500009775161,0.0237499997019767,0.0230500008910894,0.0297999996691942,0.0436000004410743,0.0232500005513429
2.03501313190844,0.0236000008881092,0.0195499993860721,0.0592500008642673,0.0546500012278556,0.0383500009775161,0.0237499997019767,0.0230500008910894,0.0297999996691942,0.0436000004410743,0.0232500005513429
2.03501313190844,0.0236000008881092,0.0195499993860721,0.0592500008642673,0.0546500012278556,0.0383500009775161,0.0237499997019767,0.0230500008910894,0.0297999996691942,0.0436000004410743,0.0232500005513429
2.03501313190844,0.0236000008881092,0.0195499993860721,0.0592500008642673,0.0546500012278556,0.0383500009775161,0.0237499997019767,0.0230500008910894,0.0297999996691942,0.0436000004410743,0.0232500005513429
2.03501313190844,0.0236000008881092,0.0195499993860721,0.0592500008642673,0.0546500012278556,0.0383500009775161,0.0237499997019767,0.0230500008910894,0.0297999996691942,0.0436000004410743,0.0232500005513429
2.03501313190844,0.0236000008881092,0.0195499993860721,0.0592500008642673,0.0546500012278556,0.0383500009775161,0.0237499997019767,0.0230500008910894,0.0297999996691942,0.0436000004410743,0.0232500005513429
2.03501313190844,0.0236000008881092,0.0195499993860721,0.0592500008642673,0.0546500012278556,0.0383500009775161,0.0237499997019767,0.0230500008910894,0.0297999996691942,0.0436000004410743,0.0232500005513429
1.69393375507334,0.0260000005364418,0.0217000003904104,0.068800002336502,0.0846500024199485,0.0585500001907348,0.0367499999701976,0.0275999996811151,0.0267999991774559,0.0436000004410743,0.0262499991804361
1.79479707105919,0.0263999998569488,0.0228000003844499,0.045899998396635,0.0520999990403652,0.0348999984562397,0.0322999991476535,0.033900000154972,0.0309999994933605,0.0494999997317791,0.0307000000029802
1.79479707105919,0.0263999998569488,0.0228000003844499,0.045899998396635,0.0520999990403652,0.0348999984562397,0.0322999991476535,0.033900000154972,0.0309999994933605,0.0494999997317791,0.0307000000029802
1.79479707105919,0.0263999998569488,0.0228000003844499,0.045899998396635,0.0520999990403652,0.0348999984562397,0.0322999991476535,0.033900000154972,0.0309999994933605,0.0494999997317791,0.0307000000029802
1.79479707105919,0.0263999998569488,0.0228000003844499,0.045899998396635,0.0520999990403652,0.0348999984562397,0.0322999991476535,0.033900000154972,0.0309999994933605,0.0494999997317791,0.0307000000029802
1.79479707105919,0.0263999998569488,0.0228000003844499,0.045899998396635,0.0520999990403652,0.0348999984562397,0.0322999991476535,0.033900000154972,0.0309999994933605,0.0494999997317791,0.0307000000029802
1.79479707105919,0.0263999998569488,0.0228000003844499,0.045899998396635,0.0520999990403652,0.0348999984562397,0.0322999991476535,0.033900000154972,0.0309999994933605,0.0494999997317791,0.0307000000029802
1.79479707105919,0.0263999998569488,0.0228000003844499,0.045899998396635,0.0520999990403652,0.0348999984562397,0.0322999991476535,0.033900000154972,0.0309999994933605,0.0494999997317791,0.0307000000029802
1.79479707105919,0.0263999998569488,0.0228000003844499,0.045899998396635,0.0520999990403652,0.0348999984562397,0.0322999991476535,0.033900000154972,0.0309999994933605,0.0494999997317791,0.0307000000029802
1.88791261013487,0.0263999998569488,0.0228000003844499,0.045899998396635,0.0520999990403652,0.0348999984562397,0.0322999991476535,0.033900000154972,0.0309999994933605,0.0494999997317791,0.0307000000029802
1.88791261013487,0.0263999998569488,0.0228000003844499,0.045899998396635,0.0520999990403652,0.0348999984562397,0.0322999991476535,0.033900000154972,0.0309999994933605,0.0494999997317791,0.0307000000029802
1.88791261013487,0.0263999998569488,0.0228000003844499,0.045899998396635,0.0520999990403652,0.0348999984562397,0.0322999991476535,0.033900000154972,0.0309999994933605,0.0494999997317791,0.0307000000029802
1.88791261013487,0.0263999998569488,0.0228000003844499,0.045899998396635,0.0520999990403652,0.0348999984562397,0.0322999991476535,0.033900000154972,0.0309999994933605,0.0494999997317791,0.0307000000029802
1.88791261013487,0.0263999998569488,0.0228000003844499,0.045899998396635,0.0520999990403652,0.0348999984562397,0.0322999991476535,0.033900000154972,0.0309999994933605,0.0494999997317791,0.0307000000029802
1.88791261013487,0.0263999998569488,0.0228000003844499,0.045899998396635,0.0520999990403652,0.0348999984562397,0.0322999991476535,0.033900000154972,0.0309999994933605,0.0494999997317791,0.0307000000029802
1.88791261013487,0.0263999998569488,0.0228000003844499,0.045899998396635,0.0520999990403652,0.0348999984562397,0.0322999991476535,0.033900000154972,0.0309999994933605,0.0494999997317791,0.0307000000029802
1.88791261013487,0.0263999998569488,0.0228000003844499,0.045899998396635,0.0520999990403652,0.0348999984562397,0.0322999991476535,0.033900000154972,0.0309999994933605,0.0494999997317791,0.0307000000029802
3.06303242987811,0.0309999994933605,0.025000000372529,0.0817999988794326,0.0763999968767166,0.0542999990284442,0.0445999987423419,0.0370999984443187,0.0392000004649162,0.0494999997317791,0.0379999987781047
3.06303242987811,0.0309999994933605,0.025000000372529,0.0817999988794326,0.0763999968767166,0.0542999990284442,0.0445999987423419,0.0370999984443187,0.0392000004649162,0.0494999997317791,0.0379999987781047
3.06303242987811,0.0309999994933605,0.025000000372529,0.0817999988794326,0.0763999968767166,0.0542999990284442,0.0445999987423419,0.0370999984443187,0.0392000004649162,0.0494999997317791,0.0379999987781047
3.06303242987811,0.0309999994933605,0.025000000372529,0.0817999988794326,0.0763999968767166,0.0542999990284442,0.0445999987423419,0.0370999984443187,0.0392000004649162,0.0494999997317791,0.0379999987781047
3.06303242987811,0.0309999994933605,0.025000000372529,0.0817999988794326,0.0763999968767166,0.0542999990284442,0.0445999987423419,0.0370999984443187,0.0392000004649162,0.0494999997317791,0.0379999987781047
3.06303242987811,0.0309999994933605,0.025000000372529,0.0817999988794326,0.0763999968767166,0.0542999990284442,0.0445999987423419,0.0370999984443187,0.0392000004649162,0.0494999997317791,0.0379999987781047
3.06303242987811,0.0309999994933605,0.025000000372529,0.0817999988794326,0.0763999968767166,0.0542999990284442,0.0445999987423419,0.0370999984443187,0.0392000004649162,0.0494999997317791,0.0379999987781047
3.06303242987811,0.0309999994933605,0.025000000372529,0.0817999988794326,0.0763999968767166,0.0542999990284442,0.0445999987423419,0.0370999984443187,0.0392000004649162,0.0494999997317791,0.0379999987781047
3.12580124023399,0.0309999994933605,0.025000000372529,0.0817999988794326,0.0763999968767166,0.0542999990284442,0.0445999987423419,0.0370999984443187,0.0392000004649162,0.0494999997317791,0.0379999987781047
3.12580124023399,0.0309999994933605,0.025000000372529,0.0817999988794326,0.0763999968767166,0.0542999990284442,0.0445999987423419,0.0370999984443187,0.0392000004649162,0.0494999997317791,0.0379999987781047
3.12580124023399,0.0309999994933605,0.025000000372529,0.0817999988794326,0.0763999968767166,0.0542999990284442,0.0445999987423419,0.0370999984443187,0.0392000004649162,0.0494999997317791,0.0379999987781047
3.12580124023399,0.0309999994933605,0.025000000372529,0.0817999988794326,0.0763999968767166,0.0542999990284442,0.0445999987423419,0.0370999984443187,0.0392000004649162,0.0494999997317791,0.0379999987781047
3.12580124023399,0.0309999994933605,0.025000000372529,0.0817999988794326,0.0763999968767166,0.0542999990284442,0.0445999987423419,0.0370999984443187,0.0392000004649162,0.0494999997317791,0.0379999987781047
3.12580124023399,0.0309999994933605,0.025000000372529,0.0817999988794326,0.0763999968767166,0.0542999990284442,0.0445999987423419,0.0370999984443187,0.0392000004649162,0.0494999997317791,0.0379999987781047
3.12580124023399,0.0309999994933605,0.025000000372529,0.0817999988794326,0.0763999968767166,0.0542999990284442,0.0445999987423419,0.0370999984443187,0.0392000004649162,0.0494999997317791,0.0379999987781047
3.12580124023399,0.0309999994933605,0.025000000372529,0.0817999988794326,0.0763999968767166,0.0542999990284442,0.0445999987423419,0.0370999984443187,0.0392000004649162,0.0494999997317791,0.0379999987781047
1.56565193396606,0.0309999994933605,0.025000000372529,0.0817999988794326,0.0763999968767166,0.0542999990284442,0.0445999987423419,0.0370999984443187,0.0392000004649162,0.0494999997317791,0.0379999987781047
2.2224099604789,0.0309999994933605,0.025000000372529,0.0817999988794326,0.0763999968767166,0.0542999990284442,0.0445999987423419,0.0370999984443187,0.0392000004649162,0.0494999997317791,0.0379999987781047
2.2224099604789,0.0309999994933605,0.025000000372529,0.0817999988794326,0.0763999968767166,0.0542999990284442,0.0445999987423419,0.0370999984443187,0.0392000004649162,0.0494999997317791,0.0379999987781047
2.2224099604789,0.0309999994933605,0.025000000372529,0.0817999988794326,0.0763999968767166,0.0542999990284442,0.0445999987423419,0.0370999984443187,0.0392000004649162,0.0494999997317791,0.0379999987781047
2.2224099604789,0.0309999994933605,0.025000000372529,0.0817999988794326,0.0763999968767166,0.0542999990284442,0.0445999987423419,0.0370999984443187,0.0392000004649162,0.0494999997317791,0.0379999987781047
2.2224099604789,0.0309999994933605,0.025000000372529,0.0817999988794326,0.0763999968767166,0.0542999990284442,0.0445999987423419,0.0370999984443187,0.0392000004649162,0.0494999997317791,0.0379999987781047
2.2224099604789,0.0309999994933605,0.025000000372529,0.0817999988794326,0.0763999968767166,0.0542999990284442,0.0445999987423419,0.0370999984443187,0.0392000004649162,0.0494999997317791,0.0379999987781047
2.2224099604789,0.0309999994933605,0.025000000372529,0.0817999988794326,0.0763999968767166,0.0542999990284442,0.0445999987423419,0.0370999984443187,0.0392000004649162,0.0494999997317791,0.0379999987781047
2.2224099604789,0.0309999994933605,0.025000000372529,0.0817999988794326,0.0763999968767166,0.0542999990284442,0.0445999987423419,0.0370999984443187,0.0392000004649162,0.0494999997317791,0.0379999987781047
1.75790865216961,0.0309999994933605,0.025000000372529,0.0817999988794326,0.0763999968767166,0.0542999990284442,0.0445999987423419,0.0370999984443187,0.0392000004649162,0.0494999997317791,0.0379999987781047
1.75790865216961,0.0309999994933605,0.025000000372529,0.0817999988794326,0.0763999968767166,0.0542999990284442,0.0445999987423419,0.0370999984443187,0.0392000004649162,0.0494999997317791,0.0379999987781047
1.75790865216961,0.0309999994933605,0.025000000372529,0.0817999988794326,0.0763999968767166,0.0542999990284442,0.0445999987423419,0.0370999984443187,0.0392000004649162,0.0494999997317791,0.0379999987781047
1.75790865216961,0.0309999994933605,0.025000000372529,0.0817999988794326,0.0763999968767166,0.0542999990284442,0.0445999987423419,0.0370999984443187,0.0392000004649162,0.0494999997317791,0.0379999987781047
1.75790865216961,0.0309999994933605,0.025000000372529,0.0817999988794326,0.0763999968767166,0.0542999990284442,0.0445999987423419,0.0370999984443187,0.0392000004649162,0.0494999997317791,0.0379999987781047
1.75790865216961,0.0309999994933605,0.025000000372529,0.0817999988794326,0.0763999968767166,0.0542999990284442,0.0445999987423419,0.0370999984443187,0.0392000004649162,0.0494999997317791,0.0379999987781047
1.75790865216961,0.0309999994933605,0.025000000372529,0.0817999988794326,0.0763999968767166,0.0542999990284442,0.0445999987423419,0.0370999984443187,0.0392000004649162,0.0494999997317791,0.0379999987781047
1.75790865216961,0.0309999994933605,0.025000000372529,0.0817999988794326,0.0763999968767166,0.0542999990284442,0.0445999987423419,0.0370999984443187,0.0392000004649162,0.0494999997317791,0.0379999987781047
1.59620561783197,0.0309999994933605,0.025000000372529,0.0817999988794326,0.0763999968767166,0.0542999990284442,0.0445999987423419,0.0370999984443187,0.0392000004649162,0.0494999997317791,0.0379999987781047
1.59620561783197,0.0309999994933605,0.025000000372529,0.0817999988794326,0.0763999968767166,0.0542999990284442,0.0445999987423419,0.0370999984443187,0.0392000004649162,0.0494999997317791,0.0379999987781047
1.59620561783197,0.0309999994933605,0.025000000372529,0.0817999988794326,0.0763999968767166,0.0542999990284442,0.0445999987423419,0.0370999984443187,0.0392000004649162,0.0494999997317791,0.0379999987781047
1.59620561783197,0.0309999994933605,0.025000000372529,0.0817999988794326,0.0763999968767166,0.0542999990284442,0.0445999987423419,0.0370999984443187,0.0392000004649162,0.0494999997317791,0.0379999987781047
1.59620561783197,0.0309999994933605,0.025000000372529,0.0817999988794326,0.0763999968767166,0.0542999990284442,0.0445999987423419,0.0370999984443187,0.0392000004649162,0.0494999997317791,0.0379999987781047
1.59620561783197,0.0309999994933605,0.025000000372529,0.0817999988794326,0.0763999968767166,0.0542999990284442,0.0445999987423419,0.0370999984443187,0.0392000004649162,0.0494999997317791,0.0379999987781047
1.59620561783197,0.0309999994933605,0.025000000372529,0.0817999988794326,0.0763999968767166,0.0542999990284442,0.0445999987423419,0.0370999984443187,0.0392000004649162,0.0494999997317791,0.0379999987781047
1.59620561783197,0.0309999994933605,0.025000000372529,0.0817999988794326,0.0763999968767166,0.0542999990284442,0.0445999987423419,0.0370999984443187,0.0392000004649162,0.0494999997317791,0.0379999987781047
1.61575999463057,0.0309999994933605,0.025000000372529,0.0817999988794326,0.0763999968767166,0.0542999990284442,0.0445999987423419,0.0370999984443187,0.0392000004649162,0.0494999997317791,0.0379999987781047
1.61575999463057,0.0309999994933605,0.025000000372529,0.0817999988794326,0.0763999968767166,0.0542999990284442,0.0445999987423419,0.0370999984443187,0.0392000004649162,0.0494999997317791,0.0379999987781047
1.61575999463057,0.0309999994933605,0.025000000372529,0.0817999988794326,0.0763999968767166,0.0542999990284442,0.0445999987423419,0.0370999984443187,0.0392000004649162,0.0494999997317791,0.0379999987781047
1.61575999463057,0.0309999994933605,0.025000000372529,0.0817999988794326,0.0763999968767166,0.0542999990284442,0.0445999987423419,0.0370999984443187,0.0392000004649162,0.0494999997317791,0.0379999987781047
1.61575999463057,0.0309999994933605,0.025000000372529,0.0817999988794326,0.0763999968767166,0.0542999990284442,0.0445999987423419,0.0370999984443187,0.0392000004649162,0.0494999997317791,0.0379999987781047
1.61575999463057,0.0309999994933605,0.025000000372529,0.0817999988794326,0.0763999968767166,0.0542999990284442,0.0445999987423419,0.0370999984443187,0.0392000004649162,0.0494999997317791,0.0379999987781047
1.61575999463057,0.0309999994933605,0.025000000372529,0.0817999988794326,0.0763999968767166,0.0542999990284442,0.0445999987423419,0.0370999984443187,0.0392000004649162,0.0494999997317791,0.0379999987781047
1.61575999463057,0.0309999994933605,0.025000000372529,0.0817999988794326,0.0763999968767166,0.0542999990284442,0.0445999987423419,0.0370999984443187,0.0392000004649162,0.0494999997317791,0.0379999987781047
1.79999096224374,0.0333000011742115,0.032600000500679,0.0817999988794326,0.0763999968767166,0.0542999990284442,0.0496999993920326,0.0379000008106231,0.0443000011146068,0.0494999997317791,0.0386999994516372
1.79999096224374,0.0333000011742115,0.032600000500679,0.0817999988794326,0.0763999968767166,0.0542999990284442,0.0496999993920326,0.0379000008106231,0.0443000011146068,0.0494999997317791,0.0386999994516372
1.79999096224374,0.0333000011742115,0.032600000500679,0.0817999988794326,0.0763999968767166,0.0542999990284442,0.0496999993920326,0.0379000008106231,0.0443000011146068,0.0494999997317791,0.0386999994516372
1.79999096224374,0.0333000011742115,0.032600000500679,0.0817999988794326,0.0763999968767166,0.0542999990284442,0.0496999993920326,0.0379000008106231,0.0443000011146068,0.0494999997317791,0.0386999994516372
1.79999096224374,0.0333000011742115,0.032600000500679,0.0817999988794326,0.0763999968767166,0.0542999990284442,0.0496999993920326,0.0379000008106231,0.0443000011146068,0.0494999997317791,0.0386999994516372
1.79999096224374,0.0333000011742115,0.032600000500679,0.0817999988794326,0.0763999968767166,0.0542999990284442,0.0496999993920326,0.0379000008106231,0.0443000011146068,0.0494999997317791,0.0386999994516372
1.79999096224374,0.0333000011742115,0.032600000500679,0.0817999988794326,0.0763999968767166,0.0542999990284442,0.0496999993920326,0.0379000008106231,0.0443000011146068,0.0494999997317791,0.0386999994516372
1.79999096224374,0.0333000011742115,0.032600000500679,0.0817999988794326,0.0763999968767166,0.0542999990284442,0.0496999993920326,0.0379000008106231,0.0443000011146068,0.0494999997317791,0.0386999994516372
1.20044319503449,0.0333000011742115,0.032600000500679,0.0817999988794326,0.0763999968767166,0.0542999990284442,0.0496999993920326,0.0379000008106231,0.0443000011146068,0.0494999997317791,0.0386999994516372
1.20044319503449,0.0333000011742115,0.032600000500679,0.0817999988794326,0.0763999968767166,0.0542999990284442,0.0496999993920326,0.0379000008106231,0.0443000011146068,0.0494999997317791,0.0386999994516372
1.20044319503449,0.0333000011742115,0.032600000500679,0.0817999988794326,0.0763999968767166,0.0542999990284442,0.0496999993920326,0.0379000008106231,0.0443000011146068,0.0494999997317791,0.0386999994516372
1.20044319503449,0.0333000011742115,0.032600000500679,0.0817999988794326,0.0763999968767166,0.0542999990284442,0.0496999993920326,0.0379000008106231,0.0443000011146068,0.0494999997317791,0.0386999994516372
1.20044319503449,0.0333000011742115,0.032600000500679,0.0817999988794326,0.0763999968767166,0.0542999990284442,0.0496999993920326,0.0379000008106231,0.0443000011146068,0.0494999997317791,0.0386999994516372
1.20044319503449,0.0333000011742115,0.032600000500679,0.0817999988794326,0.0763999968767166,0.0542999990284442,0.0496999993920326,0.0379000008106231,0.0443000011146068,0.0494999997317791,0.0386999994516372
1.20044319503449,0.0333000011742115,0.032600000500679,0.0817999988794326,0.0763999968767166,0.0542999990284442,0.0496999993920326,0.0379000008106231,0.0443000011146068,0.0494999997317791,0.0386999994516372
1.20044319503449,0.0333000011742115,0.032600000500679,0.0817999988794326,0.0763999968767166,0.0542999990284442,0.0496999993920326,0.0379000008106231,0.0443000011146068,0.0494999997317791,0.0386999994516372
0.97763724921715,0.0333000011742115,0.032600000500679,0.0817999988794326,0.0763999968767166,0.0542999990284442,0.0496999993920326,0.0379000008106231,0.0443000011146068,0.0494999997317791,0.0386999994516372
1.49284409968962,0.0333000011742115,0.032600000500679,0.0817999988794326,0.0763999968767166,0.0542999990284442,0.0496999993920326,0.0379000008106231,0.0443000011146068,0.0494999997317791,0.0386999994516372
1.21269683090202,0.0333000011742115,0.032600000500679,0.0817999988794326,0.0763999968767166,0.0542999990284442,0.0496999993920326,0.0379000008106231,0.0443000011146068,0.0494999997317791,0.0386999994516372
1.21269683090202,0.0333000011742115,0.032600000500679,0.0817999988794326,0.0763999968767166,0.0542999990284442,0.0496999993920326,0.0379000008106231,0.0443000011146068,0.0494999997317791,0.0386999994516372
1.21269683090202,0.0333000011742115,0.032600000500679,0.0817999988794326,0.0763999968767166,0.0542999990284442,0.0496999993920326,0.0379000008106231,0.0443000011146068,0.0494999997317791,0.0386999994516372
1.21269683090202,0.0333000011742115,0.032600000500679,0.0817999988794326,0.0763999968767166,0.0542999990284442,0.0496999993920326,0.0379000008106231,0.0443000011146068,0.0494999997317791,0.0386999994516372
1.21269683090202,0.0333000011742115,0.032600000500679,0.0817999988794326,0.0763999968767166,0.0542999990284442,0.0496999993920326,0.0379000008106231,0.0443000011146068,0.0494999997317791,0.0386999994516372
1.21269683090202,0.0333000011742115,0.032600000500679,0.0817999988794326,0.0763999968767166,0.0542999990284442,0.0496999993920326,0.0379000008106231,0.0443000011146068,0.0494999997317791,0.0386999994516372
1.21269683090202,0.0333000011742115,0.032600000500679,0.0817999988794326,0.0763999968767166,0.0542999990284442,0.0496999993920326,0.0379000008106231,0.0443000011146068,0.0494999997317791,0.0386999994516372
1.21269683090202,0.0333000011742115,0.032600000500679,0.0817999988794326,0.0763999968767166,0.0542999990284442,0.0496999993920326,0.0379000008106231,0.0443000011146068,0.0494999997317791,0.0386999994516372
1.21486288277449,0.0333000011742115,0.032600000500679,0.0817999988794326,0.0763999968767166,0.0542999990284442,0.0496999993920326,0.0379000008106231,0.0443000011146068,0.0494999997317791,0.0386999994516372
1.21486288277449,0.0333000011742115,0.032600000500679,0.0817999988794326,0.0763999968767166,0.0542999990284442,0.0496999993920326,0.0379000008106231,0.0443000011146068,0.0494999997317791,0.0386999994516372
1.21486288277449,0.0333000011742115,0.032600000500679,0.0817999988794326,0.0763999968767166,0.0542999990284442,0.0496999993920326,0.0379000008106231,0.0443000011146068,0.0494999997317791,0.0386999994516372
1.21486288277449,0.0333000011742115,0.032600000500679,0.0817999988794326,0.0763999968767166,0.0542999990284442,0.0496999993920326,0.0379000008106231,0.0443000011146068,0.0494999997317791,0.0386999994516372
1.21486288277449,0.0333000011742115,0.032600000500679,0.0817999988794326,0.0763999968767166,0.0542999990284442,0.0496999993920326,0.0379000008106231,0.0443000011146068,0.0494999997317791,0.0386999994516372
1.21486288277449,0.0333000011742115,0.032600000500679,0.0817999988794326,0.0763999968767166,0.0542999990284442,0.0496999993920326,0.0379000008106231,0.0443000011146068,0.0494999997317791,0.0386999994516372
1.21486288277449,0.0333000011742115,0.032600000500679,0.0817999988794326,0.0763999968767166,0.0542999990284442,0.0496999993920326,0.0379000008106231,0.0443000011146068,0.0494999997317791,0.0386999994516372
1.21486288277449,0.0333000011742115,0.032600000500679,0.0817999988794326,0.0763999968767166,0.0542999990284442,0.0496999993920326,0.0379000008106231,0.0443000011146068,0.0494999997317791,0.0386999994516372
1.22101901848213,0.0333000011742115,0.032600000500679,0.0817999988794326,0.0763999968767166,0.0542999990284442,0.0496999993920326,0.0379000008106231,0.0443000011146068,0.0494999997317791,0.0386999994516372
0.4,0.0020000000949949,0.002199999988079,0.0432000011205673,0.0488499999046325,0.0079500004649162,0.0043500000610947,0.0012000000569969,0.001700000022538,0.0021500000730156,0.0017500000540167
0.4,0.0020000000949949,0.002199999988079,0.0432000011205673,0.0488499999046325,0.0079500004649162,0.0043500000610947,0.0012000000569969,0.001700000022538,0.0021500000730156,0.0017500000540167
0.4,0.0020000000949949,0.002199999988079,0.0432000011205673,0.0488499999046325,0.0079500004649162,0.0043500000610947,0.0012000000569969,0.001700000022538,0.0021500000730156,0.0017500000540167
0.4,0.0020000000949949,0.002199999988079,0.0432000011205673,0.0488499999046325,0.0079500004649162,0.0043500000610947,0.0012000000569969,0.001700000022538,0.0021500000730156,0.0017500000540167
0.4,0.0020000000949949,0.002199999988079,0.0432000011205673,0.0488499999046325,0.0079500004649162,0.0043500000610947,0.0012000000569969,0.001700000022538,0.0021500000730156,0.0017500000540167
0.4,0.0020000000949949,0.002199999988079,0.0432000011205673,0.0488499999046325,0.0079500004649162,0.0043500000610947,0.0012000000569969,0.001700000022538,0.0021500000730156,0.0017500000540167
0.4,0.0020000000949949,0.002199999988079,0.0432000011205673,0.0488499999046325,0.0079500004649162,0.0043500000610947,0.0012000000569969,0.001700000022538,0.0021500000730156,0.0017500000540167
0.4,0.0020000000949949,0.002199999988079,0.0432000011205673,0.0488499999046325,0.0079500004649162,0.0043500000610947,0.0012000000569969,0.001700000022538,0.0021500000730156,0.0017500000540167
1.3,0.0007500000065192,0.0012499999720603,0.0298999994993209,0.0250499993562698,0.0046999999321997,0.0031999999191612,0.0017500000540167,0.0024000001139938,0.0020000000949949,0.0014499999815598
1.3,0.0007500000065192,0.0012499999720603,0.0298999994993209,0.0250499993562698,0.0046999999321997,0.0031999999191612,0.0017500000540167,0.0024000001139938,0.0020000000949949,0.0014499999815598
1.3,0.0007500000065192,0.0012499999720603,0.0298999994993209,0.0250499993562698,0.0046999999321997,0.0031999999191612,0.0017500000540167,0.0024000001139938,0.0020000000949949,0.0014499999815598
1.3,0.0007500000065192,0.0012499999720603,0.0298999994993209,0.0250499993562698,0.0046999999321997,0.0031999999191612,0.0017500000540167,0.0024000001139938,0.0020000000949949,0.0014499999815598
1.3,0.0007500000065192,0.0012499999720603,0.0298999994993209,0.0250499993562698,0.0046999999321997,0.0031999999191612,0.0017500000540167,0.0024000001139938,0.0020000000949949,0.0014499999815598
1.3,0.0007500000065192,0.0012499999720603,0.0298999994993209,0.0250499993562698,0.0046999999321997,0.0031999999191612,0.0017500000540167,0.0024000001139938,0.0020000000949949,0.0014499999815598
1.3,0.0007500000065192,0.0012499999720603,0.0298999994993209,0.0250499993562698,0.0046999999321997,0.0031999999191612,0.0017500000540167,0.0024000001139938,0.0020000000949949,0.0014499999815598
1.3,0.0007500000065192,0.0012499999720603,0.0298999994993209,0.0250499993562698,0.0046999999321997,0.0031999999191612,0.0017500000540167,0.0024000001139938,0.0020000000949949,0.0014499999815598
1.3,0.0007500000065192,0.0012499999720603,0.0298999994993209,0.0250499993562698,0.0046999999321997,0.0031999999191612,0.0017500000540167,0.0024000001139938,0.0020000000949949,0.0014499999815598
1.3,0.0007500000065192,0.0012499999720603,0.0298999994993209,0.0250499993562698,0.0046999999321997,0.0031999999191612,0.0017500000540167,0.0024000001139938,0.0020000000949949,0.0014499999815598
1.3,0.0007500000065192,0.0012499999720603,0.0298999994993209,0.0250499993562698,0.0046999999321997,0.0031999999191612,0.0017500000540167,0.0024000001139938,0.0020000000949949,0.0014499999815598
1.3,0.0007500000065192,0.0012499999720603,0.0298999994993209,0.0250499993562698,0.0046999999321997,0.0031999999191612,0.0017500000540167,0.0024000001139938,0.0020000000949949,0.0014499999815598
1.3,0.0007500000065192,0.0012499999720603,0.0298999994993209,0.0250499993562698,0.0046999999321997,0.0031999999191612,0.0017500000540167,0.0024000001139938,0.0020000000949949,0.0014499999815598
1.3,0.0007500000065192,0.0012499999720603,0.0298999994993209,0.0250499993562698,0.0046999999321997,0.0031999999191612,0.0017500000540167,0.0024000001139938,0.0020000000949949,0.0014499999815598
1.3,0.0007500000065192,0.0012499999720603,0.0298999994993209,0.0250499993562698,0.0046999999321997,0.0031999999191612,0.0017500000540167,0.0024000001139938,0.0020000000949949,0.0014499999815598
1.3,0.0007500000065192,0.0012499999720603,0.0298999994993209,0.0250499993562698,0.0046999999321997,0.0031999999191612,0.0017500000540167,0.0024000001139938,0.0020000000949949,0.0014499999815598
1.3,0.0007500000065192,0.0012499999720603,0.0298999994993209,0.0250499993562698,0.0046999999321997,0.0031999999191612,0.0017500000540167,0.0024000001139938,0.0020000000949949,0.0014499999815598
1.3,0.0007500000065192,0.0012499999720603,0.0298999994993209,0.0250499993562698,0.0046999999321997,0.0031999999191612,0.0017500000540167,0.0024000001139938,0.0020000000949949,0.0014499999815598
1.3,0.0007500000065192,0.0012499999720603,0.0298999994993209,0.0250499993562698,0.0046999999321997,0.0031999999191612,0.0017500000540167,0.0024000001139938,0.0020000000949949,0.0014499999815598
1.3,0.0007500000065192,0.0012499999720603,0.0298999994993209,0.0250499993562698,0.0046999999321997,0.0031999999191612,0.0017500000540167,0.0024000001139938,0.0020000000949949,0.0014499999815598
1.3,0.0007500000065192,0.0012499999720603,0.0298999994993209,0.0250499993562698,0.0046999999321997,0.0031999999191612,0.0017500000540167,0.0024000001139938,0.0020000000949949,0.0014499999815598
1.3,0.0007500000065192,0.0012499999720603,0.0298999994993209,0.0250499993562698,0.0046999999321997,0.0031999999191612,0.0017500000540167,0.0024000001139938,0.0020000000949949,0.0014499999815598
1.3,0.0007500000065192,0.0012499999720603,0.0298999994993209,0.0250499993562698,0.0046999999321997,0.0031999999191612,0.0017500000540167,0.0024000001139938,0.0020000000949949,0.0014499999815598
1.3,0.0007500000065192,0.0012499999720603,0.0298999994993209,0.0250499993562698,0.0046999999321997,0.0031999999191612,0.0017500000540167,0.0024000001139938,0.0020000000949949,0.0014499999815598
1.3,0.0007500000065192,0.0012499999720603,0.0298999994993209,0.0250499993562698,0.0046999999321997,0.0031999999191612,0.0017500000540167,0.0024000001139938,0.0020000000949949,0.0014499999815598
1.3,0.0007500000065192,0.0012499999720603,0.0298999994993209,0.0250499993562698,0.0046999999321997,0.0031999999191612,0.0017500000540167,0.0024000001139938,0.0020000000949949,0.0014499999815598
1.3,0.0007500000065192,0.0012499999720603,0.0298999994993209,0.0250499993562698,0.0046999999321997,0.0031999999191612,0.0017500000540167,0.0024000001139938,0.0020000000949949,0.0014499999815598
1.3,0.0014499999815598,0.0013999999500811,0.0313999988138675,0.0240000002086162,0.0046000001020729,0.0043999999761581,0.0035000001080334,0.0035000001080334,0.0028999999631196,0.0021500000730156
1.3,0.0014499999815598,0.0013999999500811,0.0313999988138675,0.0240000002086162,0.0046000001020729,0.0043999999761581,0.0035000001080334,0.0035000001080334,0.0028999999631196,0.0021500000730156
1.3,0.0014499999815598,0.0013999999500811,0.0313999988138675,0.0240000002086162,0.0046000001020729,0.0043999999761581,0.0035000001080334,0.0035000001080334,0.0028999999631196,0.0021500000730156
1.3,0.0014499999815598,0.0013999999500811,0.0313999988138675,0.0240000002086162,0.0046000001020729,0.0043999999761581,0.0035000001080334,0.0035000001080334,0.0028999999631196,0.0021500000730156
1.3,0.0014499999815598,0.0013999999500811,0.0313999988138675,0.0240000002086162,0.0046000001020729,0.0043999999761581,0.0035000001080334,0.0035000001080334,0.0028999999631196,0.0021500000730156
1.3,0.0014499999815598,0.0013999999500811,0.0313999988138675,0.0240000002086162,0.0046000001020729,0.0043999999761581,0.0035000001080334,0.0035000001080334,0.0028999999631196,0.0021500000730156
1.3,0.0014499999815598,0.0013999999500811,0.0313999988138675,0.0240000002086162,0.0046000001020729,0.0043999999761581,0.0035000001080334,0.0035000001080334,0.0028999999631196,0.0021500000730156
1.3,0.0014499999815598,0.0013999999500811,0.0313999988138675,0.0240000002086162,0.0046000001020729,0.0043999999761581,0.0035000001080334,0.0035000001080334,0.0028999999631196,0.0021500000730156
0.572713333333333,0.0138999996706843,0.0104000000283122,0.0570500008761882,0.051350001245737,0.0280499998480081,0.0301500000059604,0.0315000005066394,0.0315000005066394,0.0269000008702278,0.0266999993473291
1.42960666666667,0.00044999999227,0.0006500000017695,0.0368000008165836,0.0355000011622905,0.0060499999672174,0.0044999998062849,0.003400000045076,0.0041000000201165,0.0043999999761581,0.0017500000540167
1.29219333333333,0.0014499999815598,0.0013999999500811,0.0313999988138675,0.0240000002086162,0.0046000001020729,0.0043999999761581,0.0035000001080334,0.0035000001080334,0.0028999999631196,0.0021500000730156
1.29219333333333,0.0014499999815598,0.0013999999500811,0.0313999988138675,0.0240000002086162,0.0046000001020729,0.0043999999761581,0.0035000001080334,0.0035000001080334,0.0028999999631196,0.0021500000730156
1.29219333333333,0.0014499999815598,0.0013999999500811,0.0313999988138675,0.0240000002086162,0.0046000001020729,0.0043999999761581,0.0035000001080334,0.0035000001080334,0.0028999999631196,0.0021500000730156
1.29219333333333,0.0014499999815598,0.0013999999500811,0.0313999988138675,0.0240000002086162,0.0046000001020729,0.0043999999761581,0.0035000001080334,0.0035000001080334,0.0028999999631196,0.0021500000730156
1.29219333333333,0.0014499999815598,0.0013999999500811,0.0313999988138675,0.0240000002086162,0.0046000001020729,0.0043999999761581,0.0035000001080334,0.0035000001080334,0.0028999999631196,0.0021500000730156
1.29219333333333,0.0014499999815598,0.0013999999500811,0.0313999988138675,0.0240000002086162,0.0046000001020729,0.0043999999761581,0.0035000001080334,0.0035000001080334,0.0028999999631196,0.0021500000730156
1.29219333333333,0.0014499999815598,0.0013999999500811,0.0313999988138675,0.0240000002086162,0.0046000001020729,0.0043999999761581,0.0035000001080334,0.0035000001080334,0.0028999999631196,0.0021500000730156
1.29219333333333,0.0014499999815598,0.0013999999500811,0.0313999988138675,0.0240000002086162,0.0046000001020729,0.0043999999761581,0.0035000001080334,0.0035000001080334,0.0028999999631196,0.0021500000730156
1.30454666666667,0.0007500000065192,0.0012499999720603,0.0298999994993209,0.0250499993562698,0.0046999999321997,0.0031999999191612,0.0017500000540167,0.0024000001139938,0.0020000000949949,0.0014499999815598
1.30454666666667,0.0007500000065192,0.0012499999720603,0.0298999994993209,0.0250499993562698,0.0046999999321997,0.0031999999191612,0.0017500000540167,0.0024000001139938,0.0020000000949949,0.0014499999815598
1.30454666666667,0.0007500000065192,0.0012499999720603,0.0298999994993209,0.0250499993562698,0.0046999999321997,0.0031999999191612,0.0017500000540167,0.0024000001139938,0.0020000000949949,0.0014499999815598
1.30454666666667,0.0007500000065192,0.0012499999720603,0.0298999994993209,0.0250499993562698,0.0046999999321997,0.0031999999191612,0.0017500000540167,0.0024000001139938,0.0020000000949949,0.0014499999815598
1.30454666666667,0.0007500000065192,0.0012499999720603,0.0298999994993209,0.0250499993562698,0.0046999999321997,0.0031999999191612,0.0017500000540167,0.0024000001139938,0.0020000000949949,0.0014499999815598
1.30454666666667,0.0007500000065192,0.0012499999720603,0.0298999994993209,0.0250499993562698,0.0046999999321997,0.0031999999191612,0.0017500000540167,0.0024000001139938,0.0020000000949949,0.0014499999815598
1.30454666666667,0.0007500000065192,0.0012499999720603,0.0298999994993209,0.0250499993562698,0.0046999999321997,0.0031999999191612,0.0017500000540167,0.0024000001139938,0.0020000000949949,0.0014499999815598
1.30454666666667,0.0007500000065192,0.0012499999720603,0.0298999994993209,0.0250499993562698,0.0046999999321997,0.0031999999191612,0.0017500000540167,0.0024000001139938,0.0020000000949949,0.0014499999815598
1.30454666666667,0.0007500000065192,0.0012499999720603,0.0298999994993209,0.0250499993562698,0.0046999999321997,0.0031999999191612,0.0017500000540167,0.0024000001139938,0.0020000000949949,0.0014499999815598
1.30454666666667,0.0007500000065192,0.0012499999720603,0.0298999994993209,0.0250499993562698,0.0046999999321997,0.0031999999191612,0.0017500000540167,0.0024000001139938,0.0020000000949949,0.0014499999815598
1.30454666666667,0.0007500000065192,0.0012499999720603,0.0298999994993209,0.0250499993562698,0.0046999999321997,0.0031999999191612,0.0017500000540167,0.0024000001139938,0.0020000000949949,0.0014499999815598
1.30454666666667,0.0007500000065192,0.0012499999720603,0.0298999994993209,0.0250499993562698,0.0046999999321997,0.0031999999191612,0.0017500000540167,0.0024000001139938,0.0020000000949949,0.0014499999815598
1.30454666666667,0.0007500000065192,0.0012499999720603,0.0298999994993209,0.0250499993562698,0.0046999999321997,0.0031999999191612,0.0017500000540167,0.0024000001139938,0.0020000000949949,0.0014499999815598
1.30454666666667,0.0007500000065192,0.0012499999720603,0.0298999994993209,0.0250499993562698,0.0046999999321997,0.0031999999191612,0.0017500000540167,0.0024000001139938,0.0020000000949949,0.0014499999815598
1.30454666666667,0.0007500000065192,0.0012499999720603,0.0298999994993209,0.0250499993562698,0.0046999999321997,0.0031999999191612,0.0017500000540167,0.0024000001139938,0.0020000000949949,0.0014499999815598
1.30454666666667,0.0007500000065192,0.0012499999720603,0.0298999994993209,0.0250499993562698,0.0046999999321997,0.0031999999191612,0.0017500000540167,0.0024000001139938,0.0020000000949949,0.0014499999815598
1.30454666666667,0.0007500000065192,0.0012499999720603,0.0298999994993209,0.0250499993562698,0.0046999999321997,0.0031999999191612,0.0017500000540167,0.0024000001139938,0.0020000000949949,0.0014499999815598
1.30454666666667,0.0007500000065192,0.0012499999720603,0.0298999994993209,0.0250499993562698,0.0046999999321997,0.0031999999191612,0.0017500000540167,0.0024000001139938,0.0020000000949949,0.0014499999815598
1.30454666666667,0.0007500000065192,0.0012499999720603,0.0298999994993209,0.0250499993562698,0.0046999999321997,0.0031999999191612,0.0017500000540167,0.0024000001139938,0.0020000000949949,0.0014499999815598
1.30454666666667,0.0007500000065192,0.0012499999720603,0.0298999994993209,0.0250499993562698,0.0046999999321997,0.0031999999191612,0.0017500000540167,0.0024000001139938,0.0020000000949949,0.0014499999815598
1.30454666666667,0.0007500000065192,0.0012499999720603,0.0298999994993209,0.0250499993562698,0.0046999999321997,0.0031999999191612,0.0017500000540167,0.0024000001139938,0.0020000000949949,0.0014499999815598
1.30454666666667,0.0007500000065192,0.0012499999720603,0.0298999994993209,0.0250499993562698,0.0046999999321997,0.0031999999191612,0.0017500000540167,0.0024000001139938,0.0020000000949949,0.0014499999815598
1.30454666666667,0.0007500000065192,0.0012499999720603,0.0298999994993209,0.0250499993562698,0.0046999999321997,0.0031999999191612,0.0017500000540167,0.0024000001139938,0.0020000000949949,0.0014499999815598
1.30454666666667,0.0007500000065192,0.0012499999720603,0.0298999994993209,0.0250499993562698,0.0046999999321997,0.0031999999191612,0.0017500000540167,0.0024000001139938,0.0020000000949949,0.0014499999815598
1.30454666666667,0.0007500000065192,0.0012499999720603,0.0298999994993209,0.0250499993562698,0.0046999999321997,0.0031999999191612,0.0017500000540167,0.0024000001139938,0.0020000000949949,0.0014499999815598
1.30454666666667,0.0007500000065192,0.0012499999720603,0.0298999994993209,0.0250499993562698,0.0046999999321997,0.0031999999191612,0.0017500000540167,0.0024000001139938,0.0020000000949949,0.0014499999815598
1.30454666666667,0.0007500000065192,0.0012499999720603,0.0298999994993209,0.0250499993562698,0.0046999999321997,0.0031999999191612,0.0017500000540167,0.0024000001139938,0.0020000000949949,0.0014499999815598
1.30454666666667,0.0007500000065192,0.0012499999720603,0.0298999994993209,0.0250499993562698,0.0046999999321997,0.0031999999191612,0.0017500000540167,0.0024000001139938,0.0020000000949949,0.0014499999815598
1.30454666666667,0.0007500000065192,0.0012499999720603,0.0298999994993209,0.0250499993562698,0.0046999999321997,0.0031999999191612,0.0017500000540167,0.0024000001139938,0.0020000000949949,0.0014499999815598
1.30454666666667,0.0007500000065192,0.0012499999720603,0.0298999994993209,0.0250499993562698,0.0046999999321997,0.0031999999191612,0.0017500000540167,0.0024000001139938,0.0020000000949949,0.0014499999815598
1.30454666666667,0.0007500000065192,0.0012499999720603,0.0298999994993209,0.0250499993562698,0.0046999999321997,0.0031999999191612,0.0017500000540167,0.0024000001139938,0.0020000000949949,0.0014499999815598
1.30454666666667,0.0007500000065192,0.0012499999720603,0.0298999994993209,0.0250499993562698,0.0046999999321997,0.0031999999191612,0.0017500000540167,0.0024000001139938,0.0020000000949949,0.0014499999815598
1.30454666666667,0.0007500000065192,0.0012499999720603,0.0298999994993209,0.0250499993562698,0.0046999999321997,0.0031999999191612,0.0017500000540167,0.0024000001139938,0.0020000000949949,0.0014499999815598
1.30454666666667,0.0007500000065192,0.0012499999720603,0.0298999994993209,0.0250499993562698,0.0046999999321997,0.0031999999191612,0.0017500000540167,0.0024000001139938,0.0020000000949949,0.0014499999815598
1.30454666666667,0.0007500000065192,0.0012499999720603,0.0298999994993209,0.0250499993562698,0.0046999999321997,0.0031999999191612,0.0017500000540167,0.0024000001139938,0.0020000000949949,0.0014499999815598
1.30454666666667,0.0007500000065192,0.0012499999720603,0.0298999994993209,0.0250499993562698,0.0046999999321997,0.0031999999191612,0.0017500000540167,0.0024000001139938,0.0020000000949949,0.0014499999815598
1.30454666666667,0.0007500000065192,0.0012499999720603,0.0298999994993209,0.0250499993562698,0.0046999999321997,0.0031999999191612,0.0017500000540167,0.0024000001139938,0.0020000000949949,0.0014499999815598
1.30454666666667,0.0007500000065192,0.0012499999720603,0.0298999994993209,0.0250499993562698,0.0046999999321997,0.0031999999191612,0.0017500000540167,0.0024000001139938,0.0020000000949949,0.0014499999815598
1.30454666666667,0.0007500000065192,0.0012499999720603,0.0298999994993209,0.0250499993562698,0.0046999999321997,0.0031999999191612,0.0017500000540167,0.0024000001139938,0.0020000000949949,0.0014499999815598
1.30454666666667,0.0007500000065192,0.0012499999720603,0.0298999994993209,0.0250499993562698,0.0046999999321997,0.0031999999191612,0.0017500000540167,0.0024000001139938,0.0020000000949949,0.0014499999815598
1.30454666666667,0.0007500000065192,0.0012499999720603,0.0298999994993209,0.0250499993562698,0.0046999999321997,0.0031999999191612,0.0017500000540167,0.0024000001139938,0.0020000000949949,0.0014499999815598
1.30454666666667,0.0007500000065192,0.0012499999720603,0.0298999994993209,0.0250499993562698,0.0046999999321997,0.0031999999191612,0.0017500000540167,0.0024000001139938,0.0020000000949949,0.0014499999815598
1.30454666666667,0.0007500000065192,0.0012499999720603,0.0298999994993209,0.0250499993562698,0.0046999999321997,0.0031999999191612,0.0017500000540167,0.0024000001139938,0.0020000000949949,0.0014499999815598
1.30454666666667,0.0007500000065192,0.0012499999720603,0.0298999994993209,0.0250499993562698,0.0046999999321997,0.0031999999191612,0.0017500000540167,0.0024000001139938,0.0020000000949949,0.0014499999815598
1.30454666666667,0.0007500000065192,0.0012499999720603,0.0298999994993209,0.0250499993562698,0.0046999999321997,0.0031999999191612,0.0017500000540167,0.0024000001139938,0.0020000000949949,0.0014499999815598
1.30454666666667,0.0007500000065192,0.0012499999720603,0.0298999994993209,0.0250499993562698,0.0046999999321997,0.0031999999191612,0.0017500000540167,0.0024000001139938,0.0020000000949949,0.0014499999815598
1.30454666666667,0.0007500000065192,0.0012499999720603,0.0298999994993209,0.0250499993562698,0.0046999999321997,0.0031999999191612,0.0017500000540167,0.0024000001139938,0.0020000000949949,0.0014499999815598
1.30454666666667,0.0007500000065192,0.0012499999720603,0.0298999994993209,0.0250499993562698,0.0046999999321997,0.0031999999191612,0.0017500000540167,0.0024000001139938,0.0020000000949949,0.0014499999815598
1.30454666666667,0.0007500000065192,0.0012499999720603,0.0298999994993209,0.0250499993562698,0.0046999999321997,0.0031999999191612,0.0017500000540167,0.0024000001139938,0.0020000000949949,0.0014499999815598
1.30454666666667,0.0007500000065192,0.0012499999720603,0.0298999994993209,0.0250499993562698,0.0046999999321997,0.0031999999191612,0.0017500000540167,0.0024000001139938,0.0020000000949949,0.0014499999815598
1.30454666666667,0.0007500000065192,0.0012499999720603,0.0298999994993209,0.0250499993562698,0.0046999999321997,0.0031999999191612,0.0017500000540167,0.0024000001139938,0.0020000000949949,0.0014499999815598
1.30454666666667,0.0007500000065192,0.0012499999720603,0.0298999994993209,0.0250499993562698,0.0046999999321997,0.0031999999191612,0.0017500000540167,0.0024000001139938,0.0020000000949949,0.0014499999815598
1.30454666666667,0.0007500000065192,0.0012499999720603,0.0298999994993209,0.0250499993562698,0.0046999999321997,0.0031999999191612,0.0017500000540167,0.0024000001139938,0.0020000000949949,0.0014499999815598
1.30454666666667,0.0007500000065192,0.0012499999720603,0.0298999994993209,0.0250499993562698,0.0046999999321997,0.0031999999191612,0.0017500000540167,0.0024000001139938,0.0020000000949949,0.0014499999815598
0.440606666666667,0.0020000000949949,0.002199999988079,0.0432000011205673,0.0488499999046325,0.0079500004649162,0.0043500000610947,0.0012000000569969,0.001700000022538,0.0021500000730156,0.0017500000540167
0.440606666666667,0.0020000000949949,0.002199999988079,0.0432000011205673,0.0488499999046325,0.0079500004649162,0.0043500000610947,0.0012000000569969,0.001700000022538,0.0021500000730156,0.0017500000540167
0.440606666666667,0.0020000000949949,0.002199999988079,0.0432000011205673,0.0488499999046325,0.0079500004649162,0.0043500000610947,0.0012000000569969,0.001700000022538,0.0021500000730156,0.0017500000540167
0.440606666666667,0.0020000000949949,0.002199999988079,0.0432000011205673,0.0488499999046325,0.0079500004649162,0.0043500000610947,0.0012000000569969,0.001700000022538,0.0021500000730156,0.0017500000540167
0.440606666666667,0.0020000000949949,0.002199999988079,0.0432000011205673,0.0488499999046325,0.0079500004649162,0.0043500000610947,0.0012000000569969,0.001700000022538,0.0021500000730156,0.0017500000540167
0.440606666666667,0.0020000000949949,0.002199999988079,0.0432000011205673,0.0488499999046325,0.0079500004649162,0.0043500000610947,0.0012000000569969,0.001700000022538,0.0021500000730156,0.0017500000540167
0.440606666666667,0.0020000000949949,0.002199999988079,0.0432000011205673,0.0488499999046325,0.0079500004649162,0.0043500000610947,0.0012000000569969,0.001700000022538,0.0021500000730156,0.0017500000540167
0.440606666666667,0.0020000000949949,0.002199999988079,0.0432000011205673,0.0488499999046325,0.0079500004649162,0.0043500000610947,0.0012000000569969,0.001700000022538,0.0021500000730156,0.0017500000540167
1.55576666666667,0.0149999996647238,0.0120999999344348,0.0500999987125396,0.0487999990582466,0.0207000002264976,0.0217000003904104,0.02449999935925,0.0252999998629093,0.0238000005483627,0.0212999992072582
1.373275,0.0137999998405575,0.0093000000342726,0.0377999991178512,0.0432999990880489,0.019200000911951,0.016499999910593,0.0163000002503395,0.0188999995589256,0.0181000009179115,0.019200000911951
1.22285,0.00844999961555,0.0062000001780688,0.0371499992907047,0.0302499998360872,0.0177500005811452,0.0180500000715255,0.0186999998986721,0.0176999997347593,0.0144499996677041,0.0170000009238719
1.041865,0.0052999998442828,0.0037499999161809,0.0281000006943941,0.0287999995052814,0.0113500002771615,0.0125000001862645,0.0119500001892447,0.0117499995976686,0.0107500003650784,0.0103500001132488
0.874185,0.0052499999292194,0.0043999999761581,0.0204499997198581,0.024049999192357,0.0106499996036291,0.0120500000193715,0.0137000000104308,0.0130500001832842,0.0099999997764825,0.0118000004440546
1.19058,0.1339000016450882,0.0698499977588653,0.0124500002712011,0.0346500016748905,0.0234999991953372,0.0537500008940696,0.2254000008106231,0.3159500062465668,0.3195500075817108,0.325650006532669
1.19058,0.1339000016450882,0.0698499977588653,0.0124500002712011,0.0346500016748905,0.0234999991953372,0.0537500008940696,0.2254000008106231,0.3159500062465668,0.3195500075817108,0.325650006532669
1.19058,0.1339000016450882,0.0698499977588653,0.0124500002712011,0.0346500016748905,0.0234999991953372,0.0537500008940696,0.2254000008106231,0.3159500062465668,0.3195500075817108,0.325650006532669
1.19058,0.1339000016450882,0.0698499977588653,0.0124500002712011,0.0346500016748905,0.0234999991953372,0.0537500008940696,0.2254000008106231,0.3159500062465668,0.3195500075817108,0.325650006532669
1.19058,0.1339000016450882,0.0698499977588653,0.0124500002712011,0.0346500016748905,0.0234999991953372,0.0537500008940696,0.2254000008106231,0.3159500062465668,0.3195500075817108,0.325650006532669
1.19058,0.1339000016450882,0.0698499977588653,0.0124500002712011,0.0346500016748905,0.0234999991953372,0.0537500008940696,0.2254000008106231,0.3159500062465668,0.3195500075817108,0.325650006532669
1.19058,0.1339000016450882,0.0698499977588653,0.0124500002712011,0.0346500016748905,0.0234999991953372,0.0537500008940696,0.2254000008106231,0.3159500062465668,0.3195500075817108,0.325650006532669
1.19058,0.1339000016450882,0.0698499977588653,0.0124500002712011,0.0346500016748905,0.0234999991953372,0.0537500008940696,0.2254000008106231,0.3159500062465668,0.3195500075817108,0.325650006532669
1.19058,0.1339000016450882,0.0698499977588653,0.0124500002712011,0.0346500016748905,0.0234999991953372,0.0537500008940696,0.2254000008106231,0.3159500062465668,0.3195500075817108,0.325650006532669
1.19058,0.1339000016450882,0.0698499977588653,0.0124500002712011,0.0346500016748905,0.0234999991953372,0.0537500008940696,0.2254000008106231,0.3159500062465668,0.3195500075817108,0.325650006532669
1.19058,0.1339000016450882,0.0698499977588653,0.0124500002712011,0.0346500016748905,0.0234999991953372,0.0537500008940696,0.2254000008106231,0.3159500062465668,0.3195500075817108,0.325650006532669
1.19058,0.1339000016450882,0.0698499977588653,0.0124500002712011,0.0346500016748905,0.0234999991953372,0.0537500008940696,0.2254000008106231,0.3159500062465668,0.3195500075817108,0.325650006532669
1.19058,0.1339000016450882,0.0698499977588653,0.0124500002712011,0.0346500016748905,0.0234999991953372,0.0537500008940696,0.2254000008106231,0.3159500062465668,0.3195500075817108,0.325650006532669
1.19058,0.1339000016450882,0.0698499977588653,0.0124500002712011,0.0346500016748905,0.0234999991953372,0.0537500008940696,0.2254000008106231,0.3159500062465668,0.3195500075817108,0.325650006532669
1.19058,0.1339000016450882,0.0698499977588653,0.0124500002712011,0.0346500016748905,0.0234999991953372,0.0537500008940696,0.2254000008106231,0.3159500062465668,0.3195500075817108,0.325650006532669
1.19058,0.1339000016450882,0.0698499977588653,0.0124500002712011,0.0346500016748905,0.0234999991953372,0.0537500008940696,0.2254000008106231,0.3159500062465668,0.3195500075817108,0.325650006532669
1.19058,0.1339000016450882,0.0698499977588653,0.0124500002712011,0.0346500016748905,0.0234999991953372,0.0537500008940696,0.2254000008106231,0.3159500062465668,0.3195500075817108,0.325650006532669
1.19058,0.1339000016450882,0.0698499977588653,0.0124500002712011,0.0346500016748905,0.0234999991953372,0.0537500008940696,0.2254000008106231,0.3159500062465668,0.3195500075817108,0.325650006532669
1.19058,0.1339000016450882,0.0698499977588653,0.0124500002712011,0.0346500016748905,0.0234999991953372,0.0537500008940696,0.2254000008106231,0.3159500062465668,0.3195500075817108,0.325650006532669
1.19058,0.1339000016450882,0.0698499977588653,0.0124500002712011,0.0346500016748905,0.0234999991953372,0.0537500008940696,0.2254000008106231,0.3159500062465668,0.3195500075817108,0.325650006532669
1.19058,0.1339000016450882,0.0698499977588653,0.0124500002712011,0.0346500016748905,0.0234999991953372,0.0537500008940696,0.2254000008106231,0.3159500062465668,0.3195500075817108,0.325650006532669
1.19058,0.1339000016450882,0.0698499977588653,0.0124500002712011,0.0346500016748905,0.0234999991953372,0.0537500008940696,0.2254000008106231,0.3159500062465668,0.3195500075817108,0.325650006532669
1.19058,0.1339000016450882,0.0698499977588653,0.0124500002712011,0.0346500016748905,0.0234999991953372,0.0537500008940696,0.2254000008106231,0.3159500062465668,0.3195500075817108,0.325650006532669
1.19058,0.1339000016450882,0.0698499977588653,0.0124500002712011,0.0346500016748905,0.0234999991953372,0.0537500008940696,0.2254000008106231,0.3159500062465668,0.3195500075817108,0.325650006532669
1.19058,0.1339000016450882,0.0698499977588653,0.0124500002712011,0.0346500016748905,0.0234999991953372,0.0537500008940696,0.2254000008106231,0.3159500062465668,0.3195500075817108,0.325650006532669
1.19058,0.1339000016450882,0.0698499977588653,0.0124500002712011,0.0346500016748905,0.0234999991953372,0.0537500008940696,0.2254000008106231,0.3159500062465668,0.3195500075817108,0.325650006532669
1.19058,0.1339000016450882,0.0698499977588653,0.0124500002712011,0.0346500016748905,0.0234999991953372,0.0537500008940696,0.2254000008106231,0.3159500062465668,0.3195500075817108,0.325650006532669
0.46252,0.1339000016450882,0.0698499977588653,0.0124500002712011,0.0346500016748905,0.0234999991953372,0.0537500008940696,0.2254000008106231,0.3159500062465668,0.3195500075817108,0.325650006532669
0.46252,0.1339000016450882,0.0698499977588653,0.0124500002712011,0.0346500016748905,0.0234999991953372,0.0537500008940696,0.2254000008106231,0.3159500062465668,0.3195500075817108,0.325650006532669
0.46252,0.1339000016450882,0.0698499977588653,0.0124500002712011,0.0346500016748905,0.0234999991953372,0.0537500008940696,0.2254000008106231,0.3159500062465668,0.3195500075817108,0.325650006532669
0.46252,0.1339000016450882,0.0698499977588653,0.0124500002712011,0.0346500016748905,0.0234999991953372,0.0537500008940696,0.2254000008106231,0.3159500062465668,0.3195500075817108,0.325650006532669
0.46252,0.1339000016450882,0.0698499977588653,0.0124500002712011,0.0346500016748905,0.0234999991953372,0.0537500008940696,0.2254000008106231,0.3159500062465668,0.3195500075817108,0.325650006532669
0.46252,0.1339000016450882,0.0698499977588653,0.0124500002712011,0.0346500016748905,0.0234999991953372,0.0537500008940696,0.2254000008106231,0.3159500062465668,0.3195500075817108,0.325650006532669
0.46252,0.1339000016450882,0.0698499977588653,0.0124500002712011,0.0346500016748905,0.0234999991953372,0.0537500008940696,0.2254000008106231,0.3159500062465668,0.3195500075817108,0.325650006532669
0.46252,0.1339000016450882,0.0698499977588653,0.0124500002712011,0.0346500016748905,0.0234999991953372,0.0537500008940696,0.2254000008106231,0.3159500062465668,0.3195500075817108,0.325650006532669
0.46252,0.1339000016450882,0.0698499977588653,0.0124500002712011,0.0346500016748905,0.0234999991953372,0.0537500008940696,0.2254000008106231,0.3159500062465668,0.3195500075817108,0.325650006532669
0.46252,0.1339000016450882,0.0698499977588653,0.0124500002712011,0.0346500016748905,0.0234999991953372,0.0537500008940696,0.2254000008106231,0.3159500062465668,0.3195500075817108,0.325650006532669
0.46252,0.1339000016450882,0.0698499977588653,0.0124500002712011,0.0346500016748905,0.0234999991953372,0.0537500008940696,0.2254000008106231,0.3159500062465668,0.3195500075817108,0.325650006532669
0.46252,0.1339000016450882,0.0698499977588653,0.0124500002712011,0.0346500016748905,0.0234999991953372,0.0537500008940696,0.2254000008106231,0.3159500062465668,0.3195500075817108,0.325650006532669
0.46252,0.1339000016450882,0.0698499977588653,0.0124500002712011,0.0346500016748905,0.0234999991953372,0.0537500008940696,0.2254000008106231,0.3159500062465668,0.3195500075817108,0.325650006532669
0.46252,0.1339000016450882,0.0698499977588653,0.0124500002712011,0.0346500016748905,0.0234999991953372,0.0537500008940696,0.2254000008106231,0.3159500062465668,0.3195500075817108,0.325650006532669
0.46252,0.1339000016450882,0.0698499977588653,0.0124500002712011,0.0346500016748905,0.0234999991953372,0.0537500008940696,0.2254000008106231,0.3159500062465668,0.3195500075817108,0.325650006532669
0.46252,0.1339000016450882,0.0698499977588653,0.0124500002712011,0.0346500016748905,0.0234999991953372,0.0537500008940696,0.2254000008106231,0.3159500062465668,0.3195500075817108,0.325650006532669
0.46252,0.1339000016450882,0.0698499977588653,0.0124500002712011,0.0346500016748905,0.0234999991953372,0.0537500008940696,0.2254000008106231,0.3159500062465668,0.3195500075817108,0.325650006532669
0.46252,0.1339000016450882,0.0698499977588653,0.0124500002712011,0.0346500016748905,0.0234999991953372,0.0537500008940696,0.2254000008106231,0.3159500062465668,0.3195500075817108,0.325650006532669
0.46252,0.1339000016450882,0.0698499977588653,0.0124500002712011,0.0346500016748905,0.0234999991953372,0.0537500008940696,0.2254000008106231,0.3159500062465668,0.3195500075817108,0.325650006532669
0.46252,0.1339000016450882,0.0698499977588653,0.0124500002712011,0.0346500016748905,0.0234999991953372,0.0537500008940696,0.2254000008106231,0.3159500062465668,0.3195500075817108,0.325650006532669
0.46252,0.1339000016450882,0.0698499977588653,0.0124500002712011,0.0346500016748905,0.0234999991953372,0.0537500008940696,0.2254000008106231,0.3159500062465668,0.3195500075817108,0.325650006532669
0.46252,0.1339000016450882,0.0698499977588653,0.0124500002712011,0.0346500016748905,0.0234999991953372,0.0537500008940696,0.2254000008106231,0.3159500062465668,0.3195500075817108,0.325650006532669
0.46252,0.1339000016450882,0.0698499977588653,0.0124500002712011,0.0346500016748905,0.0234999991953372,0.0537500008940696,0.2254000008106231,0.3159500062465668,0.3195500075817108,0.325650006532669
0.46252,0.1339000016450882,0.0698499977588653,0.0124500002712011,0.0346500016748905,0.0234999991953372,0.0537500008940696,0.2254000008106231,0.3159500062465668,0.3195500075817108,0.325650006532669
0.46252,0.1339000016450882,0.0698499977588653,0.0124500002712011,0.0346500016748905,0.0234999991953372,0.0537500008940696,0.2254000008106231,0.3159500062465668,0.3195500075817108,0.325650006532669
0.46252,0.1339000016450882,0.0698499977588653,0.0124500002712011,0.0346500016748905,0.0234999991953372,0.0537500008940696,0.2254000008106231,0.3159500062465668,0.3195500075817108,0.325650006532669
0.46252,0.1339000016450882,0.0698499977588653,0.0124500002712011,0.0346500016748905,0.0234999991953372,0.0537500008940696,0.2254000008106231,0.3159500062465668,0.3195500075817108,0.325650006532669
1.00661,0.1339000016450882,0.0698499977588653,0.0124500002712011,0.0346500016748905,0.0234999991953372,0.0537500008940696,0.2254000008106231,0.3159500062465668,0.3195500075817108,0.325650006532669
1.00661,0.1339000016450882,0.0698499977588653,0.0124500002712011,0.0346500016748905,0.0234999991953372,0.0537500008940696,0.2254000008106231,0.3159500062465668,0.3195500075817108,0.325650006532669
1.00661,0.1339000016450882,0.0698499977588653,0.0124500002712011,0.0346500016748905,0.0234999991953372,0.0537500008940696,0.2254000008106231,0.3159500062465668,0.3195500075817108,0.325650006532669
1.00661,0.1339000016450882,0.0698499977588653,0.0124500002712011,0.0346500016748905,0.0234999991953372,0.0537500008940696,0.2254000008106231,0.3159500062465668,0.3195500075817108,0.325650006532669
1.00661,0.1339000016450882,0.0698499977588653,0.0124500002712011,0.0346500016748905,0.0234999991953372,0.0537500008940696,0.2254000008106231,0.3159500062465668,0.3195500075817108,0.325650006532669
1.00661,0.1339000016450882,0.0698499977588653,0.0124500002712011,0.0346500016748905,0.0234999991953372,0.0537500008940696,0.2254000008106231,0.3159500062465668,0.3195500075817108,0.325650006532669
1.00661,0.1339000016450882,0.0698499977588653,0.0124500002712011,0.0346500016748905,0.0234999991953372,0.0537500008940696,0.2254000008106231,0.3159500062465668,0.3195500075817108,0.325650006532669
1.00661,0.1339000016450882,0.0698499977588653,0.0124500002712011,0.0346500016748905,0.0234999991953372,0.0537500008940696,0.2254000008106231,0.3159500062465668,0.3195500075817108,0.325650006532669
1.00661,0.1339000016450882,0.0698499977588653,0.0124500002712011,0.0346500016748905,0.0234999991953372,0.0537500008940696,0.2254000008106231,0.3159500062465668,0.3195500075817108,0.325650006532669
1.00661,0.1339000016450882,0.0698499977588653,0.0124500002712011,0.0346500016748905,0.0234999991953372,0.0537500008940696,0.2254000008106231,0.3159500062465668,0.3195500075817108,0.325650006532669
1.00661,0.1339000016450882,0.0698499977588653,0.0124500002712011,0.0346500016748905,0.0234999991953372,0.0537500008940696,0.2254000008106231,0.3159500062465668,0.3195500075817108,0.325650006532669
1.00661,0.1339000016450882,0.0698499977588653,0.0124500002712011,0.0346500016748905,0.0234999991953372,0.0537500008940696,0.2254000008106231,0.3159500062465668,0.3195500075817108,0.325650006532669
1.00661,0.1339000016450882,0.0698499977588653,0.0124500002712011,0.0346500016748905,0.0234999991953372,0.0537500008940696,0.2254000008106231,0.3159500062465668,0.3195500075817108,0.325650006532669
1.00661,0.1339000016450882,0.0698499977588653,0.0124500002712011,0.0346500016748905,0.0234999991953372,0.0537500008940696,0.2254000008106231,0.3159500062465668,0.3195500075817108,0.325650006532669
1.00661,0.1339000016450882,0.0698499977588653,0.0124500002712011,0.0346500016748905,0.0234999991953372,0.0537500008940696,0.2254000008106231,0.3159500062465668,0.3195500075817108,0.325650006532669
1.00661,0.1339000016450882,0.0698499977588653,0.0124500002712011,0.0346500016748905,0.0234999991953372,0.0537500008940696,0.2254000008106231,0.3159500062465668,0.3195500075817108,0.325650006532669
1.00661,0.1339000016450882,0.0698499977588653,0.0124500002712011,0.0346500016748905,0.0234999991953372,0.0537500008940696,0.2254000008106231,0.3159500062465668,0.3195500075817108,0.325650006532669
1.00661,0.1339000016450882,0.0698499977588653,0.0124500002712011,0.0346500016748905,0.0234999991953372,0.0537500008940696,0.2254000008106231,0.3159500062465668,0.3195500075817108,0.325650006532669
1.00661,0.1339000016450882,0.0698499977588653,0.0124500002712011,0.0346500016748905,0.0234999991953372,0.0537500008940696,0.2254000008106231,0.3159500062465668,0.3195500075817108,0.325650006532669
1.00661,0.1339000016450882,0.0698499977588653,0.0124500002712011,0.0346500016748905,0.0234999991953372,0.0537500008940696,0.2254000008106231,0.3159500062465668,0.3195500075817108,0.325650006532669
1.00661,0.1339000016450882,0.0698499977588653,0.0124500002712011,0.0346500016748905,0.0234999991953372,0.0537500008940696,0.2254000008106231,0.3159500062465668,0.3195500075817108,0.325650006532669
1.00661,0.1339000016450882,0.0698499977588653,0.0124500002712011,0.0346500016748905,0.0234999991953372,0.0537500008940696,0.2254000008106231,0.3159500062465668,0.3195500075817108,0.325650006532669
1.00661,0.1339000016450882,0.0698499977588653,0.0124500002712011,0.0346500016748905,0.0234999991953372,0.0537500008940696,0.2254000008106231,0.3159500062465668,0.3195500075817108,0.325650006532669
1.00661,0.1339000016450882,0.0698499977588653,0.0124500002712011,0.0346500016748905,0.0234999991953372,0.0537500008940696,0.2254000008106231,0.3159500062465668,0.3195500075817108,0.325650006532669
1.00661,0.1339000016450882,0.0698499977588653,0.0124500002712011,0.0346500016748905,0.0234999991953372,0.0537500008940696,0.2254000008106231,0.3159500062465668,0.3195500075817108,0.325650006532669
1.00661,0.1339000016450882,0.0698499977588653,0.0124500002712011,0.0346500016748905,0.0234999991953372,0.0537500008940696,0.2254000008106231,0.3159500062465668,0.3195500075817108,0.325650006532669
1.00661,0.1339000016450882,0.0698499977588653,0.0124500002712011,0.0346500016748905,0.0234999991953372,0.0537500008940696,0.2254000008106231,0.3159500062465668,0.3195500075817108,0.325650006532669
0.27,0.0053500002250075,0.0035500000230968,0.0406000018119812,0.0469500012695789,0.0171000007539987,0.016499999910593,0.0176500007510185,0.0176500007510185,0.0137000000104308,0.0132999997586011
4.18,0.0042500002309679,0.0038000000640749,0.0353499986231327,0.0335500016808509,0.0168500002473592,0.0185499992221593,0.0204499997198581,0.0196499992161989,0.0144999995827674,0.0165500007569789
