TURB,B11,B12,B2,B3,B4,B5,B6,B7,B8,B8A
18.9,0.0031999999191612,0.0046000001020729,0.0313999988138675,0.0421000011265277,0.0445999987423419,0.0399000011384487,0.0175999999046325,0.0153999999165534,0.0109999999403953,0.0076000001281499
23.4,0.0031999999191612,0.0046000001020729,0.0313999988138675,0.0421000011265277,0.0445999987423419,0.0399000011384487,0.0175999999046325,0.0153999999165534,0.0109999999403953,0.0076000001281499
19.5,0.0031999999191612,0.0046000001020729,0.0313999988138675,0.0421000011265277,0.0445999987423419,0.0399000011384487,0.0175999999046325,0.0153999999165534,0.0109999999403953,0.0076000001281499
19.3,0.0031999999191612,0.0046000001020729,0.0313999988138675,0.0421000011265277,0.0445999987423419,0.0399000011384487,0.0175999999046325,0.0153999999165534,0.0109999999403953,0.0076000001281499
18.8,0.0031999999191612,0.0046000001020729,0.0313999988138675,0.0421000011265277,0.0445999987423419,0.0399000011384487,0.0175999999046325,0.0153999999165534,0.0109999999403953,0.0076000001281499
19.1,0.0031999999191612,0.0046000001020729,0.0313999988138675,0.0421000011265277,0.0445999987423419,0.0399000011384487,0.0175999999046325,0.0153999999165534,0.0109999999403953,0.0076000001281499
18.9,0.0031999999191612,0.0046000001020729,0.0313999988138675,0.0421000011265277,0.0445999987423419,0.0399000011384487,0.0175999999046325,0.0153999999165534,0.0109999999403953,0.0076000001281499
18.5,0.0031999999191612,0.0046000001020729,0.0313999988138675,0.0421000011265277,0.0445999987423419,0.0399000011384487,0.0175999999046325,0.0153999999165534,0.0109999999403953,0.0076000001281499
15.1,0.0317500010132789,0.0287500005215406,0.0585500001907348,0.0713500007987022,0.0716499984264373,0.0749000012874603,0.0445999987423419,0.0439999997615814,0.0392000004649162,0.0361500009894371
20.0,0.0317500010132789,0.0287500005215406,0.0585500001907348,0.0713500007987022,0.0716499984264373,0.0749000012874603,0.0445999987423419,0.0439999997615814,0.0392000004649162,0.0361500009894371
14.8,0.0317500010132789,0.0287500005215406,0.0585500001907348,0.0713500007987022,0.0716499984264373,0.0749000012874603,0.0445999987423419,0.0439999997615814,0.0392000004649162,0.0361500009894371
13.3,0.05180000141263,0.0456999987363815,0.0804999992251396,0.0940999984741211,0.0947000011801719,0.0949999988079071,0.0689999982714653,0.0671999976038932,0.0627999976277351,0.0595000013709068
14.0,0.05180000141263,0.0456999987363815,0.0804999992251396,0.0940999984741211,0.0947000011801719,0.0949999988079071,0.0689999982714653,0.0671999976038932,0.0627999976277351,0.0595000013709068
14.9,0.0338499993085861,0.0299999993294477,0.0596500001847744,0.0716999992728233,0.0732500031590461,0.0725499987602233,0.0466499999165535,0.0447000004351139,0.0452499985694885,0.0376500003039836
14.3,0.0338499993085861,0.0299999993294477,0.0596500001847744,0.0716999992728233,0.0732500031590461,0.0725499987602233,0.0466499999165535,0.0447000004351139,0.0452499985694885,0.0376500003039836
13.4,0.0338499993085861,0.0299999993294477,0.0596500001847744,0.0716999992728233,0.0732500031590461,0.0725499987602233,0.0466499999165535,0.0447000004351139,0.0452499985694885,0.0376500003039836
13.5,0.0338499993085861,0.0299999993294477,0.0596500001847744,0.0716999992728233,0.0732500031590461,0.0725499987602233,0.0466499999165535,0.0447000004351139,0.0452499985694885,0.0376500003039836
13.0,0.0338499993085861,0.0299999993294477,0.0596500001847744,0.0716999992728233,0.0732500031590461,0.0725499987602233,0.0466499999165535,0.0447000004351139,0.0452499985694885,0.0376500003039836
14.2,0.0560000017285347,0.048200000077486,0.0826999992132186,0.0948000028729438,0.0979000031948089,0.0949999988079071,0.0731000006198883,0.0685999989509582,0.0749000012874603,0.0625
13.7,0.0560000017285347,0.048200000077486,0.0826999992132186,0.0948000028729438,0.0979000031948089,0.0949999988079071,0.0731000006198883,0.0685999989509582,0.0749000012874603,0.0625
14.0,0.0201999992132186,0.016499999910593,0.0494000017642974,0.0562999993562698,0.0577999986708164,0.0553999990224838,0.0307000000029802,0.0288999993354082,0.0270000007003545,0.0240000002086162
14.7,0.0127999996766448,0.0110499998554587,0.0416500009596347,0.0516000017523765,0.0520000010728836,0.0485000014305114,0.0218499992042779,0.0210500005632638,0.0200500003993511,0.0153000000864267
14.9,0.0127999996766448,0.0110499998554587,0.0416500009596347,0.0516000017523765,0.0520000010728836,0.0485000014305114,0.0218499992042779,0.0210500005632638,0.0200500003993511,0.0153000000864267
14.8,0.0127999996766448,0.0110499998554587,0.0416500009596347,0.0516000017523765,0.0520000010728836,0.0485000014305114,0.0218499992042779,0.0210500005632638,0.0200500003993511,0.0153000000864267
15.2,0.0201999992132186,0.016499999910593,0.0494000017642974,0.0562999993562698,0.0577999986708164,0.0553999990224838,0.0307000000029802,0.0288999993354082,0.0270000007003545,0.0240000002086162
14.4,0.0133499996736645,0.0110499998554587,0.0422499999403953,0.0516000017523765,0.0520000010728836,0.0485000014305114,0.0229499991983175,0.0228499993681907,0.0207000002264976,0.0175500009208917
13.8,0.0133499996736645,0.0110499998554587,0.0422499999403953,0.0516000017523765,0.0520000010728836,0.0485000014305114,0.0229499991983175,0.0228499993681907,0.0207000002264976,0.0175500009208917
15.0,0.0065000001341104,0.0055999998003244,0.0351000018417835,0.0469000004231929,0.0461999997496604,0.0416000001132488,0.0152000002562999,0.0167999994009733,0.0143999997526407,0.0110999997705221
13.9,0.0065000001341104,0.0055999998003244,0.0351000018417835,0.0469000004231929,0.0461999997496604,0.0416000001132488,0.0152000002562999,0.0167999994009733,0.0143999997526407,0.0110999997705221
13.1,0.0065000001341104,0.0055999998003244,0.0351000018417835,0.0469000004231929,0.0461999997496604,0.0416000001132488,0.0152000002562999,0.0167999994009733,0.0143999997526407,0.0110999997705221
12.8,0.0054000001400709,0.0049000000581145,0.033900000154972,0.0408999994397163,0.0379000008106231,0.0386000014841556,0.0130000002682209,0.0131999999284744,0.0131000000983476,0.0077999997884035
13.4,0.0055999998003244,0.0042500002309679,0.0320999994874,0.0403500013053417,0.0370000004768371,0.0362499989569187,0.0139499995857477,0.0144499996677041,0.0129500003531575,0.0094499997794628
11.8,0.0055999998003244,0.0042500002309679,0.0320999994874,0.0403500013053417,0.0370000004768371,0.0362499989569187,0.0139499995857477,0.0144499996677041,0.0129500003531575,0.0094499997794628
11.1,0.0055999998003244,0.0042500002309679,0.0320999994874,0.0403500013053417,0.0370000004768371,0.0362499989569187,0.0139499995857477,0.0144499996677041,0.0129500003531575,0.0094499997794628
11.0,0.0046999999321997,0.0035999999381601,0.0291000008583068,0.0397999994456768,0.0361000001430511,0.033900000154972,0.012699999846518,0.0120999999344348,0.0115000000223517,0.0077999997884035
23.0,0.0046000001020729,0.003400000045076,0.0287999995052814,0.0408999994397163,0.0364999994635582,0.0345499999821186,0.0126499999314546,0.0121999997645616,0.0116499997675418,0.0076000001281499
13.7,0.0044999998062849,0.0035999999381601,0.0285000000149011,0.0419999994337558,0.0368999987840652,0.0351999998092651,0.012699999846518,0.0122999995946884,0.0118000004440546,0.0077999997884035
13.7,0.0109000001102685,0.009800000116229,0.0359999984502792,0.0489500015974044,0.0429500006139278,0.0426499992609024,0.0199500005692243,0.0188999995589256,0.0181000009179115,0.0126499999314546
12.3,0.0109000001102685,0.009800000116229,0.0359999984502792,0.0489500015974044,0.0429500006139278,0.0426499992609024,0.0199500005692243,0.0188999995589256,0.0181000009179115,0.0126499999314546
11.2,0.0173000004142522,0.0160000007599592,0.0434999987483024,0.0559000000357627,0.0489999987185001,0.0500999987125396,0.0272000003606081,0.0254999995231628,0.0243999995291233,0.0175000000745058
10.7,0.0173000004142522,0.0160000007599592,0.0434999987483024,0.0559000000357627,0.0489999987185001,0.0500999987125396,0.0272000003606081,0.0254999995231628,0.0243999995291233,0.0175000000745058
10.3,0.0173000004142522,0.0160000007599592,0.0434999987483024,0.0559000000357627,0.0489999987185001,0.0500999987125396,0.0272000003606081,0.0254999995231628,0.0243999995291233,0.0175000000745058
9.2,0.0135000003501772,0.0120999999344348,0.0394000001251697,0.0513999983668327,0.0471000000834465,0.0432499982416629,0.0226499997079372,0.0227000005543231,0.0226499997079372,0.0158500000834465
10.0,0.0135000003501772,0.0120999999344348,0.0394000001251697,0.0513999983668327,0.0471000000834465,0.0432499982416629,0.0226499997079372,0.0227000005543231,0.0226499997079372,0.0158500000834465
10.5,0.0141500001773238,0.012249999679625,0.0394000001251697,0.0524000003933906,0.0471000000834465,0.045049998909235,0.0248499996960163,0.024949999526143,0.0247499998658895,0.0195499993860721
10.1,0.0141500001773238,0.012249999679625,0.0394000001251697,0.0524000003933906,0.0471000000834465,0.045049998909235,0.0248499996960163,0.024949999526143,0.0247499998658895,0.0195499993860721
12.4,0.0097000002861022,0.0082000000402331,0.035300001502037,0.0469000004231929,0.0452000014483928,0.0364000014960765,0.0181000009179115,0.0198999997228384,0.0208999998867511,0.0142000000923872
9.0,0.0083999997004866,0.0065000001341104,0.034350000321865,0.0432000011205673,0.0399499982595443,0.0329000018537044,0.016499999910593,0.0165999997407197,0.0159499999135732,0.0115999998524785
9.0,0.0083999997004866,0.0065000001341104,0.034350000321865,0.0432000011205673,0.0399499982595443,0.0329000018537044,0.016499999910593,0.0165999997407197,0.0159499999135732,0.0115999998524785
8.4,0.0083999997004866,0.0065000001341104,0.034350000321865,0.0432000011205673,0.0399499982595443,0.0329000018537044,0.016499999910593,0.0165999997407197,0.0159499999135732,0.0115999998524785
8.9,0.0083999997004866,0.0065000001341104,0.034350000321865,0.0432000011205673,0.0399499982595443,0.0329000018537044,0.016499999910593,0.0165999997407197,0.0159499999135732,0.0115999998524785
8.9,0.0071000000461936,0.0048000002279877,0.0333999991416931,0.0395000018179416,0.0346999987959861,0.0294000003486871,0.0148999998345971,0.0132999997586011,0.0109999999403953,0.0089999996125698
10.0,0.0071000000461936,0.0048000002279877,0.0333999991416931,0.0395000018179416,0.0346999987959861,0.0294000003486871,0.0148999998345971,0.0132999997586011,0.0109999999403953,0.0089999996125698
10.5,0.0071000000461936,0.0048000002279877,0.0333999991416931,0.0395000018179416,0.0346999987959861,0.0294000003486871,0.0148999998345971,0.0132999997586011,0.0109999999403953,0.0089999996125698
10.1,0.0355000011622905,0.0286500006914138,0.0676499977707862,0.0572500005364418,0.049550000578165,0.051350001245737,0.0436000004410743,0.0437499992549419,0.0549000017344951,0.0407500006258487
13.3,0.0355000011622905,0.0286500006914138,0.0676499977707862,0.0572500005364418,0.049550000578165,0.051350001245737,0.0436000004410743,0.0437499992549419,0.0549000017344951,0.0407500006258487
9.8,0.0639000013470649,0.0524999983608722,0.1018999963998794,0.0750000029802322,0.0644000023603439,0.0732999965548515,0.0723000019788742,0.0741999968886375,0.0988000035285949,0.0724999979138374
10.7,0.0379999987781047,0.0324999988079071,0.0731000006198883,0.0627499967813491,0.0573499985039234,0.0582000017166137,0.0469000004231929,0.0497500002384185,0.0584499984979629,0.0462500005960464
9.9,0.0379999987781047,0.0324999988079071,0.0731000006198883,0.0627499967813491,0.0573499985039234,0.0582000017166137,0.0469000004231929,0.0497500002384185,0.0584499984979629,0.0462500005960464
10.0,0.0379999987781047,0.0324999988079071,0.0731000006198883,0.0627499967813491,0.0573499985039234,0.0582000017166137,0.0469000004231929,0.0497500002384185,0.0584499984979629,0.0462500005960464
11.0,0.0379999987781047,0.0324999988079071,0.0731000006198883,0.0627499967813491,0.0573499985039234,0.0582000017166137,0.0469000004231929,0.0497500002384185,0.0584499984979629,0.0462500005960464
10.2,0.0379999987781047,0.0324999988079071,0.0731000006198883,0.0627499967813491,0.0573499985039234,0.0582000017166137,0.0469000004231929,0.0497500002384185,0.0584499984979629,0.0462500005960464
14.8,0.0379999987781047,0.0324999988079071,0.0731000006198883,0.0627499967813491,0.0573499985039234,0.0582000017166137,0.0469000004231929,0.0497500002384185,0.0584499984979629,0.0462500005960464
12.4,0.0379999987781047,0.0324999988079071,0.0731000006198883,0.0627499967813491,0.0573499985039234,0.0582000017166137,0.0469000004231929,0.0497500002384185,0.0584499984979629,0.0462500005960464
11.9,0.0120999999344348,0.0125000001862645,0.0443000011146068,0.050500001758337,0.0502999983727932,0.0430999994277954,0.0215000007301569,0.0252999998629093,0.0181000009179115,0.0199999995529651
10.6,0.0120999999344348,0.0125000001862645,0.0443000011146068,0.050500001758337,0.0502999983727932,0.0430999994277954,0.0215000007301569,0.0252999998629093,0.0181000009179115,0.0199999995529651
12.0,0.0120999999344348,0.0125000001862645,0.0443000011146068,0.050500001758337,0.0502999983727932,0.0430999994277954,0.0215000007301569,0.0252999998629093,0.0181000009179115,0.0199999995529651
10.0,0.0066999997943639,0.0061499997973442,0.0309500005096197,0.0403000004589557,0.0359500013291835,0.0322499983012676,0.0124500002712011,0.0130500001832842,0.0105999996885657,0.008899999782443
10.0,0.0066999997943639,0.0061499997973442,0.0309500005096197,0.0403000004589557,0.0359500013291835,0.0322499983012676,0.0124500002712011,0.0130500001832842,0.0105999996885657,0.008899999782443
13.3,0.0066999997943639,0.0061499997973442,0.0309500005096197,0.0403000004589557,0.0359500013291835,0.0322499983012676,0.0124500002712011,0.0130500001832842,0.0105999996885657,0.008899999782443
9.5,0.0054000001400709,0.0049000000581145,0.0320000015199184,0.0392999984323978,0.0333999991416931,0.0295000001788139,0.0098999999463558,0.0109000001102685,0.0094999996945261,0.008899999782443
9.2,0.0054000001400709,0.0049000000581145,0.0320000015199184,0.0392999984323978,0.0333999991416931,0.0295000001788139,0.0098999999463558,0.0109000001102685,0.0094999996945261,0.008899999782443
9.9,0.0066999997943639,0.0061499997973442,0.0298500005155801,0.0392000004649162,0.0333499982953071,0.0287500005215406,0.0106499996036291,0.0109000001102685,0.0091500002890825,0.008899999782443
8.9,0.0066999997943639,0.0061499997973442,0.0298500005155801,0.0392000004649162,0.0333499982953071,0.0287500005215406,0.0106499996036291,0.0109000001102685,0.0091500002890825,0.008899999782443
9.1,0.0080000003799796,0.0057999999262392,0.0276999995112419,0.0392999984323978,0.0333999991416931,0.0295000001788139,0.0114000001922249,0.0109000001102685,0.0094999996945261,0.008899999782443
8.8,0.0068500000052154,0.0053500002250075,0.025849999859929,0.0392000004649162,0.0333499982953071,0.0287500005215406,0.0106499996036291,0.0109000001102685,0.0091500002890825,0.0090500004589557
8.8,0.0082999998703598,0.0057999999262392,0.0240000002086162,0.0392999984323978,0.0333000011742115,0.0280000008642673,0.0114000001922249,0.0109000001102685,0.0087999999523162,0.0092000002041459
9.2,0.0082999998703598,0.0057999999262392,0.0240000002086162,0.0392999984323978,0.0333000011742115,0.0280000008642673,0.0114000001922249,0.0109000001102685,0.0087999999523162,0.0092000002041459
8.9,0.009800000116229,0.0076999999582767,0.0212500002235174,0.0313500016927719,0.0254999995231628,0.0233500003814697,0.0127999996766448,0.0120000001043081,0.0120000001043081,0.0094999996945261
8.5,0.009800000116229,0.0076999999582767,0.0212500002235174,0.0313500016927719,0.0254999995231628,0.0233500003814697,0.0127999996766448,0.0120000001043081,0.0120000001043081,0.0094999996945261
8.0,0.0082999998703598,0.0057999999262392,0.0240000002086162,0.0410999990999698,0.0350000001490116,0.0313999988138675,0.0142000000923872,0.0131000000983476,0.0152000002562999,0.009800000116229
8.2,0.0066499998793005,0.0058499998413026,0.0258000008761882,0.0414000004529953,0.0351999998092651,0.0306000001728534,0.0149999996647238,0.0121499998494982,0.0141000002622604,0.0086000002920627
8.5,0.0049999998882412,0.0059000002220273,0.0275999996811151,0.0417000018060207,0.0353999994695186,0.0297999996691942,0.0157999992370605,0.0111999996006488,0.0130000002682209,0.0074000000022351
8.4,0.0049999998882412,0.0059000002220273,0.0275999996811151,0.0417000018060207,0.0353999994695186,0.0297999996691942,0.0157999992370605,0.0111999996006488,0.0130000002682209,0.0074000000022351
10.7,0.0052000000141561,0.0062000001780688,0.0288500003516674,0.0417000018060207,0.0350000001490116,0.0283499993383884,0.013150000013411,0.0112500004470348,0.0103500001132488,0.0061499997973442
8.5,0.0020999999251216,0.0028999999631196,0.0281000006943941,0.0357000008225441,0.0261000003665685,0.02449999935925,0.0099999997764825,0.0060999998822808,0.0019000000320374,0.0024999999441206
8.1,0.0020999999251216,0.0028999999631196,0.0281000006943941,0.0357000008225441,0.0261000003665685,0.02449999935925,0.0099999997764825,0.0060999998822808,0.0019000000320374,0.0024999999441206
8.5,0.0020999999251216,0.0028999999631196,0.0281000006943941,0.0357000008225441,0.0261000003665685,0.02449999935925,0.0099999997764825,0.0060999998822808,0.0019000000320374,0.0024999999441206
8.7,0.0020999999251216,0.0028999999631196,0.0281000006943941,0.0357000008225441,0.0261000003665685,0.02449999935925,0.0099999997764825,0.0060999998822808,0.0019000000320374,0.0024999999441206
8.9,0.0020999999251216,0.0028999999631196,0.0281000006943941,0.0357000008225441,0.0261000003665685,0.02449999935925,0.0099999997764825,0.0060999998822808,0.0019000000320374,0.0024999999441206
9.3,0.0020999999251216,0.0028999999631196,0.0281000006943941,0.0357000008225441,0.0261000003665685,0.02449999935925,0.0099999997764825,0.0060999998822808,0.0019000000320374,0.0024999999441206
10.3,0.0063999998383224,0.0046000001020729,0.0230000000447034,0.0335999988019466,0.0379000008106231,0.0289999991655349,0.0153999999165534,0.0137999998405575,0.0144999995827674,0.0065000001341104
10.0,0.0063999998383224,0.0046000001020729,0.0230000000447034,0.0335999988019466,0.0379000008106231,0.0289999991655349,0.0153999999165534,0.0137999998405575,0.0144999995827674,0.0065000001341104
9.9,0.0063999998383224,0.0046000001020729,0.0230000000447034,0.0335999988019466,0.0379000008106231,0.0289999991655349,0.0153999999165534,0.0137999998405575,0.0144999995827674,0.0065000001341104
0.2,0.0063999998383224,0.0046000001020729,0.0230000000447034,0.0335999988019466,0.0379000008106231,0.0289999991655349,0.0153999999165534,0.0137999998405575,0.0144999995827674,0.0065000001341104
22.8,0.0063999998383224,0.0046000001020729,0.0230000000447034,0.0335999988019466,0.0379000008106231,0.0289999991655349,0.0153999999165534,0.0137999998405575,0.0144999995827674,0.0065000001341104
14.6,0.0063999998383224,0.0046000001020729,0.0230000000447034,0.0335999988019466,0.0379000008106231,0.0289999991655349,0.0153999999165534,0.0137999998405575,0.0144999995827674,0.0065000001341104
15.9,0.0063999998383224,0.0046000001020729,0.0230000000447034,0.0335999988019466,0.0379000008106231,0.0289999991655349,0.0153999999165534,0.0137999998405575,0.0144999995827674,0.0065000001341104
18.2,0.0063999998383224,0.0046000001020729,0.0230000000447034,0.0335999988019466,0.0379000008106231,0.0289999991655349,0.0153999999165534,0.0137999998405575,0.0144999995827674,0.0065000001341104
22.6,0.0063999998383224,0.0046000001020729,0.0230000000447034,0.0335999988019466,0.0379000008106231,0.0289999991655349,0.0153999999165534,0.0137999998405575,0.0144999995827674,0.0065000001341104
15.0,0.0063999998383224,0.0046000001020729,0.0230000000447034,0.0335999988019466,0.0379000008106231,0.0289999991655349,0.0153999999165534,0.0137999998405575,0.0144999995827674,0.0065000001341104
17.0,0.00089999998454,0.001700000022538,0.0142999999225139,0.0288999993354082,0.0368000008165836,0.0309999994933605,0.0111999996006488,0.0093999998643994,0.0115000000223517,0.0043000001460313
16.3,0.00089999998454,0.001700000022538,0.0142999999225139,0.0288999993354082,0.0368000008165836,0.0309999994933605,0.0111999996006488,0.0093999998643994,0.0115000000223517,0.0043000001460313
27.6,0.00089999998454,0.001700000022538,0.0142999999225139,0.0288999993354082,0.0368000008165836,0.0309999994933605,0.0111999996006488,0.0093999998643994,0.0115000000223517,0.0043000001460313
21.9,0.00089999998454,0.001700000022538,0.0142999999225139,0.0288999993354082,0.0368000008165836,0.0309999994933605,0.0111999996006488,0.0093999998643994,0.0115000000223517,0.0043000001460313
19.9,0.00089999998454,0.001700000022538,0.0142999999225139,0.0288999993354082,0.0368000008165836,0.0309999994933605,0.0111999996006488,0.0093999998643994,0.0115000000223517,0.0043000001460313
18.7,0.00089999998454,0.001700000022538,0.0142999999225139,0.0288999993354082,0.0368000008165836,0.0309999994933605,0.0111999996006488,0.0093999998643994,0.0115000000223517,0.0043000001460313
16.0,0.00089999998454,0.001700000022538,0.0142999999225139,0.0288999993354082,0.0368000008165836,0.0309999994933605,0.0111999996006488,0.0093999998643994,0.0115000000223517,0.0043000001460313
16.4,0.00089999998454,0.001700000022538,0.0142999999225139,0.0288999993354082,0.0368000008165836,0.0309999994933605,0.0111999996006488,0.0093999998643994,0.0115000000223517,0.0043000001460313
16.8,0.0011500000255182,0.0019000000320374,0.0154999997466802,0.026750000193715,0.0351499989628791,0.0302000008523464,0.0100999996066093,0.0093000000342726,0.0097000002861022,0.0042500002309679
16.4,0.0011500000255182,0.0019000000320374,0.0154999997466802,0.026750000193715,0.0351499989628791,0.0302000008523464,0.0100999996066093,0.0093000000342726,0.0097000002861022,0.0042500002309679
15.0,0.0013999999500811,0.0020999999251216,0.0166999995708465,0.0245999991893768,0.033500000834465,0.0294000003486871,0.0089999996125698,0.0092000002041459,0.0078999996185302,0.0041999998502433
15.1,0.0013999999500811,0.0020999999251216,0.0166999995708465,0.0245999991893768,0.033500000834465,0.0294000003486871,0.0089999996125698,0.0092000002041459,0.0078999996185302,0.0041999998502433
15.3,0.0013999999500811,0.0020999999251216,0.0166999995708465,0.0245999991893768,0.033500000834465,0.0294000003486871,0.0089999996125698,0.0092000002041459,0.0078999996185302,0.0041999998502433
15.3,0.0013999999500811,0.0020999999251216,0.0166999995708465,0.0245999991893768,0.033500000834465,0.0294000003486871,0.0089999996125698,0.0092000002041459,0.0078999996185302,0.0041999998502433
15.7,0.0031000000890344,0.0038499999791383,0.0221500005573034,0.0305499993264675,0.0363500006496906,0.0335500016808509,0.0124000003561377,0.0110499998554587,0.0103500001132488,0.0065500000491738
14.8,0.0031000000890344,0.0038499999791383,0.0221500005573034,0.0305499993264675,0.0363500006496906,0.0335500016808509,0.0124000003561377,0.0110499998554587,0.0103500001132488,0.0065500000491738
14.7,0.0031000000890344,0.0038499999791383,0.0221500005573034,0.0305499993264675,0.0363500006496906,0.0335500016808509,0.0124000003561377,0.0110499998554587,0.0103500001132488,0.0065500000491738
14.1,0.0048000002279877,0.0055999998003244,0.0275999996811151,0.0364999994635582,0.0392000004649162,0.0377000011503696,0.0157999992370605,0.0129000004380941,0.0127999996766448,0.008899999782443
14.5,0.0048000002279877,0.0055999998003244,0.0275999996811151,0.0364999994635582,0.0392000004649162,0.0377000011503696,0.0157999992370605,0.0129000004380941,0.0127999996766448,0.008899999782443
14.6,0.0031500000040978,0.0034499999601393,0.0242999996989965,0.032549999654293,0.0358499996364116,0.0340999998152256,0.0131000000983476,0.0121499998494982,0.010250000283122,0.0065000001341104
14.3,0.002199999988079,0.00179999996908,0.0209999997168779,0.0300999991595745,0.0357999987900257,0.0322000011801719,0.0130000002682209,0.0114000001922249,0.0085000004619359,0.0051000001840293
27.9,0.002199999988079,0.00179999996908,0.0209999997168779,0.0300999991595745,0.0357999987900257,0.0322000011801719,0.0130000002682209,0.0114000001922249,0.0085000004619359,0.0051000001840293
15.9,0.002199999988079,0.0015999999595806,0.0209999997168779,0.0294000003486871,0.032600000500679,0.0305000003427267,0.0104000000283122,0.0098999999463558,0.0076999999582767,0.0048000002279877
144.0,0.002199999988079,0.0015999999595806,0.0209999997168779,0.0294000003486871,0.032600000500679,0.0305000003427267,0.0104000000283122,0.0098999999463558,0.0076999999582767,0.0048000002279877
14.3,0.002199999988079,0.0015999999595806,0.0209999997168779,0.0294000003486871,0.032600000500679,0.0305000003427267,0.0104000000283122,0.0098999999463558,0.0076999999582767,0.0048000002279877
14.1,0.0022499999031424,0.001700000022538,0.0219000000506639,0.0297500006854534,0.0342000015079975,0.0313500016927719,0.0112500004470348,0.0102000003680586,0.0081000002101063,0.0044499998912215
14.1,0.0022499999031424,0.001700000022538,0.0219000000506639,0.0297500006854534,0.0342000015079975,0.0313500016927719,0.0112500004470348,0.0102000003680586,0.0081000002101063,0.0044499998912215
14.9,0.0023000000510364,0.00179999996908,0.0228000003844499,0.0300999991595745,0.0357999987900257,0.0322000011801719,0.0120999999344348,0.0098999999463558,0.0085000004619359,0.0048000002279877
16.2,0.0023000000510364,0.00179999996908,0.0228000003844499,0.0300999991595745,0.0357999987900257,0.0322000011801719,0.0120999999344348,0.0098999999463558,0.0085000004619359,0.0048000002279877
14.4,0.0027000000700354,0.0027000000700354,0.0234500002115964,0.03125,0.0346000008285045,0.0309999994933605,0.0104999998584389,0.0102000003680586,0.0075500002130866,0.0043500000610947
14.5,0.0031000000890344,0.0038000000640749,0.024100000038743,0.0331000015139579,0.0366000011563301,0.0322000011801719,0.0120999999344348,0.0104999998584389,0.0087000001221895,0.0048000002279877
14.2,0.0031000000890344,0.0038000000640749,0.024100000038743,0.0331000015139579,0.0366000011563301,0.0322000011801719,0.0120999999344348,0.0104999998584389,0.0087000001221895,0.0048000002279877
15.2,0.0046500000171363,0.0039499998092651,0.0299999993294477,0.0359999984502792,0.0394500009715557,0.0350500009953975,0.0143999997526407,0.0138499997556209,0.0110499998554587,0.0062500000931322
15.1,0.0046500000171363,0.0039499998092651,0.0299999993294477,0.0359999984502792,0.0394500009715557,0.0350500009953975,0.0143999997526407,0.0138499997556209,0.0110499998554587,0.0062500000931322
16.0,0.0046500000171363,0.0039499998092651,0.0299999993294477,0.0359999984502792,0.0394500009715557,0.0350500009953975,0.0143999997526407,0.0138499997556209,0.0110499998554587,0.0062500000931322
16.6,0.0062000001780688,0.0041000000201165,0.0359000004827976,0.0388999991118907,0.0423000007867813,0.0379000008106231,0.0166999995708465,0.0172000005841255,0.0133999995887279,0.0086000002920627
16.0,0.0062000001780688,0.0041000000201165,0.0359000004827976,0.0388999991118907,0.0423000007867813,0.0379000008106231,0.0166999995708465,0.0172000005841255,0.0133999995887279,0.0086000002920627
16.6,0.0043500000610947,0.0023000000510364,0.0319500006735324,0.0344499982893466,0.0390500016510486,0.0357999987900257,0.0137000000104308,0.0147000001743435,0.0113000003620982,0.0066499998793005
15.3,0.0043500000610947,0.0023000000510364,0.0319500006735324,0.0344499982893466,0.0390500016510486,0.0357999987900257,0.0137000000104308,0.0147000001743435,0.0113000003620982,0.0066499998793005
15.1,0.0062000001780688,0.0041000000201165,0.0359000004827976,0.0388999991118907,0.0423000007867813,0.0379000008106231,0.0166999995708465,0.0172000005841255,0.0133999995887279,0.0086000002920627
17.2,0.1570000052452087,0.1675499975681305,0.1625999957323074,0.1609999984502792,0.1655000001192093,0.1608999967575073,0.1550499945878982,0.1586000025272369,0.1800999939441681,0.1565500050783157
14.9,0.1570000052452087,0.1675499975681305,0.1625999957323074,0.1609999984502792,0.1655000001192093,0.1608999967575073,0.1550499945878982,0.1586000025272369,0.1800999939441681,0.1565500050783157
10.0,0.0071999998763203,0.0054000001400709,0.0384999997913837,0.049100000411272,0.0348999984562397,0.0474999994039535,0.0269000008702278,0.0252999998629093,0.0207000002264976,0.0170000009238719
9.8,0.0071999998763203,0.0054000001400709,0.0384999997913837,0.049100000411272,0.0348999984562397,0.0474999994039535,0.0269000008702278,0.0252999998629093,0.0207000002264976,0.0170000009238719
11.3,0.0100999996066093,0.0094999996945261,0.0384999997913837,0.0498999990522861,0.0384999997913837,0.0474999994039535,0.0307999998331069,0.0293000005185604,0.0272000003606081,0.0233999993652105
10.4,0.0100999996066093,0.0094999996945261,0.0384999997913837,0.0498999990522861,0.0384999997913837,0.0474999994039535,0.0307999998331069,0.0293000005185604,0.0272000003606081,0.0233999993652105
10.1,0.0100999996066093,0.0094999996945261,0.0384999997913837,0.0498999990522861,0.0384999997913837,0.0474999994039535,0.0307999998331069,0.0293000005185604,0.0272000003606081,0.0233999993652105
10.4,0.0313999988138675,0.0264500007033348,0.0562999993562698,0.066600002348423,0.0566999986767768,0.0636999979615211,0.0489500015974044,0.0478500016033649,0.050900001078844,0.0415499992668628
9.1,0.0104000000283122,0.0094999996945261,0.0384999997913837,0.0498999990522861,0.0384999997913837,0.0474999994039535,0.0307999998331069,0.0304000005125999,0.0280000008642673,0.0243999995291233
8.0,0.0104000000283122,0.0094999996945261,0.0384999997913837,0.0498999990522861,0.0384999997913837,0.0474999994039535,0.0307999998331069,0.0304000005125999,0.0280000008642673,0.0243999995291233
6.3,0.0104000000283122,0.0094999996945261,0.0384999997913837,0.0498999990522861,0.0384999997913837,0.0474999994039535,0.0307999998331069,0.0304000005125999,0.0280000008642673,0.0243999995291233
6.9,0.0315500013530254,0.0264500007033348,0.0561500005424022,0.066600002348423,0.0566999986767768,0.0619000010192394,0.0489500015974044,0.0483999997377395,0.0513000003993511,0.0420500002801418
6.4,0.0104000000283122,0.0094999996945261,0.0381999984383583,0.0498999990522861,0.0384999997913837,0.0439000017940998,0.0307999998331069,0.0304000005125999,0.0280000008642673,0.0243999995291233
3.3,0.0104000000283122,0.0094999996945261,0.0381999984383583,0.0498999990522861,0.0384999997913837,0.0439000017940998,0.0307999998331069,0.0304000005125999,0.0280000008642673,0.0243999995291233
3.4,0.0219999998807907,0.0166999995708465,0.0397499985992908,0.0448499992489814,0.0377999991178512,0.0390999987721443,0.0309999994933605,0.0337999984622001,0.031649999320507,0.0285999998450279
30.3,0.0104000000283122,0.0066999997943639,0.0351999998092651,0.0368000008165836,0.0300999991595745,0.031599998474121,0.0256999991834163,0.0304000005125999,0.0280000008642673,0.0243999995291233
3.2,0.0104000000283122,0.0066999997943639,0.0351999998092651,0.0368000008165836,0.0300999991595745,0.031599998474121,0.0256999991834163,0.0304000005125999,0.0280000008642673,0.0243999995291233
2.8,0.0097500002011656,0.0061499997973442,0.0340499989688396,0.0340000018477439,0.0275999996811151,0.0262499991804361,0.0210999995470047,0.0233500003814697,0.02449999935925,0.0200500003993511
2.6,0.0091000003740191,0.0066999997943639,0.0329000018537044,0.031199999153614,0.0251000002026557,0.0208999998867511,0.016499999910593,0.0163000002503395,0.0209999997168779,0.0156999994069337
2.5,0.0091000003740191,0.0066999997943639,0.0329000018537044,0.031199999153614,0.0251000002026557,0.0208999998867511,0.016499999910593,0.0163000002503395,0.0209999997168779,0.0156999994069337
2.8,0.0091000003740191,0.0066999997943639,0.0329000018537044,0.031199999153614,0.0251000002026557,0.0208999998867511,0.016499999910593,0.0163000002503395,0.0209999997168779,0.0156999994069337
2.6,0.0170000009238719,0.0137999998405575,0.0386000014841556,0.0397999994456768,0.0333499982953071,0.0270000007003545,0.0230500008910894,0.0241500008851289,0.0281499996781349,0.0215499997138977
1.9,0.0249000005424022,0.0208999998867511,0.0443000011146068,0.0483999997377395,0.0416000001132488,0.0331000015139579,0.0296000000089406,0.0320000015199184,0.035300001502037,0.0274000000208616
2.8,0.0165999997407197,0.0131999999284744,0.0401500016450881,0.0388499982655048,0.0333499982953071,0.0261499993503093,0.0230500008910894,0.0241500008851289,0.0282499995082616,0.0215499997138977
2.5,0.0165999997407197,0.0131999999284744,0.0401500016450881,0.0388499982655048,0.0333499982953071,0.0261499993503093,0.0230500008910894,0.0241500008851289,0.0282499995082616,0.0215499997138977
1.8,0.0249000005424022,0.0208999998867511,0.0474000014364719,0.0483999997377395,0.0416000001132488,0.0331000015139579,0.0296000000089406,0.0320000015199184,0.0355000011622905,0.0274000000208616
1.4,0.0157500002533197,0.0128499995917081,0.0350500009953975,0.0382499992847442,0.0320499986410141,0.0256999991834163,0.0220999997109174,0.022749999538064,0.024100000038743,0.0195499993860721
1.5,0.0157500002533197,0.0128499995917081,0.0350500009953975,0.0382499992847442,0.0320499986410141,0.0256999991834163,0.0220999997109174,0.022749999538064,0.024100000038743,0.0195499993860721
1.1,0.0065999999642372,0.0048000002279877,0.0219000000506639,0.0281000006943941,0.0200999993830919,0.018300000578165,0.0146000003442168,0.0135000003501772,0.0109999999403953,0.010700000450015
1.0,0.0065999999642372,0.0048000002279877,0.0219000000506639,0.0281000006943941,0.0200999993830919,0.018300000578165,0.0146000003442168,0.0135000003501772,0.0109999999403953,0.010700000450015
1.0,0.0065999999642372,0.0048000002279877,0.0219000000506639,0.0281000006943941,0.0200999993830919,0.018300000578165,0.0146000003442168,0.0135000003501772,0.0109999999403953,0.010700000450015
1.0,0.0063999998383224,0.0048000002279877,0.0192499998956918,0.026750000193715,0.0179999992251396,0.0161000005900859,0.0112500004470348,0.0114000001922249,0.0098999999463558,0.0094999996945261
1.2,0.0063999998383224,0.0048000002279877,0.0192499998956918,0.026750000193715,0.0179999992251396,0.0161000005900859,0.0112500004470348,0.0114000001922249,0.0098999999463558,0.0094999996945261
1.0,0.0063999998383224,0.0048000002279877,0.0192499998956918,0.026750000193715,0.0179999992251396,0.0161000005900859,0.0112500004470348,0.0114000001922249,0.0098999999463558,0.0094999996945261
1.0,0.0063999998383224,0.0048000002279877,0.0192499998956918,0.026750000193715,0.0179999992251396,0.0161000005900859,0.0112500004470348,0.0114000001922249,0.0098999999463558,0.0094999996945261
1.2,0.0063999998383224,0.0048000002279877,0.0192499998956918,0.026750000193715,0.0179999992251396,0.0161000005900859,0.0112500004470348,0.0114000001922249,0.0098999999463558,0.0094999996945261
1.1,0.0062000001780688,0.0048000002279877,0.0165999997407197,0.025399999693036,0.0159000009298324,0.0138999996706843,0.0078999996185302,0.0093000000342726,0.0087999999523162,0.0082999998703598
1.3,0.0077499998733401,0.0060999998822808,0.0225000008940696,0.0294000003486871,0.0196000002324581,0.0164000000804662,0.010250000283122,0.0108000002801418,0.0107500003650784,0.009349999949336
2.4,0.0101500004529953,0.0071999998763203,0.0286999996751546,0.033500000834465,0.0237000007182359,0.0201999992132186,0.0131999999284744,0.0137999998405575,0.0157500002533197,0.0131999999284744
2.6,0.0101500004529953,0.0071999998763203,0.0286999996751546,0.033500000834465,0.0237000007182359,0.0201999992132186,0.0131999999284744,0.0137999998405575,0.0157500002533197,0.0131999999284744
2.4,0.0093000000342726,0.0070000002160668,0.0284000001847744,0.0333999991416931,0.0232999995350837,0.0188999995589256,0.0126000000163912,0.0122999995946884,0.012699999846518,0.0104000000283122
2.3,0.0093000000342726,0.0070000002160668,0.0284000001847744,0.0333999991416931,0.0232999995350837,0.0188999995589256,0.0126000000163912,0.0122999995946884,0.012699999846518,0.0104000000283122
1.3,0.0093000000342726,0.0070000002160668,0.0284000001847744,0.0333999991416931,0.0232999995350837,0.0188999995589256,0.0126000000163912,0.0122999995946884,0.012699999846518,0.0104000000283122
1.7,0.0101500004529953,0.0071999998763203,0.0283000003546476,0.033500000834465,0.0237000007182359,0.0201999992132186,0.0131999999284744,0.0137999998405575,0.0156500004231929,0.0127499997615814
1.2,0.0147000001743435,0.0122999995946884,0.0282000005245208,0.0394000001251697,0.0276999995112419,0.0280000008642673,0.0201999992132186,0.0201999992132186,0.0186000000685453,0.0151000004261732
1.0,0.0048000002279877,0.0052000000141561,0.0251000002026557,0.0471000000834465,0.0270000007003545,0.0377999991178512,0.0230000000447034,0.0219999998807907,0.0204000007361173,0.0133999995887279
1.0,0.0044999998062849,0.0044499998912215,0.0209999997168779,0.0456999987363815,0.0238499995321035,0.0356499999761581,0.0171499997377395,0.0160499997437,0.0151000004261732,0.010700000450015
2.0,0.0044999998062849,0.0044499998912215,0.0209999997168779,0.0456999987363815,0.0238499995321035,0.0356499999761581,0.0171499997377395,0.0160499997437,0.0151000004261732,0.010700000450015
1.2,0.0044999998062849,0.0044499998912215,0.0209999997168779,0.0456999987363815,0.0238499995321035,0.0356499999761581,0.0171499997377395,0.0160499997437,0.0151000004261732,0.010700000450015
10.5,0.0044999998062849,0.0044499998912215,0.0209999997168779,0.0456999987363815,0.0238499995321035,0.0356499999761581,0.0171499997377395,0.0160499997437,0.0151000004261732,0.010700000450015
1.9,0.0041999998502433,0.0037000000011175,0.0251000002026557,0.0471000000834465,0.0270000007003545,0.0377999991178512,0.0230000000447034,0.0219999998807907,0.0204000007361173,0.0133999995887279
3.6,0.0038000000640749,0.0031999999191612,0.0209999997168779,0.0504000000655651,0.0238499995321035,0.0381000004708766,0.0171499997377395,0.0160499997437,0.0149999996647238,0.010700000450015
1.2,0.0038000000640749,0.0031999999191612,0.0209999997168779,0.0504000000655651,0.0238499995321035,0.0381000004708766,0.0171499997377395,0.0160499997437,0.0149999996647238,0.010700000450015
2.8,0.0038000000640749,0.0031999999191612,0.0209999997168779,0.0504000000655651,0.0238499995321035,0.0381000004708766,0.0171499997377395,0.0160499997437,0.0149999996647238,0.010700000450015
3.7,0.0038000000640749,0.0031999999191612,0.0209999997168779,0.0504000000655651,0.0238499995321035,0.0381000004708766,0.0171499997377395,0.0160499997437,0.0149999996647238,0.010700000450015
3.3,0.003400000045076,0.0027000000700354,0.0168999992311,0.0443000011146068,0.0207000002264976,0.033500000834465,0.0113000003620982,0.0100999996066093,0.0096000004559755,0.0080000003799796
14.6,0.0031000000890344,0.003000000026077,0.0324000008404254,0.0434000007808208,0.0320000015199184,0.0412000007927417,0.0167999994009733,0.0171000007539987,0.0124000003561377,0.0074000000022351
11.6,0.0031000000890344,0.003000000026077,0.0324000008404254,0.0434000007808208,0.0320000015199184,0.0412000007927417,0.0167999994009733,0.0171000007539987,0.0124000003561377,0.0074000000022351
12.0,0.0031000000890344,0.003000000026077,0.0324000008404254,0.0434000007808208,0.0320000015199184,0.0412000007927417,0.0167999994009733,0.0171000007539987,0.0124000003561377,0.0074000000022351
10.5,0.0031000000890344,0.003000000026077,0.0324000008404254,0.0434000007808208,0.0320000015199184,0.0412000007927417,0.0167999994009733,0.0171000007539987,0.0124000003561377,0.0074000000022351
10.4,0.0031000000890344,0.003000000026077,0.0324000008404254,0.0434000007808208,0.0320000015199184,0.0412000007927417,0.0167999994009733,0.0171000007539987,0.0124000003561377,0.0074000000022351
8.9,0.0031000000890344,0.003000000026077,0.0324000008404254,0.0434000007808208,0.0320000015199184,0.0412000007927417,0.0167999994009733,0.0171000007539987,0.0124000003561377,0.0074000000022351
7.8,0.0092000002041459,0.009800000116229,0.0413499996066093,0.0555000007152557,0.0420500002801418,0.0539500005543231,0.0274999998509883,0.0270000007003545,0.02364999987185,0.0161000005900859
7.2,0.0092000002041459,0.009800000116229,0.0413499996066093,0.0555000007152557,0.0420500002801418,0.0539500005543231,0.0274999998509883,0.0270000007003545,0.02364999987185,0.0161000005900859
33.0,0.0153000000864267,0.0165999997407197,0.0502999983727932,0.0675999969244003,0.0520999990403652,0.0666999965906143,0.0381999984383583,0.0368999987840652,0.0348999984562397,0.0248000007122755
25.6,0.0153000000864267,0.0165999997407197,0.0502999983727932,0.0675999969244003,0.0520999990403652,0.0666999965906143,0.0381999984383583,0.0368999987840652,0.0348999984562397,0.0248000007122755
10.5,0.0153000000864267,0.0165999997407197,0.0502999983727932,0.0675999969244003,0.0520999990403652,0.0666999965906143,0.0381999984383583,0.0368999987840652,0.0348999984562397,0.0248000007122755
12.5,0.0087000001221895,0.0100999996066093,0.0386999994516372,0.0579999983310699,0.0384999997913837,0.0515500009059906,0.0247499998658895,0.0228000003844499,0.0215000007301569,0.0153500000014901
7.0,0.0087000001221895,0.0100999996066093,0.0386999994516372,0.0579999983310699,0.0384999997913837,0.0515500009059906,0.0247499998658895,0.0228000003844499,0.0215000007301569,0.0153500000014901
10.6,0.0071000000461936,0.0044999998062849,0.0271000005304813,0.0483999997377395,0.0249000005424022,0.0364000014960765,0.0118000004440546,0.0120000001043081,0.0115999998524785,0.0085000004619359
9.0,0.0071000000461936,0.0044999998062849,0.0271000005304813,0.0483999997377395,0.0249000005424022,0.0364000014960765,0.0118000004440546,0.0120000001043081,0.0115999998524785,0.0085000004619359
7.4,0.0046000001020729,0.0040500001050531,0.0210500005632638,0.0472000017762184,0.0242999996989965,0.0350500009953975,0.0115499999374151,0.0103500001132488,0.0098500000312924,0.0071999998763203
5.1,0.0035999999381601,0.0035999999381601,0.025000000372529,0.0460000000894069,0.0249000005424022,0.0364000014960765,0.0113000003620982,0.0118000004440546,0.0087000001221895,0.006000000052154
6.3,0.0035999999381601,0.0035999999381601,0.025000000372529,0.0460000000894069,0.0249000005424022,0.0364000014960765,0.0113000003620982,0.0118000004440546,0.0087000001221895,0.006000000052154
5.8,0.0035999999381601,0.0035999999381601,0.025000000372529,0.0460000000894069,0.0249000005424022,0.0364000014960765,0.0113000003620982,0.0118000004440546,0.0087000001221895,0.006000000052154
8.8,0.0035999999381601,0.0035999999381601,0.025000000372529,0.0460000000894069,0.0249000005424022,0.0364000014960765,0.0113000003620982,0.0118000004440546,0.0087000001221895,0.006000000052154
8.2,0.0035999999381601,0.0035999999381601,0.025000000372529,0.0460000000894069,0.0249000005424022,0.0364000014960765,0.0113000003620982,0.0118000004440546,0.0087000001221895,0.006000000052154
8.6,0.0053500002250075,0.0033499998971819,0.0199999995529651,0.0456000007688999,0.02449999935925,0.0354500003159046,0.0109000001102685,0.0119000002741813,0.0101500004529953,0.0072499997913837
10.1,0.0053500002250075,0.0033499998971819,0.0199999995529651,0.0456000007688999,0.02449999935925,0.0354500003159046,0.0109000001102685,0.0119000002741813,0.0101500004529953,0.0072499997913837
5.7,0.0035999999381601,0.002199999988079,0.025000000372529,0.0452000014483928,0.0252999998629093,0.0372000001370906,0.0099999997764825,0.0118000004440546,0.0087000001221895,0.006000000052154
7.7,0.002600000007078,0.0015000000130385,0.0241999998688697,0.0433499999344348,0.0269000008702278,0.0366999991238117,0.0105999996885657,0.0115000000223517,0.0097000002861022,0.0049999998882412
8.2,0.002600000007078,0.0015000000130385,0.0241999998688697,0.0433499999344348,0.0269000008702278,0.0366999991238117,0.0105999996885657,0.0115000000223517,0.0097000002861022,0.0049999998882412
29.0,0.0027499999850988,0.0024500000290572,0.0212500002235174,0.0427500009536743,0.0256999991834163,0.0313000008463859,0.0093000000342726,0.0090500004589557,0.0082499999552965,0.0035500000230968
14.7,0.0027499999850988,0.0024500000290572,0.0212500002235174,0.0427500009536743,0.0256999991834163,0.0313000008463859,0.0093000000342726,0.0090500004589557,0.0082499999552965,0.0035500000230968
13.3,0.0027499999850988,0.0024500000290572,0.0212500002235174,0.0427500009536743,0.0256999991834163,0.0313000008463859,0.0093000000342726,0.0090500004589557,0.0082499999552965,0.0035500000230968
5.0,0.0027499999850988,0.0024500000290572,0.0212500002235174,0.0427500009536743,0.0256999991834163,0.0313000008463859,0.0093000000342726,0.0090500004589557,0.0082499999552965,0.0035500000230968
2.7,0.0028999999631196,0.003000000026077,0.0190999992191791,0.0414999984204769,0.0229000002145767,0.0263999998569488,0.0074000000022351,0.0068999999202787,0.0057999999262392,0.0040000001899898
6.8,0.0028999999631196,0.003000000026077,0.0190999992191791,0.0414999984204769,0.0229000002145767,0.0263999998569488,0.0074000000022351,0.0068999999202787,0.0057999999262392,0.0040000001899898
4.6,0.0028999999631196,0.003000000026077,0.0190999992191791,0.0414999984204769,0.0229000002145767,0.0263999998569488,0.0074000000022351,0.0068999999202787,0.0057999999262392,0.0040000001899898
4.4,0.0028999999631196,0.003000000026077,0.0190999992191791,0.0414999984204769,0.0229000002145767,0.0263999998569488,0.0074000000022351,0.0068999999202787,0.0057999999262392,0.0040000001899898
2.3,0.003400000045076,0.0035500000230968,0.0184000004082918,0.0418500006198883,0.0217000003904104,0.0219000000506639,0.0066499998793005,0.0062000001780688,0.0052499999292194,0.0036500000860542
2.2,0.003400000045076,0.0035500000230968,0.0184000004082918,0.0418500006198883,0.0217000003904104,0.0219000000506639,0.0066499998793005,0.0062000001780688,0.0052499999292194,0.0036500000860542
4.7,0.0031500000040978,0.0030499999411404,0.0173000004142522,0.0394000001251697,0.0220500007271766,0.0235500000417232,0.0073500000871717,0.006450000219047,0.0053500002250075,0.0043500000610947
3.1,0.0031500000040978,0.0030499999411404,0.0173000004142522,0.0394000001251697,0.0220500007271766,0.0235500000417232,0.0073500000871717,0.006450000219047,0.0053500002250075,0.0043500000610947
3.7,0.0031500000040978,0.0030499999411404,0.0173000004142522,0.0394000001251697,0.0220500007271766,0.0235500000417232,0.0073500000871717,0.006450000219047,0.0053500002250075,0.0043500000610947
2.4,0.0031500000040978,0.0030499999411404,0.0173000004142522,0.0394000001251697,0.0220500007271766,0.0235500000417232,0.0073500000871717,0.006450000219047,0.0053500002250075,0.0043500000610947
5.1,0.003400000045076,0.0031000000890344,0.0168999992311,0.0390999987721443,0.0236000008881092,0.0296999998390674,0.0087999999523162,0.0074000000022351,0.006000000052154,0.0044999998062849
5.3,0.003400000045076,0.0031000000890344,0.0168999992311,0.0390999987721443,0.0236000008881092,0.0296999998390674,0.0087999999523162,0.0074000000022351,0.006000000052154,0.0044999998062849
3.0,0.003400000045076,0.0031000000890344,0.0168999992311,0.0390999987721443,0.0236000008881092,0.0296999998390674,0.0087999999523162,0.0074000000022351,0.006000000052154,0.0044999998062849
3.0,0.003400000045076,0.0031000000890344,0.0168999992311,0.0390999987721443,0.0236000008881092,0.0296999998390674,0.0087999999523162,0.0074000000022351,0.006000000052154,0.0044999998062849
2.9,0.003400000045076,0.0031000000890344,0.0168999992311,0.0390999987721443,0.0236000008881092,0.0296999998390674,0.0087999999523162,0.0074000000022351,0.006000000052154,0.0044999998062849
2.74,0.003400000045076,0.0031000000890344,0.0168999992311,0.0390999987721443,0.0236000008881092,0.0296999998390674,0.0087999999523162,0.0074000000022351,0.006000000052154,0.0044999998062849
3.5,0.0024000001139938,0.0015999999595806,0.0176999997347593,0.0346000008285045,0.0201999992132186,0.0228000003844499,0.0040000001899898,0.0055999998003244,0.0031999999191612,0.0019000000320374
2.8,0.0024000001139938,0.0015999999595806,0.0176999997347593,0.0346000008285045,0.0201999992132186,0.0228000003844499,0.0040000001899898,0.0055999998003244,0.0031999999191612,0.0019000000320374
2.7,0.0024000001139938,0.0015999999595806,0.0176999997347593,0.0346000008285045,0.0201999992132186,0.0228000003844499,0.0040000001899898,0.0055999998003244,0.0031999999191612,0.0019000000320374
2.9,0.0024000001139938,0.0015999999595806,0.0176999997347593,0.0346000008285045,0.0201999992132186,0.0228000003844499,0.0040000001899898,0.0055999998003244,0.0031999999191612,0.0019000000320374
2.9,0.0024000001139938,0.0015999999595806,0.0176999997347593,0.0346000008285045,0.0201999992132186,0.0228000003844499,0.0040000001899898,0.0055999998003244,0.0031999999191612,0.0019000000320374
4.2,0.0024000001139938,0.0015999999595806,0.0176999997347593,0.0346000008285045,0.0201999992132186,0.0228000003844499,0.0040000001899898,0.0055999998003244,0.0031999999191612,0.0019000000320374
8.1,0.0024000001139938,0.0015999999595806,0.0176999997347593,0.0346000008285045,0.0201999992132186,0.0228000003844499,0.0040000001899898,0.0055999998003244,0.0031999999191612,0.0019000000320374
5.4,0.0024000001139938,0.0015999999595806,0.0176999997347593,0.0346000008285045,0.0201999992132186,0.0228000003844499,0.0040000001899898,0.0055999998003244,0.0031999999191612,0.0019000000320374
9.0,0.0024000001139938,0.0015999999595806,0.0176999997347593,0.0346000008285045,0.0201999992132186,0.0228000003844499,0.0040000001899898,0.0055999998003244,0.0031999999191612,0.0019000000320374
8.0,0.0046500000171363,0.0028500000480562,0.025000000372529,0.0348999984562397,0.0280000008642673,0.0286500006914138,0.0113500002771615,0.0116499997675418,0.0089499996975064,0.0083499997854232
8.0,0.0068999999202787,0.0041000000201165,0.0322999991476535,0.0351999998092651,0.0357999987900257,0.0344999991357326,0.0186999998986721,0.0176999997347593,0.0147000001743435,0.0148000000044703
6.0,0.0048000002279877,0.0028999999631196,0.0216499995440244,0.0282499995082616,0.0293499995023012,0.0278999991714954,0.0118000004440546,0.0113500002771615,0.0110499998554587,0.0083999997004866
5.5,0.0048000002279877,0.0028999999631196,0.0216499995440244,0.0282499995082616,0.0293499995023012,0.0278999991714954,0.0118000004440546,0.0113500002771615,0.0110499998554587,0.0083999997004866
0.1,0.0068999999202787,0.0041000000201165,0.0237000007182359,0.0331999994814395,0.031199999153614,0.031700000166893,0.0144999995827674,0.0140000004321336,0.0146000003442168,0.0093000000342726
7.3,0.0068999999202787,0.0041000000201165,0.0237000007182359,0.0331999994814395,0.031199999153614,0.031700000166893,0.0144999995827674,0.0140000004321336,0.0146000003442168,0.0093000000342726
6.4,0.0068999999202787,0.0041000000201165,0.0237000007182359,0.0331999994814395,0.031199999153614,0.031700000166893,0.0144999995827674,0.0140000004321336,0.0146000003442168,0.0093000000342726
7.5,0.0068999999202787,0.0041000000201165,0.0237000007182359,0.0331999994814395,0.031199999153614,0.031700000166893,0.0144999995827674,0.0140000004321336,0.0146000003442168,0.0093000000342726
6.7,0.0068999999202787,0.0041000000201165,0.0237000007182359,0.0331999994814395,0.031199999153614,0.031700000166893,0.0144999995827674,0.0140000004321336,0.0146000003442168,0.0093000000342726
7.0,0.0068999999202787,0.0041000000201165,0.0237000007182359,0.0331999994814395,0.031199999153614,0.031700000166893,0.0144999995827674,0.0140000004321336,0.0146000003442168,0.0093000000342726
6.4,0.0068999999202787,0.0041000000201165,0.0237000007182359,0.0331999994814395,0.031199999153614,0.031700000166893,0.0144999995827674,0.0140000004321336,0.0146000003442168,0.0093000000342726
6.2,0.0053500002250075,0.0041499999351799,0.017349999397993,0.0272499993443489,0.0270499996840953,0.0264999996870756,0.0097000002861022,0.0094999996945261,0.0109999999403953,0.0056500001810491
5.6,0.0053500002250075,0.0041499999351799,0.017349999397993,0.0272499993443489,0.0270499996840953,0.0264999996870756,0.0097000002861022,0.0094999996945261,0.0109999999403953,0.0056500001810491
5.8,0.0080000003799796,0.0065999999642372,0.0237000007182359,0.0331999994814395,0.031199999153614,0.031700000166893,0.0144999995827674,0.0140000004321336,0.0146000003442168,0.0093000000342726
5.5,0.0080000003799796,0.0065999999642372,0.0237000007182359,0.0331999994814395,0.031199999153614,0.031700000166893,0.0144999995827674,0.0140000004321336,0.0146000003442168,0.0093000000342726
5.1,0.0019000000320374,0.0024999999441206,0.0102000003680586,0.0199999995529651,0.0142000000923872,0.018300000578165,0.0046000001020729,0.0046000001020729,0.0044999998062849,0.0037000000011175
5.21,0.0019000000320374,0.0024999999441206,0.0102000003680586,0.0199999995529651,0.0142000000923872,0.018300000578165,0.0046000001020729,0.0046000001020729,0.0044999998062849,0.0037000000011175
5.0,0.0019000000320374,0.0024999999441206,0.0102000003680586,0.0199999995529651,0.0142000000923872,0.018300000578165,0.0046000001020729,0.0046000001020729,0.0044999998062849,0.0037000000011175
5.3,0.0019000000320374,0.0024999999441206,0.0102000003680586,0.0199999995529651,0.0142000000923872,0.018300000578165,0.0046000001020729,0.0046000001020729,0.0044999998062849,0.0037000000011175
4.9,0.0019000000320374,0.0024999999441206,0.0102000003680586,0.0199999995529651,0.0142000000923872,0.018300000578165,0.0046000001020729,0.0046000001020729,0.0044999998062849,0.0037000000011175
4.7,0.0032500000670552,0.0027000000700354,0.0148999998345971,0.0226499997079372,0.0161499995738267,0.0202500000596046,0.0055999998003244,0.0076500000432133,0.0059000002220273,0.0035500000230968
5.26,0.0032500000670552,0.0027000000700354,0.0148999998345971,0.0226499997079372,0.0161499995738267,0.0202500000596046,0.0055999998003244,0.0076500000432133,0.0059000002220273,0.0035500000230968
4.5,0.0032500000670552,0.0027000000700354,0.0148999998345971,0.0226499997079372,0.0161499995738267,0.0202500000596046,0.0055999998003244,0.0076500000432133,0.0059000002220273,0.0035500000230968
5.0,0.0032500000670552,0.0027000000700354,0.0148999998345971,0.0226499997079372,0.0161499995738267,0.0202500000596046,0.0055999998003244,0.0076500000432133,0.0059000002220273,0.0035500000230968
4.7,0.0032500000670552,0.0027000000700354,0.0148999998345971,0.0226499997079372,0.0161499995738267,0.0202500000596046,0.0055999998003244,0.0076500000432133,0.0059000002220273,0.0035500000230968
4.7,0.0046000001020729,0.0028999999631196,0.0196000002324581,0.0252999998629093,0.0181000009179115,0.0221999995410442,0.0065999999642372,0.010700000450015,0.0073000001721084,0.003400000045076
4.7,0.0043000001460313,0.0037499999161809,0.0141000002622604,0.0212500002235174,0.0161499995738267,0.0185499992221593,0.0070500001311302,0.0098500000312924,0.006000000052154,0.0049499999731779
8.6,0.0046000001020729,0.0046000001020729,0.0196000002324581,0.0252999998629093,0.0181000009179115,0.0221999995410442,0.0074999998323619,0.010700000450015,0.0073000001721084,0.0065000001341104
8.0,0.0046000001020729,0.0046000001020729,0.0196000002324581,0.0252999998629093,0.0181000009179115,0.0221999995410442,0.0074999998323619,0.010700000450015,0.0073000001721084,0.0065000001341104
7.6,0.0054000001400709,0.0046000001020729,0.0204499997198581,0.0255999993532896,0.0189500004053115,0.0211500003933906,0.0094999996945261,0.0114000001922249,0.0091500002890825,0.0071499999612569
4.0,0.0062000001780688,0.0046000001020729,0.0212999992072582,0.025900000706315,0.0197999998927116,0.0200999993830919,0.0115000000223517,0.0120999999344348,0.0109999999403953,0.0077999997884035
4.2,0.0062000001780688,0.0046000001020729,0.0212999992072582,0.025900000706315,0.0197999998927116,0.0200999993830919,0.0115000000223517,0.0120999999344348,0.0109999999403953,0.0077999997884035
4.8,0.0051000001840293,0.0046000001020729,0.0165999997407197,0.024100000038743,0.0197000000625848,0.0175000000745058,0.0094999996945261,0.0105499997735023,0.0087000001221895,0.0071499999612569
4.1,0.0051000001840293,0.0046000001020729,0.0165999997407197,0.024100000038743,0.0197000000625848,0.0175000000745058,0.0094999996945261,0.0105499997735023,0.0087000001221895,0.0071499999612569
6.6,0.0051000001840293,0.0046000001020729,0.0165999997407197,0.024100000038743,0.0197000000625848,0.0175000000745058,0.0094999996945261,0.0105499997735023,0.0087000001221895,0.0071499999612569
5.0,0.0051000001840293,0.0046000001020729,0.0165999997407197,0.024100000038743,0.0197000000625848,0.0175000000745058,0.0094999996945261,0.0105499997735023,0.0087000001221895,0.0071499999612569
4.1,0.0062000001780688,0.0046000001020729,0.0212999992072582,0.025900000706315,0.0197999998927116,0.0200999993830919,0.0115000000223517,0.0120999999344348,0.0109999999403953,0.0077999997884035
4.3,0.0045500001870095,0.0041000000201165,0.0165999997407197,0.024100000038743,0.0197000000625848,0.0161499995738267,0.0067500001750886,0.0075500002130866,0.0087000001221895,0.0051500000990927
3.6,0.0028999999631196,0.0035999999381601,0.0119000002741813,0.0222999993711709,0.0196000002324581,0.0121999997645616,0.0020000000949949,0.003000000026077,0.0063999998383224,0.0024999999441206
4.5,0.0028999999631196,0.0035999999381601,0.0119000002741813,0.0222999993711709,0.0196000002324581,0.0121999997645616,0.0020000000949949,0.003000000026077,0.0063999998383224,0.0024999999441206
3.6,0.0028999999631196,0.0035999999381601,0.0119000002741813,0.0222999993711709,0.0196000002324581,0.0121999997645616,0.0020000000949949,0.003000000026077,0.0063999998383224,0.0024999999441206
4.3,0.0052999998442828,0.0044999998062849,0.0218000002205371,0.0261000003665685,0.0195000004023313,0.0161000005900859,0.0077999997884035,0.0092000002041459,0.0103000001981854,0.0054000001400709
5.2,0.0052999998442828,0.0044999998062849,0.0218000002205371,0.0261000003665685,0.0195000004023313,0.0161000005900859,0.0077999997884035,0.0092000002041459,0.0103000001981854,0.0054000001400709
14.8,0.0052999998442828,0.0044999998062849,0.0218000002205371,0.0261000003665685,0.0195000004023313,0.0161000005900859,0.0077999997884035,0.0092000002041459,0.0103000001981854,0.0054000001400709
4.9,0.0052999998442828,0.0044999998062849,0.0218000002205371,0.0261000003665685,0.0195000004023313,0.0161000005900859,0.0077999997884035,0.0092000002041459,0.0103000001981854,0.0054000001400709
3.6,0.0052999998442828,0.0044999998062849,0.0218000002205371,0.0261000003665685,0.0195000004023313,0.0161000005900859,0.0077999997884035,0.0092000002041459,0.0103000001981854,0.0054000001400709
4.1,0.1247000023722648,0.1466500014066696,0.1105000004172325,0.1166500002145767,0.1191499978303909,0.1243999972939491,0.1273500025272369,0.137700006365776,0.1228500008583068,0.1441500037908554
4.4,0.1247000023722648,0.1466500014066696,0.1105000004172325,0.1166500002145767,0.1191499978303909,0.1243999972939491,0.1273500025272369,0.137700006365776,0.1228500008583068,0.1441500037908554
3.2,0.1247000023722648,0.1466500014066696,0.1105000004172325,0.1166500002145767,0.1191499978303909,0.1243999972939491,0.1273500025272369,0.137700006365776,0.1228500008583068,0.1441500037908554
5.3,0.1247000023722648,0.1466500014066696,0.1105000004172325,0.1166500002145767,0.1191499978303909,0.1243999972939491,0.1273500025272369,0.137700006365776,0.1228500008583068,0.1441500037908554
3.7,0.1247000023722648,0.1466500014066696,0.1105000004172325,0.1166500002145767,0.1191499978303909,0.1243999972939491,0.1273500025272369,0.137700006365776,0.1228500008583068,0.1441500037908554
5.9,0.0052999998442828,0.0044999998062849,0.0218000002205371,0.0261000003665685,0.0195000004023313,0.0161000005900859,0.0077999997884035,0.0092000002041459,0.0103000001981854,0.0054000001400709
3.3,0.1243000030517578,0.1464000046253204,0.1071000024676323,0.1096500009298324,0.1135499998927116,0.1206500008702278,0.1268499940633773,0.136350005865097,0.1220000013709068,0.1438499987125396
4.1,0.1243000030517578,0.1464000046253204,0.1071000024676323,0.1096500009298324,0.1135499998927116,0.1206500008702278,0.1268499940633773,0.136350005865097,0.1220000013709068,0.1438499987125396
4.2,0.1243000030517578,0.1464000046253204,0.1071000024676323,0.1096500009298324,0.1135499998927116,0.1206500008702278,0.1268499940633773,0.136350005865097,0.1220000013709068,0.1438499987125396
6.8,0.1243000030517578,0.1464000046253204,0.1071000024676323,0.1096500009298324,0.1135499998927116,0.1206500008702278,0.1268499940633773,0.136350005865097,0.1220000013709068,0.1438499987125396
3.7,0.1243000030517578,0.1464000046253204,0.1071000024676323,0.1096500009298324,0.1135499998927116,0.1206500008702278,0.1268499940633773,0.136350005865097,0.1220000013709068,0.1438499987125396
4.8,0.0044999998062849,0.0040000001899898,0.0149999996647238,0.0120999999344348,0.0082999998703598,0.0086000002920627,0.006800000090152,0.0065000001341104,0.0086000002920627,0.0048000002279877
4.9,0.0041499999351799,0.0033499998971819,0.0165500007569789,0.0216000005602836,0.0158500000834465,0.0156999994069337,0.0072499997913837,0.0072499997913837,0.0094499997794628,0.0053500002250075
4.2,0.0041499999351799,0.0033499998971819,0.0165500007569789,0.0216000005602836,0.0158500000834465,0.0156999994069337,0.0072499997913837,0.0072499997913837,0.0094499997794628,0.0053500002250075
3.0,0.0041499999351799,0.0033499998971819,0.0165500007569789,0.0216000005602836,0.0158500000834465,0.0156999994069337,0.0072499997913837,0.0072499997913837,0.0094499997794628,0.0053500002250075
3.6,0.0044999998062849,0.0040000001899898,0.0181000009179115,0.0310999993234872,0.0233999993652105,0.0228000003844499,0.0076999999582767,0.0080000003799796,0.0103000001981854,0.0059000002220273
12.0,0.0118000004440546,0.0092000002041459,0.0274500008672475,0.0389499999582767,0.0308999996632337,0.0307000000029802,0.0180500000715255,0.018300000578165,0.0205499995499849,0.0160000007599592
10.5,0.0118000004440546,0.0092000002041459,0.0274500008672475,0.0389499999582767,0.0308999996632337,0.0307000000029802,0.0180500000715255,0.018300000578165,0.0205499995499849,0.0160000007599592
9.5,0.0118000004440546,0.0092000002041459,0.0274500008672475,0.0389499999582767,0.0308999996632337,0.0307000000029802,0.0180500000715255,0.018300000578165,0.0205499995499849,0.0160000007599592
11.0,0.0054999999701976,0.0046999999321997,0.0307000000029802,0.0381999984383583,0.0240000002086162,0.026300000026822,0.017799999564886,0.0146000003442168,0.0103000001981854,0.0113000003620982
4.7,0.0054999999701976,0.0046999999321997,0.0307000000029802,0.0381999984383583,0.0240000002086162,0.026300000026822,0.017799999564886,0.0146000003442168,0.0103000001981854,0.0113000003620982
7.2,0.0054999999701976,0.0046999999321997,0.0307000000029802,0.0381999984383583,0.0240000002086162,0.026300000026822,0.017799999564886,0.0146000003442168,0.0103000001981854,0.0113000003620982
4.1,0.2266000062227249,0.229200005531311,0.2102999985218048,0.2160000056028366,0.2061499953269958,0.2253500074148178,0.2252999991178512,0.2295500040054321,0.2198500037193298,0.2328999936580658
6.7,0.2266000062227249,0.229200005531311,0.2102999985218048,0.2160000056028366,0.2061499953269958,0.2253500074148178,0.2252999991178512,0.2295500040054321,0.2198500037193298,0.2328999936580658
4.3,0.2266000062227249,0.229200005531311,0.2102999985218048,0.2160000056028366,0.2061499953269958,0.2253500074148178,0.2252999991178512,0.2295500040054321,0.2198500037193298,0.2328999936580658
4.5,0.0366000011563301,0.0324999988079071,0.0631999969482421,0.0746000036597251,0.0627000033855438,0.0612999983131885,0.0443999990820884,0.0454000011086463,0.0480999983847141,0.0423000007867813
4.2,0.0366000011563301,0.0324999988079071,0.0631999969482421,0.0746000036597251,0.0627000033855438,0.0612999983131885,0.0443999990820884,0.0454000011086463,0.0480999983847141,0.0423000007867813
3.5,0.0366000011563301,0.0324999988079071,0.0631999969482421,0.0746000036597251,0.0627000033855438,0.0612999983131885,0.0443999990820884,0.0454000011086463,0.0480999983847141,0.0423000007867813
3.3,0.2255499958992004,0.2276500016450882,0.2067999988794326,0.2092500030994415,0.2005500048398971,0.2195000052452087,0.2234999984502792,0.2260999977588653,0.2151000052690506,0.2306499928236007
3.1,0.2255499958992004,0.2276500016450882,0.2067999988794326,0.2092500030994415,0.2005500048398971,0.2195000052452087,0.2234999984502792,0.2260999977588653,0.2151000052690506,0.2306499928236007
3.9,0.2255499958992004,0.2276500016450882,0.2067999988794326,0.2092500030994415,0.2005500048398971,0.2195000052452087,0.2234999984502792,0.2260999977588653,0.2151000052690506,0.2306499928236007
4.4,0.2255499958992004,0.2276500016450882,0.2067999988794326,0.2092500030994415,0.2005500048398971,0.2195000052452087,0.2234999984502792,0.2260999977588653,0.2151000052690506,0.2306499928236007
3.8,0.2255499958992004,0.2276500016450882,0.2067999988794326,0.2092500030994415,0.2005500048398971,0.2195000052452087,0.2234999984502792,0.2260999977588653,0.2151000052690506,0.2306499928236007
3.9,0.2255499958992004,0.2276500016450882,0.2067999988794326,0.2092500030994415,0.2005500048398971,0.2195000052452087,0.2234999984502792,0.2260999977588653,0.2151000052690506,0.2306499928236007
4.2,0.0230000000447034,0.0194499995559453,0.0440500006079673,0.0515000000596046,0.0403000004589557,0.0397999994456768,0.0298999994993209,0.0280000008642673,0.0261000003665685,0.0248000007122755
3.8,0.0178999993950128,0.0143999997526407,0.0427000001072883,0.0480000004172325,0.0377999991178512,0.0333000011742115,0.0207000002264976,0.0220999997109174,0.0223999992012977,0.0194000005722045
4.5,0.0178999993950128,0.0143999997526407,0.0427000001072883,0.0480000004172325,0.0377999991178512,0.0333000011742115,0.0207000002264976,0.0220999997109174,0.0223999992012977,0.0194000005722045
5.9,0.0147000001743435,0.0119500001892447,0.0373000018298625,0.0449500009417533,0.033449999988079,0.031649999320507,0.0198500007390975,0.0197999998927116,0.0179999992251396,0.015599999576807
6.4,0.0147000001743435,0.0119500001892447,0.0373000018298625,0.0449500009417533,0.033449999988079,0.031649999320507,0.0198500007390975,0.0197999998927116,0.0179999992251396,0.015599999576807
6.4,0.0147000001743435,0.0119500001892447,0.0373000018298625,0.0449500009417533,0.033449999988079,0.031649999320507,0.0198500007390975,0.0197999998927116,0.0179999992251396,0.015599999576807
6.6,0.0116999996826052,0.0115999998524785,0.0333999991416931,0.0419000014662742,0.0331000015139579,0.0304000005125999,0.0189999993890523,0.0175000000745058,0.0166999995708465,0.0131999999284744
7.5,0.0116999996826052,0.0115999998524785,0.0333999991416931,0.0419000014662742,0.0331000015139579,0.0304000005125999,0.0189999993890523,0.0175000000745058,0.0166999995708465,0.0131999999284744
6.6,0.0148000000044703,0.0130000002682209,0.0380499996244907,0.0449500009417533,0.0354500003159046,0.0318499989807605,0.0198500007390975,0.0197999998927116,0.0195499993860721,0.0163000002503395
5.2,0.0148000000044703,0.0130000002682209,0.0380499996244907,0.0449500009417533,0.0354500003159046,0.0318499989807605,0.0198500007390975,0.0197999998927116,0.0195499993860721,0.0163000002503395
5.0,0.0178999993950128,0.0143999997526407,0.0427000001072883,0.0480000004172325,0.0377999991178512,0.0333000011742115,0.0207000002264976,0.0220999997109174,0.0223999992012977,0.0194000005722045
7.1,0.0540999993681907,0.0450000017881393,0.0789000019431114,0.0882000029087066,0.0790999978780746,0.0794999971985817,0.0636000037193298,0.0603000000119209,0.0621999986469745,0.0557000003755092
6.0,0.069700002670288,0.0568999983370304,0.0954499989748001,0.1031000018119812,0.0956500023603439,0.0938500016927719,0.0805500000715255,0.0797500014305114,0.0820000022649765,0.0756499990820884
5.9,0.0540999993681907,0.0450000017881393,0.0789000019431114,0.0882000029087066,0.0790999978780746,0.0794999971985817,0.0636000037193298,0.0603000000119209,0.0621999986469745,0.0557000003755092
5.4,0.0540999993681907,0.0450000017881393,0.0789000019431114,0.0882000029087066,0.0790999978780746,0.0794999971985817,0.0636000037193298,0.0603000000119209,0.0621999986469745,0.0557000003755092
4.9,0.0540999993681907,0.0450000017881393,0.0789000019431114,0.0882000029087066,0.0790999978780746,0.0794999971985817,0.0636000037193298,0.0603000000119209,0.0621999986469745,0.0557000003755092
6.3,0.0540999993681907,0.0450000017881393,0.0789000019431114,0.0882000029087066,0.0790999978780746,0.0794999971985817,0.0636000037193298,0.0603000000119209,0.0621999986469745,0.0557000003755092
5.3,0.069700002670288,0.0568999983370304,0.0954499989748001,0.1031000018119812,0.0956500023603439,0.0938500016927719,0.0805500000715255,0.0797500014305114,0.0820000022649765,0.0756499990820884
5.5,0.069700002670288,0.0568999983370304,0.0954499989748001,0.1031000018119812,0.0956500023603439,0.0938500016927719,0.0805500000715255,0.0797500014305114,0.0820000022649765,0.0756499990820884
5.0,0.0852999985218048,0.068800002336502,0.1120000034570694,0.1180000007152557,0.1121999993920326,0.1081999987363815,0.0974999964237213,0.099200002849102,0.1018000021576881,0.0956000015139579
4.8,0.0811000019311904,0.0681999996304512,0.1039500012993812,0.1088500022888183,0.1035500019788742,0.101450003683567,0.0887499973177909,0.088699996471405,0.0906499996781349,0.0850500017404556
5.2,0.0768999978899955,0.0675999969244003,0.0958999991416931,0.0996999964118003,0.0948999971151351,0.0947000011801719,0.0799999982118606,0.0781999975442886,0.0794999971985817,0.0745000019669532
5.6,0.0439000017940998,0.0379500016570091,0.0680499970912933,0.0745000019669532,0.0649499967694282,0.0639000013470649,0.0480500012636184,0.0480000004172325,0.047749999910593,0.0425500012934207
5.0,0.0439000017940998,0.0379500016570091,0.0680499970912933,0.0745000019669532,0.0649499967694282,0.0639000013470649,0.0480500012636184,0.0480000004172325,0.047749999910593,0.0425500012934207
4.7,0.0768999978899955,0.0675999969244003,0.0958999991416931,0.0996999964118003,0.0948999971151351,0.0947000011801719,0.0799999982118606,0.0781999975442886,0.0794999971985817,0.0745000019669532
4.7,0.0414000004529953,0.0355999991297721,0.0644500032067298,0.069750003516674,0.0596500001847744,0.0582499988377094,0.0452000014483928,0.0425000004470348,0.045899998396635,0.0390500016510486
6.3,0.0414000004529953,0.0355999991297721,0.0644500032067298,0.069750003516674,0.0596500001847744,0.0582499988377094,0.0452000014483928,0.0425000004470348,0.045899998396635,0.0390500016510486
4.8,0.0414000004529953,0.0355999991297721,0.0644500032067298,0.069750003516674,0.0596500001847744,0.0582499988377094,0.0452000014483928,0.0425000004470348,0.045899998396635,0.0390500016510486
6.5,0.0768999978899955,0.0675999969244003,0.0958999991416931,0.0996999964118003,0.0948999971151351,0.0947000011801719,0.0799999982118606,0.0781999975442886,0.0794999971985817,0.0745000019669532
6.11,0.0768999978899955,0.0675999969244003,0.0958999991416931,0.0996999964118003,0.0948999971151351,0.0947000011801719,0.0799999982118606,0.0781999975442886,0.0794999971985817,0.0745000019669532
6.0,0.0768999978899955,0.0675999969244003,0.0958999991416931,0.0996999964118003,0.0948999971151351,0.0947000011801719,0.0799999982118606,0.0781999975442886,0.0794999971985817,0.0745000019669532
6.1,0.0698999986052513,0.0540000014007091,0.0844999998807907,0.0901999995112419,0.0782999992370605,0.0820999965071678,0.0747999995946884,0.0733999982476234,0.0655499994754791,0.0689499974250793
6.8,0.0065999999642372,0.0046000001020729,0.032999999821186,0.0397999994456768,0.0274999998509883,0.0218000002205371,0.0104000000283122,0.0091000003740191,0.0122999995946884,0.0054000001400709
7.0,0.0065999999642372,0.0046000001020729,0.032999999821186,0.0397999994456768,0.0274999998509883,0.0218000002205371,0.0104000000283122,0.0091000003740191,0.0122999995946884,0.0054000001400709
6.9,0.0065999999642372,0.0046000001020729,0.032999999821186,0.0397999994456768,0.0274999998509883,0.0218000002205371,0.0104000000283122,0.0091000003740191,0.0122999995946884,0.0054000001400709
8.2,0.0065999999642372,0.0046000001020729,0.032999999821186,0.0397999994456768,0.0274999998509883,0.0218000002205371,0.0104000000283122,0.0091000003740191,0.0122999995946884,0.0054000001400709
7.0,0.0702499970793724,0.0544999986886978,0.0832500010728836,0.0872500017285347,0.0798500031232833,0.0817999988794326,0.0737499967217445,0.0745500028133392,0.0618500001728534,0.0698499977588653
8.3,0.0702499970793724,0.0544999986886978,0.0832500010728836,0.0872500017285347,0.0798500031232833,0.0817999988794326,0.0737499967217445,0.0745500028133392,0.0618500001728534,0.0698499977588653
8.7,0.0233500003814697,0.0189999993890523,0.0474499985575675,0.0552500002086162,0.0472999997437,0.0461999997496604,0.0285000000149011,0.0295000001788139,0.0263999998569488,0.0242999996989965
10.5,0.0233500003814697,0.0189999993890523,0.0474499985575675,0.0552500002086162,0.0472999997437,0.0461999997496604,0.0285000000149011,0.0295000001788139,0.0263999998569488,0.0242999996989965
9.0,0.0233500003814697,0.0189999993890523,0.0474499985575675,0.0552500002086162,0.0472999997437,0.0461999997496604,0.0285000000149011,0.0295000001788139,0.0263999998569488,0.0242999996989965
11.7,0.0233500003814697,0.0189999993890523,0.0474499985575675,0.0552500002086162,0.0472999997437,0.0461999997496604,0.0285000000149011,0.0295000001788139,0.0263999998569488,0.0242999996989965
11.8,0.0542999990284442,0.0461499989032745,0.0785500034689903,0.0892999991774559,0.0837000012397766,0.0866499990224838,0.065200001001358,0.0662000030279159,0.063400000333786,0.0595499984920024
11.9,0.0542999990284442,0.0461499989032745,0.0785500034689903,0.0892999991774559,0.0837000012397766,0.0866499990224838,0.065200001001358,0.0662000030279159,0.063400000333786,0.0595499984920024
14.8,0.0542999990284442,0.0461499989032745,0.0785500034689903,0.0892999991774559,0.0837000012397766,0.0866499990224838,0.065200001001358,0.0662000030279159,0.063400000333786,0.0595499984920024
15.5,0.0447999984025955,0.0370000004768371,0.0780000016093254,0.0899000018835067,0.0855000019073486,0.0850000008940696,0.0593000017106533,0.0577000007033348,0.0588999986648559,0.0496999993920326
18.1,0.0447999984025955,0.0370000004768371,0.0780000016093254,0.0899000018835067,0.0855000019073486,0.0850000008940696,0.0593000017106533,0.0577000007033348,0.0588999986648559,0.0496999993920326
17.8,0.0424499996006488,0.0351999998092651,0.0711999982595443,0.0832500010728836,0.0763000026345253,0.0781000033020973,0.0540000014007091,0.0538000017404556,0.0533999986946582,0.0464500002562999
18.8,0.0447999984025955,0.0370000004768371,0.0780000016093254,0.0899000018835067,0.0855000019073486,0.0850000008940696,0.0593000017106533,0.0577000007033348,0.0588999986648559,0.0496999993920326
19.9,0.0260000005364418,0.0222999993711709,0.0620499998331069,0.0711999982595443,0.0672999992966651,0.0671000033617019,0.0417000018060207,0.0415499992668628,0.0403999984264373,0.032999999821186
23.4,0.0260000005364418,0.0222999993711709,0.0620499998331069,0.0711999982595443,0.0672999992966651,0.0671000033617019,0.0417000018060207,0.0415499992668628,0.0403999984264373,0.032999999821186
22.8,0.0260000005364418,0.0222999993711709,0.0620499998331069,0.0711999982595443,0.0672999992966651,0.0671000033617019,0.0417000018060207,0.0415499992668628,0.0403999984264373,0.032999999821186
26.1,0.0260000005364418,0.0222999993711709,0.0620499998331069,0.0711999982595443,0.0672999992966651,0.0671000033617019,0.0417000018060207,0.0415499992668628,0.0403999984264373,0.032999999821186
26.7,0.0071999998763203,0.0076000001281499,0.0461000017821788,0.0524999983608722,0.049100000411272,0.0491999983787536,0.024100000038743,0.025399999693036,0.0219000000506639,0.0163000002503395
26.8,0.0071999998763203,0.0076000001281499,0.0461000017821788,0.0524999983608722,0.049100000411272,0.0491999983787536,0.024100000038743,0.025399999693036,0.0219000000506639,0.0163000002503395
23.9,0.0071999998763203,0.0076000001281499,0.0461000017821788,0.0524999983608722,0.049100000411272,0.0491999983787536,0.024100000038743,0.025399999693036,0.0219000000506639,0.0163000002503395
24.9,0.0059000002220273,0.0059000002220273,0.0421499982476234,0.050900001078844,0.0474499985575675,0.0483999997377395,0.0225499998778104,0.0247499998658895,0.0197500009089708,0.0157999992370605
25.9,0.0059000002220273,0.0059000002220273,0.0421499982476234,0.050900001078844,0.0474499985575675,0.0483999997377395,0.0225499998778104,0.0247499998658895,0.0197500009089708,0.0157999992370605
27.6,0.0046000001020729,0.0041999998502433,0.0381999984383583,0.0493000000715255,0.0458000004291534,0.0476000010967254,0.0209999997168779,0.024100000038743,0.0175999999046325,0.0153000000864267
27.2,0.0085000004619359,0.0074999998323619,0.0416500009596347,0.0511999987065792,0.0537500008940696,0.0548500008881092,0.0277999993413686,0.0296000000089406,0.0232999995350837,0.0197000000625848
28.5,0.0124000003561377,0.0108000002801418,0.0450999997556209,0.0531000010669231,0.0617000013589859,0.0621000006794929,0.0346000008285045,0.0351000018417835,0.0289999991655349,0.024100000038743
39.6,0.0124000003561377,0.0108000002801418,0.0450999997556209,0.0531000010669231,0.0617000013589859,0.0621000006794929,0.0346000008285045,0.0351000018417835,0.0289999991655349,0.024100000038743
36.8,0.0124000003561377,0.0108000002801418,0.0450999997556209,0.0531000010669231,0.0617000013589859,0.0621000006794929,0.0346000008285045,0.0351000018417835,0.0289999991655349,0.024100000038743
31.4,0.0124000003561377,0.0108000002801418,0.0450999997556209,0.0531000010669231,0.0617000013589859,0.0621000006794929,0.0346000008285045,0.0351000018417835,0.0289999991655349,0.024100000038743
30.7,0.0082999998703598,0.0074499999172985,0.0437499992549419,0.0507499985396862,0.0573000013828277,0.0566000007092952,0.0296999998390674,0.0307000000029802,0.0233500003814697,0.0197000000625848
29.7,0.0082999998703598,0.0074499999172985,0.0437499992549419,0.0507499985396862,0.0573000013828277,0.0566000007092952,0.0296999998390674,0.0307000000029802,0.0233500003814697,0.0197000000625848
32.6,0.0082999998703598,0.0074499999172985,0.0437499992549419,0.0507499985396862,0.0573000013828277,0.0566000007092952,0.0296999998390674,0.0307000000029802,0.0233500003814697,0.0197000000625848
30.2,0.0082999998703598,0.0074499999172985,0.0437499992549419,0.0507499985396862,0.0573000013828277,0.0566000007092952,0.0296999998390674,0.0307000000029802,0.0233500003814697,0.0197000000625848
30.3,0.0082999998703598,0.0074499999172985,0.0437499992549419,0.0507499985396862,0.0573000013828277,0.0566000007092952,0.0296999998390674,0.0307000000029802,0.0233500003814697,0.0197000000625848
33.0,0.0124000003561377,0.0108000002801418,0.0450999997556209,0.0531000010669231,0.0617000013589859,0.0621000006794929,0.0346000008285045,0.0351000018417835,0.0289999991655349,0.024100000038743
30.5,0.0109999999403953,0.0100999996066093,0.0474999994039535,0.0554499998688697,0.0595499984920024,0.0584499984979629,0.0310500003397464,0.0318000018596649,0.025399999693036,0.0222999993711709
29.9,0.0109999999403953,0.0100999996066093,0.0474999994039535,0.0554499998688697,0.0595499984920024,0.0584499984979629,0.0310500003397464,0.0318000018596649,0.025399999693036,0.0222999993711709
28.1,0.0109999999403953,0.0100999996066093,0.0474999994039535,0.0554499998688697,0.0595499984920024,0.0584499984979629,0.0310500003397464,0.0318000018596649,0.025399999693036,0.0222999993711709
29.8,0.0163000002503395,0.0137000000104308,0.0526000000536441,0.0593999996781349,0.0632999986410141,0.0626000016927719,0.0351000018417835,0.0331999994814395,0.0324999988079071,0.0243999995291233
29.0,0.0163000002503395,0.0137000000104308,0.0526000000536441,0.0593999996781349,0.0632999986410141,0.0626000016927719,0.0351000018417835,0.0331999994814395,0.0324999988079071,0.0243999995291233
28.4,0.0163000002503395,0.0137000000104308,0.0526000000536441,0.0593999996781349,0.0632999986410141,0.0626000016927719,0.0351000018417835,0.0331999994814395,0.0324999988079071,0.0243999995291233
28.7,0.0163000002503395,0.0137000000104308,0.0526000000536441,0.0593999996781349,0.0632999986410141,0.0626000016927719,0.0351000018417835,0.0331999994814395,0.0324999988079071,0.0243999995291233
28.9,0.0163000002503395,0.0137000000104308,0.0526000000536441,0.0593999996781349,0.0632999986410141,0.0626000016927719,0.0351000018417835,0.0331999994814395,0.0324999988079071,0.0243999995291233
27.2,0.0163000002503395,0.0137000000104308,0.0526000000536441,0.0593999996781349,0.0632999986410141,0.0626000016927719,0.0351000018417835,0.0331999994814395,0.0324999988079071,0.0243999995291233
27.2,0.0163000002503395,0.0137000000104308,0.0526000000536441,0.0593999996781349,0.0632999986410141,0.0626000016927719,0.0351000018417835,0.0331999994814395,0.0324999988079071,0.0243999995291233
28.0,0.0098500000312924,0.0083499997854232,0.0476499982178211,0.0544000007212162,0.0568500012159347,0.0564000010490417,0.0296000000089406,0.0275500006973743,0.0266500003635883,0.019200000911951
26.7,0.0098500000312924,0.0083499997854232,0.0476499982178211,0.0544000007212162,0.0568500012159347,0.0564000010490417,0.0296000000089406,0.0275500006973743,0.0266500003635883,0.019200000911951
26.9,0.0098500000312924,0.0083499997854232,0.0476499982178211,0.0544000007212162,0.0568500012159347,0.0564000010490417,0.0296000000089406,0.0275500006973743,0.0266500003635883,0.019200000911951
27.0,0.0098500000312924,0.0083499997854232,0.0476499982178211,0.0544000007212162,0.0568500012159347,0.0564000010490417,0.0296000000089406,0.0275500006973743,0.0266500003635883,0.019200000911951
26.8,0.003400000045076,0.003000000026077,0.0395000018179416,0.0494000017642974,0.0504000000655651,0.0502000004053115,0.024100000038743,0.0219000000506639,0.0208000000566244,0.0140000004321336
27.7,0.003400000045076,0.003000000026077,0.0395000018179416,0.0494000017642974,0.0504000000655651,0.0502000004053115,0.024100000038743,0.0219000000506639,0.0208000000566244,0.0140000004321336
27.2,0.0038999998942017,0.0043999999761581,0.0394000001251697,0.0441000014543533,0.0476000010967254,0.045499999076128,0.0211999993771314,0.0237000007182359,0.0198999997228384,0.0109000001102685
27.4,0.0038999998942017,0.0043999999761581,0.0394000001251697,0.0441000014543533,0.0476000010967254,0.045499999076128,0.0211999993771314,0.0237000007182359,0.0198999997228384,0.0109000001102685
27.6,0.0038999998942017,0.0043999999761581,0.0394000001251697,0.0441000014543533,0.0476000010967254,0.045499999076128,0.0211999993771314,0.0237000007182359,0.0198999997228384,0.0109000001102685
27.4,0.0038999998942017,0.0043999999761581,0.0394000001251697,0.0441000014543533,0.0476000010967254,0.045499999076128,0.0211999993771314,0.0237000007182359,0.0198999997228384,0.0109000001102685
26.7,0.0038999998942017,0.0043999999761581,0.0394000001251697,0.0441000014543533,0.0476000010967254,0.045499999076128,0.0211999993771314,0.0237000007182359,0.0198999997228384,0.0109000001102685
27.0,0.0038999998942017,0.0043999999761581,0.0394000001251697,0.0441000014543533,0.0476000010967254,0.045499999076128,0.0211999993771314,0.0237000007182359,0.0198999997228384,0.0109000001102685
27.8,0.0038999998942017,0.0043999999761581,0.0394000001251697,0.0441000014543533,0.0476000010967254,0.045499999076128,0.0211999993771314,0.0237000007182359,0.0198999997228384,0.0109000001102685
26.9,0.0038999998942017,0.0043999999761581,0.0394000001251697,0.0441000014543533,0.0476000010967254,0.045499999076128,0.0211999993771314,0.0237000007182359,0.0198999997228384,0.0109000001102685
29.1,0.016499999910593,0.0132499998435378,0.0554499998688697,0.0602499991655349,0.063850000500679,0.0640000030398368,0.0359500013291835,0.0377999991178512,0.0350500009953975,0.025900000706315
29.2,0.016499999910593,0.0132499998435378,0.0554499998688697,0.0602499991655349,0.063850000500679,0.0640000030398368,0.0359500013291835,0.0377999991178512,0.0350500009953975,0.025900000706315
31.8,0.016499999910593,0.0132499998435378,0.0554499998688697,0.0602499991655349,0.063850000500679,0.0640000030398368,0.0359500013291835,0.0377999991178512,0.0350500009953975,0.025900000706315
31.2,0.0152000002562999,0.0123500004410743,0.0516499988734722,0.0613499991595745,0.0644999966025352,0.0664499998092651,0.0354500003159046,0.0361500009894371,0.0333000011742115,0.025000000372529
29.7,0.0152000002562999,0.0123500004410743,0.0516499988734722,0.0613499991595745,0.0644999966025352,0.0664499998092651,0.0354500003159046,0.0361500009894371,0.0333000011742115,0.025000000372529
42.4,0.0152000002562999,0.0123500004410743,0.0516499988734722,0.0613499991595745,0.0644999966025352,0.0664499998092651,0.0354500003159046,0.0361500009894371,0.0333000011742115,0.025000000372529
29.1,0.0152000002562999,0.0123500004410743,0.0516499988734722,0.0613499991595745,0.0644999966025352,0.0664499998092651,0.0354500003159046,0.0361500009894371,0.0333000011742115,0.025000000372529
28.36,0.0152000002562999,0.0123500004410743,0.0516499988734722,0.0613499991595745,0.0644999966025352,0.0664499998092651,0.0354500003159046,0.0361500009894371,0.0333000011742115,0.025000000372529
27.2,0.0152000002562999,0.0123500004410743,0.0516499988734722,0.0613499991595745,0.0644999966025352,0.0664499998092651,0.0354500003159046,0.0361500009894371,0.0333000011742115,0.025000000372529
28.3,0.0040500001050531,0.0040000001899898,0.0351499989628791,0.0472000017762184,0.0510499998927116,0.0510499998927116,0.0239000003784894,0.0230500008910894,0.017799999564886,0.0126499999314546
26.7,0.0048500001430511,0.0040500001050531,0.0337000004947185,0.0452499985694885,0.0502000004053115,0.049049999564886,0.0230999998748302,0.0221500005573034,0.0182499997317791,0.0134500004351139
24.7,0.0044999998062849,0.0027000000700354,0.0364999994635582,0.0423999987542629,0.0472000017762184,0.046399999409914,0.0186000000685453,0.0186000000685453,0.0173000004142522,0.010700000450015
26.2,0.0044999998062849,0.0027000000700354,0.0364999994635582,0.0423999987542629,0.0472000017762184,0.046399999409914,0.0186000000685453,0.0186000000685453,0.0173000004142522,0.010700000450015
23.5,0.0044999998062849,0.0027000000700354,0.0364999994635582,0.0423999987542629,0.0472000017762184,0.046399999409914,0.0186000000685453,0.0186000000685453,0.0173000004142522,0.010700000450015
23.9,0.0044999998062849,0.0027000000700354,0.0364999994635582,0.0423999987542629,0.0472000017762184,0.046399999409914,0.0186000000685453,0.0186000000685453,0.0173000004142522,0.010700000450015
26.0,0.0044999998062849,0.0027000000700354,0.0364999994635582,0.0423999987542629,0.0472000017762184,0.046399999409914,0.0186000000685453,0.0186000000685453,0.0173000004142522,0.010700000450015
26.7,0.0040500001050531,0.0028999999631196,0.0347499996423721,0.0447500012814998,0.0473500005900859,0.0480500012636184,0.0205000005662441,0.0203499998897314,0.017400000244379,0.0116999996826052
26.2,0.0035999999381601,0.0027000000700354,0.032999999821186,0.0423999987542629,0.0472000017762184,0.046399999409914,0.0186000000685453,0.0186000000685453,0.0173000004142522,0.010700000450015
32.1,0.0040500001050531,0.0028999999631196,0.0347499996423721,0.0447500012814998,0.0473500005900859,0.0480500012636184,0.0205000005662441,0.0203499998897314,0.017400000244379,0.0116999996826052
26.6,0.0044999998062849,0.0031000000890344,0.0364999994635582,0.0471000000834465,0.0474999994039535,0.0496999993920326,0.0223999992012977,0.0220999997109174,0.0175000000745058,0.012699999846518
27.1,0.0044999998062849,0.0031000000890344,0.0364999994635582,0.0471000000834465,0.0474999994039535,0.0496999993920326,0.0223999992012977,0.0220999997109174,0.0175000000745058,0.012699999846518
26.4,0.0044999998062849,0.0031000000890344,0.0364999994635582,0.0471000000834465,0.0474999994039535,0.0496999993920326,0.0223999992012977,0.0220999997109174,0.0175000000745058,0.012699999846518
26.4,0.0054000001400709,0.0048500001430511,0.0353499986231327,0.0481499992311,0.0494499988853931,0.050000000745058,0.0232999995350837,0.0221999995410442,0.0193499997258186,0.0137499999254941
26.9,0.0035999999381601,0.0038000000640749,0.032999999821186,0.0471000000834465,0.0483999997377395,0.0496999993920326,0.0223999992012977,0.0220999997109174,0.0175000000745058,0.012699999846518
28.0,0.0035999999381601,0.0038000000640749,0.032999999821186,0.0471000000834465,0.0483999997377395,0.0496999993920326,0.0223999992012977,0.0220999997109174,0.0175000000745058,0.012699999846518
26.2,0.0035999999381601,0.0038000000640749,0.032999999821186,0.0471000000834465,0.0483999997377395,0.0496999993920326,0.0223999992012977,0.0220999997109174,0.0175000000745058,0.012699999846518
27.8,0.0033499998971819,0.0034499999601393,0.0326999984681606,0.0449500009417533,0.0479499995708465,0.0494999997317791,0.0213500000536441,0.0207499992102384,0.0160000007599592,0.0125000001862645
27.4,0.0031000000890344,0.0038000000640749,0.0324000008404254,0.0428000018000602,0.0483999997377395,0.0493000000715255,0.0203000009059906,0.0194000005722045,0.0144999995827674,0.0122999995946884
27.9,0.0031000000890344,0.0038000000640749,0.0324000008404254,0.0428000018000602,0.0483999997377395,0.0493000000715255,0.0203000009059906,0.0194000005722045,0.0144999995827674,0.0122999995946884
26.4,0.0026499999221414,0.002600000007078,0.0310999993234872,0.0423000007867813,0.0474999994039535,0.046799998730421,0.0200500003993511,0.0181000009179115,0.0135000003501772,0.0099499998614192
26.5,0.0026499999221414,0.002600000007078,0.0310999993234872,0.0423000007867813,0.0474999994039535,0.046799998730421,0.0200500003993511,0.0181000009179115,0.0135000003501772,0.0099499998614192
25.8,0.0026499999221414,0.002600000007078,0.0310999993234872,0.0423000007867813,0.0474999994039535,0.046799998730421,0.0200500003993511,0.0181000009179115,0.0135000003501772,0.0099499998614192
26.5,0.0026499999221414,0.002600000007078,0.0310999993234872,0.0423000007867813,0.0474999994039535,0.046799998730421,0.0200500003993511,0.0181000009179115,0.0135000003501772,0.0099499998614192
27.5,0.0026499999221414,0.002600000007078,0.0310999993234872,0.0423000007867813,0.0474999994039535,0.046799998730421,0.0200500003993511,0.0181000009179115,0.0135000003501772,0.0099499998614192
27.4,0.002199999988079,0.0013999999500811,0.0297999996691942,0.0417999997735023,0.0465999990701675,0.0443000011146068,0.0197999998927116,0.0167999994009733,0.0125000001862645,0.0076000001281499
27.8,0.0028999999631196,0.0031999999191612,0.033500000834465,0.0423500016331672,0.0461000017821788,0.0441499985754489,0.0182499997317791,0.017349999397993,0.0132499998435378,0.0077999997884035
26.0,0.0028999999631196,0.0031999999191612,0.033500000834465,0.0423500016331672,0.0461000017821788,0.0441499985754489,0.0182499997317791,0.017349999397993,0.0132499998435378,0.0077999997884035
27.2,0.0035999999381601,0.0049999998882412,0.0372000001370906,0.0428999997675418,0.0456000007688999,0.0439999997615814,0.0166999995708465,0.0178999993950128,0.0140000004321336,0.0080000003799796
29.0,0.0031000000890344,0.0031999999191612,0.0340000018477439,0.0418500006198883,0.0441999994218349,0.0428000018000602,0.0174499992281198,0.0171000007539987,0.013150000013411,0.0082499999552965
26.8,0.0031000000890344,0.0031999999191612,0.0340000018477439,0.0418500006198883,0.0441999994218349,0.0428000018000602,0.0174499992281198,0.0171000007539987,0.013150000013411,0.0082499999552965
27.8,0.0031000000890344,0.0031999999191612,0.0340000018477439,0.0418500006198883,0.0441999994218349,0.0428000018000602,0.0174499992281198,0.0171000007539987,0.013150000013411,0.0082499999552965
27.8,0.0031000000890344,0.0031999999191612,0.0340000018477439,0.0418500006198883,0.0441999994218349,0.0428000018000602,0.0174499992281198,0.0171000007539987,0.013150000013411,0.0082499999552965
25.8,0.0031000000890344,0.0031999999191612,0.0340000018477439,0.0418500006198883,0.0441999994218349,0.0428000018000602,0.0174499992281198,0.0171000007539987,0.013150000013411,0.0082499999552965
25.6,0.0031000000890344,0.0031999999191612,0.0340000018477439,0.0418500006198883,0.0441999994218349,0.0428000018000602,0.0174499992281198,0.0171000007539987,0.013150000013411,0.0082499999552965
26.0,0.0031000000890344,0.0031999999191612,0.0340000018477439,0.0418500006198883,0.0441999994218349,0.0428000018000602,0.0174499992281198,0.0171000007539987,0.013150000013411,0.0082499999552965
33.7,0.0035999999381601,0.0049999998882412,0.0364999994635582,0.0428999997675418,0.0456000007688999,0.0439999997615814,0.0182000007480382,0.0178999993950128,0.0140000004321336,0.0085000004619359
26.0,0.0052000000141561,0.0046000001020729,0.0336499996483325,0.0428000018000602,0.0472000017762184,0.0469000004231929,0.023199999704957,0.0210999995470047,0.0180500000715255,0.0125500001013278
26.3,0.0031999999191612,0.0038999998942017,0.0307999998331069,0.0408000014722347,0.0471000000834465,0.0465999990701675,0.0194000005722045,0.0189999993890523,0.0143999997526407,0.0137999998405575
51.4,0.0031999999191612,0.0038999998942017,0.0307999998331069,0.0408000014722347,0.0471000000834465,0.0465999990701675,0.0194000005722045,0.0189999993890523,0.0143999997526407,0.0137999998405575
50.0,0.0031999999191612,0.0040000001899898,0.0303000006824731,0.0423999987542629,0.0507000014185905,0.0465999990701675,0.0210999995470047,0.0189999993890523,0.0166999995708465,0.0137999998405575
29.8,0.0031999999191612,0.0040000001899898,0.0303000006824731,0.0423999987542629,0.0507000014185905,0.0465999990701675,0.0210999995470047,0.0189999993890523,0.0166999995708465,0.0137999998405575
29.8,0.0031999999191612,0.0040000001899898,0.0303000006824731,0.0423999987542629,0.0507000014185905,0.0465999990701675,0.0210999995470047,0.0189999993890523,0.0166999995708465,0.0137999998405575
31.2,0.0031999999191612,0.0040000001899898,0.0303000006824731,0.0423999987542629,0.0507000014185905,0.0465999990701675,0.0210999995470047,0.0189999993890523,0.0166999995708465,0.0137999998405575
29.5,0.0031999999191612,0.0040000001899898,0.0303000006824731,0.0423999987542629,0.0507000014185905,0.0465999990701675,0.0210999995470047,0.0189999993890523,0.0166999995708465,0.0137999998405575
31.5,0.0038000000640749,0.0039499998092651,0.0302499998360872,0.0432499982416629,0.0494999997317791,0.0483499988913536,0.0209500007331371,0.0186999998986721,0.0166500005871057,0.0115999998524785
26.2,0.0038000000640749,0.0039499998092651,0.0302499998360872,0.0432499982416629,0.0494999997317791,0.0483499988913536,0.0209500007331371,0.0186999998986721,0.0166500005871057,0.0115999998524785
27.4,0.0031999999191612,0.0038999998942017,0.0302000008523464,0.0423999987542629,0.0483000017702579,0.0465999990701675,0.0208000000566244,0.0184000004082918,0.0165999997407197,0.0093999998643994
27.0,0.0031999999191612,0.0038999998942017,0.0302000008523464,0.0423999987542629,0.0483000017702579,0.0465999990701675,0.0208000000566244,0.0184000004082918,0.0165999997407197,0.0093999998643994
27.0,0.003400000045076,0.0038999998942017,0.0297500006854534,0.0432499982416629,0.0494999997317791,0.0476499982178211,0.0209500007331371,0.0184000004082918,0.0166500005871057,0.0088499998673796
26.2,0.0043999999761581,0.0038000000640749,0.0293000005185604,0.0441000014543533,0.0483000017702579,0.0500999987125396,0.0208000000566244,0.0184000004082918,0.0165999997407197,0.0082999998703598
25.8,0.0033499998971819,0.0027000000700354,0.0291499998420476,0.0408499985933303,0.0447999984025955,0.045449998229742,0.0181000009179115,0.0167999994009733,0.0132499998435378,0.0082499999552965
26.4,0.0033499998971819,0.0027000000700354,0.0291499998420476,0.0408499985933303,0.0447999984025955,0.045449998229742,0.0181000009179115,0.0167999994009733,0.0132499998435378,0.0082499999552965
25.5,0.0033499998971819,0.0027000000700354,0.0291499998420476,0.0408499985933303,0.0447999984025955,0.045449998229742,0.0181000009179115,0.0167999994009733,0.0132499998435378,0.0082499999552965
27.1,0.0033499998971819,0.0027000000700354,0.0291499998420476,0.0408499985933303,0.0447999984025955,0.045449998229742,0.0181000009179115,0.0167999994009733,0.0132499998435378,0.0082499999552965
24.1,0.0023000000510364,0.0015999999595806,0.0289999991655349,0.0375999994575977,0.0412999987602233,0.0408000014722347,0.0153999999165534,0.0152000002562999,0.0098999999463558,0.0082000000402331
24.1,0.0023000000510364,0.0015999999595806,0.0289999991655349,0.0375999994575977,0.0412999987602233,0.0408000014722347,0.0153999999165534,0.0152000002562999,0.0098999999463558,0.0082000000402331
24.4,0.0023000000510364,0.0015999999595806,0.0289999991655349,0.0375999994575977,0.0412999987602233,0.0408000014722347,0.0153999999165534,0.0152000002562999,0.0098999999463558,0.0082000000402331
24.8,0.0023000000510364,0.0015999999595806,0.0289999991655349,0.0375999994575977,0.0412999987602233,0.0408000014722347,0.0153999999165534,0.0152000002562999,0.0098999999463558,0.0082000000402331
24.8,0.0023000000510364,0.0015999999595806,0.0289999991655349,0.0375999994575977,0.0412999987602233,0.0408000014722347,0.0153999999165534,0.0152000002562999,0.0098999999463558,0.0082000000402331
24.3,0.0023000000510364,0.0015999999595806,0.0289999991655349,0.0375999994575977,0.0412999987602233,0.0408000014722347,0.0153999999165534,0.0152000002562999,0.0098999999463558,0.0082000000402331
26.0,0.0055999998003244,0.0055999998003244,0.0318999998271465,0.0436000004410743,0.0502000004053115,0.0483000017702579,0.0232999995350837,0.024100000038743,0.0149999996647238,0.0099999997764825
29.6,0.0035999999381601,0.0039499998092651,0.0287500005215406,0.0380499996244907,0.0448499992489814,0.0430999994277954,0.0185000002384185,0.0186999998986721,0.0120999999344348,0.0071000000461936
27.6,0.0035999999381601,0.0039499998092651,0.0287500005215406,0.0380499996244907,0.0448499992489814,0.0430999994277954,0.0185000002384185,0.0186999998986721,0.0120999999344348,0.0071000000461936
27.0,0.0035999999381601,0.0039499998092651,0.0287500005215406,0.0380499996244907,0.0448499992489814,0.0430999994277954,0.0185000002384185,0.0186999998986721,0.0120999999344348,0.0071000000461936
27.0,0.0035999999381601,0.0039499998092651,0.0287500005215406,0.0380499996244907,0.0448499992489814,0.0430999994277954,0.0185000002384185,0.0186999998986721,0.0120999999344348,0.0071000000461936
26.5,0.0035999999381601,0.0039499998092651,0.0287500005215406,0.0380499996244907,0.0448499992489814,0.0430999994277954,0.0185000002384185,0.0186999998986721,0.0120999999344348,0.0071000000461936
26.6,0.0035999999381601,0.0039499998092651,0.0287500005215406,0.0380499996244907,0.0448499992489814,0.0430999994277954,0.0185000002384185,0.0186999998986721,0.0120999999344348,0.0071000000461936
24.2,0.0035999999381601,0.0039499998092651,0.0287500005215406,0.0380499996244907,0.0448499992489814,0.0430999994277954,0.0185000002384185,0.0186999998986721,0.0120999999344348,0.0071000000461936
23.7,0.0035999999381601,0.0039499998092651,0.0287500005215406,0.0380499996244907,0.0448499992489814,0.0430999994277954,0.0185000002384185,0.0186999998986721,0.0120999999344348,0.0071000000461936
23.7,0.0041999998502433,0.0035000001080334,0.0318999998271465,0.0392000004649162,0.0485000014305114,0.0483000017702579,0.0232999995350837,0.024100000038743,0.0149999996647238,0.0099999997764825
23.7,0.0041999998502433,0.0035000001080334,0.0318999998271465,0.0392000004649162,0.0485000014305114,0.0483000017702579,0.0232999995350837,0.024100000038743,0.0149999996647238,0.0099999997764825
24.3,0.0028999999631196,0.0028999999631196,0.0287500005215406,0.0358499996364116,0.0439999997615814,0.0445999987423419,0.0206499993801116,0.0201500002294778,0.0152500001713633,0.0096000004559755
32.1,0.0041999998502433,0.0035000001080334,0.0318999998271465,0.0392000004649162,0.0485000014305114,0.0513000003993511,0.0275999996811151,0.0270000007003545,0.0212999992072582,0.0149999996647238
26.9,0.0041999998502433,0.0035000001080334,0.0318999998271465,0.0392000004649162,0.0485000014305114,0.0513000003993511,0.0275999996811151,0.0270000007003545,0.0212999992072582,0.0149999996647238
34.6,0.0041999998502433,0.0035000001080334,0.0318999998271465,0.0392000004649162,0.0485000014305114,0.0513000003993511,0.0275999996811151,0.0270000007003545,0.0212999992072582,0.0149999996647238
37.9,0.0041999998502433,0.0035000001080334,0.0318999998271465,0.0392000004649162,0.0485000014305114,0.0513000003993511,0.0275999996811151,0.0270000007003545,0.0212999992072582,0.0149999996647238
29.7,0.0041999998502433,0.0035000001080334,0.0318999998271465,0.0392000004649162,0.0485000014305114,0.0513000003993511,0.0275999996811151,0.0270000007003545,0.0212999992072582,0.0149999996647238
28.1,0.0027999999001622,0.00179999996908,0.0298500005155801,0.0375000014901161,0.0467500016093254,0.0467500016093254,0.0230000000447034,0.0216499995440244,0.0170000009238719,0.0113000003620982
48.5,0.0027999999001622,0.00179999996908,0.0298500005155801,0.0375000014901161,0.0467500016093254,0.0467500016093254,0.0230000000447034,0.0216499995440244,0.0170000009238719,0.0113000003620982
33.2,0.0013999999500811,9.999999747378752e-05,0.0277999993413686,0.0357999987900257,0.0450000017881393,0.0421999990940094,0.0184000004082918,0.0163000002503395,0.012699999846518,0.0076000001281499
26.9,0.0013999999500811,9.999999747378752e-05,0.0277999993413686,0.0357999987900257,0.0450000017881393,0.0421999990940094,0.0184000004082918,0.0163000002503395,0.012699999846518,0.0076000001281499
26.2,0.0013999999500811,9.999999747378752e-05,0.0277999993413686,0.0357999987900257,0.0450000017881393,0.0421999990940094,0.0184000004082918,0.0163000002503395,0.012699999846518,0.0076000001281499
26.5,0.0013999999500811,9.999999747378752e-05,0.0277999993413686,0.0357999987900257,0.0450000017881393,0.0421999990940094,0.0184000004082918,0.0163000002503395,0.012699999846518,0.0076000001281499
26.0,0.0013999999500811,9.999999747378752e-05,0.0277999993413686,0.0357999987900257,0.0450000017881393,0.0421999990940094,0.0184000004082918,0.0163000002503395,0.012699999846518,0.0076000001281499
25.4,0.0013999999500811,9.999999747378752e-05,0.0277999993413686,0.0357999987900257,0.0450000017881393,0.0421999990940094,0.0184000004082918,0.0163000002503395,0.012699999846518,0.0076000001281499
24.9,0.0013999999500811,9.999999747378752e-05,0.0277999993413686,0.0357999987900257,0.0450000017881393,0.0421999990940094,0.0184000004082918,0.0163000002503395,0.012699999846518,0.0076000001281499
25.9,0.0013999999500811,9.999999747378752e-05,0.0277999993413686,0.0357999987900257,0.0450000017881393,0.0421999990940094,0.0184000004082918,0.0163000002503395,0.012699999846518,0.0076000001281499
27.5,0.0032999999821186,0.0020000000949949,0.0384999997913837,0.0450999997556209,0.0494999997317791,0.0447999984025955,0.0212999992072582,0.0185000002384185,0.0141000002622604,0.0096000004559755
25.1,0.0032999999821186,0.0020000000949949,0.0384999997913837,0.0450999997556209,0.0494999997317791,0.0447999984025955,0.0212999992072582,0.0185000002384185,0.0141000002622604,0.0096000004559755
24.2,0.0032999999821186,0.0020000000949949,0.0384999997913837,0.0450999997556209,0.0494999997317791,0.0447999984025955,0.0212999992072582,0.0185000002384185,0.0141000002622604,0.0096000004559755
24.4,0.0032999999821186,0.0020000000949949,0.0384999997913837,0.0450999997556209,0.0494999997317791,0.0447999984025955,0.0212999992072582,0.0185000002384185,0.0141000002622604,0.0096000004559755
23.8,0.0032999999821186,0.0020000000949949,0.0384999997913837,0.0450999997556209,0.0494999997317791,0.0447999984025955,0.0212999992072582,0.0185000002384185,0.0141000002622604,0.0096000004559755
23.1,0.0032999999821186,0.0020000000949949,0.0384999997913837,0.0450999997556209,0.0494999997317791,0.0447999984025955,0.0212999992072582,0.0185000002384185,0.0141000002622604,0.0096000004559755
22.5,0.0032999999821186,0.0020000000949949,0.0384999997913837,0.0450999997556209,0.0494999997317791,0.0447999984025955,0.0212999992072582,0.0185000002384185,0.0141000002622604,0.0096000004559755
22.5,0.0032999999821186,0.0020000000949949,0.0384999997913837,0.0450999997556209,0.0494999997317791,0.0447999984025955,0.0212999992072582,0.0185000002384185,0.0141000002622604,0.0096000004559755
22.4,0.0032999999821186,0.0020000000949949,0.0384999997913837,0.0450999997556209,0.0494999997317791,0.0447999984025955,0.0212999992072582,0.0185000002384185,0.0141000002622604,0.0096000004559755
20.1,0.0209999997168779,0.0189999993890523,0.0653999969363212,0.069700002670288,0.0690999999642372,0.0608000010251998,0.0377000011503696,0.0346000008285045,0.0489999987185001,0.026300000026822
19.7,0.0209999997168779,0.0189999993890523,0.0653999969363212,0.069700002670288,0.0690999999642372,0.0608000010251998,0.0377000011503696,0.0346000008285045,0.0489999987185001,0.026300000026822
19.7,0.0209999997168779,0.0189999993890523,0.0653999969363212,0.069700002670288,0.0690999999642372,0.0608000010251998,0.0377000011503696,0.0346000008285045,0.0489999987185001,0.026300000026822
19.3,0.0209999997168779,0.0189999993890523,0.0653999969363212,0.069700002670288,0.0690999999642372,0.0608000010251998,0.0377000011503696,0.0346000008285045,0.0489999987185001,0.026300000026822
19.0,0.0209999997168779,0.0189999993890523,0.0653999969363212,0.069700002670288,0.0690999999642372,0.0608000010251998,0.0377000011503696,0.0346000008285045,0.0489999987185001,0.026300000026822
19.1,0.0209999997168779,0.0189999993890523,0.0653999969363212,0.069700002670288,0.0690999999642372,0.0608000010251998,0.0377000011503696,0.0346000008285045,0.0489999987185001,0.026300000026822
31.6,0.0209999997168779,0.0189999993890523,0.0653999969363212,0.069700002670288,0.0690999999642372,0.0608000010251998,0.0377000011503696,0.0346000008285045,0.0489999987185001,0.026300000026822
33.5,0.0209999997168779,0.0189999993890523,0.0653999969363212,0.069700002670288,0.0690999999642372,0.0608000010251998,0.0377000011503696,0.0346000008285045,0.0489999987185001,0.026300000026822
39.3,0.0209999997168779,0.0189999993890523,0.0653999969363212,0.069700002670288,0.0690999999642372,0.0608000010251998,0.0377000011503696,0.0346000008285045,0.0489999987185001,0.026300000026822
22.3,0.0051000001840293,0.0041999998502433,0.0307000000029802,0.0425999984145164,0.0461000017821788,0.0428000018000602,0.0209999997168779,0.0197000000625848,0.0153000000864267,0.0127999996766448
21.8,0.0051000001840293,0.0041999998502433,0.0307000000029802,0.0425999984145164,0.0461000017821788,0.0428000018000602,0.0209999997168779,0.0197000000625848,0.0153000000864267,0.0127999996766448
20.9,0.0051000001840293,0.0041999998502433,0.0307000000029802,0.0425999984145164,0.0461000017821788,0.0428000018000602,0.0209999997168779,0.0197000000625848,0.0153000000864267,0.0127999996766448
19.3,0.0051000001840293,0.0041999998502433,0.0307000000029802,0.0425999984145164,0.0461000017821788,0.0428000018000602,0.0209999997168779,0.0197000000625848,0.0153000000864267,0.0127999996766448
18.9,0.0051000001840293,0.0041999998502433,0.0307000000029802,0.0425999984145164,0.0461000017821788,0.0428000018000602,0.0209999997168779,0.0197000000625848,0.0153000000864267,0.0127999996766448
18.8,0.0051000001840293,0.0041999998502433,0.0307000000029802,0.0425999984145164,0.0461000017821788,0.0428000018000602,0.0209999997168779,0.0197000000625848,0.0153000000864267,0.0127999996766448
19.8,0.0051000001840293,0.0041999998502433,0.0307000000029802,0.0425999984145164,0.0461000017821788,0.0428000018000602,0.0209999997168779,0.0197000000625848,0.0153000000864267,0.0127999996766448
20.6,0.0051000001840293,0.0041999998502433,0.0307000000029802,0.0425999984145164,0.0461000017821788,0.0428000018000602,0.0209999997168779,0.0197000000625848,0.0153000000864267,0.0127999996766448
22.2,0.008899999782443,0.0073000001721084,0.0332500003278255,0.0353499986231327,0.0363500006496906,0.0337000004947185,0.0188500005751848,0.0191500000655651,0.0155499996617436,0.0124500002712011
20.3,0.008899999782443,0.0073000001721084,0.0332500003278255,0.0353499986231327,0.0363500006496906,0.0337000004947185,0.0188500005751848,0.0191500000655651,0.0155499996617436,0.0124500002712011
20.1,0.012699999846518,0.0104000000283122,0.0357999987900257,0.0281000006943941,0.0265999995172023,0.0245999991893768,0.0166999995708465,0.0186000000685453,0.0157999992370605,0.0120999999344348
19.3,0.0110999997705221,0.0089499996975064,0.0388499982655048,0.0389499999582767,0.0392000004649162,0.035300001502037,0.0203499998897314,0.0220500007271766,0.0194000005722045,0.0145500004291534
18.9,0.0097000002861022,0.0074999998323619,0.0390000008046627,0.0489000007510185,0.05180000141263,0.0460000000894069,0.0240000002086162,0.0238000005483627,0.0230000000447034,0.0170000009238719
18.1,0.0097000002861022,0.0074999998323619,0.0390000008046627,0.0489000007510185,0.05180000141263,0.0460000000894069,0.0240000002086162,0.0238000005483627,0.0230000000447034,0.0170000009238719
22.7,0.0097000002861022,0.0074999998323619,0.0390000008046627,0.0489000007510185,0.05180000141263,0.0460000000894069,0.0240000002086162,0.0238000005483627,0.0230000000447034,0.0170000009238719
22.7,0.0097000002861022,0.0074999998323619,0.0390000008046627,0.0489000007510185,0.05180000141263,0.0460000000894069,0.0240000002086162,0.0238000005483627,0.0230000000447034,0.0170000009238719
19.1,0.0097000002861022,0.0074999998323619,0.0390000008046627,0.0489000007510185,0.05180000141263,0.0460000000894069,0.0240000002086162,0.0238000005483627,0.0230000000447034,0.0170000009238719
18.3,0.0097000002861022,0.0074999998323619,0.0390000008046627,0.0489000007510185,0.05180000141263,0.0460000000894069,0.0240000002086162,0.0238000005483627,0.0230000000447034,0.0170000009238719
19.3,0.0096000004559755,0.0074499999172985,0.0404499992728233,0.0493500009179115,0.05180000141263,0.0472000017762184,0.0246500000357627,0.0246500000357627,0.0239499993622303,0.017349999397993
19.0,0.0096000004559755,0.0074499999172985,0.0404499992728233,0.0493500009179115,0.05180000141263,0.0472000017762184,0.0246500000357627,0.0246500000357627,0.0239499993622303,0.017349999397993
18.5,0.0096000004559755,0.006800000090152,0.0414000004529953,0.0522999987006187,0.0544000007212162,0.0478000007569789,0.0262000001966953,0.0263999998569488,0.0236000008881092,0.0157999992370605
17.8,0.0075500002130866,0.0060999998822808,0.033900000154972,0.0388499982655048,0.0399000011384487,0.0361000001430511,0.0176500007510185,0.0185499992221593,0.0159000009298324,0.0105999996885657
17.5,0.0075500002130866,0.0060999998822808,0.033900000154972,0.0388499982655048,0.0399000011384487,0.0361000001430511,0.0176500007510185,0.0185499992221593,0.0159000009298324,0.0105999996885657
21.4,0.0075500002130866,0.0060999998822808,0.033900000154972,0.0388499982655048,0.0399000011384487,0.0361000001430511,0.0176500007510185,0.0185499992221593,0.0159000009298324,0.0105999996885657
18.2,0.0096000004559755,0.006800000090152,0.0397000014781951,0.050900001078844,0.0527999997138977,0.0478000007569789,0.0252999998629093,0.0248000007122755,0.0236000008881092,0.0157999992370605
17.1,0.0096000004559755,0.006800000090152,0.0397000014781951,0.050900001078844,0.0527999997138977,0.0478000007569789,0.0252999998629093,0.0248000007122755,0.0236000008881092,0.0157999992370605
17.7,0.0096000004559755,0.006800000090152,0.0397000014781951,0.050900001078844,0.0527999997138977,0.0478000007569789,0.0252999998629093,0.0248000007122755,0.0236000008881092,0.0157999992370605
17.7,0.0105999996885657,0.0080500002950429,0.0405500009655952,0.0516000017523765,0.0535999983549118,0.0481499992311,0.0257500000298023,0.0255999993532896,0.0247000008821487,0.016950000077486
17.9,0.0105999996885657,0.0080500002950429,0.0405500009655952,0.0516000017523765,0.0535999983549118,0.0481499992311,0.0257500000298023,0.0255999993532896,0.0247000008821487,0.016950000077486
22.8,0.0104999998584389,0.0074999998323619,0.0430000014603138,0.0507499985396862,0.051350001245737,0.0471500009298324,0.0241999998688697,0.0234999991953372,0.0242500007152557,0.015599999576807
22.6,0.0104999998584389,0.0074999998323619,0.0430000014603138,0.0507499985396862,0.051350001245737,0.0471500009298324,0.0241999998688697,0.0234999991953372,0.0242500007152557,0.015599999576807
18.3,0.0115999998524785,0.0093000000342726,0.0463000014424324,0.050900001078844,0.0527999997138977,0.0485000014305114,0.0252999998629093,0.0248000007122755,0.0258000008761882,0.0181000009179115
17.1,0.0115999998524785,0.0093000000342726,0.0463000014424324,0.050900001078844,0.0527999997138977,0.0485000014305114,0.0252999998629093,0.0248000007122755,0.0258000008761882,0.0181000009179115
17.5,0.0115999998524785,0.0093000000342726,0.0463000014424324,0.050900001078844,0.0527999997138977,0.0485000014305114,0.0252999998629093,0.0248000007122755,0.0258000008761882,0.0181000009179115
16.9,0.0186500009149312,0.0138999996706843,0.0536499992012977,0.0604000017046928,0.0603000000119209,0.0582499988377094,0.0347499996423721,0.0338499993085861,0.033449999988079,0.025450000539422
16.1,0.0097000002861022,0.0066999997943639,0.0480000004172325,0.0542000010609626,0.0538000017404556,0.048700001090765,0.0252000000327825,0.0255999993532896,0.0227000005543231,0.0161000005900859
16.3,0.0095499996095895,0.0062000001780688,0.0471500009298324,0.0524000003933906,0.0518499985337257,0.047249998897314,0.0241500008851289,0.0239000003784894,0.0216499995440244,0.0146000003442168
20.2,0.0095499996095895,0.0062000001780688,0.0471500009298324,0.0524000003933906,0.0518499985337257,0.047249998897314,0.0241500008851289,0.0239000003784894,0.0216499995440244,0.0146000003442168
16.6,0.0184499993920326,0.0143999997526407,0.0525499992072582,0.062449999153614,0.0607500001788139,0.0564499981701374,0.0307500008493661,0.0306499991565942,0.0318000018596649,0.022749999538064
16.4,0.0184499993920326,0.0143999997526407,0.0525499992072582,0.062449999153614,0.0607500001788139,0.0564499981701374,0.0307500008493661,0.0306499991565942,0.0318000018596649,0.022749999538064
16.2,0.0184499993920326,0.0143999997526407,0.0525499992072582,0.062449999153614,0.0607500001788139,0.0564499981701374,0.0307500008493661,0.0306499991565942,0.0318000018596649,0.022749999538064
15.8,0.0184499993920326,0.0143999997526407,0.0525499992072582,0.062449999153614,0.0607500001788139,0.0564499981701374,0.0307500008493661,0.0306499991565942,0.0318000018596649,0.022749999538064
16.4,0.0097000002861022,0.0066999997943639,0.0480000004172325,0.0542000010609626,0.0538000017404556,0.048700001090765,0.0252000000327825,0.0255999993532896,0.0206000003963708,0.0161000005900859
16.3,0.0097000002861022,0.0066999997943639,0.0480000004172325,0.0542000010609626,0.0538000017404556,0.048700001090765,0.0252000000327825,0.0255999993532896,0.0206000003963708,0.0161000005900859
17.3,0.0150499995797872,0.0120000001043081,0.049100000411272,0.0583500005304813,0.0574500001966953,0.05180000141263,0.0261000003665685,0.0251499991863966,0.0288999993354082,0.0182499997317791
18.7,0.017799999564886,0.0148999998345971,0.0505999997258186,0.0619000010192394,0.0636999979615211,0.0579000003635883,0.0350000001490116,0.0322999991476535,0.035300001502037,0.0262000001966953
16.7,0.017799999564886,0.0148999998345971,0.0505999997258186,0.0619000010192394,0.0636999979615211,0.0579000003635883,0.0350000001490116,0.0322999991476535,0.035300001502037,0.0262000001966953
17.6,0.017799999564886,0.0148999998345971,0.0505999997258186,0.0619000010192394,0.0636999979615211,0.0579000003635883,0.0350000001490116,0.0322999991476535,0.035300001502037,0.0262000001966953
16.8,0.0103500001132488,0.0083999997004866,0.0458500012755394,0.0539500005543231,0.0554499998688697,0.048650000244379,0.025450000539422,0.0234500002115964,0.0250499993562698,0.0166500005871057
19.2,0.0103500001132488,0.0083999997004866,0.0458500012755394,0.0539500005543231,0.0554499998688697,0.048650000244379,0.025450000539422,0.0234500002115964,0.0250499993562698,0.0166500005871057
16.0,0.0103500001132488,0.0083999997004866,0.0458500012755394,0.0539500005543231,0.0554499998688697,0.048650000244379,0.025450000539422,0.0234500002115964,0.0250499993562698,0.0166500005871057
16.7,0.0103500001132488,0.0083999997004866,0.0458500012755394,0.0539500005543231,0.0554499998688697,0.048650000244379,0.025450000539422,0.0234500002115964,0.0250499993562698,0.0166500005871057
16.8,0.017799999564886,0.0148999998345971,0.0505999997258186,0.0619000010192394,0.0636999979615211,0.0579000003635883,0.0350000001490116,0.0322999991476535,0.035300001502037,0.0262000001966953
23.1,0.017799999564886,0.0148999998345971,0.0505999997258186,0.0619000010192394,0.0636999979615211,0.0579000003635883,0.0350000001490116,0.0322999991476535,0.035300001502037,0.0262000001966953
17.9,0.017799999564886,0.0148999998345971,0.0505999997258186,0.0619000010192394,0.0636999979615211,0.0579000003635883,0.0350000001490116,0.0322999991476535,0.035300001502037,0.0262000001966953
19.2,0.0151000004261732,0.013600000180304,0.0557999983429908,0.0640000030398368,0.0604000017046928,0.0533000007271766,0.0280000008642673,0.0254999995231628,0.0284000001847744,0.0179999992251396
18.1,0.0151000004261732,0.013600000180304,0.0557999983429908,0.0640000030398368,0.0604000017046928,0.0533000007271766,0.0280000008642673,0.0254999995231628,0.0284000001847744,0.0179999992251396
16.9,0.0151000004261732,0.013600000180304,0.0557999983429908,0.0640000030398368,0.0604000017046928,0.0533000007271766,0.0280000008642673,0.0254999995231628,0.0284000001847744,0.0179999992251396
17.8,0.0151000004261732,0.013600000180304,0.0557999983429908,0.0640000030398368,0.0604000017046928,0.0533000007271766,0.0280000008642673,0.0254999995231628,0.0284000001847744,0.0179999992251396
16.8,0.0151000004261732,0.013600000180304,0.0557999983429908,0.0640000030398368,0.0604000017046928,0.0533000007271766,0.0280000008642673,0.0254999995231628,0.0284000001847744,0.0179999992251396
15.6,0.0151000004261732,0.013600000180304,0.0557999983429908,0.0640000030398368,0.0604000017046928,0.0533000007271766,0.0280000008642673,0.0254999995231628,0.0284000001847744,0.0179999992251396
15.5,0.0151000004261732,0.013600000180304,0.0557999983429908,0.0640000030398368,0.0604000017046928,0.0533000007271766,0.0280000008642673,0.0254999995231628,0.0284000001847744,0.0179999992251396
14.8,0.0122999995946884,0.0100999996066093,0.0513999983668327,0.0597000010311603,0.0554499998688697,0.0493500009179115,0.0233999993652105,0.0225499998778104,0.0233500003814697,0.0143499998375773
15.0,0.0122999995946884,0.0100999996066093,0.0513999983668327,0.0597000010311603,0.0554499998688697,0.0493500009179115,0.0233999993652105,0.0225499998778104,0.0233500003814697,0.0143499998375773
15.9,0.0122999995946884,0.0100999996066093,0.0513999983668327,0.0597000010311603,0.0554499998688697,0.0493500009179115,0.0233999993652105,0.0225499998778104,0.0233500003814697,0.0143499998375773
15.0,0.0094999996945261,0.0065999999642372,0.0469999983906745,0.0553999990224838,0.050500001758337,0.0454000011086463,0.0187999997287988,0.0196000002324581,0.018300000578165,0.010700000450015
14.3,0.0090500004589557,0.0071000000461936,0.0501499995589256,0.0606999993324279,0.0544999986886978,0.046849999576807,0.0196000002324581,0.0199999995529651,0.018750000745058,0.0116499997675418
14.7,0.0094999996945261,0.0076000001281499,0.0533000007271766,0.0659999996423721,0.0584999993443489,0.0483000017702579,0.0204000007361173,0.0204000007361173,0.019200000911951,0.0126000000163912
14.6,0.0094999996945261,0.0076000001281499,0.0533000007271766,0.0659999996423721,0.0584999993443489,0.0483000017702579,0.0204000007361173,0.0204000007361173,0.019200000911951,0.0126000000163912
14.8,0.0090500004589557,0.0071000000461936,0.0501499995589256,0.0606999993324279,0.0544999986886978,0.046849999576807,0.0196000002324581,0.0199999995529651,0.018750000745058,0.0116499997675418
15.1,0.0090500004589557,0.0071000000461936,0.0501499995589256,0.0606999993324279,0.0544999986886978,0.046849999576807,0.0196000002324581,0.0199999995529651,0.018750000745058,0.0116499997675418
14.7,0.0086000002920627,0.0076000001281499,0.0533000007271766,0.0659999996423721,0.0584999993443489,0.0483000017702579,0.0204000007361173,0.0204000007361173,0.019200000911951,0.0126000000163912
15.1,0.0086000002920627,0.0076000001281499,0.0533000007271766,0.0659999996423721,0.0584999993443489,0.0483000017702579,0.0204000007361173,0.0204000007361173,0.019200000911951,0.0126000000163912
16.0,0.0086000002920627,0.0076000001281499,0.0533000007271766,0.0659999996423721,0.0584999993443489,0.0483000017702579,0.0204000007361173,0.0204000007361173,0.019200000911951,0.0126000000163912
15.3,0.0293000005185604,0.02449999935925,0.0755999982357025,0.0856999978423118,0.0785999968647956,0.0714000016450882,0.0436999984085559,0.0422499999403953,0.0447999984025955,0.0355999991297721
10.5,0.0076999999582767,0.0051000001840293,0.0399999991059303,0.0436000004410743,0.0447999984025955,0.0373999997973442,0.0173000004142522,0.0164000000804662,0.0151000004261732,0.0116999996826052
9.9,0.0171000007539987,0.0144499996677041,0.0451500006020069,0.0529000014066696,0.0519500002264976,0.0456500016152858,0.0259499996900558,0.025450000539422,0.0247499998658895,0.0215499997138977
8.6,0.0076999999582767,0.0051000001840293,0.0399999991059303,0.0436000004410743,0.0447999984025955,0.0373999997973442,0.0173000004142522,0.0164000000804662,0.0151000004261732,0.0116999996826052
9.2,0.0076999999582767,0.0051000001840293,0.0399999991059303,0.0436000004410743,0.0447999984025955,0.0373999997973442,0.0173000004142522,0.0164000000804662,0.0151000004261732,0.0116999996826052
18.6,0.0171000007539987,0.0144499996677041,0.0451500006020069,0.0529000014066696,0.0519500002264976,0.0456500016152858,0.0259499996900558,0.025450000539422,0.0247499998658895,0.0215499997138977
9.0,0.0171000007539987,0.0144499996677041,0.0451500006020069,0.0529000014066696,0.0519500002264976,0.0456500016152858,0.0259499996900558,0.025450000539422,0.0247499998658895,0.0215499997138977
8.8,0.0171000007539987,0.0144499996677041,0.0451500006020069,0.0529000014066696,0.0519500002264976,0.0456500016152858,0.0259499996900558,0.025450000539422,0.0247499998658895,0.0215499997138977
11.0,0.0264999996870756,0.0238000005483627,0.0502999983727932,0.0621999986469745,0.0590999983251094,0.0538999997079372,0.0346000008285045,0.0344999991357326,0.034400001168251,0.0313999988138675
9.2,0.0264999996870756,0.0238000005483627,0.0502999983727932,0.0621999986469745,0.0590999983251094,0.0538999997079372,0.0346000008285045,0.0344999991357326,0.034400001168251,0.0313999988138675
9.1,0.0264999996870756,0.0238000005483627,0.0502999983727932,0.0621999986469745,0.0590999983251094,0.0538999997079372,0.0346000008285045,0.0344999991357326,0.034400001168251,0.0313999988138675
8.7,0.1318999975919723,0.1403499990701675,0.1398999989032745,0.1441999971866607,0.1501999944448471,0.1468999981880188,0.1393000036478042,0.1468999981880188,0.1521999984979629,0.1421999931335449
8.7,0.0080000003799796,0.0073000001721084,0.0346000008285045,0.0406000018119812,0.0406999997794628,0.0351000018417835,0.0186000000685453,0.017799999564886,0.0167999994009733,0.0114000001922249
10.4,0.133650004863739,0.1423999965190887,0.1418000012636184,0.1459999978542328,0.1530500054359436,0.1500000059604644,0.1440999954938888,0.1500999927520752,0.1553000062704086,0.14614999294281
8.8,0.0080000003799796,0.0073000001721084,0.0346000008285045,0.0406000018119812,0.0406999997794628,0.0351000018417835,0.0186000000685453,0.017799999564886,0.0167999994009733,0.0114000001922249
10.1,0.0066999997943639,0.0060999998822808,0.0308500006794929,0.0392000004649162,0.0373000018298625,0.0331499986350536,0.0149499997496604,0.0148000000044703,0.0151000004261732,0.0091000003740191
1.1,0.0066999997943639,0.0060999998822808,0.0308500006794929,0.0392000004649162,0.0373000018298625,0.0331499986350536,0.0149499997496604,0.0148000000044703,0.0151000004261732,0.0091000003740191
9.3,0.0055999998003244,0.0049000000581145,0.0331999994814395,0.0395999997854232,0.0397999994456768,0.031199999153614,0.0113000003620982,0.0118000004440546,0.0133999995887279,0.006800000090152
10.0,0.0055999998003244,0.0049000000581145,0.0331999994814395,0.0395999997854232,0.0397999994456768,0.031199999153614,0.0113000003620982,0.0118000004440546,0.0133999995887279,0.006800000090152
10.0,0.0055999998003244,0.0049000000581145,0.0331999994814395,0.0395999997854232,0.0397999994456768,0.031199999153614,0.0113000003620982,0.0118000004440546,0.0133999995887279,0.006800000090152
12.1,0.0055999998003244,0.0049000000581145,0.0331999994814395,0.0395999997854232,0.0397999994456768,0.031199999153614,0.0113000003620982,0.0118000004440546,0.0133999995887279,0.006800000090152
12.1,0.0055999998003244,0.0049000000581145,0.0331999994814395,0.0395999997854232,0.0397999994456768,0.031199999153614,0.0113000003620982,0.0118000004440546,0.0133999995887279,0.006800000090152
10.0,0.0055999998003244,0.0049000000581145,0.0331999994814395,0.0395999997854232,0.0397999994456768,0.031199999153614,0.0113000003620982,0.0118000004440546,0.0133999995887279,0.006800000090152
10.2,0.0059000002220273,0.0049000000581145,0.034400001168251,0.0406000018119812,0.0406999997794628,0.0350000001490116,0.0142000000923872,0.0142999999225139,0.0167999994009733,0.008899999782443
14.7,0.0059000002220273,0.0049000000581145,0.034400001168251,0.0406000018119812,0.0406999997794628,0.0350000001490116,0.0142000000923872,0.0142999999225139,0.0167999994009733,0.008899999782443
11.6,0.0057500000111758,0.0048000002279877,0.0337999984622001,0.0422499999403953,0.0412500016391277,0.0331000015139579,0.0127499997615814,0.0130500001832842,0.0152500001713633,0.0078499997034668
12.7,0.0059000002220273,0.0049000000581145,0.0331999994814395,0.0408000014722347,0.0410000011324882,0.0350000001490116,0.0142000000923872,0.0142999999225139,0.0148000000044703,0.008899999782443
10.7,0.0066999997943639,0.0052000000141561,0.0337999984622001,0.0428499989211559,0.0418500006198883,0.0359500013291835,0.0148000000044703,0.0157500002533197,0.0159499999135732,0.0096500003710389
17.0,0.0066999997943639,0.0052000000141561,0.0337999984622001,0.0428499989211559,0.0418500006198883,0.0359500013291835,0.0148000000044703,0.0157500002533197,0.0159499999135732,0.0096500003710389
10.4,0.0074999998323619,0.0057000000961124,0.034400001168251,0.0449000000953674,0.0427000001072883,0.0368999987840652,0.0153999999165534,0.0172000005841255,0.0171000007539987,0.0104000000283122
11.0,0.0105499997735023,0.0081000002101063,0.0370500013232231,0.047249998897314,0.0436999984085559,0.0386999994516372,0.0182499997317791,0.0187999997287988,0.0193000007420778,0.0126000000163912
11.0,0.0105499997735023,0.0081000002101063,0.0370500013232231,0.047249998897314,0.0436999984085559,0.0386999994516372,0.0182499997317791,0.0187999997287988,0.0193000007420778,0.0126000000163912
11.0,0.0105499997735023,0.0081000002101063,0.0370500013232231,0.047249998897314,0.0436999984085559,0.0386999994516372,0.0182499997317791,0.0187999997287988,0.0193000007420778,0.0126000000163912
11.4,0.0112500004470348,0.0092000002041459,0.0399999991059303,0.048599999397993,0.0469999983906745,0.0436000004410743,0.0208000000566244,0.0219999998807907,0.0194000005722045,0.015599999576807
10.6,0.0074999998323619,0.0057000000961124,0.0331000015139579,0.0408000014722347,0.0410000011324882,0.0368999987840652,0.0153999999165534,0.0172000005841255,0.0148000000044703,0.0104000000283122
10.8,0.0074999998323619,0.0057000000961124,0.0331000015139579,0.0408000014722347,0.0410000011324882,0.0368999987840652,0.0153999999165534,0.0172000005841255,0.0148000000044703,0.0104000000283122
11.2,0.0111999996006488,0.0083999997004866,0.0410499982535839,0.0478999987244606,0.0458000004291534,0.0432000011205673,0.0191500000655651,0.0211500003933906,0.0179500002413988,0.014050000347197
12.0,0.0111999996006488,0.0083999997004866,0.0410499982535839,0.0478999987244606,0.0458000004291534,0.0432000011205673,0.0191500000655651,0.0211500003933906,0.0179500002413988,0.014050000347197
15.5,0.0074000000022351,0.0041000000201165,0.0331000015139579,0.0394000001251697,0.0386000014841556,0.0361000001430511,0.0120999999344348,0.0154999997466802,0.0119000002741813,0.0073000001721084
11.1,0.0053500002250075,0.0032500000670552,0.0287500005215406,0.0368000008165836,0.0370000004768371,0.0337000004947185,0.0115999998524785,0.0124000003561377,0.0100499996915459,0.0065500000491738
35.1,0.0032999999821186,0.0024000001139938,0.0252999998629093,0.0390000008046627,0.0372000001370906,0.0326999984681606,0.0110999997705221,0.0115999998524785,0.0094999996945261,0.0073000001721084
22.7,0.0032999999821186,0.0024000001139938,0.0252999998629093,0.0390000008046627,0.0372000001370906,0.0326999984681606,0.0110999997705221,0.0115999998524785,0.0094999996945261,0.0073000001721084
11.9,0.0032999999821186,0.0024000001139938,0.0252999998629093,0.0390000008046627,0.0372000001370906,0.0326999984681606,0.0110999997705221,0.0115999998524785,0.0094999996945261,0.0073000001721084
11.9,0.0041999998502433,0.003000000026077,0.0292000006884336,0.0392000004649162,0.0379000008106231,0.0335500016808509,0.0115999998524785,0.0125500001013278,0.010700000450015,0.0076000001281499
11.3,0.0032999999821186,0.0024000001139938,0.0252999998629093,0.0390000008046627,0.0372000001370906,0.0326999984681606,0.0110999997705221,0.0115999998524785,0.0094999996945261,0.0078999996185302
11.2,0.0032500000670552,0.003000000026077,0.0262499991804361,0.0392500013113021,0.0373000018298625,0.0324000008404254,0.0109000001102685,0.0114500001072883,0.0105999996885657,0.0068500000052154
11.7,0.0032500000670552,0.003000000026077,0.0262499991804361,0.0392500013113021,0.0373000018298625,0.0324000008404254,0.0109000001102685,0.0114500001072883,0.0105999996885657,0.0068500000052154
11.4,0.0032500000670552,0.003000000026077,0.0262499991804361,0.0392500013113021,0.0373000018298625,0.0324000008404254,0.0109000001102685,0.0114500001072883,0.0105999996885657,0.0068500000052154
11.7,0.0041499999351799,0.0038999998942017,0.0318999998271465,0.0412999987602233,0.0392000004649162,0.0335500016808509,0.0120000001043081,0.0125500001013278,0.0121499998494982,0.0085500003769993
11.9,0.0041499999351799,0.0038999998942017,0.0318999998271465,0.0412999987602233,0.0392000004649162,0.0335500016808509,0.0120000001043081,0.0125500001013278,0.0121499998494982,0.0085500003769993
12.0,0.0051000001840293,0.0041999998502433,0.0366000011563301,0.0430999994277954,0.0410000011324882,0.034400001168251,0.0132999997586011,0.0135000003501772,0.0126000000163912,0.0092000002041459
12.3,0.0038999998942017,0.0049000000581145,0.0373999997973442,0.0425999984145164,0.0419999994337558,0.0362999998033046,0.0127999996766448,0.0137999998405575,0.0137999998405575,0.0066999997943639
12.0,0.0038999998942017,0.0049000000581145,0.0373999997973442,0.0425999984145164,0.0419999994337558,0.0362999998033046,0.0127999996766448,0.0137999998405575,0.0137999998405575,0.0066999997943639
12.1,0.1626999974250793,0.1341499984264373,0.2214999943971634,0.2082999944686889,0.202000007033348,0.2155999988317489,0.1998499929904937,0.2028000056743621,0.2066999971866607,0.1972000002861023
11.8,0.1626999974250793,0.1341499984264373,0.2214999943971634,0.2082999944686889,0.202000007033348,0.2155999988317489,0.1998499929904937,0.2028000056743621,0.2066999971866607,0.1972000002861023
12.3,0.1626999974250793,0.1341499984264373,0.2214999943971634,0.2082999944686889,0.202000007033348,0.2155999988317489,0.1998499929904937,0.2028000056743621,0.2066999971866607,0.1972000002861023
11.9,0.0038999998942017,0.0049000000581145,0.0373999997973442,0.0425999984145164,0.0419999994337558,0.0362999998033046,0.0127999996766448,0.0137999998405575,0.0137999998405575,0.0066999997943639
12.0,0.0038999998942017,0.0049000000581145,0.0373999997973442,0.0425999984145164,0.0419999994337558,0.0362999998033046,0.0127999996766448,0.0137999998405575,0.0137999998405575,0.0066999997943639
16.4,0.0038999998942017,0.0049000000581145,0.0373999997973442,0.0425999984145164,0.0419999994337558,0.0362999998033046,0.0127999996766448,0.0137999998405575,0.0137999998405575,0.0066999997943639
15.6,0.0051000001840293,0.0040000001899898,0.0447999984025955,0.0458000004291534,0.045499999076128,0.0430000014603138,0.0181000009179115,0.0182000007480382,0.0142000000923872,0.0104999998584389
15.7,0.0874999985098838,0.0658999979496002,0.1379999965429306,0.1374000012874603,0.1333499997854232,0.1362500041723251,0.1172500029206276,0.1181000024080276,0.1229000017046928,0.1036000028252601
15.6,0.0874999985098838,0.0658999979496002,0.1379999965429306,0.1374000012874603,0.1333499997854232,0.1362500041723251,0.1172500029206276,0.1181000024080276,0.1229000017046928,0.1036000028252601
15.3,0.0051000001840293,0.0040000001899898,0.0447999984025955,0.0458000004291534,0.045499999076128,0.0430000014603138,0.0181000009179115,0.0182000007480382,0.0159000009298324,0.0104999998584389
16.0,0.0051000001840293,0.0040000001899898,0.0447999984025955,0.0458000004291534,0.045499999076128,0.0430000014603138,0.0181000009179115,0.0182000007480382,0.0159000009298324,0.0104999998584389
14.9,0.0038999998942017,0.0035000001080334,0.0384000018239021,0.0428000018000602,0.0441999994218349,0.0399499982595443,0.0160000007599592,0.0155499996617436,0.0150499995797872,0.0085500003769993
15.2,0.0038999998942017,0.0035000001080334,0.0384000018239021,0.0428000018000602,0.0441999994218349,0.0399499982595443,0.0160000007599592,0.0155499996617436,0.0150499995797872,0.0085500003769993
15.1,0.0038999998942017,0.0035000001080334,0.0384000018239021,0.0428000018000602,0.0441999994218349,0.0399499982595443,0.0160000007599592,0.0155499996617436,0.0150499995797872,0.0085500003769993
15.1,0.0038999998942017,0.0035000001080334,0.0384000018239021,0.0428000018000602,0.0441999994218349,0.0399499982595443,0.0160000007599592,0.0155499996617436,0.0150499995797872,0.0085500003769993
15.0,0.0038999998942017,0.0035000001080334,0.0384000018239021,0.0428000018000602,0.0441999994218349,0.0399499982595443,0.0160000007599592,0.0155499996617436,0.0150499995797872,0.0085500003769993
14.4,0.0027000000700354,0.003000000026077,0.0320000015199184,0.0397999994456768,0.0428999997675418,0.0368999987840652,0.0138999996706843,0.0129000004380941,0.0159000009298324,0.0065999999642372
14.5,0.0026499999221414,0.0029500001110136,0.031599998474121,0.0397000014781951,0.0410499982535839,0.0354500003159046,0.0128499995917081,0.0121499998494982,0.0129500003531575,0.0062500000931322
14.5,0.0027000000700354,0.003000000026077,0.0320000015199184,0.0397999994456768,0.0428999997675418,0.0368999987840652,0.0138999996706843,0.0129000004380941,0.0159000009298324,0.0065999999642372
15.7,0.1093000024557113,0.0850500017404556,0.1106999963521957,0.1174999997019767,0.1164000034332275,0.1133499965071678,0.1011499986052513,0.1039000004529953,0.121799997985363,0.1076499968767166
14.6,0.1093000024557113,0.0850500017404556,0.1106999963521957,0.1174999997019767,0.1164000034332275,0.1133499965071678,0.1011499986052513,0.1039000004529953,0.121799997985363,0.1076499968767166
14.4,0.2159000039100647,0.1670999974012375,0.1894000023603439,0.1951999962329864,0.1935999989509582,0.1926999986171722,0.1905000060796737,0.1964000016450882,0.2336000055074691,0.2093999981880188
14.7,0.2159000039100647,0.1670999974012375,0.1894000023603439,0.1951999962329864,0.1935999989509582,0.1926999986171722,0.1905000060796737,0.1964000016450882,0.2336000055074691,0.2093999981880188
14.8,0.1096500009298324,0.0850000008940696,0.1094999983906745,0.1190000027418136,0.1172500029206276,0.1146000027656555,0.1015499979257583,0.1052500009536743,0.1232500001788139,0.1090499982237815
14.6,0.1096500009298324,0.0850000008940696,0.1094999983906745,0.1190000027418136,0.1172500029206276,0.1146000027656555,0.1015499979257583,0.1052500009536743,0.1232500001788139,0.1090499982237815
15.2,0.003400000045076,0.003000000026077,0.0386000014841556,0.0428000018000602,0.0414999984204769,0.0364999994635582,0.0149999996647238,0.0141000002622604,0.0129000004380941,0.0087000001221895
14.3,0.003400000045076,0.003000000026077,0.0386000014841556,0.0428000018000602,0.0414999984204769,0.0364999994635582,0.0149999996647238,0.0141000002622604,0.0129000004380941,0.0087000001221895
14.2,0.0032999999821186,0.0029500001110136,0.0340999998152256,0.0425500012934207,0.0412000007927417,0.0359000004827976,0.0137999998405575,0.0137000000104308,0.0114500001072883,0.0074999998323619
14.7,0.003400000045076,0.0028999999631196,0.0386000014841556,0.0428000018000602,0.0414999984204769,0.0364999994635582,0.0149999996647238,0.0132999997586011,0.0129000004380941,0.0076999999582767
15.2,0.003400000045076,0.0028999999631196,0.0386000014841556,0.0428000018000602,0.0414999984204769,0.0364999994635582,0.0149999996647238,0.0132999997586011,0.0129000004380941,0.0076999999582767
13.7,0.003400000045076,0.0028999999631196,0.0386000014841556,0.0428000018000602,0.0414999984204769,0.0364999994635582,0.0149999996647238,0.0132999997586011,0.0129000004380941,0.0076999999582767
13.7,0.003400000045076,0.0028999999631196,0.0386000014841556,0.0428000018000602,0.0414999984204769,0.0364999994635582,0.0149999996647238,0.0132999997586011,0.0129000004380941,0.0076999999582767
13.5,0.003400000045076,0.0028500000480562,0.0392000004649162,0.0428000018000602,0.0431500002741813,0.0362499989569187,0.0160000007599592,0.0127999996766448,0.0118500003591179,0.0070000002160668
15.5,0.0035999999381601,0.003000000026077,0.0397999994456768,0.0432999990880489,0.0447999984025955,0.0372000001370906,0.0170000009238719,0.0132999997586011,0.0137000000104308,0.0076999999582767
15.6,0.0035999999381601,0.003000000026077,0.0397999994456768,0.0432999990880489,0.0447999984025955,0.0372000001370906,0.0170000009238719,0.0132999997586011,0.0137000000104308,0.0076999999582767
13.1,0.0046999999321997,0.003000000026077,0.0461999997496604,0.048650000244379,0.0496999993920326,0.0430499985814094,0.0198999997228384,0.017400000244379,0.0181499999016523,0.0112500004470348
13.7,0.0046999999321997,0.003000000026077,0.0461999997496604,0.048650000244379,0.0496999993920326,0.0430499985814094,0.0198999997228384,0.017400000244379,0.0181499999016523,0.0112500004470348
13.6,0.0046999999321997,0.003000000026077,0.0461999997496604,0.048650000244379,0.0496999993920326,0.0430499985814094,0.0198999997228384,0.017400000244379,0.0181499999016523,0.0112500004470348
13.7,0.0057999999262392,0.0032999999821186,0.0526000000536441,0.0540000014007091,0.0546000003814697,0.0489000007510185,0.0228000003844499,0.0225000008940696,0.0226000007241964,0.0148000000044703
14.1,0.0057999999262392,0.0032999999821186,0.0526000000536441,0.0540000014007091,0.0546000003814697,0.0489000007510185,0.0228000003844499,0.0225000008940696,0.0226000007241964,0.0148000000044703
14.8,0.0052999998442828,0.0032500000670552,0.0474499985575675,0.0501499995589256,0.0498999990522861,0.0441999994218349,0.0216000005602836,0.0202500000596046,0.0198999997228384,0.0124000003561377
13.6,0.0052999998442828,0.0032500000670552,0.0474499985575675,0.0501499995589256,0.0498999990522861,0.0441999994218349,0.0216000005602836,0.0202500000596046,0.0198999997228384,0.0124000003561377
13.5,0.0052999998442828,0.0032500000670552,0.0474499985575675,0.0501499995589256,0.0498999990522861,0.0441999994218349,0.0216000005602836,0.0202500000596046,0.0198999997228384,0.0124000003561377
13.3,0.0048000002279877,0.0031999999191612,0.0423000007867813,0.0463000014424324,0.0452000014483928,0.0395000018179416,0.0204000007361173,0.0179999992251396,0.0172000005841255,0.0099999997764825
13.5,0.005549999885261,0.0037000000011175,0.0402499996125698,0.0474999994039535,0.0450999997556209,0.0407500006258487,0.0205499995499849,0.0185000002384185,0.0167500004172325,0.0120500000193715
13.4,0.005549999885261,0.0037000000011175,0.0402499996125698,0.0474999994039535,0.0450999997556209,0.0407500006258487,0.0205499995499849,0.0185000002384185,0.0167500004172325,0.0120500000193715
13.4,0.005549999885261,0.0037000000011175,0.0402499996125698,0.0474999994039535,0.0450999997556209,0.0407500006258487,0.0205499995499849,0.0185000002384185,0.0167500004172325,0.0120500000193715
13.4,0.005549999885261,0.0037000000011175,0.0402499996125698,0.0474999994039535,0.0450999997556209,0.0407500006258487,0.0205499995499849,0.0185000002384185,0.0167500004172325,0.0120500000193715
13.1,0.005549999885261,0.0037000000011175,0.0402499996125698,0.0474999994039535,0.0450999997556209,0.0407500006258487,0.0205499995499849,0.0185000002384185,0.0167500004172325,0.0120500000193715
13.0,0.0143999997526407,0.0108000002801418,0.048700001090765,0.0578499995172023,0.0540000014007091,0.050000000745058,0.0292000006884336,0.0270000007003545,0.0280499998480081,0.0218499992042779
12.8,0.0143999997526407,0.0108000002801418,0.048700001090765,0.0578499995172023,0.0540000014007091,0.050000000745058,0.0292000006884336,0.0270000007003545,0.0280499998480081,0.0218499992042779
13.9,0.0063000000081956,0.0046999999321997,0.0388999991118907,0.048700001090765,0.0450000017881393,0.0427000001072883,0.0209999997168779,0.0209999997168779,0.0163000002503395,0.0141000002622604
13.2,0.0063000000081956,0.0046999999321997,0.0388999991118907,0.048700001090765,0.0450000017881393,0.0427000001072883,0.0209999997168779,0.0209999997168779,0.0163000002503395,0.0141000002622604
14.0,0.0108000002801418,0.0091000003740191,0.0531999990344047,0.0615999996662139,0.0579999983310699,0.049100000411272,0.0252000000327825,0.0255999993532896,0.0245999991893768,0.0163000002503395
14.0,0.0108000002801418,0.0091000003740191,0.0531999990344047,0.0615999996662139,0.0579999983310699,0.049100000411272,0.0252000000327825,0.0255999993532896,0.0245999991893768,0.0163000002503395
15.7,0.0108000002801418,0.0091000003740191,0.0531999990344047,0.0615999996662139,0.0579999983310699,0.049100000411272,0.0252000000327825,0.0255999993532896,0.0245999991893768,0.0163000002503395
14.0,0.0108000002801418,0.0091000003740191,0.0531999990344047,0.0615999996662139,0.0579999983310699,0.049100000411272,0.0252000000327825,0.0255999993532896,0.0245999991893768,0.0163000002503395
13.9,0.0085000004619359,0.0068999999202787,0.0460500009357929,0.0549000017344951,0.0513000003993511,0.045899998396635,0.0230999998748302,0.0232999995350837,0.0201500002294778,0.0148499999195337
13.8,0.0085000004619359,0.0068999999202787,0.0460500009357929,0.0549000017344951,0.0513000003993511,0.045899998396635,0.0230999998748302,0.0232999995350837,0.0201500002294778,0.0148499999195337
13.7,0.0085000004619359,0.0068999999202787,0.0460500009357929,0.0549000017344951,0.0513000003993511,0.045899998396635,0.0230999998748302,0.0232999995350837,0.0201500002294778,0.0148499999195337
13.5,0.0108000002801418,0.0091000003740191,0.0531999990344047,0.0615999996662139,0.0579999983310699,0.049100000411272,0.0252000000327825,0.0255999993532896,0.0245999991893768,0.0163000002503395
13.3,0.0108000002801418,0.0091000003740191,0.0531999990344047,0.0615999996662139,0.0579999983310699,0.049100000411272,0.0252000000327825,0.0255999993532896,0.0245999991893768,0.0163000002503395
14.6,0.0065999999642372,0.0041999998502433,0.0472000017762184,0.0537000000476837,0.050900001078844,0.0434000007808208,0.0206000003963708,0.0228000003844499,0.0226000007241964,0.0147000001743435
17.6,0.0065999999642372,0.0041999998502433,0.0472000017762184,0.0537000000476837,0.050900001078844,0.0434000007808208,0.0206000003963708,0.0228000003844499,0.0226000007241964,0.0147000001743435
15.4,0.0065999999642372,0.0041999998502433,0.0472000017762184,0.0537000000476837,0.050900001078844,0.0434000007808208,0.0206000003963708,0.0228000003844499,0.0226000007241964,0.0147000001743435
14.4,0.0194499995559453,0.0146000003442168,0.0502000004053115,0.0592500008642673,0.0564499981701374,0.0524000003933906,0.0300999991595745,0.0305499993264675,0.0285500008612871,0.0251000002026557
14.8,0.0194499995559453,0.0146000003442168,0.0502000004053115,0.0592500008642673,0.0564499981701374,0.0524000003933906,0.0300999991595745,0.0305499993264675,0.0285500008612871,0.0251000002026557
13.6,0.0194499995559453,0.0146000003442168,0.0502000004053115,0.0592500008642673,0.0564499981701374,0.0524000003933906,0.0300999991595745,0.0305499993264675,0.0285500008612871,0.0251000002026557
13.0,0.0194499995559453,0.0146000003442168,0.0502000004053115,0.0592500008642673,0.0564499981701374,0.0524000003933906,0.0300999991595745,0.0305499993264675,0.0285500008612871,0.0251000002026557
13.0,0.0194499995559453,0.0146000003442168,0.0502000004053115,0.0592500008642673,0.0564499981701374,0.0524000003933906,0.0300999991595745,0.0305499993264675,0.0285500008612871,0.0251000002026557
14.0,0.0322999991476535,0.025000000372529,0.0531999990344047,0.0648000016808509,0.061999998986721,0.0614000000059604,0.0395999997854232,0.0383000001311302,0.0344999991357326,0.0355000011622905
14.0,0.0403500013053417,0.033950001001358,0.0717500001192092,0.0807999968528747,0.0806500017642974,0.0750999972224235,0.0520000010728836,0.051350001245737,0.0506500005722045,0.045899998396635
13.8,0.0403500013053417,0.033950001001358,0.0717500001192092,0.0807999968528747,0.0806500017642974,0.0750999972224235,0.0520000010728836,0.051350001245737,0.0506500005722045,0.045899998396635
17.6,0.0403500013053417,0.033950001001358,0.0717500001192092,0.0807999968528747,0.0806500017642974,0.0750999972224235,0.0520000010728836,0.051350001245737,0.0506500005722045,0.045899998396635
16.1,0.0483999997377395,0.0428999997675418,0.0903000012040138,0.0967999994754791,0.0992999970912933,0.0887999981641769,0.0644000023603439,0.0644000023603439,0.0667999982833862,0.0562999993562698
15.5,0.0326500013470649,0.0285999998450279,0.0751999989151954,0.0798000022768974,0.0786499977111816,0.0722000002861023,0.046399999409914,0.048700001090765,0.0464500002562999,0.0403999984264373
14.3,0.0326500013470649,0.0285999998450279,0.0751999989151954,0.0798000022768974,0.0786499977111816,0.0722000002861023,0.046399999409914,0.048700001090765,0.0464500002562999,0.0403999984264373
14.1,0.0186000000685453,0.0161000005900859,0.0608000010251998,0.0700000002980232,0.0662000030279159,0.0568000003695488,0.0324999988079071,0.032999999821186,0.0353999994695186,0.0262000001966953
14.6,0.0177500005811452,0.0152000002562999,0.0604499988257885,0.0663999989628791,0.0621000006794929,0.0562000013887882,0.0308999996632337,0.0327499993145465,0.0307500008493661,0.0253500007092952
13.8,0.0177500005811452,0.0152000002562999,0.0604499988257885,0.0663999989628791,0.0621000006794929,0.0562000013887882,0.0308999996632337,0.0327499993145465,0.0307500008493661,0.0253500007092952
14.9,0.0127999996766448,0.0122999995946884,0.050500001758337,0.0619000010192394,0.0566999986767768,0.0511000007390975,0.0293000005185604,0.0287999995052814,0.0234999991953372,0.0219999998807907
14.9,0.0353999994695186,0.0299999993294477,0.0752499997615814,0.0836500003933906,0.0799999982118606,0.0785999968647956,0.0526500009000301,0.0531000010669231,0.0549000017344951,0.0447999984025955
15.4,0.0120000001043081,0.0100999996066093,0.0527999997138977,0.0603000000119209,0.05180000141263,0.0555000007152557,0.0274999998509883,0.0296000000089406,0.0280000008642673,0.0187999997287988
15.1,0.0120000001043081,0.0100999996066093,0.0527999997138977,0.0603000000119209,0.05180000141263,0.0555000007152557,0.0274999998509883,0.0296000000089406,0.0280000008642673,0.0187999997287988
14.6,0.0120000001043081,0.0100999996066093,0.0527999997138977,0.0603000000119209,0.05180000141263,0.0555000007152557,0.0274999998509883,0.0296000000089406,0.0280000008642673,0.0187999997287988
18.8,0.0351499989628791,0.0307999998331069,0.0746999979019165,0.0843499973416328,0.0766000002622604,0.0829999968409538,0.0527999997138977,0.0540000014007091,0.0527999997138977,0.0427000001072883
16.1,0.0351499989628791,0.0307999998331069,0.0746999979019165,0.0843499973416328,0.0766000002622604,0.0829999968409538,0.0527999997138977,0.0540000014007091,0.0527999997138977,0.0427000001072883
18.0,0.0582999996840953,0.0515000000596046,0.0966000035405159,0.1084000021219253,0.101400002837181,0.1105000004172325,0.0781000033020973,0.0784000009298324,0.0776000022888183,0.066600002348423
17.8,0.0582999996840953,0.0515000000596046,0.0966000035405159,0.1084000021219253,0.101400002837181,0.1105000004172325,0.0781000033020973,0.0784000009298324,0.0776000022888183,0.066600002348423
18.2,0.0582999996840953,0.0515000000596046,0.0966000035405159,0.1084000021219253,0.101400002837181,0.1105000004172325,0.0781000033020973,0.0784000009298324,0.0776000022888183,0.066600002348423
20.1,0.0351499989628791,0.0307999998331069,0.0746999979019165,0.0843499973416328,0.0766000002622604,0.0829999968409538,0.0527999997138977,0.0540000014007091,0.0527999997138977,0.0427000001072883
20.3,0.0351499989628791,0.0307999998331069,0.0746999979019165,0.0843499973416328,0.0766000002622604,0.0829999968409538,0.0527999997138977,0.0540000014007091,0.0527999997138977,0.0427000001072883
18.0,0.0582999996840953,0.0515000000596046,0.0966000035405159,0.1084000021219253,0.101400002837181,0.1105000004172325,0.0781000033020973,0.0784000009298324,0.0776000022888183,0.066600002348423
17.6,0.0390500016510486,0.0340999998152256,0.0746999979019165,0.0878999978303909,0.0788000002503395,0.0847999975085258,0.0567499995231628,0.0568000003695488,0.0579999983310699,0.0474000014364719
16.1,0.0390500016510486,0.0340999998152256,0.0746999979019165,0.0878999978303909,0.0788000002503395,0.0847999975085258,0.0567499995231628,0.0568000003695488,0.0579999983310699,0.0474000014364719
13.0,0.0392999984323978,0.0337999984622001,0.0702499970793724,0.0833000019192695,0.0758500024676323,0.0789000019431114,0.0544999986886978,0.0540000014007091,0.0562000013887882,0.0469500012695789
13.5,0.0392999984323978,0.0337999984622001,0.0702499970793724,0.0833000019192695,0.0758500024676323,0.0789000019431114,0.0544999986886978,0.0540000014007091,0.0562000013887882,0.0469500012695789
14.2,0.0392999984323978,0.0337999984622001,0.0702499970793724,0.0833000019192695,0.0758500024676323,0.0789000019431114,0.0544999986886978,0.0540000014007091,0.0562000013887882,0.0469500012695789
13.3,0.0392999984323978,0.0337999984622001,0.0702499970793724,0.0833000019192695,0.0758500024676323,0.0789000019431114,0.0544999986886978,0.0540000014007091,0.0562000013887882,0.0469500012695789
13.2,0.0588000006973743,0.050900001078844,0.0877000018954277,0.099200002849102,0.095499999821186,0.0966999977827072,0.0736000016331672,0.0728000029921531,0.0740000009536743,0.065700002014637
10.7,0.0392999984323978,0.0337999984622001,0.0702499970793724,0.0833000019192695,0.0758500024676323,0.0778999999165535,0.0544999986886978,0.0540000014007091,0.0562000013887882,0.0469500012695789
12.8,0.0392999984323978,0.0337999984622001,0.0702499970793724,0.0833000019192695,0.0758500024676323,0.0778999999165535,0.0544999986886978,0.0540000014007091,0.0562000013887882,0.0469500012695789
12.0,0.0359000004827976,0.0292000006884336,0.0741999968886375,0.0890000015497207,0.0758000016212463,0.0767000019550323,0.050900001078844,0.048700001090765,0.0478000007569789,0.0401999987661838
10.3,0.0473500005900859,0.0400499999523162,0.0809499993920326,0.0940999984741211,0.0856499969959259,0.0866999998688697,0.0622499994933605,0.0607500001788139,0.0608999989926815,0.0529499985277652
8.4,0.0230500008910894,0.0195499993860721,0.0594500005245208,0.0715999975800514,0.0593499988317489,0.0578499995172023,0.0360499992966651,0.0355999991297721,0.0342499986290931,0.0281499996781349
8.1,0.0230500008910894,0.0195499993860721,0.0594500005245208,0.0715999975800514,0.0593499988317489,0.0578499995172023,0.0360499992966651,0.0355999991297721,0.0342499986290931,0.0281499996781349
7.7,0.0102000003680586,0.0098999999463558,0.0447000004351139,0.0542000010609626,0.0428999997675418,0.0390000008046627,0.0211999993771314,0.0225000008940696,0.0207000002264976,0.0161000005900859
7.5,0.0102000003680586,0.0098999999463558,0.0447000004351139,0.0542000010609626,0.0428999997675418,0.0390000008046627,0.0211999993771314,0.0225000008940696,0.0207000002264976,0.0161000005900859
7.5,0.009349999949336,0.0082499999552965,0.0426499992609024,0.0540999993681907,0.0413499996066093,0.0388999991118907,0.0202500000596046,0.0206000003963708,0.0197000000625848,0.0160499997437
8.0,0.0137499999254941,0.0111499996855854,0.0461000017821788,0.0617000013589859,0.0461000017821788,0.0519500002264976,0.0279500000178813,0.0292000006884336,0.0264500007033348,0.0201999992132186
7.7,0.0137499999254941,0.0111499996855854,0.0461000017821788,0.0617000013589859,0.0461000017821788,0.0519500002264976,0.0279500000178813,0.0292000006884336,0.0264500007033348,0.0201999992132186
8.6,0.0085000004619359,0.0065999999642372,0.0406000018119812,0.0540000014007091,0.0397999994456768,0.0390000008046627,0.0211999993771314,0.0225000008940696,0.0186999998986721,0.0160000007599592
9.3,0.0137499999254941,0.0111499996855854,0.0461000017821788,0.0617000013589859,0.0461000017821788,0.0519500002264976,0.0279500000178813,0.0292000006884336,0.0264500007033348,0.0201999992132186
9.0,0.0137499999254941,0.0111499996855854,0.0461000017821788,0.0617000013589859,0.0461000017821788,0.0519500002264976,0.0279500000178813,0.0292000006884336,0.0264500007033348,0.0201999992132186
10.7,0.0189999993890523,0.0156999994069337,0.0516000017523765,0.0693999975919723,0.0524000003933906,0.0649000033736229,0.0346999987959861,0.0359000004827976,0.0342000015079975,0.0243999995291233
11.3,0.0189999993890523,0.0156999994069337,0.0516000017523765,0.0693999975919723,0.0524000003933906,0.0649000033736229,0.0346999987959861,0.0359000004827976,0.0342000015079975,0.0243999995291233
10.0,0.0315000005066394,0.0258000008761882,0.0635000020265579,0.0807500034570694,0.0637499988079071,0.0759499967098236,0.0474999994039535,0.0484500005841255,0.0455499999225139,0.0373499989509582
9.3,0.0315000005066394,0.0258000008761882,0.0635000020265579,0.0807500034570694,0.0637499988079071,0.0759499967098236,0.0474999994039535,0.0484500005841255,0.0455499999225139,0.0373499989509582
9.2,0.0315000005066394,0.0258000008761882,0.0635000020265579,0.0807500034570694,0.0637499988079071,0.0759499967098236,0.0474999994039535,0.0484500005841255,0.0455499999225139,0.0373499989509582
11.3,0.0439999997615814,0.0359000004827976,0.0754000023007392,0.0921000018715858,0.0750999972224235,0.0869999974966049,0.0603000000119209,0.0610000006854534,0.0568999983370304,0.0502999983727932
10.8,0.0397999994456768,0.031599998474121,0.0732000023126602,0.0832500010728836,0.0733499974012374,0.0803000032901763,0.0586499981582164,0.0598499998450279,0.0565499998629093,0.0507000014185905
8.3,0.0397999994456768,0.031599998474121,0.0732000023126602,0.0832500010728836,0.0733499974012374,0.0803000032901763,0.0586499981582164,0.0598499998450279,0.0565499998629093,0.0507000014185905
14.0,0.0168500002473592,0.0136500000953674,0.0533500015735626,0.0582999996840953,0.052250001579523,0.050900001078844,0.0279500000178813,0.0289999991655349,0.0293000005185604,0.0231500007212162
18.9,0.0168500002473592,0.0136500000953674,0.0533500015735626,0.0582999996840953,0.052250001579523,0.050900001078844,0.0279500000178813,0.0289999991655349,0.0293000005185604,0.0231500007212162
12.0,0.0168500002473592,0.0136500000953674,0.0533500015735626,0.0582999996840953,0.052250001579523,0.050900001078844,0.0279500000178813,0.0289999991655349,0.0293000005185604,0.0231500007212162
11.6,0.0168500002473592,0.0136500000953674,0.0533500015735626,0.0582999996840953,0.052250001579523,0.050900001078844,0.0279500000178813,0.0289999991655349,0.0293000005185604,0.0231500007212162
12.7,0.0168500002473592,0.0136500000953674,0.0533500015735626,0.0582999996840953,0.052250001579523,0.050900001078844,0.0279500000178813,0.0289999991655349,0.0293000005185604,0.0231500007212162
10.7,0.0118000004440546,0.0100999996066093,0.0526000000536441,0.0542999990284442,0.0469000004231929,0.0471000000834465,0.0245999991893768,0.0254999995231628,0.0245999991893768,0.0199999995529651
11.6,0.0103000001981854,0.0096000004559755,0.0467500016093254,0.0502000004053115,0.0463000014424324,0.0454000011086463,0.0233999993652105,0.0233500003814697,0.0217000003904104,0.0170499999076128
10.2,0.0103000001981854,0.0096000004559755,0.0467500016093254,0.0502000004053115,0.0463000014424324,0.0454000011086463,0.0233999993652105,0.0233500003814697,0.0217000003904104,0.0170499999076128
12.7,0.0103000001981854,0.0096000004559755,0.0467500016093254,0.0502000004053115,0.0463000014424324,0.0454000011086463,0.0233999993652105,0.0233500003814697,0.0217000003904104,0.0170499999076128
29.6,0.0087999999523162,0.0091000003740191,0.0408999994397163,0.0461000017821788,0.0456999987363815,0.0436999984085559,0.0221999995410442,0.0211999993771314,0.0187999997287988,0.0141000002622604
22.2,0.0075500002130866,0.006450000219047,0.0408999994397163,0.0507000014185905,0.0502000004053115,0.0466499999165535,0.02364999987185,0.0235500000417232,0.0203000009059906,0.0160499997437
19.8,0.0075500002130866,0.006450000219047,0.0408999994397163,0.0507000014185905,0.0502000004053115,0.0466499999165535,0.02364999987185,0.0235500000417232,0.0203000009059906,0.0160499997437
20.5,0.0075500002130866,0.006450000219047,0.0408999994397163,0.0507000014185905,0.0502000004053115,0.0466499999165535,0.02364999987185,0.0235500000417232,0.0203000009059906,0.0160499997437
19.7,0.0075500002130866,0.006450000219047,0.0408999994397163,0.0507000014185905,0.0502000004053115,0.0466499999165535,0.02364999987185,0.0235500000417232,0.0203000009059906,0.0160499997437
19.1,0.0075500002130866,0.006450000219047,0.0408999994397163,0.0507000014185905,0.0502000004053115,0.0466499999165535,0.02364999987185,0.0235500000417232,0.0203000009059906,0.0160499997437
21.0,0.0102000003680586,0.0087000001221895,0.048200000077486,0.0553000010550022,0.0535000003874301,0.0513000003993511,0.0251000002026557,0.0272000003606081,0.0240000002086162,0.0179999992251396
23.6,0.0102000003680586,0.0087000001221895,0.048200000077486,0.0553000010550022,0.0535000003874301,0.0513000003993511,0.0251000002026557,0.0272000003606081,0.0240000002086162,0.0179999992251396
24.0,0.0102000003680586,0.0087000001221895,0.048200000077486,0.0553000010550022,0.0535000003874301,0.0513000003993511,0.0251000002026557,0.0272000003606081,0.0240000002086162,0.0179999992251396
25.3,0.0105999996885657,0.0076000001281499,0.0484500005841255,0.0542000010609626,0.0568000003695488,0.0539500005543231,0.0271000005304813,0.0302000008523464,0.0278500001877546,0.0189999993890523
26.5,0.0065999999642372,0.0051000001840293,0.048200000077486,0.0557000003755092,0.0529999993741512,0.0533000007271766,0.0238000005483627,0.0276999995112419,0.0240000002086162,0.0143999997526407
25.5,0.0065999999642372,0.0051000001840293,0.048200000077486,0.0557000003755092,0.0529999993741512,0.0533000007271766,0.0238000005483627,0.0276999995112419,0.0240000002086162,0.0143999997526407
25.3,0.0065999999642372,0.0051000001840293,0.048200000077486,0.0557000003755092,0.0529999993741512,0.0533000007271766,0.0238000005483627,0.0276999995112419,0.0240000002086162,0.0143999997526407
26.0,0.0065999999642372,0.0051000001840293,0.048200000077486,0.0557000003755092,0.0529999993741512,0.0533000007271766,0.0238000005483627,0.0276999995112419,0.0240000002086162,0.0143999997526407
26.5,0.0104999998584389,0.0083499997854232,0.0480500012636184,0.0558499991893768,0.0567499995231628,0.0549499988555908,0.0264999996870756,0.0304499994963407,0.0266500003635883,0.0191500000655651
29.7,0.0063999998383224,0.0051000001840293,0.0478999987244606,0.0557000003755092,0.0529000014066696,0.0533000007271766,0.0226000007241964,0.0276999995112419,0.0216000005602836,0.0143999997526407
29.6,0.005549999885261,0.0046500000171363,0.0437499992549419,0.052250001579523,0.0512499995529651,0.0515500009059906,0.0219500008970499,0.02449999935925,0.019200000911951,0.0127499997615814
26.9,0.005549999885261,0.0046500000171363,0.0437499992549419,0.052250001579523,0.0512499995529651,0.0515500009059906,0.0219500008970499,0.02449999935925,0.019200000911951,0.0127499997615814
28.5,0.005549999885261,0.0046500000171363,0.0437499992549419,0.052250001579523,0.0512499995529651,0.0515500009059906,0.0219500008970499,0.02449999935925,0.019200000911951,0.0127499997615814
28.4,0.005549999885261,0.0046500000171363,0.0437499992549419,0.052250001579523,0.0512499995529651,0.0515500009059906,0.0219500008970499,0.02449999935925,0.019200000911951,0.0127499997615814
22.1,0.0046999999321997,0.0041999998502433,0.0395999997854232,0.0487999990582466,0.049600001424551,0.0498000010848045,0.0212999992072582,0.0212999992072582,0.0167999994009733,0.0110999997705221
29.7,0.0046999999321997,0.0041999998502433,0.0395999997854232,0.0487999990582466,0.049600001424551,0.0498000010848045,0.0212999992072582,0.0212999992072582,0.0167999994009733,0.0110999997705221
28.9,0.0046999999321997,0.0041999998502433,0.0395999997854232,0.0487999990582466,0.049600001424551,0.0498000010848045,0.0212999992072582,0.0212999992072582,0.0167999994009733,0.0110999997705221
26.5,0.0046999999321997,0.0041999998502433,0.0395999997854232,0.0487999990582466,0.049600001424551,0.0498000010848045,0.0212999992072582,0.0212999992072582,0.0167999994009733,0.0110999997705221
30.0,0.0052999998442828,0.0052000000141561,0.0432999990880489,0.0502999983727932,0.0524000003933906,0.0514499992132186,0.0247000008821487,0.0252500008791685,0.0205499995499849,0.0137000000104308
28.9,0.0052999998442828,0.0052000000141561,0.0432999990880489,0.0502999983727932,0.0524000003933906,0.0514499992132186,0.0247000008821487,0.0252500008791685,0.0205499995499849,0.0137000000104308
29.0,0.0059000002220273,0.0062000001780688,0.0469999983906745,0.05180000141263,0.0551999993622303,0.0531000010669231,0.0281000006943941,0.0292000006884336,0.0242999996989965,0.0163000002503395
30.4,0.0059000002220273,0.0062000001780688,0.0469999983906745,0.05180000141263,0.0551999993622303,0.0531000010669231,0.0281000006943941,0.0292000006884336,0.0242999996989965,0.0163000002503395
40.2,0.0059000002220273,0.0062000001780688,0.0469999983906745,0.05180000141263,0.0551999993622303,0.0531000010669231,0.0281000006943941,0.0292000006884336,0.0242999996989965,0.0163000002503395
32.2,0.0059000002220273,0.0062000001780688,0.0469999983906745,0.05180000141263,0.0551999993622303,0.0531000010669231,0.0281000006943941,0.0292000006884336,0.0242999996989965,0.0163000002503395
42.3,0.0046000001020729,0.0046500000171363,0.0422499999403953,0.048200000077486,0.0511000007390975,0.052700001746416,0.026350000873208,0.0273000001907348,0.0229499991983175,0.0155499996617436
34.3,0.0032999999821186,0.0031000000890344,0.0375000014901161,0.0445999987423419,0.0469999983906745,0.0522999987006187,0.0245999991893768,0.025399999693036,0.0216000005602836,0.0148000000044703
32.5,0.0036500000860542,0.0035500000230968,0.0360499992966651,0.0460000000894069,0.0507999993860721,0.0534499995410442,0.0252000000327825,0.0265999995172023,0.0218000002205371,0.0159000009298324
30.7,0.0036500000860542,0.0035500000230968,0.0360499992966651,0.0460000000894069,0.0507999993860721,0.0534499995410442,0.0252000000327825,0.0265999995172023,0.0218000002205371,0.0159000009298324
36.2,0.0036500000860542,0.0035500000230968,0.0360499992966651,0.0460000000894069,0.0507999993860721,0.0534499995410442,0.0252000000327825,0.0265999995172023,0.0218000002205371,0.0159000009298324
34.0,0.0040000001899898,0.0038999998942017,0.0375000014901161,0.0474000014364719,0.0546000003814697,0.0544999986886978,0.0258000008761882,0.0273000001907348,0.0219999998807907,0.0162000004202127
34.6,0.0040000001899898,0.0038999998942017,0.0375000014901161,0.0474000014364719,0.0546000003814697,0.0544999986886978,0.0258000008761882,0.0273000001907348,0.0219999998807907,0.0162000004202127
33.7,0.0048000002279877,0.0039499998092651,0.0385500006377697,0.049600001424551,0.0549999997019767,0.0545499995350837,0.0269000008702278,0.0275500006973743,0.0233500003814697,0.0165999997407197
44.1,0.0048000002279877,0.0039499998092651,0.0385500006377697,0.049600001424551,0.0549999997019767,0.0545499995350837,0.0269000008702278,0.0275500006973743,0.0233500003814697,0.0165999997407197
35.3,0.0048000002279877,0.0039499998092651,0.0385500006377697,0.049600001424551,0.0549999997019767,0.0545499995350837,0.0269000008702278,0.0275500006973743,0.0233500003814697,0.0165999997407197
33.7,0.0048000002279877,0.0039499998092651,0.0385500006377697,0.049600001424551,0.0549999997019767,0.0545499995350837,0.0269000008702278,0.0275500006973743,0.0233500003814697,0.0165999997407197
35.1,0.0048000002279877,0.0039499998092651,0.0385500006377697,0.049600001424551,0.0549999997019767,0.0545499995350837,0.0269000008702278,0.0275500006973743,0.0233500003814697,0.0165999997407197
34.7,0.0055999998003244,0.0038999998942017,0.0425000004470348,0.05180000141263,0.0553999990224838,0.0544999986886978,0.0280000008642673,0.0273000001907348,0.0247000008821487,0.0162000004202127
33.6,0.004749999847263,0.0032999999821186,0.0402499996125698,0.0498499982059001,0.0539500005543231,0.0536499992012977,0.0269499998539686,0.0265500005334615,0.0240000002086162,0.016499999910593
32.9,0.004749999847263,0.0032999999821186,0.0402499996125698,0.0498499982059001,0.0539500005543231,0.0536499992012977,0.0269499998539686,0.0265500005334615,0.0240000002086162,0.016499999910593
35.0,0.0038999998942017,0.0027000000700354,0.0379999987781047,0.0478999987244606,0.0524999983608722,0.0527999997138977,0.025900000706315,0.0258000008761882,0.0232999995350837,0.0167999994009733
36.4,0.0038999998942017,0.0027000000700354,0.0379999987781047,0.0478999987244606,0.0524999983608722,0.0527999997138977,0.025900000706315,0.0258000008761882,0.0232999995350837,0.0167999994009733
34.6,0.0038999998942017,0.0027000000700354,0.0379999987781047,0.0478999987244606,0.0524999983608722,0.0527999997138977,0.025900000706315,0.0258000008761882,0.0232999995350837,0.0167999994009733
35.9,0.0038999998942017,0.0027000000700354,0.0379999987781047,0.0478999987244606,0.0524999983608722,0.0527999997138977,0.025900000706315,0.0258000008761882,0.0232999995350837,0.0167999994009733
36.6,0.0038999998942017,0.0027000000700354,0.0379999987781047,0.0478999987244606,0.0524999983608722,0.0527999997138977,0.025900000706315,0.0258000008761882,0.0232999995350837,0.0167999994009733
38.2,0.0039499998092651,0.0033499998971819,0.0384999997913837,0.0483999997377395,0.0527499988675117,0.0532499998807907,0.0278999991714954,0.0274999998509883,0.0237000007182359,0.0160499997437
42.3,0.0038999998942017,0.0028999999631196,0.0390000008046627,0.0489000007510185,0.0529999993741512,0.0529999993741512,0.025900000706315,0.0292000006884336,0.0232999995350837,0.015599999576807
38.9,0.0033499998971819,0.0034499999601393,0.0397999994456768,0.049100000411272,0.0538000017404556,0.0533500015735626,0.0277500003576278,0.0292000006884336,0.0236000008881092,0.0154499998316168
10.0,0.0054999999701976,0.0048500001430511,0.031649999320507,0.0409500002861022,0.0346500016748905,0.0333000011742115,0.0171499997377395,0.017799999564886,0.0149499997496604,0.0119500001892447
7.1,0.0063999998383224,0.0052000000141561,0.0333999991416931,0.0421999990940094,0.034400001168251,0.0333000011742115,0.0181000009179115,0.0185000002384185,0.0153999999165534,0.0122999995946884
9.7,0.065150000154972,0.0631000027060508,0.0957999974489212,0.1169999986886978,0.1080999970436096,0.0940499976277351,0.0793000012636184,0.0777999982237815,0.092799998819828,0.0730499997735023
9.7,0.0681499987840652,0.0663499981164932,0.1046999990940094,0.121299996972084,0.1110500022768974,0.097300000488758,0.0828500017523765,0.0807500034570694,0.0957499966025352,0.0758000016212463
9.2,0.0124000003561377,0.0116999996826052,0.0511999987065792,0.0507999993860721,0.0403000004589557,0.0397999994456768,0.0252000000327825,0.0243999995291233,0.0212999992072582,0.017799999564886
8.5,0.0032999999821186,0.0035500000230968,0.0308999996632337,0.0399499982595443,0.033900000154972,0.0313999988138675,0.0140000004321336,0.0142000000923872,0.0110499998554587,0.0089999996125698
14.0,0.0038000000640749,0.0040000001899898,0.0274000000208616,0.0383000001311302,0.0322000011801719,0.0300999991595745,0.0131000000983476,0.0137999998405575,0.0109999999403953,0.0093999998643994
9.0,0.0030499999411404,0.0031500000040978,0.0303499996662139,0.0375999994575977,0.0313999988138675,0.0267999991774559,0.0113000003620982,0.0109500000253319,0.0079500004649162,0.0066999997943639
15.0,0.0010000000474974,0.0015999999595806,0.0237000007182359,0.0300999991595745,0.035300001502037,0.031599998474121,0.0122999995946884,0.0118000004440546,0.0098999999463558,0.0062000001780688
14.9,0.0085000004619359,0.0087000001221895,0.0351000018417835,0.0447000004351139,0.0450000017881393,0.0430999994277954,0.0255999993532896,0.0239000003784894,0.0218000002205371,0.0170000009238719
14.7,0.0278999991714954,0.0234999991953372,0.0571999996900558,0.0662999972701072,0.064699999988079,0.0635000020265579,0.0432999990880489,0.0421000011265277,0.0439000017940998,0.0357999987900257
14.4,0.009800000116229,0.0078999996185302,0.0386000014841556,0.0450000017881393,0.0452000014483928,0.0452999994158744,0.0280000008642673,0.0289999991655349,0.0243999995291233,0.0208000000566244
17.7,0.0575000010430812,0.0502999983727932,0.0895000025629997,0.0991000011563301,0.09740000218153,0.1005999967455864,0.0772999972105026,0.0754999965429306,0.0775000005960464,0.0671999976038932
18.9,0.0504000000655651,0.0423999987542629,0.0790999978780746,0.090499997138977,0.0828000009059906,0.100500002503395,0.0755999982357025,0.0715000033378601,0.0746000036597251,0.0614000000059604
22.6,0.0297500006854534,0.0253500007092952,0.0555000007152557,0.0667999982833862,0.061999998986721,0.0735500007867813,0.0504000000655651,0.047749999910593,0.0471500009298324,0.0390500016510486
11.5,0.0091000003740191,0.0082999998703598,0.0318999998271465,0.0430999994277954,0.0412000007927417,0.0465999990701675,0.0252000000327825,0.0240000002086162,0.0197000000625848,0.0166999995708465
15.9,0.0149999996647238,0.0121999997645616,0.0432999990880489,0.0568000003695488,0.0476000010967254,0.0531999990344047,0.036200001835823,0.0357999987900257,0.031599998474121,0.0283000003546476
7.0,0.0182499997317791,0.0153000000864267,0.0458500012755394,0.0574500001966953,0.047749999910593,0.0542000010609626,0.0377499982714653,0.0373000018298625,0.0344999991357326,0.0311500001698732
1.4,0.0100999996066093,0.0071499999612569,0.0307000000029802,0.0366000011563301,0.0273499991744756,0.0288999993354082,0.0270499996840953,0.0276999995112419,0.0261499993503093,0.0241500008851289
1.8,0.0115000000223517,0.0097000002861022,0.0324999988079071,0.0355999991297721,0.0274999998509883,0.0219000000506639,0.0219000000506639,0.0219000000506639,0.0233999993652105,0.0188999995589256
1.8,0.0075500002130866,0.006450000219047,0.025849999859929,0.0308999996632337,0.0214000009000301,0.0200500003993511,0.016499999910593,0.0168999992311,0.0166999995708465,0.0137999998405575
1.3,0.0035999999381601,0.0031999999191612,0.0133999995887279,0.0200999993830919,0.0113000003620982,0.0105999996885657,0.0074000000022351,0.0081000002101063,0.0071000000461936,0.0063000000081956
1.5,0.0024999999441206,0.0021500000730156,0.0104999998584389,0.0150499995797872,0.0089499996975064,0.0088499998673796,0.0070000002160668,0.0076999999582767,0.0069499998353421,0.0059500001370906
1.9,0.0049000000581145,0.0037000000011175,0.0234999991953372,0.0269000008702278,0.015599999576807,0.016499999910593,0.0102000003680586,0.0120999999344348,0.0104000000283122,0.0080000003799796
2.0,0.0058499998413026,0.0042500002309679,0.023199999704957,0.0293499995023012,0.0165999997407197,0.017799999564886,0.0130000002682209,0.0142500000074505,0.0120500000193715,0.0108000002801418
11.0,0.0028999999631196,0.0020999999251216,0.0216000005602836,0.0466499999165535,0.0229000002145767,0.0327499993145465,0.0143999997526407,0.0148000000044703,0.0120000001043081,0.0096500003710389
40.9,0.0019499999471008,0.0014499999815598,0.0216000005602836,0.047249998897314,0.0229000002145767,0.0390999987721443,0.0161000005900859,0.0171000007539987,0.0131000000983476,0.0096500003710389
29.2,0.1085999980568885,0.1451999992132187,0.0709000006318092,0.1098000034689903,0.1151999980211258,0.1298000067472458,0.1190999969840049,0.1451999992132187,0.0644000023603439,0.1536999940872192
26.0,0.1085999980568885,0.1451999992132187,0.0709000006318092,0.1098000034689903,0.1151999980211258,0.1298000067472458,0.1190999969840049,0.1451999992132187,0.0644000023603439,0.1536999940872192
34.8,0.00179999996908,0.001300000003539,0.0326999984681606,0.045499999076128,0.0406999997794628,0.0428999997675418,0.0203000009059906,0.0210999995470047,0.0154999997466802,0.0110999997705221
17.3,0.00179999996908,0.001300000003539,0.0326999984681606,0.045499999076128,0.0406999997794628,0.0428999997675418,0.0203000009059906,0.0210999995470047,0.0154999997466802,0.0110999997705221
25.9,0.0071000000461936,0.0073500000871717,0.0220500007271766,0.0259499996900558,0.0187999997287988,0.0231500007212162,0.0152500001713633,0.0140000004321336,0.0129500003531575,0.0109000001102685
3.1,0.0293000005185604,0.0258000008761882,0.0579000003635883,0.0794000029563903,0.0603000000119209,0.0706000030040741,0.0465000011026859,0.0461999997496604,0.0461999997496604,0.0377999991178512
3.4,0.1597499996423721,0.147499993443489,0.1876000016927719,0.1715500056743621,0.1516000032424926,0.1843000054359436,0.1838999986648559,0.1845500022172927,0.192900002002716,0.1836500018835067
6.9,0.0367499999701976,0.0277500003576278,0.0626000016927719,0.0663999989628791,0.0559500008821487,0.0620499998331069,0.0443000011146068,0.0456999987363815,0.0406499989330768,0.0382499992847442
4.9,0.0502500012516975,0.0395999997854232,0.0749000012874603,0.0785999968647956,0.066500000655651,0.0732000023126602,0.0562999993562698,0.0573499985039234,0.0573499985039234,0.0500999987125396
4.5,0.0544000007212162,0.0460000000894069,0.0846000015735626,0.0939000025391578,0.0803000032901763,0.0772999972105026,0.0617000013589859,0.0617000013589859,0.0680999979376792,0.0551999993622303
4.3,0.034800000488758,0.0308999996632337,0.0605500005185604,0.0677499994635582,0.0581500008702278,0.0565499998629093,0.0425000004470348,0.0421999990940094,0.0439999997615814,0.0375000014901161
6.7,0.0674000009894371,0.060199998319149,0.0930000022053718,0.1004000008106231,0.0908999964594841,0.0903000012040138,0.0767000019550323,0.0742999985814094,0.0804999992251396,0.070200003683567
6.4,0.0024999999441206,0.0020999999251216,0.0295000001788139,0.0351999998092651,0.0270000007003545,0.025399999693036,0.0092000002041459,0.0104000000283122,0.0077999997884035,0.0054000001400709
12.1,0.0256999991834163,0.0216499995440244,0.0601000003516674,0.0671499967575073,0.0606999993324279,0.0562999993562698,0.0373999997973442,0.0367499999701976,0.0377499982714653,0.0304499994963407
16.8,0.0163499992340803,0.0141500001773238,0.0535999983549118,0.0618500001728534,0.0616500005125999,0.0570000000298023,0.0341500006616115,0.0333999991416931,0.0315500013530254,0.0248499996960163
16.9,0.0143999997526407,0.0110999997705221,0.0483999997377395,0.0579000003635883,0.0606000013649463,0.0588999986648559,0.0337999984622001,0.0340999998152256,0.0309999994933605,0.02449999935925
17.6,0.0077999997884035,0.0057999999262392,0.0438000001013278,0.0515000000596046,0.0527499988675117,0.0489999987185001,0.0251000002026557,0.0256999991834163,0.0222500003874301,0.0162499994039535
19.4,0.0093999998643994,0.0080000003799796,0.0513999983668327,0.0588000006973743,0.0551000013947486,0.0507000014185905,0.026300000026822,0.0258000008761882,0.0218000002205371,0.0168999992311
16.8,0.0093999998643994,0.0080000003799796,0.0513999983668327,0.0588000006973743,0.0551000013947486,0.0507000014185905,0.026300000026822,0.0258000008761882,0.0218000002205371,0.0168999992311
14.8,0.0093999998643994,0.0080000003799796,0.0493000000715255,0.0573000013828277,0.0509999990463256,0.0483499988913536,0.0230500008910894,0.0243999995291233,0.0196499992161989,0.0154999997466802
15.4,0.0093999998643994,0.0080000003799796,0.0493000000715255,0.0573000013828277,0.0509999990463256,0.0483499988913536,0.0230500008910894,0.0243999995291233,0.0196499992161989,0.0154999997466802
14.7,0.0274999998509883,0.0243500005453825,0.0675500035285949,0.0777499973773956,0.0719500035047531,0.0710500031709671,0.0445999987423419,0.0442500002682209,0.0432999990880489,0.0355999991297721
14.9,0.0214000009000301,0.0185000002384185,0.0555000007152557,0.0649999976158142,0.0586999990046024,0.0562000013887882,0.0344999991357326,0.0340000018477439,0.0322000011801719,0.0263999998569488
14.3,0.0214000009000301,0.0185000002384185,0.0555000007152557,0.0649999976158142,0.0586999990046024,0.0562000013887882,0.0344999991357326,0.0340000018477439,0.0322000011801719,0.0263999998569488
11.6,0.0359999984502792,0.0304000005125999,0.0617999993264675,0.0716999992728233,0.0702999979257583,0.0719000026583671,0.0516999997198581,0.0524999983608722,0.0485000014305114,0.0454000011086463
9.8,0.0166500005871057,0.0135500002652406,0.0401500016450881,0.0481499992311,0.0445999987423419,0.0419499985873699,0.0257500000298023,0.0255999993532896,0.0250499993562698,0.0206499993801116
9.3,0.003400000045076,0.0032999999821186,0.0335999988019466,0.0394000001251697,0.0331999994814395,0.0286999996751546,0.0132999997586011,0.0144999995827674,0.0109000001102685,0.0082000000402331
9.1,0.0159000009298324,0.0139499995857477,0.0421000011265277,0.0509499981999397,0.0467500016093254,0.0443000011146068,0.0285500008612871,0.0282000005245208,0.0261000003665685,0.0218499992042779
9.5,0.0284000001847744,0.0245999991893768,0.0505999997258186,0.0625,0.0603000000119209,0.0599000006914138,0.0438000001013278,0.0419000014662742,0.0412999987602233,0.0355000011622905
10.2,0.0041000000201165,0.0031000000890344,0.0282000005245208,0.0353999994695186,0.0331000015139579,0.0324999988079071,0.0159000009298324,0.016499999910593,0.0138999996706843,0.0102000003680586
11.0,0.0039499998092651,0.003000000026077,0.0296999998390674,0.0359999984502792,0.0337999984622001,0.0320499986410141,0.0151000004261732,0.0150499995797872,0.0131999999284744,0.009800000116229
12.1,0.0043999999761581,0.0041000000201165,0.031199999153614,0.0403000004589557,0.0379999987781047,0.0351999998092651,0.0181000009179115,0.018300000578165,0.0138999996706843,0.0119000002741813
13.3,0.0043999999761581,0.0041000000201165,0.031599998474121,0.0403000004589557,0.0379999987781047,0.0351999998092651,0.0181000009179115,0.018300000578165,0.0138999996706843,0.0119000002741813
16.4,0.001300000003539,0.0007999999797903,0.0285999998450279,0.0370999984443187,0.0366000011563301,0.0337000004947185,0.0151000004261732,0.0137999998405575,0.0127999996766448,0.0086000002920627
14.2,0.0010000000474974,0.0006999999750405,0.0283499993383884,0.0367499999701976,0.0355000011622905,0.0335999988019466,0.0139499995857477,0.0131000000983476,0.0115999998524785,0.0073500000871717
14.3,0.0039499998092651,0.0029500001110136,0.0340999998152256,0.0419000014662742,0.0370000004768371,0.0368999987840652,0.0171000007539987,0.0172499995678663,0.0129000004380941,0.0110499998554587
14.1,0.1415999978780746,0.1320499926805496,0.1766500025987625,0.1752000004053115,0.1750999987125396,0.1806000024080276,0.165350005030632,0.1662999987602234,0.1587000042200088,0.162550002336502
14.2,0.0013999999500811,0.0013500000350177,0.0304499994963407,0.0384499989449977,0.0361000001430511,0.033050000667572,0.0146500002592802,0.0133499996736645,0.010700000450015,0.0077999997884035
7.37,0.0019000000320374,0.002199999988079,0.0267999991774559,0.0355000011622905,0.0351000018417835,0.0313999988138675,0.0131999999284744,0.0109999999403953,0.0094999996945261,0.006800000090152
31.8,0.0005499999970197,0.0018500000005587,0.0291499998420476,0.0399000011384487,0.0399999991059303,0.0397000014781951,0.0175500009208917,0.0163000002503395,0.0152500001713633,0.0101500004529953
19.0,0.00089999998454,0.001300000003539,0.031599998474121,0.0401999987661838,0.0406000018119812,0.0373000018298625,0.0163000002503395,0.0157999992370605,0.0121999997645616,0.0103000001981854
20.8,0.0023000000510364,0.0019000000320374,0.0390000008046627,0.0438000001013278,0.0438000001013278,0.0388999991118907,0.0200999993830919,0.0201999992132186,0.0164000000804662,0.0111999996006488
16.6,0.0054500000551342,0.0046000001020729,0.033449999988079,0.0465000011026859,0.045049998909235,0.0434999987483024,0.0209999997168779,0.0209999997168779,0.0174499992281198,0.0139499995857477
15.8,0.0035000001080334,0.001700000022538,0.0421000011265277,0.0463000014424324,0.0445500016212463,0.0409500002861022,0.0212999992072582,0.0208000000566244,0.0181499999016523,0.0130500001832842
15.8,0.0063999998383224,0.0049000000581145,0.0480000004172325,0.0535999983549118,0.0478000007569789,0.0472000017762184,0.0252000000327825,0.025399999693036,0.0218000002205371,0.016499999910593
15.2,0.0098999999463558,0.0087000001221895,0.049049999564886,0.0564999990165233,0.052700001746416,0.0505999997258186,0.0288500003516674,0.0285000000149011,0.0253500007092952,0.0206499993801116
16.9,0.0518999993801116,0.0465999990701675,0.0872000008821487,0.0967999994754791,0.0948000028729438,0.0926999971270561,0.0680999979376792,0.0690999999642372,0.070200003683567,0.0606000013649463
16.8,0.0337999984622001,0.0299999993294477,0.0706000030040741,0.0802000015974044,0.0776000022888183,0.0756999999284744,0.0520999990403652,0.0520999990403652,0.0505999997258186,0.0441999994218349
24.5,0.0156999994069337,0.0133999995887279,0.0540000014007091,0.0636000037193298,0.0604000017046928,0.0586999990046024,0.0361000001430511,0.0351000018417835,0.0309999994933605,0.0277999993413686
20.2,0.0074999998323619,0.0063000000081956,0.048200000077486,0.0551999993622303,0.0489999987185001,0.0535999983549118,0.0293000005185604,0.0305000003427267,0.0252999998629093,0.0189999993890523
30.1,0.0548000000417232,0.0480000004172325,0.0843999981880188,0.0997999981045723,0.0975999981164932,0.1000000014901161,0.0762000009417533,0.0763000026345253,0.0718000009655952,0.0631000027060508
22.2,0.0549000017344951,0.0480000004172325,0.091399997472763,0.0997999981045723,0.0988000035285949,0.1000000014901161,0.0762000009417533,0.0763000026345253,0.0718000009655952,0.065200001001358
14.1,0.0164000000804662,0.0137000000104308,0.0465000011026859,0.0586000010371208,0.049100000411272,0.0544999986886978,0.034800000488758,0.0344999991357326,0.0294000003486871,0.0275999996811151
12.1,0.0175000000745058,0.0143999997526407,0.0483999997377395,0.0603000000119209,0.049100000411272,0.0544999986886978,0.034800000488758,0.0344999991357326,0.0294000003486871,0.0275999996811151
10.6,0.0115999998524785,0.0093000000342726,0.0452000014483928,0.0603000000119209,0.0434999987483024,0.048700001090765,0.0264999996870756,0.026300000026822,0.02449999935925,0.0198999997228384
15.0,0.0104000000283122,0.0087999999523162,0.0441999994218349,0.0592500008642673,0.0392500013113021,0.0586000010371208,0.0275999996811151,0.0278999991714954,0.0247499998658895,0.0196499992161989
21.9,0.0246500000357627,0.0217000003904104,0.0564000010490417,0.0734999999403953,0.0518999993801116,0.0775500014424324,0.0474499985575675,0.0474000014364719,0.0425000004470348,0.0347499996423721
20.0,0.0162000004202127,0.0137000000104308,0.0428000018000602,0.0688999965786933,0.0386000014841556,0.0962999984622001,0.066600002348423,0.067500002682209,0.0588000006973743,0.0430999994277954
33.3,0.0117499995976686,0.009349999949336,0.0458500012755394,0.0645999982953071,0.0425999984145164,0.0750999972224235,0.0460000000894069,0.0476499982178211,0.0403000004589557,0.032549999654293
20.0,0.0086500002071261,0.0066999997943639,0.0461499989032745,0.0576499998569488,0.0466499999165535,0.0526000000536441,0.0287500005215406,0.0303499996662139,0.0277999993413686,0.0215499997138977
21.9,0.0094999996945261,0.0073000001721084,0.0434000007808208,0.0535999983549118,0.0524999983608722,0.0507999993860721,0.0286999996751546,0.0280000008642673,0.0255999993532896,0.0209999997168779
25.2,0.0094999996945261,0.0073000001721084,0.0480000004172325,0.0538999997079372,0.0524999983608722,0.0507999993860721,0.0287999995052814,0.0309999994933605,0.0255999993532896,0.0212999992072582
27.4,0.0043000001460313,0.0030499999411404,0.0430499985814094,0.050500001758337,0.0527499988675117,0.051350001245737,0.0261499993503093,0.0262499991804361,0.0215499997138977,0.0156500004231929
31.1,0.0035000001080334,0.0027000000700354,0.0394000001251697,0.0504000000655651,0.0531999990344047,0.0507000014185905,0.0269000008702278,0.0252000000327825,0.0215000007301569,0.0154999997466802
34.5,0.0041000000201165,0.0031999999191612,0.0439000017940998,0.0476000010967254,0.0526000000536441,0.0571000017225742,0.0340000018477439,0.0353999994695186,0.0278999991714954,0.0223999992012977
8.9,0.0063000000081956,0.0056500001810491,0.0337500013411045,0.0423500016331672,0.0359000004827976,0.0357000008225441,0.018750000745058,0.0181000009179115,0.0157500002533197,0.0126000000163912
8.3,0.0065000001341104,0.006000000052154,0.0342999994754791,0.0419999994337558,0.034400001168251,0.0346000008285045,0.0178999993950128,0.0185000002384185,0.0143999997526407,0.0120999999344348
11.3,0.0085000004619359,0.0091000003740191,0.0379000008106231,0.046799998730421,0.0403000004589557,0.0375499986112117,0.0199999995529651,0.0196000002324581,0.016950000077486,0.0141500001773238
10.0,0.158500000834465,0.1441999971866607,0.1834499984979629,0.1962999999523162,0.1879000067710876,0.1915999948978424,0.177849993109703,0.1720999926328659,0.1877499967813491,0.1638499945402145
9.5,0.3064999878406524,0.276199996471405,0.3253999948501587,0.3409999907016754,0.3296000063419342,0.3427000045776367,0.3336000144481659,0.3235000073909759,0.356000006198883,0.3115000128746032
9.1,0.0037499999161809,0.0034499999601393,0.0318999998271465,0.0401000007987022,0.0361500009894371,0.0337000004947185,0.0149999996647238,0.0143999997526407,0.0115999998524785,0.0090500004589557
10.0,0.0041000000201165,0.0043000001460313,0.0318999998271465,0.0412999987602233,0.0342999994754791,0.0318999998271465,0.0156999994069337,0.0159000009298324,0.0127999996766448,0.0102000003680586
9.6,0.0031000000890344,0.0015999999595806,0.032999999821186,0.0408000014722347,0.031599998474121,0.0275500006973743,0.010700000450015,0.0108500001952052,0.0087999999523162,0.0060999998822808
15.2,0.0006999999750405,0.0019000000320374,0.0209999997168779,0.032600000500679,0.0335999988019466,0.0295000001788139,0.0120999999344348,0.0109000001102685,0.0105999996885657,0.0076999999582767
15.0,0.0085000004619359,0.0070000002160668,0.0375999994575977,0.0423000007867813,0.0436000004410743,0.0416000001132488,0.0230999998748302,0.0216000005602836,0.0209999997168779,0.0164000000804662
15.4,0.0265999995172023,0.0225000008940696,0.0555999986827373,0.0615999996662139,0.0636000037193298,0.0631000027060508,0.0428000018000602,0.0417000018060207,0.0419999994337558,0.0355000011622905
14.9,0.0048000002279877,0.0035999999381601,0.0386999994516372,0.0439999997615814,0.0412000007927417,0.0430999994277954,0.0255999993532896,0.0258000008761882,0.0216000005602836,0.0160000007599592
24.1,0.0456000007688999,0.0386999994516372,0.0759999975562095,0.0841000005602836,0.0848999992012977,0.0863000005483627,0.064300000667572,0.061099998652935,0.0636999979615211,0.0542000010609626
15.0,0.0326999984681606,0.0283000003546476,0.0636999979615211,0.0724999979138374,0.068400003015995,0.0722000002861023,0.0500999987125396,0.0485000014305114,0.0496999993920326,0.0419000014662742
15.8,0.0213500000536441,0.0181000009179115,0.0502500012516975,0.0600499995052814,0.0546000003814697,0.0589499995112419,0.0372500009834766,0.0366999991238117,0.0363500006496906,0.0298999994993209
13.5,0.0099999997764825,0.0078999996185302,0.0350000001490116,0.045899998396635,0.0408000014722347,0.0456999987363815,0.0243999995291233,0.0249000005424022,0.0230000000447034,0.0178999993950128
18.7,0.0062000001780688,0.0048000002279877,0.036200001835823,0.0469000004231929,0.0342000015079975,0.0421000011265277,0.0270000007003545,0.0278999991714954,0.0236000008881092,0.0178999993950128
9.9,0.0099499998614192,0.0089499996975064,0.0361000001430511,0.0458500012755394,0.0369499996304512,0.0402499996125698,0.0313999988138675,0.0324000008404254,0.0295499991625547,0.0273499991744756
1.6,0.0086000002920627,0.0065999999642372,0.0309999994933605,0.0351499989628791,0.0270000007003545,0.0268500000238418,0.0243999995291233,0.0252999998629093,0.0232500005513429,0.0214499998837709
1.4,0.0081000002101063,0.0063999998383224,0.0260000005364418,0.0286999996751546,0.0216000005602836,0.0200999993830919,0.0161000005900859,0.0184000004082918,0.0161000005900859,0.0147000001743435
2.2,0.0055999998003244,0.0051000001840293,0.0223999992012977,0.0291000008583068,0.0194499995559453,0.0188500005751848,0.013600000180304,0.0138999996706843,0.0124000003561377,0.0107500003650784
0.9,0.0077999997884035,0.0076000001281499,0.024100000038743,0.0315000005066394,0.0233999993652105,0.0212999992072582,0.0161000005900859,0.0161000005900859,0.0143999997526407,0.0115999998524785
1.1,0.0043999999761581,0.0042500002309679,0.0186000000685453,0.0259499996900558,0.017850000411272,0.0157999992370605,0.0113500002771615,0.0111499996855854,0.0099999997764825,0.0080000003799796
4.8,0.0044999998062849,0.0043999999761581,0.023199999704957,0.0306000001728534,0.0179999992251396,0.0188999995589256,0.0102000003680586,0.0115999998524785,0.0094999996945261,0.0076000001281499
2.7,0.0052000000141561,0.0043999999761581,0.0232999995350837,0.0320000015199184,0.0191500000655651,0.0197999998927116,0.0124000003561377,0.0132999997586011,0.0111499996855854,0.0100999996066093
5.7,0.003000000026077,0.0015500000445172,0.0222999993711709,0.0438500009477138,0.0229499991983175,0.0306000001728534,0.0176999997347593,0.0189500004053115,0.0129000004380941,0.0130500001832842
10.5,0.0019499999471008,0.0015500000445172,0.0218000002205371,0.0480999983847141,0.0223999992012977,0.0388499982655048,0.0210500005632638,0.0189500004053115,0.0157500002533197,0.012699999846518
27.3,0.0019000000320374,0.001300000003539,0.0283000003546476,0.0511999987065792,0.0329000018537044,0.0564000010490417,0.025900000706315,0.0266999993473291,0.0218000002205371,0.0153999999165534
17.1,0.0019000000320374,0.001300000003539,0.0283000003546476,0.0511999987065792,0.0329000018537044,0.0564000010490417,0.025900000706315,0.0266999993473291,0.0218000002205371,0.0153999999165534
17.5,0.0135000003501772,0.0186999998986721,0.0449000000953674,0.0684999972581863,0.0453500002622604,0.0653000026941299,0.0310999993234872,0.0318999998271465,0.0262000001966953,0.0223999992012977
2.0,0.0331000015139579,0.0284000001847744,0.0588999986648559,0.068400003015995,0.0606000013649463,0.0584999993443489,0.0449000000953674,0.0425999984145164,0.0469999983906745,0.0394000001251697
4.6,0.0240000002086162,0.0201999992132186,0.0462500005960464,0.0528500005602836,0.0440500006079673,0.0414000004529953,0.0322999991476535,0.0313500016927719,0.0317500010132789,0.0284000001847744
5.9,0.0216000005602836,0.0211500003933906,0.0496999993920326,0.0564999990165233,0.0465499982237815,0.0452999994158744,0.0307500008493661,0.031700000166893,0.0282499995082616,0.0272000003606081
6.1,0.016499999910593,0.0163000002503395,0.0521499998867511,0.0565499998629093,0.0437499992549419,0.0410999990999698,0.0254999995231628,0.0266999993473291,0.0241999998688697,0.0212500002235174
5.1,0.0108000002801418,0.0109999999403953,0.048700001090765,0.0544999986886978,0.0394000001251697,0.0351000018417835,0.0204000007361173,0.0194000005722045,0.0197000000625848,0.0152000002562999
3.4,0.0366499982774257,0.0340000018477439,0.060649998486042,0.0668499991297721,0.0588500015437603,0.0573000013828277,0.0436500012874603,0.0447500012814998,0.0461000017821788,0.0395999997854232
4.9,0.0366499982774257,0.0340000018477439,0.060649998486042,0.0668499991297721,0.0588500015437603,0.0573000013828277,0.0436500012874603,0.0447500012814998,0.0461000017821788,0.0395999997854232
5.4,0.0027999999001622,0.0031000000890344,0.0307000000029802,0.0354500003159046,0.025399999693036,0.0233500003814697,0.0092000002041459,0.0104000000283122,0.0091500002890825,0.0057999999262392
10.1,0.0120999999344348,0.010250000283122,0.0393499992787838,0.0476000010967254,0.0395999997854232,0.0384999997913837,0.0216000005602836,0.0211999993771314,0.0199500005692243,0.0152000002562999
16.8,0.067900002002716,0.062449999153614,0.0882999971508979,0.094650000333786,0.093699999153614,0.0922000035643577,0.0740000009536743,0.0725999996066093,0.0758000016212463,0.0653000026941299
17.5,0.0091000003740191,0.0104000000283122,0.0419999994337558,0.0553000010550022,0.0542000010609626,0.048700001090765,0.0263999998569488,0.0245999991893768,0.0230000000447034,0.017799999564886
17.5,0.0049999998882412,0.006000000052154,0.0408000014722347,0.0504000000655651,0.0489000007510185,0.0440500006079673,0.0212999992072582,0.0204499997198581,0.0182499997317791,0.0130500001832842
17.6,0.0747999995946884,0.0645999982953071,0.096000000834465,0.1040000021457672,0.1013000011444091,0.0989999994635582,0.0791999995708465,0.0800999999046325,0.0769999995827674,0.0698999986052513
15.8,0.0747999995946884,0.0645999982953071,0.096000000834465,0.1040000021457672,0.1013000011444091,0.0989999994635582,0.0791999995708465,0.0800999999046325,0.0769999995827674,0.0698999986052513
15.2,0.0186000000685453,0.0161499995738267,0.0549499988555908,0.0632499977946281,0.0573999993503093,0.0557999983429908,0.0328000001609325,0.032999999821186,0.0304499994963407,0.0252000000327825
15.5,0.0186000000685453,0.0161499995738267,0.0560499988496303,0.0632499977946281,0.0573999993503093,0.0557999983429908,0.0332500003278255,0.033950001001358,0.0309999994933605,0.0262499991804361
16.9,0.0085500003769993,0.0069499998353421,0.0461000017821788,0.0541500002145767,0.0471500009298324,0.047749999910593,0.0232999995350837,0.0242999996989965,0.0209999997168779,0.0160000007599592
16.0,0.0127999996766448,0.010700000450015,0.0502000004053115,0.0597000010311603,0.0522000007331371,0.0529000014066696,0.0285000000149011,0.0288999993354082,0.0264999996870756,0.0206000003963708
13.8,0.0370999984443187,0.033900000154972,0.0723000019788742,0.0820000022649765,0.0768000036478042,0.0746999979019165,0.0507999993860721,0.0502000004053115,0.0494999997317791,0.0432000011205673
12.5,0.0432999990880489,0.0364000014960765,0.0738999992609024,0.0878999978303909,0.0826999992132186,0.0826999992132186,0.0606000013649463,0.0575000010430812,0.0573000013828277,0.0529000014066696
10.1,0.0196000002324581,0.0165500007569789,0.046399999409914,0.0544999986886978,0.0511000007390975,0.0478500016033649,0.0304000005125999,0.0303000006824731,0.0294000003486871,0.0255500003695487
9.8,0.0041999998502433,0.0038000000640749,0.0375999994575977,0.0410000011324882,0.0359999984502792,0.0328000001609325,0.0153999999165534,0.0154999997466802,0.0131999999284744,0.0094999996945261
10.5,0.0152000002562999,0.0131999999284744,0.0431500002741813,0.0498000010848045,0.046399999409914,0.0434999987483024,0.0260499995201826,0.0256500001996755,0.0251499991863966,0.0208500009030103
10.1,0.0074999998323619,0.0063999998383224,0.0408999994397163,0.0441999994218349,0.0397999994456768,0.0368000008165836,0.0193000007420778,0.0194000005722045,0.0160000007599592,0.0138999996706843
9.3,0.0074999998323619,0.0074000000022351,0.0355999991297721,0.0421999990940094,0.0397999994456768,0.0344999991357326,0.0193000007420778,0.0194000005722045,0.0160000007599592,0.0138999996706843
10.5,0.0057500000111758,0.0072499997913837,0.0323499999940395,0.0397999994456768,0.0371499992907047,0.032999999821186,0.0166500005871057,0.0171499997377395,0.0144499996677041,0.0113000003620982
12.1,0.0037000000011175,0.0040000001899898,0.0342000015079975,0.0434999987483024,0.0392999984323978,0.0357999987900257,0.0182000007480382,0.0171000007539987,0.0143999997526407,0.0113000003620982
12.4,0.0037000000011175,0.0040000001899898,0.033500000834465,0.0410999990999698,0.0381000004708766,0.0357000008225441,0.0182000007480382,0.0171000007539987,0.0143999997526407,0.0113000003620982
13.8,0.0010999999940395,0.0023000000510364,0.0273000001907348,0.0397999994456768,0.0364999994635582,0.0324999988079071,0.0132999997586011,0.0132999997586011,0.0120999999344348,0.0080000003799796
13.9,0.0012499999720603,0.0015500000445172,0.0283499993383884,0.0395999997854232,0.0366499982774257,0.0322999991476535,0.0131999999284744,0.0127499997615814,0.0113000003620982,0.0076500000432133
14.0,0.0023499999660998,0.0019000000320374,0.0373000018298625,0.0413499996066093,0.0381000004708766,0.033500000834465,0.0155499996617436,0.0148499999195337,0.0116499997675418,0.0096000004559755
13.9,0.0716999992728233,0.0694499984383583,0.1143999993801117,0.1067000031471252,0.0974999964237213,0.0988999977707862,0.0830999985337257,0.0818499997258186,0.0854000002145767,0.0773999989032745
14.0,0.0015000000130385,0.0010000000474974,0.0331499986350536,0.0399000011384487,0.0364999994635582,0.0346500016748905,0.0142500000074505,0.0142000000923872,0.0112500004470348,0.006800000090152
8.08,0.0023000000510364,0.0015999999595806,0.0274000000208616,0.0386000014841556,0.036200001835823,0.032600000500679,0.0135000003501772,0.0122999995946884,0.0116999996826052,0.0065000001341104
39.7,0.0015000000130385,0.001700000022538,0.0299999993294477,0.0415499992668628,0.0503499992191791,0.051350001245737,0.0284000001847744,0.0280000008642673,0.0248000007122755,0.0156999994069337
20.6,0.0007999999797903,0.0027000000700354,0.031599998474121,0.0412999987602233,0.0430000014603138,0.0357999987900257,0.0171000007539987,0.0164000000804662,0.0131999999284744,0.0081000002101063
17.6,0.0087999999523162,0.008899999782443,0.033900000154972,0.0346000008285045,0.0324000008404254,0.026300000026822,0.0175000000745058,0.019200000911951,0.0137000000104308,0.0159000009298324
15.5,0.0012000000569969,0.0015000000130385,0.0337000004947185,0.0436999984085559,0.0426499992609024,0.0380499996244907,0.0179999992251396,0.0167500004172325,0.0148000000044703,0.0087500000372529
14.9,0.0086000002920627,0.0074000000022351,0.049150001257658,0.0542000010609626,0.0507000014185905,0.0449500009417533,0.0242999996989965,0.0237000007182359,0.0228499993681907,0.0164500009268522
17.4,0.0063999998383224,0.0048000002279877,0.0489000007510185,0.0535999983549118,0.0500999987125396,0.0467000007629394,0.0242999996989965,0.0238000005483627,0.0209999997168779,0.0162000004202127
15.0,0.0133499996736645,0.0110999997705221,0.0517500005662441,0.060649998486042,0.0575499981641769,0.0536499992012977,0.0302000008523464,0.0304499994963407,0.0272499993443489,0.0234999991953372
15.5,0.0408000014722347,0.0359999984502792,0.0812000036239624,0.0896999984979629,0.0861999988555908,0.0807999968528747,0.0564999990165233,0.0548000000417232,0.0588999986648559,0.0474999994039535
15.8,0.0252500008791685,0.0217499993741512,0.066100001335144,0.0763500034809112,0.0691500008106231,0.0650999993085861,0.0426499992609024,0.0425000004470348,0.0412500016391277,0.0348999984562397
15.5,0.0197999998927116,0.0170000009238719,0.060199998319149,0.0707999989390373,0.0640999972820282,0.0617000013589859,0.0392000004649162,0.0406000018119812,0.0346999987959861,0.031599998474121
22.4,0.0057999999262392,0.0035000001080334,0.0469000004231929,0.0542999990284442,0.0461999997496604,0.0474000014364719,0.026300000026822,0.0269000008702278,0.0230000000447034,0.016499999910593
18.6,0.0511999987065792,0.0465000011026859,0.0879999995231628,0.1005999967455864,0.0925000011920929,0.101400002837181,0.0763000026345253,0.0746999979019165,0.0747999995946884,0.0627999976277351
31.3,0.0511999987065792,0.0465000011026859,0.0879999995231628,0.1005999967455864,0.0925000011920929,0.101400002837181,0.0763000026345253,0.0746999979019165,0.0747999995946884,0.0627999976277351
14.3,0.033900000154972,0.0309999994933605,0.0671999976038932,0.0746999979019165,0.067500002682209,0.0648000016808509,0.0454000011086463,0.046399999409914,0.0447999984025955,0.0399999991059303
12.7,0.0170000009238719,0.015599999576807,0.0513000003993511,0.0617999993264675,0.0549000017344951,0.0562000013887882,0.0355999991297721,0.0359000004827976,0.0310999993234872,0.0289999991655349
14.2,0.0113000003620982,0.0104999998584389,0.0397999994456768,0.0531999990344047,0.0357000008225441,0.0421000011265277,0.0227000005543231,0.0233999993652105,0.0199999995529651,0.0190999992191791
13.4,0.0104000000283122,0.0068500000052154,0.0419499985873699,0.062899999320507,0.0368500016629695,0.063799999654293,0.0385500006377697,0.0381500013172626,0.0346000008285045,0.0275500006973743
14.7,0.0182499997317791,0.0152000002562999,0.0501499995589256,0.0666999965906143,0.0450999997556209,0.0659499987959861,0.0385500006377697,0.0381500013172626,0.0346000008285045,0.0275500006973743
6.7,0.0124000003561377,0.0102000003680586,0.0498999990522861,0.0573999993503093,0.046799998730421,0.0480000004172325,0.0269000008702278,0.0252999998629093,0.025900000706315,0.0188999995589256
15.2,0.0099499998614192,0.006800000090152,0.0507999993860721,0.0574500001966953,0.0467000007629394,0.0463000014424324,0.0269499998539686,0.0265500005334615,0.0246500000357627,0.0192499998956918
10.7,0.0071000000461936,0.003400000045076,0.0482500009238719,0.0542999990284442,0.0456000007688999,0.0426499992609024,0.02449999935925,0.025450000539422,0.0210500005632638,0.0175000000745058
21.8,0.0031999999191612,0.00179999996908,0.0403999984264373,0.0518999993801116,0.050500001758337,0.050000000745058,0.0262000001966953,0.0266999993473291,0.0212999992072582,0.0164000000804662
25.1,0.0078999996185302,0.0065999999642372,0.0478000007569789,0.0520999990403652,0.0507999993860721,0.0505999997258186,0.0273000001907348,0.0278999991714954,0.0241999998688697,0.0197999998927116
29.4,0.0043500000610947,0.0033499998971819,0.0436999984085559,0.0518499985337257,0.052250001579523,0.0517500005662441,0.0263999998569488,0.0270000007003545,0.0211999993771314,0.0159000009298324
30.6,0.0043999999761581,0.0037000000011175,0.0399000011384487,0.0498999990522861,0.0520000010728836,0.0513999983668327,0.0264999996870756,0.026300000026822,0.0219999998807907,0.0157999992370605
31.5,0.0035000001080334,0.0012000000569969,0.0491999983787536,0.0494999997317791,0.0542999990284442,0.0537000000476837,0.0286999996751546,0.0291000008583068,0.0234999991953372,0.0172000005841255
4.9,0.0052499999292194,0.0041000000201165,0.0260000005364418,0.0313000008463859,0.0258000008761882,0.0220999997109174,0.0067500001750886,0.0080000003799796,0.0060499999672174,0.0051500000990927
5.1,0.0046999999321997,0.0031999999191612,0.0260000005364418,0.0315000005066394,0.0255999993532896,0.0220999997109174,0.0065000001341104,0.0080000003799796,0.0041999998502433,0.0041999998502433
5.3,0.0097000002861022,0.0078499997034668,0.0314499996602535,0.0383000001311302,0.0328000001609325,0.0274000000208616,0.0116499997675418,0.013150000013411,0.0105999996885657,0.009349999949336
5.9,0.0099499998614192,0.0089999996125698,0.0298500005155801,0.0318999998271465,0.0259499996900558,0.0216499995440244,0.0087999999523162,0.0099999997764825,0.009800000116229,0.0073000001721084
6.3,0.0052000000141561,0.0054999999701976,0.0228000003844499,0.0186999998986721,0.0119000002741813,0.0105999996885657,0.0007999999797903,0.001700000022538,0.002600000007078,9.999999747378752e-05
6.1,0.0081500001251697,0.0074499999172985,0.0237000007182359,0.0293499995023012,0.0249000005424022,0.0197500009089708,0.0075500002130866,0.0082999998703598,0.0074999998323619,0.0060499999672174
9.1,0.0068999999202787,0.0054999999701976,0.0252999998629093,0.0333999991416931,0.0294000003486871,0.0230999998748302,0.0074999998323619,0.0081000002101063,0.0063999998383224,0.0057000000961124
5.1,0.0054000001400709,0.0052999998442828,0.017799999564886,0.0215499997138977,0.0214499998837709,0.0174499992281198,0.0054500000551342,0.0066499998793005,0.0053500002250075,0.0040500001050531
24.8,0.002600000007078,0.0020000000949949,0.0219000000506639,0.0335999988019466,0.0406999997794628,0.0386999994516372,0.0148000000044703,0.0140000004321336,0.0113000003620982,0.0052000000141561
27.1,0.0065000001341104,0.0059000002220273,0.0324999988079071,0.0384000018239021,0.0436000004410743,0.0434000007808208,0.0203000009059906,0.0197999998927116,0.0159000009298324,0.0115000000223517
14.3,0.0204000007361173,0.0176999997347593,0.0432000011205673,0.0533000007271766,0.0516999997198581,0.0500999987125396,0.0281000006943941,0.0291000008583068,0.0291000008583068,0.0239000003784894
10.9,0.0060999998822808,0.0043000001460313,0.0348999984562397,0.036200001835823,0.0326999984681606,0.0309999994933605,0.0103000001981854,0.0097000002861022,0.0078999996185302,0.0052000000141561
11.8,0.0491999983787536,0.0471000000834465,0.0641999989748001,0.0734999999403953,0.066500000655651,0.0728999972343444,0.0557999983429908,0.0584999993443489,0.0507000014185905,0.0538000017404556
9.4,0.0381000004708766,0.034800000488758,0.049100000411272,0.0579999983310699,0.0579999983310699,0.0608000010251998,0.0427000001072883,0.0454000011086463,0.034800000488758,0.0395000018179416
13.2,0.0248000007122755,0.0230999998748302,0.0410999990999698,0.0500999987125396,0.047249998897314,0.0483999997377395,0.0293499995023012,0.0305499993264675,0.0252000000327825,0.025900000706315
15.2,0.0115000000223517,0.0114000001922249,0.0331000015139579,0.0421999990940094,0.0364999994635582,0.0359999984502792,0.0160000007599592,0.0156999994069337,0.015599999576807,0.0122999995946884
30.3,0.0137000000104308,0.0114000001922249,0.036200001835823,0.0478000007569789,0.0308999996632337,0.0395000018179416,0.0272000003606081,0.0273000001907348,0.0218000002205371,0.0188999995589256
3.6,0.0180500000715255,0.0162000004202127,0.0347499996423721,0.0413499996066093,0.0357999987900257,0.0348999984562397,0.0255500003695487,0.0267999991774559,0.0238000005483627,0.0220500007271766
3.9,0.0094499997794628,0.0069499998353421,0.0220500007271766,0.0289500001817941,0.0231500007212162,0.025399999693036,0.0153999999165534,0.0157500002533197,0.0132499998435378,0.0139499995857477
4.1,0.0070000002160668,0.0054000001400709,0.0178999993950128,0.0242999996989965,0.0184000004082918,0.018300000578165,0.0093999998643994,0.0098999999463558,0.0092000002041459,0.0074999998323619
5.6,0.0085000004619359,0.0073500000871717,0.0209500007331371,0.0280499998480081,0.0219999998807907,0.0223500002175569,0.0118000004440546,0.0110999997705221,0.0106499996036291,0.0092500001192092
6.9,0.0118000004440546,0.0093000000342726,0.0240000002086162,0.0329000018537044,0.0255999993532896,0.0281000006943941,0.0142000000923872,0.0125000001862645,0.0125000001862645,0.0109999999403953
8.0,0.0082499999552965,0.0066999997943639,0.0211999993771314,0.0323499999940395,0.0233500003814697,0.0273000001907348,0.0116999996826052,0.0115000000223517,0.0104000000283122,0.0087000001221895
6.2,0.0063999998383224,0.0049999998882412,0.0186999998986721,0.0305000003427267,0.0176999997347593,0.0267999991774559,0.0074999998323619,0.0089999996125698,0.0082999998703598,0.0059000002220273
8.4,0.0077999997884035,0.0057999999262392,0.0215000007301569,0.0340499989688396,0.0205000005662441,0.0295000001788139,0.0121499998494982,0.013150000013411,0.0112500004470348,0.0094499997794628
18.2,0.0045500001870095,0.0049000000581145,0.0220500007271766,0.0408000014722347,0.0225000008940696,0.0377999991178512,0.0173000004142522,0.0159000009298324,0.0127999996766448,0.0099999997764825
14.3,0.0035500000230968,0.0033499998971819,0.0220500007271766,0.0378499999642372,0.0216499995440244,0.0351000018417835,0.0142999999225139,0.0135000003501772,0.0110999997705221,0.0076999999582767
18.2,0.1041999980807304,0.0921000018715858,0.0825999975204467,0.0894000008702278,0.0780000016093254,0.1000000014901161,0.1059999987483024,0.1191999986767768,0.1202000007033348,0.122699998319149
27.6,0.1041999980807304,0.0921000018715858,0.0825999975204467,0.0894000008702278,0.0780000016093254,0.1000000014901161,0.1059999987483024,0.1191999986767768,0.1202000007033348,0.122699998319149
27.1,0.0019000000320374,0.0032999999821186,0.0277999993413686,0.0414999984204769,0.0310999993234872,0.0408999994397163,0.0140000004321336,0.0153000000864267,0.0097000002861022,0.0066999997943639
16.3,0.0019000000320374,0.0032999999821186,0.0277999993413686,0.0414999984204769,0.0310999993234872,0.0408999994397163,0.0140000004321336,0.0153000000864267,0.0097000002861022,0.0066999997943639
25.6,0.0076999999582767,0.0073000001721084,0.0324000008404254,0.0373000018298625,0.0292000006884336,0.0346999987959861,0.0152500001713633,0.0174499992281198,0.012249999679625,0.0105999996885657
7.2,0.0124000003561377,0.0100999996066093,0.0333000011742115,0.0403000004589557,0.0344999991357326,0.031700000166893,0.0172000005841255,0.0168999992311,0.0185000002384185,0.012699999846518
9.7,0.0249000005424022,0.0203499998897314,0.0516499988734722,0.0564499981701374,0.052700001746416,0.0474999994039535,0.0283499993383884,0.0284000001847744,0.0296999998390674,0.0248499996960163
7.2,0.0185000002384185,0.0170000009238719,0.0422499999403953,0.048200000077486,0.0419000014662742,0.0366000011563301,0.0181000009179115,0.0185000002384185,0.0170000009238719,0.0147500000894069
4.3,0.0314499996602535,0.0285500008612871,0.0598499998450279,0.0612000003457069,0.0530500002205371,0.048650000244379,0.0315000005066394,0.0313000008463859,0.0337000004947185,0.0273499991744756
4.0,0.045899998396635,0.0410000011324882,0.0775000005960464,0.0768000036478042,0.068400003015995,0.062899999320507,0.0474999994039535,0.0472000017762184,0.052700001746416,0.0425000004470348
4.0,0.0556499995291233,0.0531499981880188,0.0747999995946884,0.0801500007510185,0.0740000009536743,0.0716999992728233,0.0573000013828277,0.0579500012099742,0.0534499995410442,0.0557500012218952
5.3,0.0935999974608421,0.0812000036239624,0.1133999973535537,0.1209999993443489,0.1176000013947486,0.1171000003814697,0.0970999971032142,0.0962999984622001,0.096400000154972,0.0899000018835067
9.0,0.0133999995887279,0.0119000002741813,0.0377999991178512,0.0414999984204769,0.0337000004947185,0.0291000008583068,0.0114000001922249,0.0110999997705221,0.0104999998584389,0.0092000002041459
16.2,0.0271000005304813,0.0228000003844499,0.0557000003755092,0.0632999986410141,0.0558499991893768,0.0534499995410442,0.0304000005125999,0.0298500005155801,0.0311500001698732,0.0260000005364418
11.1,0.0222500003874301,0.0195499993860721,0.0542000010609626,0.0586999990046024,0.0564000010490417,0.0505999997258186,0.0286999996751546,0.0283000003546476,0.0269499998539686,0.0234999991953372
11.9,0.0114000001922249,0.0097000002861022,0.0368999987840652,0.0480000004172325,0.0423999987542629,0.0373000018298625,0.0147000001743435,0.0160000007599592,0.0151000004261732,0.0109999999403953
11.1,0.0076500000432133,0.0065999999642372,0.0351999998092651,0.0433499999344348,0.0392000004649162,0.0333000011742115,0.0107500003650784,0.0117499995976686,0.0106499996036291,0.0068999999202787
10.7,0.0214000009000301,0.0216000005602836,0.0548000000417232,0.060199998319149,0.0557000003755092,0.0493000000715255,0.0239000003784894,0.0241999998688697,0.0230000000447034,0.0190999992191791
10.3,0.0214000009000301,0.0216000005602836,0.0548000000417232,0.060199998319149,0.0557000003755092,0.0493000000715255,0.0239000003784894,0.0241999998688697,0.0230000000447034,0.0190999992191791
9.0,0.0096500003710389,0.0082000000402331,0.0359000004827976,0.0428499989211559,0.034400001168251,0.0281000006943941,0.0070500001311302,0.0077499998733401,0.0072499997913837,0.005549999885261
7.5,0.0119000002741813,0.0097000002861022,0.0379000008106231,0.0447500012814998,0.0370999984443187,0.0307500008493661,0.010700000450015,0.0115499999374151,0.0100999996066093,0.0076500000432133
7.4,0.0110999997705221,0.0091500002890825,0.0395000018179416,0.0469500012695789,0.0379500016570091,0.0332500003278255,0.0121499998494982,0.0125000001862645,0.0106499996036291,0.0074499999172985
16.9,0.0129000004380941,0.0103000001981854,0.0390000008046627,0.0474000014364719,0.0412999987602233,0.035300001502037,0.0140000004321336,0.0153999999165534,0.0137999998405575,0.0104999998584389
8.5,0.0133999995887279,0.0103000001981854,0.0390000008046627,0.0474000014364719,0.0412999987602233,0.035300001502037,0.0140000004321336,0.0153999999165534,0.0132999997586011,0.0104999998584389
13.3,0.0188999995589256,0.0178999993950128,0.0454000011086463,0.0568999983370304,0.0513000003993511,0.0419999994337558,0.0179999992251396,0.0160000007599592,0.0132999997586011,0.0113000003620982
7.6,0.0125500001013278,0.0103500001132488,0.0218000002205371,0.0228499993681907,0.0236000008881092,0.023199999704957,0.0133499996736645,0.0138499997556209,0.0138499997556209,0.0112500004470348
6.9,0.0078999996185302,0.0063999998383224,0.0205000005662441,0.0199999995529651,0.019200000911951,0.0186000000685453,0.0102000003680586,0.0111999996006488,0.0102000003680586,0.0087999999523162
5.9,0.0106499996036291,0.0094999996945261,0.0221500005573034,0.0237000007182359,0.0252500008791685,0.0238000005483627,0.0132999997586011,0.0136500000953674,0.0132999997586011,0.0116999996826052
7.8,0.0133999995887279,0.0113000003620982,0.0238000005483627,0.0274000000208616,0.0313000008463859,0.0289999991655349,0.0164000000804662,0.0161000005900859,0.0163000002503395,0.0146000003442168
8.0,0.0052000000141561,0.0051000001840293,0.0187999997287988,0.0240000002086162,0.0262000001966953,0.0251000002026557,0.0071000000461936,0.0093000000342726,0.0071000000461936,0.0062000001780688
10.8,0.0048500001430511,0.0038999998942017,0.0210999995470047,0.0263999998569488,0.0275999996811151,0.0251499991863966,0.0070500001311302,0.0078999996185302,0.0071000000461936,0.0052999998442828
10.9,0.0063999998383224,0.0048000002279877,0.0242999996989965,0.0307999998331069,0.0296000000089406,0.0266999993473291,0.0118000004440546,0.0120000001043081,0.0097000002861022,0.0074000000022351
10.9,0.0057000000961124,0.0049999998882412,0.0242999996989965,0.031599998474121,0.0296999998390674,0.0277999993413686,0.0118000004440546,0.0120000001043081,0.0093999998643994,0.0074000000022351
14.5,0.0027000000700354,0.0031000000890344,0.0233999993652105,0.031599998474121,0.0335999988019466,0.0299999993294477,0.0099999997764825,0.009800000116229,0.0086000002920627,0.0054000001400709
13.8,0.0025500000920146,0.0027999999001622,0.0234999991953372,0.0349499993026256,0.0332500003278255,0.0300500001758337,0.0098500000312924,0.009349999949336,0.0076999999582767,0.0048500001430511
15.9,0.0038499999791383,0.0033499998971819,0.0280499998480081,0.0383500009775161,0.0368999987840652,0.0327499993145465,0.010700000450015,0.0120500000193715,0.0088499998673796,0.0059500001370906
14.5,0.1359499990940094,0.1177000030875206,0.1562999933958053,0.1585499942302703,0.1500499993562698,0.159400001168251,0.1630499958992004,0.1714500039815902,0.1764499992132187,0.1722500026226043
13.7,0.0031500000040978,0.00179999996908,0.0166999995708465,0.0212999992072582,0.0241999998688697,0.024100000038743,0.0083499997854232,0.009800000116229,0.0078999996185302,0.0046000001020729
7.65,0.0040000001899898,0.0023000000510364,0.0206000003963708,0.0237000007182359,0.0245999991893768,0.0260000005364418,0.0096000004559755,0.0109000001102685,0.0093999998643994,0.0052000000141561
23.6,0.0020500000100582,0.0016499999910593,0.0204499997198581,0.0264500007033348,0.0342000015079975,0.0328000001609325,0.012249999679625,0.0143499998375773,0.0107500003650784,0.0073000001721084
11.8,0.0024000001139938,0.0037000000011175,0.0228000003844499,0.0309999994933605,0.0294000003486871,0.0236000008881092,0.0070000002160668,0.0071000000461936,0.0051000001840293,0.002600000007078
18.5,0.0130000002682209,0.0113000003620982,0.0432000011205673,0.0439000017940998,0.046799998730421,0.0421000011265277,0.0206000003963708,0.0214000009000301,0.0187999997287988,0.0143999997526407
11.9,0.0032500000670552,0.0035500000230968,0.0126499999314546,0.0192499998956918,0.0198999997228384,0.0182000007480382,0.006349999923259,0.0070500001311302,0.006000000052154,0.0031999999191612
10.5,0.0056500001810491,0.0049000000581145,0.025450000539422,0.0277999993413686,0.0266999993473291,0.0251499991863966,0.0105499997735023,0.0088499998673796,0.0078999996185302,0.0054500000551342
10.3,0.0087999999523162,0.0074999998323619,0.0456999987363815,0.0489999987185001,0.0427000001072883,0.0351000018417835,0.0152000002562999,0.0148999998345971,0.0142000000923872,0.0108000002801418
11.1,0.0135500002652406,0.0116999996826052,0.0472000017762184,0.0555000007152557,0.0494499988853931,0.0416000001132488,0.0202500000596046,0.0194000005722045,0.0195000004023313,0.0156999994069337
12.7,0.0390999987721443,0.0340999998152256,0.0766000002622604,0.0803000032901763,0.0777999982237815,0.0731000006198883,0.0465999990701675,0.0472999997437,0.0507999993860721,0.0403999984264373
11.5,0.0328500010073185,0.0293000005185604,0.070200003683567,0.0769499987363815,0.068800002336502,0.0693499967455864,0.0430999994277954,0.0432999990880489,0.0436999984085559,0.035250000655651
13.4,0.0381999984383583,0.0328000001609325,0.0696000009775161,0.0802000015974044,0.0719000026583671,0.0718000009655952,0.0469000004231929,0.0480999983847141,0.0518999993801116,0.0386999994516372
11.7,0.0381999984383583,0.0328000001609325,0.0696000009775161,0.0802000015974044,0.0719000026583671,0.0718000009655952,0.0469000004231929,0.0480999983847141,0.0518999993801116,0.0386999994516372
11.1,0.0412000007927417,0.0361000001430511,0.0696000009775161,0.0802000015974044,0.0719000026583671,0.0734999999403953,0.0527999997138977,0.0509999990463256,0.0535999983549118,0.045499999076128
19.4,0.0504000000655651,0.0450999997556209,0.0733999982476234,0.0802000015974044,0.0729999989271164,0.0734999999403953,0.0533000007271766,0.0531000010669231,0.0571999996900558,0.050900001078844
5.5,0.0240000002086162,0.0217000003904104,0.0399000011384487,0.050000000745058,0.0412000007927417,0.0425999984145164,0.0289999991655349,0.0266999993473291,0.0252000000327825,0.0277999993413686
8.5,0.0240000002086162,0.0217000003904104,0.0439000017940998,0.05180000141263,0.0443000011146068,0.0425999984145164,0.0289999991655349,0.0266999993473291,0.0252000000327825,0.0277999993413686
12.7,0.0200999993830919,0.0186000000685453,0.0439000017940998,0.05180000141263,0.0443000011146068,0.0513000003993511,0.023199999704957,0.0223999992012977,0.0225000008940696,0.0208000000566244
19.5,0.0144499996677041,0.014050000347197,0.0453500002622604,0.0586999990046024,0.0469000004231929,0.0622499994933605,0.0306499991565942,0.0309999994933605,0.0267999991774559,0.0206000003963708
23.9,0.0143999997526407,0.0130000002682209,0.0453500002622604,0.0562000013887882,0.0469000004231929,0.0600499995052814,0.0280499998480081,0.0292499996721744,0.024550000205636,0.0181499999016523
19.9,0.0076999999582767,0.0065999999642372,0.0357000008225441,0.0430999994277954,0.0445000007748603,0.0417999997735023,0.0178999993950128,0.0179999992251396,0.0142999999225139,0.0114000001922249
22.9,0.0070500001311302,0.0054000001400709,0.0389499999582767,0.0469000004231929,0.045949999243021,0.0447999984025955,0.017799999564886,0.0183499995619058,0.0150499995797872,0.0116499997675418
22.3,0.0065000001341104,0.0054000001400709,0.0389499999582767,0.0472999997437,0.0480000004172325,0.045899998396635,0.0182000007480382,0.0183499995619058,0.016499999910593,0.0115499999374151
24.9,0.0065999999642372,0.0057999999262392,0.0432000011205673,0.048599999397993,0.048700001090765,0.0485000014305114,0.0204000007361173,0.0207000002264976,0.0172000005841255,0.0111999996006488
23.4,0.0077999997884035,0.0063000000081956,0.0432000011205673,0.0489999987185001,0.0493000000715255,0.0485000014305114,0.0212999992072582,0.0229000002145767,0.0194000005722045,0.0138999996706843
25.7,0.0066499998793005,0.0062000001780688,0.0412500016391277,0.049049999564886,0.0510499998927116,0.048700001090765,0.0200999993830919,0.0217000003904104,0.0174499992281198,0.0124000003561377
25.6,0.0052999998442828,0.0054000001400709,0.0366999991238117,0.0469999983906745,0.0493000000715255,0.0465000011026859,0.0186999998986721,0.0197999998927116,0.015599999576807,0.0109000001102685
25.7,0.0060999998822808,0.0043000001460313,0.0406999997794628,0.0463000014424324,0.048599999397993,0.0460000000894069,0.0205000005662441,0.0208999998867511,0.0179999992251396,0.0129000004380941
8.9,0.0049499999731779,0.0040000001899898,0.0267999991774559,0.03575000166893,0.031700000166893,0.0273499991744756,0.0089499996975064,0.0092500001192092,0.0068999999202787,0.0050499998033046
7.1,0.0044999998062849,0.0031999999191612,0.0271000005304813,0.0359000004827976,0.0304000005125999,0.0254999995231628,0.0082999998703598,0.0093000000342726,0.0052000000141561,0.0038999998942017
8.4,0.0296000000089406,0.0196499992161989,0.0452000014483928,0.0528500005602836,0.0505999997258186,0.0484500005841255,0.0303499996662139,0.0331999994814395,0.033449999988079,0.0252999998629093
8.4,0.032999999821186,0.0226499997079372,0.0436000004410743,0.0451500006020069,0.0427500009536743,0.0421499982476234,0.0290500000119209,0.0340000018477439,0.0350500009953975,0.0269499998539686
9.5,0.0113000003620982,0.0092000002041459,0.0239000003784894,0.0205000005662441,0.0147000001743435,0.0129000004380941,0.0057000000961124,0.0109000001102685,0.0083999997004866,0.0071999998763203
8.0,0.0060999998822808,0.0054000001400709,0.0311500001698732,0.0391499996185302,0.0351999998092651,0.0297999996691942,0.0092500001192092,0.0102000003680586,0.0070000002160668,0.0052999998442828
9.1,0.0085000004619359,0.0063000000081956,0.0304000005125999,0.0386999994516372,0.0333999991416931,0.0276999995112419,0.0086000002920627,0.010700000450015,0.0066999997943639,0.0066999997943639
9.2,0.0052499999292194,0.0041499999351799,0.0195000004023313,0.0197000000625848,0.0170499999076128,0.0127999996766448,0.0025500000920146,0.0038499999791383,0.0033499998971819,0.002199999988079
15.7,0.0035000001080334,0.0027000000700354,0.0219999998807907,0.0322000011801719,0.0342000015079975,0.033900000154972,0.0113000003620982,0.0094999996945261,0.0076999999582767,0.0035999999381601
17.4,0.0122999995946884,0.0091000003740191,0.0296999998390674,0.0381999984383583,0.0417999997735023,0.0386000014841556,0.019200000911951,0.0186000000685453,0.017799999564886,0.0131999999284744
14.2,0.0267999991774559,0.0228000003844499,0.0496999993920326,0.0562000013887882,0.0595000013709068,0.0560000017285347,0.035300001502037,0.0355000011622905,0.0361000001430511,0.0296999998390674
13.8,0.0152000002562999,0.0115000000223517,0.0381999984383583,0.0441000014543533,0.0441000014543533,0.0414999984204769,0.0198999997228384,0.0198999997228384,0.017799999564886,0.0131999999284744
14.1,0.0526000000536441,0.0454000011086463,0.0826999992132186,0.0899000018835067,0.0921000018715858,0.0900000035762786,0.0654999986290931,0.0640000030398368,0.065700002014637,0.0551000013947486
18.2,0.0439000017940998,0.0377000011503696,0.0680999979376792,0.0810000002384185,0.0747999995946884,0.0813999995589256,0.0562999993562698,0.0542000010609626,0.0544999986886978,0.0469000004231929
22.2,0.0257500000298023,0.0223999992012977,0.048599999397993,0.0608000010251998,0.0566500015556812,0.0612000003457069,0.0366000011563301,0.0356499999761581,0.0342499986290931,0.0280000008642673
9.7,0.0076000001281499,0.0071000000461936,0.0291000008583068,0.0406000018119812,0.0384999997913837,0.0410000011324882,0.0168999992311,0.0171000007539987,0.0140000004321336,0.0091000003740191
15.4,0.0122999995946884,0.0087999999523162,0.0328000001609325,0.0447000004351139,0.0384000018239021,0.0428000018000602,0.0260000005364418,0.0289999991655349,0.0252000000327825,0.0217000003904104
10.9,0.0205000005662441,0.0167999994009733,0.0419499985873699,0.0542999990284442,0.0455499999225139,0.0515000000596046,0.0335999988019466,0.0354500003159046,0.0320999994874,0.026750000193715
1.5,0.0096500003710389,0.0074499999172985,0.0277999993413686,0.0311500001698732,0.0225499998778104,0.0230500008910894,0.0167500004172325,0.0181000009179115,0.0154999997466802,0.0140000004321336
0.9,0.0085000004619359,0.0074999998323619,0.0225000008940696,0.025000000372529,0.0166999995708465,0.0148000000044703,0.0085000004619359,0.0104999998584389,0.0089999996125698,0.008899999782443
2.1,0.0078499997034668,0.0063000000081956,0.0201999992132186,0.0249000005424022,0.0155499996617436,0.013150000013411,0.0070500001311302,0.0081500001251697,0.0076000001281499,0.0059500001370906
0.8,0.008899999782443,0.0068999999202787,0.0188999995589256,0.0248000007122755,0.0154999997466802,0.0137000000104308,0.0065999999642372,0.0077999997884035,0.0068999999202787,0.0052999998442828
2.0,0.0067500001750886,0.0059500001370906,0.0164000000804662,0.0230000000447034,0.0141500001773238,0.0118500003591179,0.0049499999731779,0.0059500001370906,0.0049999998882412,0.0041000000201165
5.0,0.0066999997943639,0.0057000000961124,0.023199999704957,0.0297999996691942,0.0194000005722045,0.0167999994009733,0.0052999998442828,0.0070000002160668,0.0052000000141561,0.0040000001899898
2.1,0.0100999996066093,0.0081000002101063,0.0229000002145767,0.0309500005096197,0.0208000000566244,0.0193000007420778,0.0088499998673796,0.0104999998584389,0.0090500004589557,0.0083999997004866
15.7,0.0045500001870095,0.0040000001899898,0.0214000009000301,0.0302000008523464,0.0205000005662441,0.017850000411272,0.0081000002101063,0.0087999999523162,0.006349999923259,0.0035500000230968
33.4,0.0041499999351799,0.003400000045076,0.0230999998748302,0.0340999998152256,0.0237499997019767,0.0234500002115964,0.0081000002101063,0.0087999999523162,0.006349999923259,0.0035500000230968
42.1,0.0114000001922249,0.0092000002041459,0.0491999983787536,0.0623000003397464,0.0564999990165233,0.0659999996423721,0.0331999994814395,0.0346999987959861,0.0285999998450279,0.0201999992132186
33.1,0.0114000001922249,0.0092000002041459,0.0491999983787536,0.0623000003397464,0.0564999990165233,0.0659999996423721,0.0331999994814395,0.0346999987959861,0.0285999998450279,0.0201999992132186
36.4,0.0031999999191612,0.0028999999631196,0.0331000015139579,0.0416000001132488,0.0410000011324882,0.0388999991118907,0.013600000180304,0.0143999997526407,0.0097000002861022,0.0054999999701976
24.0,0.0031999999191612,0.0028999999631196,0.0331000015139579,0.0416000001132488,0.0410000011324882,0.0388999991118907,0.013600000180304,0.0143999997526407,0.0097000002861022,0.0054999999701976
32.0,0.0046000001020729,0.0049000000581145,0.0359000004827976,0.0524999983608722,0.0535999983549118,0.0601000003516674,0.0276999995112419,0.0294000003486871,0.0248000007122755,0.0168999992311
12.3,0.0252999998629093,0.0219999998807907,0.0498999990522861,0.0595000013709068,0.0575000010430812,0.0511000007390975,0.0320999994874,0.0307999998331069,0.0351000018417835,0.0272000003606081
19.8,0.0199999995529651,0.017349999397993,0.0494000017642974,0.0579000003635883,0.0542000010609626,0.0507499985396862,0.0275500006973743,0.0268500000238418,0.0269499998539686,0.0211999993771314
6.6,0.0221500005573034,0.0197000000625848,0.0461499989032745,0.0525499992072582,0.0483000017702579,0.0441499985754489,0.0247499998658895,0.0251000002026557,0.0232500005513429,0.0197500009089708
7.4,0.0535999983549118,0.0469999983906745,0.093299999833107,0.0970999971032142,0.0914999991655349,0.0860999971628189,0.0631999969482421,0.0601000003516674,0.0731000006198883,0.0562000013887882
6.6,0.0745500028133392,0.0645499974489212,0.1066500023007392,0.1091499999165535,0.1028999984264373,0.0949499979615211,0.0794999971985817,0.0766500011086463,0.0856000036001205,0.0714500024914741
7.4,0.0307999998331069,0.0263999998569488,0.0558499991893768,0.0592500008642673,0.0540999993681907,0.0498999990522861,0.0315000005066394,0.0315500013530254,0.0335999988019466,0.026750000193715
10.3,0.0573999993503093,0.0491999983787536,0.0834999978542327,0.0860999971628189,0.0820000022649765,0.0781999975442886,0.0604999996721744,0.0592000000178813,0.0662000030279159,0.0533999986946582
7.9,0.0051000001840293,0.0044999998062849,0.0282000005245208,0.0340999998152256,0.0276999995112419,0.0225000008940696,0.0035000001080334,0.0051000001840293,0.0019000000320374,9.999999747378752e-05
9.8,0.0272499993443489,0.0237499997019767,0.0538999997079372,0.0610000006854534,0.0542499981820583,0.0493000000715255,0.0285500008612871,0.0295000001788139,0.0275500006973743,0.0239499993622303
15.5,0.0630500018596649,0.0578499995172023,0.0929500013589859,0.1004500016570091,0.095100000500679,0.0928499996662139,0.0699499994516372,0.0715000033378601,0.0680000036954879,0.064249999821186
17.3,0.0161000005900859,0.0125000001862645,0.0472000017762184,0.0562000013887882,0.0552500002086162,0.0522000007331371,0.0262000001966953,0.0256500001996755,0.0217000003904104,0.0183499995619058
21.1,0.0141000002622604,0.0102000003680586,0.0397999994456768,0.0474999994039535,0.0535999983549118,0.0526000000536441,0.0272000003606081,0.0284000001847744,0.0260000005364418,0.0186000000685453
21.7,0.0091000003740191,0.0063999998383224,0.0374500006437301,0.0447000004351139,0.049049999564886,0.0471500009298324,0.0205499995499849,0.0214499998837709,0.0183499995619058,0.0119000002741813
19.4,0.012699999846518,0.0109000001102685,0.0326999984681606,0.0351999998092651,0.0329000018537044,0.0289999991655349,0.0124000003561377,0.0087000001221895,0.0082000000402331,0.0062000001780688
15.6,0.012699999846518,0.0109000001102685,0.0326999984681606,0.0351999998092651,0.0329000018537044,0.0289999991655349,0.0124000003561377,0.0087000001221895,0.0082000000402331,0.0062000001780688
14.6,0.0114000001922249,0.0104999998584389,0.0469500012695789,0.0542999990284442,0.0494999997317791,0.0425500012934207,0.0133499996736645,0.0143999997526407,0.0103500001132488,0.0080000003799796
14.7,0.0115499999374151,0.0104999998584389,0.0469500012695789,0.0542999990284442,0.0494999997317791,0.0425500012934207,0.0147500000894069,0.0167999994009733,0.0124500002712011,0.0087999999523162
15.3,0.0057999999262392,0.0063999998383224,0.0425999984145164,0.0504000000655651,0.0432000011205673,0.0366999991238117,0.0081000002101063,0.0096000004559755,0.0055999998003244,0.001700000022538
16.8,0.0109999999403953,0.0091500002890825,0.0395499989390373,0.0485499985516071,0.0436500012874603,0.0386999994516372,0.0144999995827674,0.0154499998316168,0.0125500001013278,0.0093999998643994
14.1,0.0141000002622604,0.0110999997705221,0.0406000018119812,0.0511999987065792,0.0461999997496604,0.0419000014662742,0.0165999997407197,0.0168999992311,0.0148000000044703,0.0110999997705221
12.7,0.032999999821186,0.0313000008463859,0.070200003683567,0.0785000026226043,0.0725999996066093,0.0692000016570091,0.0368999987840652,0.0353999994695186,0.0324000008404254,0.0270000007003545
10.1,0.0186999998986721,0.0157999992370605,0.0356499999761581,0.0406000018119812,0.0404499992728233,0.0392000004649162,0.0220999997109174,0.0211500003933906,0.0208500009030103,0.0170499999076128
9.8,0.0076000001281499,0.0052999998442828,0.0304000005125999,0.0353999994695186,0.0328000001609325,0.0281000006943941,0.0097000002861022,0.0116999996826052,0.0085000004619359,0.0051000001840293
11.1,0.0195000004023313,0.0167500004172325,0.0430499985814094,0.0489999987185001,0.0494000017642974,0.045899998396635,0.02449999935925,0.0256500001996755,0.0235500000417232,0.0203000009059906
9.8,0.0313999988138675,0.0232999995350837,0.0417999997735023,0.0406000018119812,0.0364000014960765,0.0355999991297721,0.0328000001609325,0.0373999997973442,0.0386000014841556,0.0331000015139579
10.6,0.0065000001341104,0.0049000000581145,0.0270000007003545,0.0329000018537044,0.032999999821186,0.031700000166893,0.0120000001043081,0.012699999846518,0.009800000116229,0.0052000000141561
11.0,0.0059000002220273,0.004749999847263,0.0284499991685152,0.0333999991416931,0.0328000001609325,0.0304000005125999,0.0103000001981854,0.0104999998584389,0.0083999997004866,0.0042500002309679
12.2,0.0066999997943639,0.0057000000961124,0.0298999994993209,0.0379000008106231,0.0348999984562397,0.0322999991476535,0.0098999999463558,0.0109000001102685,0.0083999997004866,0.0076999999582767
13.1,0.0066999997943639,0.0057000000961124,0.0296000000089406,0.0361000001430511,0.0355999991297721,0.031700000166893,0.0092000002041459,0.0109000001102685,0.0076999999582767,0.0076999999582767
17.5,0.0037000000011175,0.0024000001139938,0.0243999995291233,0.0361000001430511,0.0377000011503696,0.031700000166893,0.0092000002041459,0.0080000003799796,0.0070000002160668,0.0043000001460313
13.4,0.0031999999191612,0.0027999999001622,0.0238000005483627,0.0349499993026256,0.0357999987900257,0.0309999994933605,0.0089999996125698,0.0088499998673796,0.0074000000022351,0.0031999999191612
14.5,0.0052000000141561,0.0034499999601393,0.0322000011801719,0.0388999991118907,0.0373000018298625,0.031199999153614,0.0096000004559755,0.0106499996036291,0.0073000001721084,0.0051000001840293
14.3,0.0070500001311302,0.0062500000931322,0.0405000001192092,0.0450000017881393,0.0399999991059303,0.0350000001490116,0.014050000347197,0.0139499995857477,0.0112500004470348,0.0086500002071261
13.8,0.0038499999791383,0.0035500000230968,0.0274999998509883,0.03575000166893,0.0333499982953071,0.0303499996662139,0.0082999998703598,0.0087000001221895,0.0065500000491738,0.003400000045076
8.52,0.0044999998062849,0.0041999998502433,0.031599998474121,0.0366999991238117,0.0337000004947185,0.0308999996632337,0.0091000003740191,0.0099999997764825,0.0066999997943639,0.0035999999381601
35.7,0.002600000007078,0.0028999999631196,0.025900000706315,0.0383500009775161,0.0474499985575675,0.0498999990522861,0.025450000539422,0.0265500005334615,0.022749999538064,0.0148999998345971
21.3,0.0028999999631196,0.0024000001139938,0.0275999996811151,0.0373999997973442,0.0384000018239021,0.0346000008285045,0.0115999998524785,0.0133999995887279,0.0086000002920627,0.0051000001840293
20.0,0.2372999936342239,0.2011999934911728,0.1878000050783157,0.1826000064611435,0.1835999935865402,0.1904000043869018,0.1941000074148178,0.1834000051021576,0.2396000027656555,0.1856999993324279
17.8,0.0032500000670552,0.0029500001110136,0.0293000005185604,0.0397999994456768,0.0419000014662742,0.0370500013232231,0.0125000001862645,0.0121499998494982,0.0098500000312924,0.0050499998033046
17.3,0.0052000000141561,0.0035500000230968,0.0408999994397163,0.0443000011146068,0.0408999994397163,0.0368500016629695,0.0153999999165534,0.0149999996647238,0.0119000002741813,0.0068500000052154
16.9,0.0081000002101063,0.0065000001341104,0.0474000014364719,0.0527999997138977,0.0509999990463256,0.0447000004351139,0.0197000000625848,0.0199999995529651,0.0166999995708465,0.0124000003561377
14.8,0.0157500002533197,0.0135500002652406,0.0529000014066696,0.0606000013649463,0.0566999986767768,0.0514499992132186,0.0272499993443489,0.0263999998569488,0.0237499997019767,0.0187999997287988
15.2,0.0538999997079372,0.0491999983787536,0.096400000154972,0.1004000008106231,0.096900001168251,0.0934000015258789,0.066600002348423,0.0671999976038932,0.065200001001358,0.0570000000298023
17.7,0.0356499999761581,0.0320000015199184,0.0740000009536743,0.0811000019311904,0.0772000029683113,0.0734999999403953,0.0469999983906745,0.0470499992370605,0.0443999990820884,0.0387500002980232
36.5,0.0456000007688999,0.0392000004649162,0.0813999995589256,0.0922000035643577,0.0878000035881996,0.0860000029206276,0.0623000003397464,0.0584999993443489,0.0595999993383884,0.0507999993860721
17.9,0.0456000007688999,0.0392000004649162,0.0813999995589256,0.0922000035643577,0.0878000035881996,0.0860000029206276,0.0623000003397464,0.0584999993443489,0.0595999993383884,0.0507999993860721
21.1,0.0456000007688999,0.0392000004649162,0.0813999995589256,0.0922000035643577,0.0878000035881996,0.0860000029206276,0.0623000003397464,0.0584999993443489,0.0595999993383884,0.0507999993860721
18.3,0.060199998319149,0.0520999990403652,0.0943000018596649,0.1015999987721443,0.0984999984502792,0.1054000034928321,0.0763000026345253,0.0778999999165535,0.0754000023007392,0.0672999992966651
15.0,0.0256999991834163,0.0219999998807907,0.0555999986827373,0.0649999976158142,0.0571999996900558,0.0571999996900558,0.0333000011742115,0.0337000004947185,0.031199999153614,0.0275999996811151
12.2,0.0256999991834163,0.0219999998807907,0.0555999986827373,0.0649999976158142,0.0571999996900558,0.0571999996900558,0.0333000011742115,0.0337000004947185,0.031199999153614,0.0275999996811151
8.1,0.0151000004261732,0.013600000180304,0.0544999986886978,0.062399998307228,0.0456000007688999,0.0658999979496002,0.0309999994933605,0.0320999994874,0.0284000001847744,0.0256999991834163
23.9,0.0112500004470348,0.0099999997764825,0.0411499999463558,0.0594500005245208,0.0379999987781047,0.0648000016808509,0.035250000655651,0.0361000001430511,0.0306000001728534,0.0241500008851289
27.0,0.0187999997287988,0.016950000077486,0.0411499999463558,0.0533000007271766,0.0379999987781047,0.0538000017404556,0.0288500003516674,0.0290500000119209,0.0241999998688697,0.0195499993860721
19.3,0.0073000001721084,0.0065999999642372,0.0331999994814395,0.0449000000953674,0.0392999984323978,0.0403999984264373,0.0163000002503395,0.0156999994069337,0.0116999996826052,0.0074000000022351
19.9,0.0087000001221895,0.0070000002160668,0.0461999997496604,0.0562000013887882,0.0401999987661838,0.0524999983608722,0.0274000000208616,0.0280000008642673,0.0228000003844499,0.0172000005841255
20.9,0.0087000001221895,0.0080000003799796,0.0461999997496604,0.0562000013887882,0.0491999983787536,0.0524999983608722,0.0274000000208616,0.0280000008642673,0.0228000003844499,0.0172000005841255
23.1,0.0086000002920627,0.0080000003799796,0.0406000018119812,0.0502999983727932,0.0511999987065792,0.049100000411272,0.0219000000506639,0.023199999704957,0.0184000004082918,0.0119000002741813
26.7,0.0127999996766448,0.0110999997705221,0.0461999997496604,0.0509999990463256,0.0511999987065792,0.050000000745058,0.0247000008821487,0.0243999995291233,0.0230000000447034,0.0168999992311
29.0,0.0071499999612569,0.0056500001810491,0.0425999984145164,0.0497500002384185,0.0516999997198581,0.0506500005722045,0.0212999992072582,0.0226000007241964,0.0176999997347593,0.0126499999314546
31.8,0.0054000001400709,0.0044999998062849,0.0368999987840652,0.045499999076128,0.0505999997258186,0.0487999990582466,0.0197999998927116,0.0215000007301569,0.0165999997407197,0.0121999997645616
32.6,0.0148999998345971,0.010700000450015,0.0401999987661838,0.0439000017940998,0.052700001746416,0.0573000013828277,0.0381000004708766,0.0395999997854232,0.036200001835823,0.0293000005185604
2.4,0.0099499998614192,0.0063999998383224,0.0277999993413686,0.0364000014960765,0.0303000006824731,0.0266500003635883,0.0123500004410743,0.0140000004321336,0.0141000002622604,0.0121499998494982
5.2,0.0092000002041459,0.0065000001341104,0.0281000006943941,0.0361000001430511,0.0295000001788139,0.025900000706315,0.0115000000223517,0.0127999996766448,0.0127999996766448,0.0141000002622604
5.4,0.15344999730587,0.1419000029563903,0.123149998486042,0.1486500054597854,0.1453499943017959,0.1574500054121017,0.1874500066041946,0.1958499997854232,0.2030999958515167,0.1983499974012375
4.2,0.1546500027179718,0.1438000053167343,0.1198000013828277,0.1410499960184097,0.1376000046730041,0.1515499949455261,0.1861999928951263,0.1955499947071075,0.2027000039815902,0.1956499963998794
4.9,0.0115999998524785,0.0103000001981854,0.0214000009000301,0.0208999998867511,0.0140000004321336,0.0141000002622604,0.0089999996125698,0.0121999997645616,0.0120000001043081,0.0087000001221895
5.6,0.0120000001043081,0.0077499998733401,0.0275999996811151,0.0340999998152256,0.0295499991625547,0.0258000008761882,0.0142999999225139,0.016499999910593,0.0153500000014901,0.0138499997556209
15.0,0.013600000180304,0.0085000004619359,0.0320000015199184,0.0366999991238117,0.0297999996691942,0.0255999993532896,0.0152000002562999,0.0147000001743435,0.0153000000864267,0.0115999998524785
6.5,0.0094499997794628,0.0060499999672174,0.0198500007390975,0.0252500008791685,0.0251499991863966,0.0222500003874301,0.0118000004440546,0.0152500001713633,0.0133499996736645,0.0120000001043081
27.8,0.009800000116229,0.0043000001460313,0.0212999992072582,0.0310999993234872,0.0364000014960765,0.0351999998092651,0.0142999999225139,0.0166999995708465,0.0146000003442168,0.008899999782443
19.0,0.0131000000983476,0.0093999998643994,0.0262000001966953,0.0328000001609325,0.0357000008225441,0.0355999991297721,0.0201999992132186,0.0217000003904104,0.0205000005662441,0.0163000002503395
9.5,0.0273000001907348,0.0201999992132186,0.0417000018060207,0.0483000017702579,0.046799998730421,0.0454000011086463,0.031700000166893,0.0362999998033046,0.0357999987900257,0.0309999994933605
10.5,0.0167999994009733,0.0116999996826052,0.0362999998033046,0.0381000004708766,0.0384000018239021,0.0357000008225441,0.0221999995410442,0.024100000038743,0.023199999704957,0.0189999993890523
11.7,0.0308999996632337,0.0230999998748302,0.0542000010609626,0.0590999983251094,0.0588999986648559,0.0575000010430812,0.0377999991178512,0.0386999994516372,0.0412999987602233,0.0357999987900257
9.5,0.0225000008940696,0.0186000000685453,0.0412000007927417,0.046799998730421,0.0421999990940094,0.0436999984085559,0.0254999995231628,0.0269000008702278,0.0313999988138675,0.023199999704957
11.3,0.0148999998345971,0.0116499997675418,0.0314499996602535,0.0404499992728233,0.0364499986171722,0.0372500009834766,0.0211500003933906,0.0212500002235174,0.0238000005483627,0.0176500007510185
12.3,0.0938000008463859,0.0935999974608421,0.065600000321865,0.0752499997615814,0.0745500028133392,0.0991000011563301,0.1125499978661537,0.1210500001907348,0.0781000033020973,0.1263999938964843
14.0,0.0145500004291534,0.0104000000283122,0.033050000667572,0.046349998563528,0.0338499993085861,0.0433499999344348,0.0276999995112419,0.0302000008523464,0.0267999991774559,0.0239499993622303
3.7,0.0150499995797872,0.0104000000283122,0.031599998474121,0.0410000011324882,0.033500000834465,0.0367499999701976,0.0279500000178813,0.0305000003427267,0.0272499993443489,0.0267999991774559
2.5,0.0141500001773238,0.0114500001072883,0.0274500008672475,0.0326500013470649,0.0247499998658895,0.0259499996900558,0.0209999997168779,0.024049999192357,0.0218499992042779,0.0207499992102384
3.2,0.0131999999284744,0.0110999997705221,0.0240000002086162,0.0283000003546476,0.0199999995529651,0.0182000007480382,0.0141000002622604,0.0173000004142522,0.0179999992251396,0.0161000005900859
4.9,0.0137000000104308,0.0104499999433755,0.026300000026822,0.0308999996632337,0.0221999995410442,0.0205000005662441,0.0138499997556209,0.0159499999135732,0.0166500005871057,0.0159499999135732
4.6,0.0153000000864267,0.0121999997645616,0.0285999998450279,0.033500000834465,0.0243999995291233,0.0232999995350837,0.0137000000104308,0.0153999999165534,0.0153000000864267,0.0157999992370605
4.4,0.0117499995976686,0.0095499996095895,0.0219500008970499,0.0287999995052814,0.0207000002264976,0.0188999995589256,0.0111499996855854,0.0118000004440546,0.0125500001013278,0.0129500003531575
4.3,0.0121999997645616,0.0087000001221895,0.0240000002086162,0.0281000006943941,0.0204000007361173,0.0189999993890523,0.0099999997764825,0.0131000000983476,0.0122999995946884,0.0133999995887279
2.9,0.0143499998375773,0.0087999999523162,0.024049999192357,0.0292499996721744,0.0215000007301569,0.0199999995529651,0.0128499995917081,0.0162499994039535,0.0154499998316168,0.0161499995738267
6.1,0.0096000004559755,0.0076999999582767,0.0245999991893768,0.034350000321865,0.0278999991714954,0.0252999998629093,0.0105499997735023,0.0140000004321336,0.0120000001043081,0.0111999996006488
6.8,0.0087000001221895,0.0065999999642372,0.0245999991893768,0.034350000321865,0.0278999991714954,0.0252999998629093,0.0104000000283122,0.0140000004321336,0.0120000001043081,0.0111999996006488
9.5,0.0599999986588954,0.0742999985814094,0.0612000003457069,0.0697999969124794,0.0749000012874603,0.0821999981999397,0.0766000002622604,0.0929000005125999,0.0480999983847141,0.1158000007271766
16.0,0.0599999986588954,0.0742999985814094,0.0612000003457069,0.0697999969124794,0.0749000012874603,0.0821999981999397,0.0766000002622604,0.0929000005125999,0.0480999983847141,0.1158000007271766
22.1,0.0077999997884035,0.0046999999321997,0.0324999988079071,0.0397000014781951,0.0421999990940094,0.0427000001072883,0.0207000002264976,0.0218000002205371,0.0179999992251396,0.0140000004321336
17.3,0.0077999997884035,0.0046999999321997,0.0324999988079071,0.0397000014781951,0.0421999990940094,0.0427000001072883,0.0207000002264976,0.0218000002205371,0.0179999992251396,0.0140000004321336
17.9,0.0412999987602233,0.0299999993294477,0.0309999994933605,0.0372000001370906,0.0398500002920627,0.0413499996066093,0.0423999987542629,0.0448499992489814,0.0379999987781047,0.0421999990940094
9.9,0.0159000009298324,0.0126000000163912,0.0287999995052814,0.0370999984443187,0.0331999994814395,0.0329000018537044,0.0184000004082918,0.0199999995529651,0.0203000009059906,0.0187999997287988
11.5,0.0261000003665685,0.0198500007390975,0.0432000011205673,0.0489000007510185,0.0506500005722045,0.049049999564886,0.0318999998271465,0.0344999991357326,0.0359999984502792,0.0310999993234872
10.3,0.0337500013411045,0.0242999996989965,0.0456999987363815,0.0511000007390975,0.0471500009298324,0.0472000017762184,0.0391499996185302,0.0413499996066093,0.0390500016510486,0.0419999994337558
7.5,0.0197000000625848,0.0146000003442168,0.0344999991357326,0.0436000004410743,0.0408999994397163,0.0388000011444091,0.0236000008881092,0.0248000007122755,0.0261000003665685,0.0252000000327825
7.3,0.0461999997496604,0.0364999994635582,0.0712499991059303,0.0747499987483024,0.0686499997973442,0.06700000166893,0.0542499981820583,0.0547499991953372,0.0585500001907348,0.0494499988853931
6.5,0.0436000004410743,0.0355999991297721,0.0704500004649162,0.0733999982476234,0.0658000037074089,0.0627000033855438,0.0472999997437,0.0485499985516071,0.0524500012397766,0.0441000014543533
7.0,0.0776999965310096,0.0640000030398368,0.1124000027775764,0.1154000014066696,0.1062000021338462,0.1054000034928321,0.0873999968171119,0.088699996471405,0.0982000008225441,0.0813999995589256
10.2,0.0100999996066093,0.0071999998763203,0.0285000000149011,0.0331999994814395,0.0274999998509883,0.024100000038743,0.0076999999582767,0.0099999997764825,0.0085000004619359,0.0074999998323619
9.1,0.0277500003576278,0.0230999998748302,0.0479499995708465,0.0553999990224838,0.048599999397993,0.0450999997556209,0.0285999998450279,0.0286999996751546,0.0310500003397464,0.0277999993413686
12.7,0.0296999998390674,0.0208000000566244,0.0497500002384185,0.0565499998629093,0.0528500005602836,0.0605500005185604,0.0528500005602836,0.0559500008821487,0.0392500013113021,0.0575999990105629
11.9,0.0163000002503395,0.0122999995946884,0.0351000018417835,0.0452000014483928,0.0399000011384487,0.0399999991059303,0.0305000003427267,0.0337000004947185,0.0272000003606081,0.0276999995112419
9.7,0.0155499996617436,0.0107500003650784,0.0340999998152256,0.0430000014603138,0.0390500016510486,0.0394000001251697,0.0296999998390674,0.031599998474121,0.0228499993681907,0.0266999993473291
10.7,0.0227000005543231,0.0168999992311,0.0434000007808208,0.05180000141263,0.047699999064207,0.0496999993920326,0.032999999821186,0.0344999991357326,0.0308999996632337,0.0320999994874
11.1,0.0227000005543231,0.0168999992311,0.0434000007808208,0.05180000141263,0.047699999064207,0.0496999993920326,0.032999999821186,0.0344999991357326,0.0308999996632337,0.0320999994874
9.6,0.0163499992340803,0.0105999996885657,0.0378499999642372,0.0460000000894069,0.0397000014781951,0.0386000014841556,0.025399999693036,0.0253500007092952,0.0177500005811452,0.0207499992102384
9.6,0.0163499992340803,0.0105999996885657,0.0378499999642372,0.0460000000894069,0.0397000014781951,0.0386000014841556,0.025399999693036,0.0258000008761882,0.0177500005811452,0.0207499992102384
13.1,0.0200500003993511,0.0152500001713633,0.03575000166893,0.0447500012814998,0.0394500009715557,0.0402499996125698,0.0273499991744756,0.0252999998629093,0.0214000009000301,0.0217000003904104
12.1,0.019200000911951,0.0122999995946884,0.0346000008285045,0.0445999987423419,0.0406000018119812,0.0406000018119812,0.0212999992072582,0.0245999991893768,0.0234999991953372,0.0208000000566244
12.0,0.019200000911951,0.0122999995946884,0.0372000001370906,0.0494999997317791,0.0456999987363815,0.0406000018119812,0.0212999992072582,0.0245999991893768,0.0234999991953372,0.0208000000566244
13.5,0.0353999994695186,0.0308999996632337,0.0658999979496002,0.0781999975442886,0.0738999992609024,0.0678000003099441,0.0412999987602233,0.0421999990940094,0.0383000001311302,0.0355999991297721
6.3,0.0304499994963407,0.0249000005424022,0.0417999997735023,0.0417499989271163,0.0421999990940094,0.0408000014722347,0.033900000154972,0.034850001335144,0.0378499999642372,0.0338499993085861
6.3,0.0520999990403652,0.0445999987423419,0.0287999995052814,0.0313000008463859,0.0337999984622001,0.0496999993920326,0.0593999996781349,0.0597000010311603,0.0478000007569789,0.0564999990165233
3.8,0.0469500012695789,0.0381500013172626,0.0366000011563301,0.0419499985873699,0.0428999997675418,0.0485000014305114,0.0533500015735626,0.0575000010430812,0.0423999987542629,0.0623000003397464
8.1,0.025900000706315,0.018300000578165,0.0443999990820884,0.048200000077486,0.0469000004231929,0.0449000000953674,0.0340999998152256,0.0357000008225441,0.036200001835823,0.0320999994874
10.2,0.0116999996826052,0.0073000001721084,0.0214000009000301,0.0274000000208616,0.0270000007003545,0.0264999996870756,0.0156999994069337,0.017400000244379,0.0186000000685453,0.0153000000864267
10.5,0.0107500003650784,0.0065999999642372,0.0221999995410442,0.0272499993443489,0.0268500000238418,0.0255999993532896,0.0144499996677041,0.0164500009268522,0.0161000005900859,0.0140000004321336
9.5,0.0118000004440546,0.0074999998323619,0.0267999991774559,0.0337999984622001,0.0300999991595745,0.0289999991655349,0.0142999999225139,0.0204000007361173,0.0186999998986721,0.016499999910593
11.3,0.010700000450015,0.0065999999642372,0.0306000001728534,0.0331999994814395,0.0322000011801719,0.0297999996691942,0.0135000003501772,0.0178999993950128,0.0162000004202127,0.0164000000804662
12.0,0.0074000000022351,0.0052000000141561,0.0252999998629093,0.034800000488758,0.0322000011801719,0.0304000005125999,0.0131999999284744,0.0156999994069337,0.0137999998405575,0.0121999997645616
10.8,0.0069499998353421,0.0042500002309679,0.0252999998629093,0.0353999994695186,0.0318999998271465,0.0303499996662139,0.0129000004380941,0.0147000001743435,0.0126499999314546,0.009349999949336
11.7,0.0086000002920627,0.0052499999292194,0.032549999654293,0.0381000004708766,0.033950001001358,0.0314499996602535,0.0160000007599592,0.0165999997407197,0.0152000002562999,0.0115000000223517
10.9,0.2057500034570694,0.1700000017881393,0.2125999927520752,0.215049996972084,0.21144999563694,0.2264000028371811,0.2454999983310699,0.2544000148773193,0.2583000063896179,0.2570500075817108
4.7,0.0081000002101063,0.0042500002309679,0.0173000004142522,0.0218499992042779,0.0206000003963708,0.0198500007390975,0.0094499997794628,0.0123500004410743,0.0105999996885657,0.0094999996945261
7.65,0.0093000000342726,0.0052000000141561,0.0245999991893768,0.0263999998569488,0.0238000005483627,0.0249000005424022,0.0108000002801418,0.0142000000923872,0.0122999995946884,0.0100999996066093
13.6,0.0066499998793005,0.0048500001430511,0.0245999991893768,0.0329499989748001,0.0402499996125698,0.0406000018119812,0.0210999995470047,0.0241500008851289,0.0219500008970499,0.0146000003442168
4.1,0.0074000000022351,0.0048000002279877,0.0270000007003545,0.0368000008165836,0.0375000014901161,0.0322999991476535,0.0142999999225139,0.0152000002562999,0.0120999999344348,0.0093000000342726
11.2,0.0147000001743435,0.0114000001922249,0.0370000004768371,0.0401000007987022,0.0417000018060207,0.0405000001192092,0.0237000007182359,0.0210999995470047,0.0197999998927116,0.0203000009059906
8.1,0.0373499989509582,0.0306000001728534,0.026350000873208,0.035300001502037,0.0366499982774257,0.0443999990820884,0.0353999994695186,0.0423500016331672,0.0256999991834163,0.0414999984204769
5.6,0.0313500016927719,0.0252000000327825,0.0379000008106231,0.0440500006079673,0.0418500006198883,0.0470499992370605,0.0392000004649162,0.0373000018298625,0.0307000000029802,0.0372500009834766
5.7,0.0141000002622604,0.0078999996185302,0.0441999994218349,0.0474999994039535,0.0432999990880489,0.0388999991118907,0.0215000007301569,0.025399999693036,0.0204000007361173,0.0187999997287988
10.5,0.0200999993830919,0.0133999995887279,0.046399999409914,0.0528500005602836,0.0489000007510185,0.0444499999284744,0.0274999998509883,0.0301500000059604,0.026350000873208,0.0238000005483627
8.1,0.0498000010848045,0.0417000018060207,0.0852999985218048,0.0878000035881996,0.0842000022530555,0.0813999995589256,0.0601000003516674,0.0582999996840953,0.0615000016987323,0.0538000017404556
10.3,0.0360499992966651,0.0290500000119209,0.0659499987959861,0.0715999975800514,0.0667999982833862,0.0643500015139579,0.0456500016152858,0.0452000014483928,0.045499999076128,0.0406000018119812
12.4,0.0222999993711709,0.0164000000804662,0.0465999990701675,0.0553999990224838,0.0494000017642974,0.0472999997437,0.031199999153614,0.0320999994874,0.0295000001788139,0.0274000000208616
12.1,0.0099999997764825,0.0066999997943639,0.0350000001490116,0.0502000004053115,0.0379000008106231,0.0414999984204769,0.0208999998867511,0.024100000038743,0.0221999995410442,0.0185000002384185
8.1,0.0472000017762184,0.0386999994516372,0.0718000009655952,0.0824000015854835,0.0760999992489814,0.0803999975323677,0.0599999986588954,0.0604000017046928,0.0604000017046928,0.0540999993681907
12.7,0.0544000007212162,0.0439999997615814,0.0816000029444694,0.0892999991774559,0.0821999981999397,0.0878999978303909,0.0667999982833862,0.0684999972581863,0.068400003015995,0.0640999972820282
6.4,0.031199999153614,0.0265999995172023,0.0526000000536441,0.0597999989986419,0.0553000010550022,0.0529000014066696,0.0377999991178512,0.0370999984443187,0.0350000001490116,0.0381000004708766
6.2,0.031199999153614,0.0265999995172023,0.0485000014305114,0.0553000010550022,0.052700001746416,0.0529000014066696,0.0377999991178512,0.0370999984443187,0.0350000001490116,0.0381000004708766
9.5,0.0228000003844499,0.0188999995589256,0.0392000004649162,0.0551999993622303,0.0423000007867813,0.0478000007569789,0.0313999988138675,0.0324000008404254,0.0283000003546476,0.0283000003546476
25.0,0.0187999997287988,0.0142000000923872,0.0380499996244907,0.0553000010550022,0.0375000014901161,0.0595000013709068,0.031599998474121,0.033050000667572,0.0311500001698732,0.0247499998658895
10.8,0.0164000000804662,0.012699999846518,0.0380499996244907,0.0546000003814697,0.0371499992907047,0.0595000013709068,0.0296500008553266,0.0324500016868114,0.0296500008553266,0.0230999998748302
9.2,0.0162000004202127,0.0120999999344348,0.0351999998092651,0.0421999990940094,0.0414000004529953,0.0405000001192092,0.0233999993652105,0.0276999995112419,0.0239000003784894,0.0219999998807907
17.5,0.0142000000923872,0.010700000450015,0.0351999998092651,0.0438000001013278,0.0414000004529953,0.0447999984025955,0.0233999993652105,0.0276999995112419,0.0239000003784894,0.0219999998807907
12.8,0.0115999998524785,0.0094999996945261,0.034400001168251,0.0438000001013278,0.0443000011146068,0.0447999984025955,0.023199999704957,0.0269000008702278,0.0236000008881092,0.0203000009059906
21.1,0.0104999998584389,0.0076999999582767,0.0408000014722347,0.0491999983787536,0.0476000010967254,0.0491999983787536,0.0271000005304813,0.0303000006824731,0.0234999991953372,0.0188999995589256
22.9,0.0109000001102685,0.0074000000022351,0.0408000014722347,0.0491999983787536,0.048700001090765,0.0493000000715255,0.0275999996811151,0.0306000001728534,0.0267999991774559,0.0188999995589256
27.1,0.0094999996945261,0.0068999999202787,0.0393499992787838,0.0474999994039535,0.0493500009179115,0.0502999983727932,0.0261499993503093,0.0294499993324279,0.024049999192357,0.0174499992281198
23.9,0.0081000002101063,0.0062000001780688,0.0346000008285045,0.0460000000894069,0.0494000017642974,0.0494999997317791,0.0256999991834163,0.0280000008642673,0.0220999997109174,0.0153000000864267
24.5,0.016499999910593,0.0104999998584389,0.0388999991118907,0.0436000004410743,0.0469000004231929,0.0518999993801116,0.0346999987959861,0.0375000014901161,0.0370000004768371,0.0278999991714954
8.46,0.0147000001743435,0.0125000001862645,0.0500999987125396,0.0724999979138374,0.0375999994575977,0.0432999990880489,0.0251000002026557,0.024100000038743,0.0220999997109174,0.0206000003963708
3.73,0.0141000002622604,0.0110999997705221,0.0511000007390975,0.0714000016450882,0.0370000004768371,0.0362999998033046,0.0228000003844499,0.0232999995350837,0.0197000000625848,0.0182000007480382
4.21,0.0210999995470047,0.019200000911951,0.0588999986648559,0.0782999992370605,0.0432999990880489,0.0443999990820884,0.0306000001728534,0.031199999153614,0.0272000003606081,0.0272000003606081
2.04,0.0152000002562999,0.012699999846518,0.0472999997437,0.0531999990344047,0.0252999998629093,0.024100000038743,0.019200000911951,0.0210999995470047,0.0188999995589256,0.0175999999046325
6.15,0.0054999999701976,0.0037000000011175,0.0535999983549118,0.0712999999523162,0.0346000008285045,0.034400001168251,0.017799999564886,0.0160000007599592,0.015599999576807,0.0130000002682209
5.2,0.0070000002160668,0.0057999999262392,0.0546999983489513,0.0781999975442886,0.0350000001490116,0.0401000007987022,0.0199999995529651,0.0200999993830919,0.0168999992311,0.0149999996647238
12.2,0.0073500000871717,0.0062000001780688,0.0570500008761882,0.0840499997138977,0.0570500008761882,0.0676999986171722,0.0314499996602535,0.0319500006735324,0.0265500005334615,0.0214000009000301
5.82,0.0105999996885657,0.0087000001221895,0.0518999993801116,0.067500002682209,0.0355999991297721,0.0381000004708766,0.0223999992012977,0.0223999992012977,0.0204000007361173,0.0178999993950128
5.98,0.0078999996185302,0.0059000002220273,0.0533000007271766,0.0822499990463256,0.0400499999523162,0.0574500001966953,0.0304499994963407,0.0305499993264675,0.0246500000357627,0.0226499997079372
2.6,0.0066499998793005,0.0050499998033046,0.0430499985814094,0.0507000014185905,0.0211999993771314,0.0192499998956918,0.0142000000923872,0.0142000000923872,0.0109500000253319,0.0114500001072883
11.1,0.0081000002101063,0.006349999923259,0.0544500015676021,0.0807500034570694,0.0375999994575977,0.046349998563528,0.0259499996900558,0.0264500007033348,0.0212999992072582,0.0201999992132186
23.2,0.0093999998643994,0.0070500001311302,0.0591499991714954,0.0931499972939491,0.0577500015497207,0.0939000025391578,0.051350001245737,0.0526500009000301,0.0431500002741813,0.0351999998092651
4.81,0.0068500000052154,0.0052499999292194,0.0494499988853931,0.0654999986290931,0.0313000008463859,0.0287500005215406,0.0188500005751848,0.0179999992251396,0.0165500007569789,0.0148499999195337
2.48,0.0068999999202787,0.0054500000551342,0.0488499999046325,0.0582499988377094,0.0243500005453825,0.0238499995321035,0.0156500004231929,0.0147500000894069,0.014050000347197,0.0135000003501772
4.31,0.0073500000871717,0.0056500001810491,0.0529000014066696,0.0712999999523162,0.0313500016927719,0.0287500005215406,0.0177500005811452,0.0188999995589256,0.0157999992370605,0.0142500000074505
2.08,0.0054000001400709,0.0037000000011175,0.0566999986767768,0.0606000013649463,0.025450000539422,0.0229499991983175,0.0152500001713633,0.0150499995797872,0.013150000013411,0.010700000450015
14.7,0.0099999997764825,0.0086500002071261,0.0673500001430511,0.0908999964594841,0.0559500008821487,0.0639500021934509,0.0374500006437301,0.0389499999582767,0.0353499986231327,0.0297999996691942
3.92,0.0062500000931322,0.0040000001899898,0.0544000007212162,0.0662000030279159,0.0320000015199184,0.0305499993264675,0.0172000005841255,0.0167999994009733,0.014050000347197,0.0122999995946884
5.44,0.0059500001370906,0.0037499999161809,0.0597000010311603,0.0728000029921531,0.0308999996632337,0.0277500003576278,0.0183499995619058,0.0179500002413988,0.0159000009298324,0.0143999997526407
1.27,0.0066999997943639,0.0052000000141561,0.0504000000655651,0.0617999993264675,0.0233999993652105,0.0173000004142522,0.0105999996885657,0.0078999996185302,0.0074999998323619,0.0091000003740191
5.51,0.008899999782443,0.0063000000081956,0.0427000001072883,0.0697999969124794,0.0333999991416931,0.0318000018596649,0.0208000000566244,0.0223999992012977,0.0189999993890523,0.0179999992251396
2.4,0.0089999996125698,0.0063999998383224,0.0617999993264675,0.0812000036239624,0.0469999983906745,0.0434999987483024,0.0269000008702278,0.0237000007182359,0.0225000008940696,0.0190999992191791
9.38,0.0094999996945261,0.0082499999552965,0.050450000911951,0.0740000009536743,0.045949999243021,0.0376500003039836,0.0224500000476837,0.0219000000506639,0.0194499995559453,0.017799999564886
7.24,0.0054999999701976,0.0057999999262392,0.0516000017523765,0.0750000029802322,0.0331999994814395,0.0307000000029802,0.0111999996006488,0.0104000000283122,0.0092000002041459,0.0055999998003244
2.3,0.0057999999262392,0.0054999999701976,0.052700001746416,0.0672999992966651,0.0228000003844499,0.0197000000625848,0.0060999998822808,0.0062000001780688,0.0082000000402331,0.0049000000581145
3.48,0.0054000001400709,0.0044999998062849,0.0467000007629394,0.0627999976277351,0.0218000002205371,0.0173000004142522,0.0086000002920627,0.0048000002279877,0.0055999998003244,0.0054000001400709
5.83,0.0185000002384185,0.0130000002682209,0.0671999976038932,0.0747999995946884,0.0515000000596046,0.0504000000655651,0.033900000154972,0.0333999991416931,0.0270000007003545,0.0288999993354082
3.54,0.0214000009000301,0.018300000578165,0.0615999996662139,0.0671999976038932,0.0480999983847141,0.0478999987244606,0.0350000001490116,0.0326999984681606,0.0285000000149011,0.0291000008583068
7.81,0.0232999995350837,0.0189999993890523,0.0671000033617019,0.0766000002622604,0.0522000007331371,0.0555000007152557,0.0397000014781951,0.0384999997913837,0.0303000006824731,0.0357000008225441
4.28,0.0233999993652105,0.0188999995589256,0.0606000013649463,0.0619000010192394,0.0425999984145164,0.0419000014662742,0.0355000011622905,0.0350000001490116,0.0296999998390674,0.0304000005125999
1.65,0.0153999999165534,0.0120000001043081,0.062399998307228,0.0650999993085861,0.0395000018179416,0.0403999984264373,0.0296000000089406,0.0293000005185604,0.0252000000327825,0.0256999991834163
1.62,0.0219999998807907,0.0167999994009733,0.0590999983251094,0.0597999989986419,0.0417000018060207,0.0421000011265277,0.033900000154972,0.0331999994814395,0.0282000005245208,0.0285000000149011
8.04,0.018300000578165,0.0148999998345971,0.0612000003457069,0.0738999992609024,0.0544000007212162,0.0502000004053115,0.0346999987959861,0.031599998474121,0.0292000006884336,0.0284000001847744
1.41,0.0199999995529651,0.0159000009298324,0.062399998307228,0.0675999969244003,0.0450000017881393,0.0452000014483928,0.0320000015199184,0.0318999998271465,0.0283000003546476,0.0274999998509883
8.39,0.0209999997168779,0.0190999992191791,0.066100001335144,0.0737000033259391,0.0511999987065792,0.0537000000476837,0.0399999991059303,0.0366999991238117,0.0296999998390674,0.0337000004947185
32.5,0.0220500007271766,0.0199500005692243,0.0595000013709068,0.0870499983429908,0.0736500024795532,0.0795999988913536,0.0436000004410743,0.0441000014543533,0.0390000008046627,0.0336499996483325
11.5,0.0233999993652105,0.0188999995589256,0.0597000010311603,0.0603000000119209,0.0401999987661838,0.0417999997735023,0.0361000001430511,0.0342000015079975,0.0295000001788139,0.0299999993294477
2.26,0.0284000001847744,0.0234999991953372,0.0709000006318092,0.0715000033378601,0.0502999983727932,0.0489000007510185,0.0410000011324882,0.0408999994397163,0.0340000018477439,0.0372000001370906
8.53,0.0203000009059906,0.0165999997407197,0.0592000000178813,0.064300000667572,0.0379999987781047,0.0383000001311302,0.0320999994874,0.0308999996632337,0.0273000001907348,0.0265999995172023
8.21,0.016950000077486,0.0142000000923872,0.0549499988555908,0.0754000023007392,0.0497500002384185,0.0516000017523765,0.0285500008612871,0.0291499998420476,0.0291499998420476,0.0233999993652105
0.96,0.0158500000834465,0.0129500003531575,0.0543499998748302,0.0540999993681907,0.0305499993264675,0.0287500005215406,0.0260499995201826,0.0252999998629093,0.0261499993503093,0.0234500002115964
14.8,0.0220999997109174,0.0198500007390975,0.0545499995350837,0.0767500028014183,0.0639500021934509,0.067950002849102,0.0380499996244907,0.0392999984323978,0.0354500003159046,0.0326999984681606
5.32,0.0251000002026557,0.0215499997138977,0.0623500011861324,0.0719999969005584,0.0533999986946582,0.0498000010848045,0.0354500003159046,0.0376500003039836,0.0353499986231327,0.0326999984681606
16.0,0.0222999993711709,0.0201999992132186,0.0595999993383884,0.0879499986767768,0.0745500028133392,0.0785500034689903,0.0429500006139278,0.0447000004351139,0.0379000008106231,0.0340000018477439
5.77,0.0192499998956918,0.0170499999076128,0.0568000003695488,0.0728000029921531,0.0476000010967254,0.052250001579523,0.0320499986410141,0.0324000008404254,0.0282499995082616,0.0269000008702278
1.65,0.0174499992281198,0.0152000002562999,0.050500001758337,0.0524000003933906,0.0333000011742115,0.031700000166893,0.0243999995291233,0.0236000008881092,0.0243999995291233,0.0220500007271766
3.54,0.0219500008970499,0.0186999998986721,0.0641999989748001,0.0740500018000602,0.0478500016033649,0.0404499992728233,0.0290500000119209,0.0302000008523464,0.0298500005155801,0.0273000001907348
23.1,0.0093999998643994,0.0074000000022351,0.0511999987065792,0.068800002336502,0.0388999991118907,0.050000000745058,0.0285000000149011,0.0278999991714954,0.0267999991774559,0.0214000009000301
4.33,0.0124000003561377,0.0096000004559755,0.0573999993503093,0.0894000008702278,0.0476000010967254,0.0957000032067298,0.0529000014066696,0.0524999983608722,0.0458000004291534,0.033900000154972
25.8,0.0054999999701976,0.0044999998062849,0.0449000000953674,0.0692000016570091,0.0489999987185001,0.0653000026941299,0.0324000008404254,0.0340000018477439,0.0278999991714954,0.0226000007241964
19.3,0.0149999996647238,0.0124000003561377,0.0560000017285347,0.0865999981760978,0.0498000010848045,0.0956000015139579,0.0551000013947486,0.0570000000298023,0.0474999994039535,0.0395000018179416
27.3,0.0036500000860542,0.0029500001110136,0.0502999983727932,0.0784000009298324,0.0645999982953071,0.0810000002384185,0.0396500006318092,0.0416500009596347,0.032999999821186,0.025000000372529
13.3,0.0149999996647238,0.0121999997645616,0.0680999979376792,0.0904000028967857,0.0507000014185905,0.0601000003516674,0.032600000500679,0.032600000500679,0.0297999996691942,0.02449999935925
2.73,0.017400000244379,0.0148000000044703,0.0566999986767768,0.0659999996423721,0.033900000154972,0.0322000011801719,0.0248000007122755,0.0232999995350837,0.0237000007182359,0.0209999997168779
6.21,0.017400000244379,0.0142999999225139,0.0663999989628791,0.0847000032663345,0.0467000007629394,0.0425000004470348,0.0280000008642673,0.0280000008642673,0.025399999693036,0.0255999993532896
9.52,0.0124000003561377,0.0104999998584389,0.0546999983489513,0.0895000025629997,0.045899998396635,0.0926999971270561,0.0491999983787536,0.0509999990463256,0.0436000004410743,0.0315000005066394
9.3,0.0110999997705221,0.009800000116229,0.0551999993622303,0.0869000032544136,0.0476000010967254,0.1080999970436096,0.062399998307228,0.066100001335144,0.0531999990344047,0.0421000011265277
49.0,0.0118500003591179,0.0054999999701976,0.052250001579523,0.0866999998688697,0.0578499995172023,0.1121999993920326,0.0944499969482421,0.0901499986648559,0.0737999975681305,0.0654999986290931
12.7,0.0144999995827674,0.0100999996066093,0.0654999986290931,0.091899998486042,0.0524999983608722,0.0615999996662139,0.033500000834465,0.0346000008285045,0.0307000000029802,0.0256999991834163
6.58,0.0164000000804662,0.0129000004380941,0.0555999986827373,0.0650999993085861,0.032999999821186,0.0297999996691942,0.0230999998748302,0.0229000002145767,0.0212999992072582,0.0208000000566244
7.4,0.0165999997407197,0.013600000180304,0.0710000023245811,0.0842999964952468,0.0483000017702579,0.046799998730421,0.0285999998450279,0.0277999993413686,0.0258000008761882,0.0236000008881092
16.6,0.0218000002205371,0.0186999998986721,0.0684999972581863,0.0926000028848648,0.0560000017285347,0.064699999988079,0.0388000011444091,0.0383000001311302,0.0355999991297721,0.0297999996691942
1.04,0.0187999997287988,0.0164000000804662,0.0535999983549118,0.0542999990284442,0.0289999991655349,0.0289999991655349,0.0242999996989965,0.0252999998629093,0.026300000026822,0.0216000005602836
25.2,0.0186999998986721,0.0153000000864267,0.0681999996304512,0.0948999971151351,0.060199998319149,0.0895000025629997,0.0520999990403652,0.0520000010728836,0.0423000007867813,0.0381000004708766
14.3,0.0379000008106231,0.033900000154972,0.0671999976038932,0.0834999978542327,0.0542999990284442,0.0750999972224235,0.0505999997258186,0.0557000003755092,0.0364000014960765,0.0480000004172325
11.1,0.0214000009000301,0.018300000578165,0.0767000019550323,0.096400000154972,0.0581000000238418,0.0593000017106533,0.0377999991178512,0.0368000008165836,0.0359999984502792,0.0307999998331069
3.02,0.0217000003904104,0.0199999995529651,0.0710999965667724,0.0781999975442886,0.0414999984204769,0.0399999991059303,0.0280000008642673,0.0283000003546476,0.0289999991655349,0.0255999993532896
15.5,0.0234999991953372,0.0203000009059906,0.0764999985694885,0.0965000018477439,0.0575999990105629,0.0645999982953071,0.0384999997913837,0.0384000018239021,0.0342999994754791,0.031700000166893
18.7,0.0049000000581145,0.0038999998942017,0.0522999987006187,0.0873999968171119,0.0542999990284442,0.0797000005841255,0.0368000008165836,0.0366999991238117,0.0309999994933605,0.0227000005543231
3.73,0.006000000052154,0.0052999998442828,0.0502999983727932,0.0777999982237815,0.0335999988019466,0.0416000001132488,0.0186999998986721,0.0181000009179115,0.0172000005841255,0.013600000180304
45.6,0.006800000090152,0.0052999998442828,0.0606999993324279,0.09009999781847,0.0632999986410141,0.0812999978661537,0.0359000004827976,0.0379000008106231,0.0304000005125999,0.0232999995350837
16.7,0.0116999996826052,0.0085000004619359,0.0700000002980232,0.1110000014305114,0.0615999996662139,0.0786999985575676,0.0348999984562397,0.0362999998033046,0.0322999991476535,0.0255999993532896
22.7,0.0070000002160668,0.0059000002220273,0.0551000013947486,0.0793000012636184,0.0434999987483024,0.0507000014185905,0.0220999997109174,0.0221999995410442,0.0200999993830919,0.0152000002562999
3.94,0.0070000002160668,0.0063999998383224,0.0458000004291534,0.0584999993443489,0.0237000007182359,0.0222999993711709,0.0126000000163912,0.0115999998524785,0.0116999996826052,0.0110999997705221
11.1,0.0110999997705221,0.009800000116229,0.0603000000119209,0.0975999981164932,0.0471000000834465,0.0522999987006187,0.0262000001966953,0.025000000372529,0.0251000002026557,0.0187999997287988
39.9,0.0102000003680586,0.0087000001221895,0.063799999654293,0.0926999971270561,0.0584000013768672,0.0746000036597251,0.0346999987959861,0.0346000008285045,0.0289999991655349,0.0222999993711709
51.3,0.0068999999202787,0.0063999998383224,0.0612000003457069,0.0916000008583068,0.048599999397993,0.0597000010311603,0.0230999998748302,0.0230999998748302,0.0203000009059906,0.0160000007599592
19.0,0.0083999997004866,0.0074000000022351,0.0573000013828277,0.0806000009179115,0.0381000004708766,0.0353999994695186,0.0135000003501772,0.0138999996706843,0.0142999999225139,0.012699999846518
28.2,0.0057500000111758,0.0046999999321997,0.0695500001311302,0.1003499999642372,0.0627999976277351,0.0789500027894973,0.0350500009953975,0.0351000018417835,0.0300500001758337,0.0223999992012977
12.8,0.0060499999672174,0.0049000000581145,0.0568500012159347,0.0779500007629394,0.0424499996006488,0.0483000017702579,0.0209999997168779,0.0207499992102384,0.0187999997287988,0.0141500001773238
37.4,0.00844999961555,0.0071000000461936,0.070200003683567,0.1058999970555305,0.0746000036597251,0.1006999984383583,0.050500001758337,0.0517500005662441,0.0410999990999698,0.031700000166893
20.4,0.0082999998703598,0.0068999999202787,0.0626000016927719,0.0877000018954277,0.0560999996960163,0.0717500001192092,0.0340499989688396,0.034400001168251,0.0282000005245208,0.0228499993681907
42.0,0.0076500000432133,0.0062500000931322,0.0680000036954879,0.0989999994635582,0.0742999985814094,0.0993499979376792,0.048700001090765,0.0504000000655651,0.0412000007927417,0.0326999984681606
17.3,0.0071000000461936,0.0053500002250075,0.0635000020265579,0.0925000011920929,0.0551000013947486,0.0653500035405159,0.0286999996751546,0.0276999995112419,0.0217499993741512,0.0192499998956918
7.34,0.0067500001750886,0.0053500002250075,0.0597000010311603,0.0836500003933906,0.0390000008046627,0.0388499982655048,0.0181000009179115,0.0182499997317791,0.0162000004202127,0.0120000001043081
8.99,0.0067500001750886,0.0055999998003244,0.0568500012159347,0.0863500013947486,0.0443000011146068,0.0474999994039535,0.0199999995529651,0.0210999995470047,0.0185499992221593,0.0152500001713633
15.1,0.003400000045076,0.002199999988079,0.0696000009775161,0.1062000021338462,0.0666999965906143,0.093699999153614,0.0452000014483928,0.0432000011205673,0.0335999988019466,0.0247000008821487
50.5,0.0035000001080334,0.001700000022538,0.0630000010132789,0.0976999998092651,0.0640000030398368,0.0961000025272369,0.0452000014483928,0.0450999997556209,0.034800000488758,0.0275999996811151
15.3,0.0038999998942017,0.0031999999191612,0.0522000007331371,0.0780000016093254,0.0480999983847141,0.0653999969363212,0.0276999995112419,0.0288999993354082,0.0218000002205371,0.0175999999046325
29.5,0.0037499999161809,0.003400000045076,0.0574500001966953,0.09094999730587,0.0573000013828277,0.096450001001358,0.0469500012695789,0.0475500002503395,0.0364999994635582,0.0274999998509883
18.0,0.002600000007078,0.0019000000320374,0.0644000023603439,0.093199998140335,0.0520999990403652,0.0555999986827373,0.0197000000625848,0.0220999997109174,0.0193000007420778,0.0131000000983476
10.5,0.0043000001460313,0.0027000000700354,0.0612000003457069,0.0807999968528747,0.0366999991238117,0.0368999987840652,0.0132999997586011,0.0129000004380941,0.0126000000163912,0.0097000002861022
15.9,0.0028999999631196,0.0019000000320374,0.0560000017285347,0.0828000009059906,0.0414999984204769,0.0445999987423419,0.0175000000745058,0.0182000007480382,0.0162000004202127,0.0094999996945261
8.36,0.0052999998442828,0.0044999998062849,0.0606999993324279,0.0810000002384185,0.0469000004231929,0.0414000004529953,0.0173000004142522,0.0179999992251396,0.0156999994069337,0.0127999996766448
2.03,0.0057999999262392,0.0046999999321997,0.0439000017940998,0.049600001424551,0.0215000007301569,0.019200000911951,0.0118000004440546,0.0138999996706843,0.0103000001981854,0.0103000001981854
12.0,0.0038999998942017,0.0035999999381601,0.0734999999403953,0.1033999994397163,0.0719999969005584,0.0625,0.0248000007122755,0.0247000008821487,0.0201999992132186,0.0173000004142522
6.17,0.0059000002220273,0.0043000001460313,0.0672999992966651,0.0944000035524368,0.0608000010251998,0.0573000013828277,0.0242999996989965,0.0242999996989965,0.0182000007480382,0.0171000007539987
19.6,0.0081500001251697,0.0068500000052154,0.070150002837181,0.1012500002980232,0.0794000029563903,0.0745000019669532,0.0351999998092651,0.0337000004947185,0.0265999995172023,0.0213500000536441
6.3,0.0057000000961124,0.0054000001400709,0.0560000017285347,0.0729999989271164,0.0414000004529953,0.0353999994695186,0.0173000004142522,0.0163000002503395,0.0121999997645616,0.0131999999284744
3.15,0.0054000001400709,0.0054000001400709,0.0428999997675418,0.0538000017404556,0.0252000000327825,0.0232999995350837,0.0131999999284744,0.0116999996826052,0.0097000002861022,0.0098999999463558
6.34,0.0065000001341104,0.0051000001840293,0.0507999993860721,0.065600000321865,0.0299999993294477,0.0242999996989965,0.0137999998405575,0.0142000000923872,0.0122999995946884,0.0108000002801418
17.3,0.0052999998442828,0.0042500002309679,0.0808499976992607,0.1107999980449676,0.0825499966740608,0.0689499974250793,0.026300000026822,0.0245999991893768,0.023199999704957,0.0157999992370605
9.79,0.0270000007003545,0.0214499998837709,0.0746499970555305,0.1040999963879585,0.0860499963164329,0.0803499966859817,0.0447500012814998,0.0469999983906745,0.0427500009536743,0.0406999997794628
26.1,0.0031500000040978,0.0024000001139938,0.0513000003993511,0.0831499993801117,0.0671499967575073,0.0653500035405159,0.025399999693036,0.026300000026822,0.0228000003844499,0.0149999996647238
121.1,0.0046000001020729,0.0037499999161809,0.0760499984025955,0.1190999969840049,0.1200999990105629,0.1178499981760978,0.0584000013768672,0.0549999997019767,0.0422499999403953,0.0291499998420476
69.1,0.0232999995350837,0.0208999998867511,0.0784500017762184,0.1199000030755996,0.0943500027060508,0.135000005364418,0.0837500020861625,0.0813499987125396,0.066600002348423,0.0557999983429908
110.2,0.0379500016570091,0.0235500000417232,0.0614500008523464,0.0974500030279159,0.09740000218153,0.1126499995589256,0.0958999991416931,0.1002499982714653,0.0920500010251998,0.0881500020623207
76.3,0.0641499981284141,0.0379999987781047,0.0485000014305114,0.0781499966979026,0.0729499980807304,0.099600002169609,0.1072999984025955,0.1216500028967857,0.1186999976634979,0.1094999983906745
111.0,0.0098500000312924,0.0086500002071261,0.0788000002503395,0.1186000034213066,0.1254000067710876,0.124899998307228,0.070200003683567,0.0668999999761581,0.0524000003933906,0.0395000018179416
71.1,0.0048500001430511,0.0037499999161809,0.067500002682209,0.1093999966979026,0.0795499980449676,0.1151499971747398,0.0655499994754791,0.0625500008463859,0.0489000007510185,0.0358499996364116
126.5,0.0070500001311302,0.0035500000230968,0.0637499988079071,0.1031000018119812,0.1133000031113624,0.1198000013828277,0.0674000009894371,0.0653000026941299,0.0520499981939792,0.0364499986171722
113.1,0.0071499999612569,0.0056500001810491,0.0715499967336654,0.1066000014543533,0.1106000021100044,0.1098999977111816,0.0567499995231628,0.0555500015616416,0.0419999994337558,0.0318999998271465
131.9,0.0050499998033046,0.0043500000610947,0.0627999976277351,0.1022500023245811,0.0795999988913536,0.1257999986410141,0.0705500021576881,0.06700000166893,0.0533500015735626,0.0362999998033046
63.1,0.0072499997913837,0.006000000052154,0.0768000036478042,0.1172000020742416,0.0979499965906143,0.1130499988794326,0.0586000010371208,0.0581500008702278,0.0442500002682209,0.033900000154972
88.5,0.0100999996066093,0.0094499997794628,0.0821499973535537,0.1233000010251998,0.1198000013828277,0.1166500002145767,0.0567499995231628,0.0543499998748302,0.0419000014662742,0.0307500008493661
84.8,0.0221999995410442,0.017850000411272,0.0842500030994415,0.1238000020384788,0.1181999966502189,0.123999997973442,0.0743499994277954,0.0718500018119812,0.0583500005304813,0.0501499995589256
93.5,0.0237000007182359,0.0152500001713633,0.0812999978661537,0.1238000020384788,0.122699998319149,0.1138999983668327,0.0627499967813491,0.0690999999642372,0.0472000017762184,0.045949999243021
79.0,0.0371499992907047,0.0328000001609325,0.0781999975442886,0.1096000000834465,0.0908500030636787,0.1174999997019767,0.0908000022172927,0.0962999984622001,0.095949999988079,0.0811500027775764
90.7,0.0081000002101063,0.0074499999172985,0.0834999978542327,0.1266999989748001,0.1263999938964843,0.1197500005364418,0.0593000017106533,0.0551999993622303,0.0447000004351139,0.0326999984681606
96.2,0.0087999999523162,0.0059500001370906,0.0729499980807304,0.1124000027775764,0.1020999997854232,0.1289000064134597,0.0790999978780746,0.0772999972105026,0.068400003015995,0.0472999997437
127.8,0.0176500007510185,0.0151500003412365,0.0759000033140182,0.1147999987006187,0.1198000013828277,0.1273500025272369,0.0706999972462654,0.0685499981045723,0.0542499981820583,0.0395499989390373
153.8,0.0267999991774559,0.0233999993652105,0.070200003683567,0.1084000021219253,0.096000000834465,0.1356499940156936,0.1063499972224235,0.0975999981164932,0.0775000005960464,0.0731000006198883
157.5,0.0090500004589557,0.0044499998912215,0.06700000166893,0.1055999994277954,0.1076000034809112,0.1229500025510788,0.0790000036358833,0.0798999965190887,0.0628499984741211,0.0508500002324581
91.0,0.0065999999642372,0.0060499999672174,0.0808499976992607,0.1207000017166137,0.1124999970197677,0.1159500032663345,0.0549499988555908,0.0505499988794326,0.0401500016450881,0.0280000008642673
113.0,0.0098500000312924,0.0087500000372529,0.0658499971032142,0.0988999977707862,0.0982000008225441,0.1084500029683113,0.066100001335144,0.0653500035405159,0.0520499981939792,0.0406000018119812
111.0,0.0516499988734722,0.0381500013172626,0.0597999989986419,0.0922499969601631,0.0832000002264976,0.1173999980092048,0.09825000166893,0.1133999973535537,0.0914999991655349,0.0938000008463859
74.5,0.0458000004291534,0.0251499991863966,0.0570000000298023,0.0851999968290329,0.069700002670288,0.0865999981760978,0.0751499980688095,0.0902500003576278,0.0476000010967254,0.0812000036239624
