Station,Date,Alk-Tot,EC,TEMP,TURB,pH,Station Identifier,Latitude,Longitude,Region,COL-True,Cluster,B11,B12,B2,B3,B4,B5,B6,B7,B8,B8A
URY00076,2018-06-19,52.0,157.0,10.0,,7.9,Toma de agua,-34.8297,-55.0421,South America,102.0,678,0.0031999999191612005,0.004600000102072954,0.03139999881386757,0.042100001126527786,0.044599998742341995,0.039900001138448715,0.01759999990463257,0.015399999916553497,0.010999999940395355,0.007600000128149986
URY00076,2018-06-20,53.0,158.0,10.0,18.9,8.0,Toma de agua,-34.8297,-55.0421,South America,103.0,678,0.0031999999191612005,0.004600000102072954,0.03139999881386757,0.042100001126527786,0.044599998742341995,0.039900001138448715,0.01759999990463257,0.015399999916553497,0.010999999940395355,0.007600000128149986
URY00076,2018-06-21,53.0,158.0,12.0,23.4,8.0,Toma de agua,-34.8297,-55.0421,South America,108.0,678,0.0031999999191612005,0.004600000102072954,0.03139999881386757,0.042100001126527786,0.044599998742341995,0.039900001138448715,0.01759999990463257,0.015399999916553497,0.010999999940395355,0.007600000128149986
URY00076,2018-06-22,50.0,157.0,11.0,19.5,8.0,Toma de agua,-34.8297,-55.0421,South America,107.0,678,0.0031999999191612005,0.004600000102072954,0.03139999881386757,0.042100001126527786,0.044599998742341995,0.039900001138448715,0.01759999990463257,0.015399999916553497,0.010999999940395355,0.007600000128149986
URY00076,2018-06-25,52.0,177.0,9.0,19.3,8.2,Toma de agua,-34.8297,-55.0421,South America,96.0,678,0.0031999999191612005,0.004600000102072954,0.03139999881386757,0.042100001126527786,0.044599998742341995,0.039900001138448715,0.01759999990463257,0.015399999916553497,0.010999999940395355,0.007600000128149986
URY00076,2018-06-26,53.0,158.0,9.0,,8.0,Toma de agua,-34.8297,-55.0421,South America,114.0,678,0.0031999999191612005,0.004600000102072954,0.03139999881386757,0.042100001126527786,0.044599998742341995,0.039900001138448715,0.01759999990463257,0.015399999916553497,0.010999999940395355,0.007600000128149986
URY00076,2018-06-27,53.0,158.0,11.0,18.8,8.0,Toma de agua,-34.8297,-55.0421,South America,107.0,678,0.0031999999191612005,0.004600000102072954,0.03139999881386757,0.042100001126527786,0.044599998742341995,0.039900001138448715,0.01759999990463257,0.015399999916553497,0.010999999940395355,0.007600000128149986
URY00076,2018-06-28,53.0,157.0,10.0,19.1,7.9,Toma de agua,-34.8297,-55.0421,South America,110.0,678,0.0031999999191612005,0.004600000102072954,0.03139999881386757,0.042100001126527786,0.044599998742341995,0.039900001138448715,0.01759999990463257,0.015399999916553497,0.010999999940395355,0.007600000128149986
URY00076,2018-06-29,56.0,158.0,10.0,18.9,8.0,Toma de agua,-34.8297,-55.0421,South America,115.0,678,0.0031999999191612005,0.004600000102072954,0.03139999881386757,0.042100001126527786,0.044599998742341995,0.039900001138448715,0.01759999990463257,0.015399999916553497,0.010999999940395355,0.007600000128149986
URY00076,2018-07-02,53.0,170.0,12.0,18.5,8.1,Toma de agua,-34.8297,-55.0421,South America,97.0,678,0.0031999999191612005,0.004600000102072954,0.03139999881386757,0.042100001126527786,0.044599998742341995,0.039900001138448715,0.01759999990463257,0.015399999916553497,0.010999999940395355,0.007600000128149986
URY00076,2019-01-02,49.0,133.0,25.0,15.1,7.8,Toma de agua,-34.8297,-55.0421,South America,111.0,678,0.03175000101327896,0.028750000521540642,0.05855000019073486,0.07135000079870224,0.07164999842643738,0.07490000128746033,0.044599998742341995,0.04399999976158142,0.03920000046491623,0.0361500009894371
URY00076,2019-01-03,45.0,134.0,23.0,20.0,7.6,Toma de agua,-34.8297,-55.0421,South America,135.0,678,0.03175000101327896,0.028750000521540642,0.05855000019073486,0.07135000079870224,0.07164999842643738,0.07490000128746033,0.044599998742341995,0.04399999976158142,0.03920000046491623,0.0361500009894371
URY00076,2019-01-04,42.0,132.0,22.0,14.8,7.7,Toma de agua,-34.8297,-55.0421,South America,107.0,678,0.03175000101327896,0.028750000521540642,0.05855000019073486,0.07135000079870224,0.07164999842643738,0.07490000128746033,0.044599998742341995,0.04399999976158142,0.03920000046491623,0.0361500009894371
URY00076,2019-01-07,48.0,133.0,24.0,13.3,7.5,Toma de agua,-34.8297,-55.0421,South America,112.0,678,0.05180000141263008,0.04569999873638153,0.08049999922513962,0.0940999984741211,0.09470000118017197,0.0949999988079071,0.0689999982714653,0.06719999760389328,0.06279999762773514,0.05950000137090683
URY00076,2019-01-08,42.0,130.0,23.0,14.0,7.7,Toma de agua,-34.8297,-55.0421,South America,107.0,678,0.05180000141263008,0.04569999873638153,0.08049999922513962,0.0940999984741211,0.09470000118017197,0.0949999988079071,0.0689999982714653,0.06719999760389328,0.06279999762773514,0.05950000137090683
URY00076,2019-01-09,65.0,130.0,23.5,14.9,7.9,Toma de agua,-34.8297,-55.0421,South America,130.0,678,0.03384999930858612,0.029999999329447746,0.0596500001847744,0.07169999927282333,0.07325000315904617,0.07254999876022339,0.0466499999165535,0.04470000043511391,0.045249998569488525,0.03765000030398369
URY00076,2019-01-10,43.0,128.0,24.0,14.3,7.6,Toma de agua,-34.8297,-55.0421,South America,119.0,678,0.03384999930858612,0.029999999329447746,0.0596500001847744,0.07169999927282333,0.07325000315904617,0.07254999876022339,0.0466499999165535,0.04470000043511391,0.045249998569488525,0.03765000030398369
URY00076,2019-01-11,42.0,127.0,22.0,13.4,7.6,Toma de agua,-34.8297,-55.0421,South America,126.0,678,0.03384999930858612,0.029999999329447746,0.0596500001847744,0.07169999927282333,0.07325000315904617,0.07254999876022339,0.0466499999165535,0.04470000043511391,0.045249998569488525,0.03765000030398369
URY00076,2019-01-14,48.0,135.0,24.0,13.5,7.7,Toma de agua,-34.8297,-55.0421,South America,121.0,678,0.03384999930858612,0.029999999329447746,0.0596500001847744,0.07169999927282333,0.07325000315904617,0.07254999876022339,0.0466499999165535,0.04470000043511391,0.045249998569488525,0.03765000030398369
URY00076,2019-01-15,44.0,132.0,23.5,13.0,7.6,Toma de agua,-34.8297,-55.0421,South America,107.0,678,0.03384999930858612,0.029999999329447746,0.0596500001847744,0.07169999927282333,0.07325000315904617,0.07254999876022339,0.0466499999165535,0.04470000043511391,0.045249998569488525,0.03765000030398369
URY00076,2019-01-16,44.0,130.0,23.0,14.2,7.7,Toma de agua,-34.8297,-55.0421,South America,116.0,678,0.0560000017285347,0.04820000007748604,0.08269999921321869,0.09480000287294388,0.09790000319480896,0.0949999988079071,0.0731000006198883,0.06859999895095825,0.07490000128746033,0.0625
URY00076,2019-01-17,45.0,133.0,23.0,13.7,7.6,Toma de agua,-34.8297,-55.0421,South America,114.0,678,0.0560000017285347,0.04820000007748604,0.08269999921321869,0.09480000287294388,0.09790000319480896,0.0949999988079071,0.0731000006198883,0.06859999895095825,0.07490000128746033,0.0625
URY00076,2019-01-18,46.0,128.0,23.0,,7.7,Toma de agua,-34.8297,-55.0421,South America,115.0,678,0.0560000017285347,0.04820000007748604,0.08269999921321869,0.09480000287294388,0.09790000319480896,0.0949999988079071,0.0731000006198883,0.06859999895095825,0.07490000128746033,0.0625
URY00076,2019-01-21,48.0,120.0,22.5,14.0,8.1,Toma de agua,-34.8297,-55.0421,South America,127.0,678,0.02019999921321869,0.016499999910593033,0.049400001764297485,0.056299999356269836,0.05779999867081642,0.055399999022483826,0.030700000002980232,0.02889999933540821,0.027000000700354576,0.024000000208616257
URY00076,2019-01-22,43.0,128.0,22.0,14.7,7.8,Toma de agua,-34.8297,-55.0421,South America,133.0,678,0.012799999676644802,0.011049999855458736,0.04165000095963478,0.051600001752376556,0.052000001072883606,0.048500001430511475,0.021849999204277992,0.021050000563263893,0.02005000039935112,0.015300000086426735
URY00076,2019-01-23,41.0,128.0,25.0,14.9,7.7,Toma de agua,-34.8297,-55.0421,South America,125.0,678,0.012799999676644802,0.011049999855458736,0.04165000095963478,0.051600001752376556,0.052000001072883606,0.048500001430511475,0.021849999204277992,0.021050000563263893,0.02005000039935112,0.015300000086426735
URY00076,2019-01-24,43.0,129.0,23.5,14.8,7.7,Toma de agua,-34.8297,-55.0421,South America,129.0,678,0.012799999676644802,0.011049999855458736,0.04165000095963478,0.051600001752376556,0.052000001072883606,0.048500001430511475,0.021849999204277992,0.021050000563263893,0.02005000039935112,0.015300000086426735
URY00076,2019-01-25,48.0,129.0,22.0,15.2,7.9,Toma de agua,-34.8297,-55.0421,South America,117.0,678,0.02019999921321869,0.016499999910593033,0.049400001764297485,0.056299999356269836,0.05779999867081642,0.055399999022483826,0.030700000002980232,0.02889999933540821,0.027000000700354576,0.024000000208616257
URY00076,2019-01-28,48.0,130.0,25.0,14.4,7.9,Toma de agua,-34.8297,-55.0421,South America,116.0,678,0.01334999967366457,0.011049999855458736,0.042249999940395355,0.051600001752376556,0.052000001072883606,0.048500001430511475,0.022949999198317528,0.022849999368190765,0.02070000022649765,0.017550000920891762
URY00076,2019-01-29,46.0,128.0,26.0,13.8,7.7,Toma de agua,-34.8297,-55.0421,South America,118.0,678,0.01334999967366457,0.011049999855458736,0.042249999940395355,0.051600001752376556,0.052000001072883606,0.048500001430511475,0.022949999198317528,0.022849999368190765,0.02070000022649765,0.017550000920891762
URY00076,2019-01-30,42.0,127.0,26.0,15.0,7.7,Toma de agua,-34.8297,-55.0421,South America,115.0,678,0.006500000134110451,0.00559999980032444,0.035100001841783524,0.04690000042319298,0.04619999974966049,0.041600000113248825,0.015200000256299973,0.01679999940097332,0.014399999752640724,0.011099999770522118
URY00076,2019-01-31,44.0,128.0,27.0,13.9,7.7,Toma de agua,-34.8297,-55.0421,South America,116.0,678,0.006500000134110451,0.00559999980032444,0.035100001841783524,0.04690000042319298,0.04619999974966049,0.041600000113248825,0.015200000256299973,0.01679999940097332,0.014399999752640724,0.011099999770522118
URY00076,2019-02-01,44.0,131.0,26.0,13.1,7.7,Toma de agua,-34.8297,-55.0421,South America,117.0,678,0.006500000134110451,0.00559999980032444,0.035100001841783524,0.04690000042319298,0.04619999974966049,0.041600000113248825,0.015200000256299973,0.01679999940097332,0.014399999752640724,0.011099999770522118
URY00076,2019-02-04,44.0,131.0,23.0,12.8,8.0,Toma de agua,-34.8297,-55.0421,South America,109.0,678,0.005400000140070915,0.004900000058114529,0.033900000154972076,0.04089999943971634,0.03790000081062317,0.038600001484155655,0.013000000268220901,0.013199999928474426,0.013100000098347664,0.007799999788403511
URY00076,2019-02-05,47.0,131.0,23.0,13.4,7.7,Toma de agua,-34.8297,-55.0421,South America,113.0,678,0.00559999980032444,0.0042500002309679985,0.032099999487400055,0.04035000130534172,0.03700000047683716,0.036249998956918716,0.013949999585747719,0.014449999667704105,0.01295000035315752,0.009449999779462814
URY00076,2019-02-06,46.0,128.0,23.0,11.8,7.7,Toma de agua,-34.8297,-55.0421,South America,107.0,678,0.00559999980032444,0.0042500002309679985,0.032099999487400055,0.04035000130534172,0.03700000047683716,0.036249998956918716,0.013949999585747719,0.014449999667704105,0.01295000035315752,0.009449999779462814
URY00076,2019-02-07,44.0,129.0,23.5,11.1,7.7,Toma de agua,-34.8297,-55.0421,South America,98.0,678,0.00559999980032444,0.0042500002309679985,0.032099999487400055,0.04035000130534172,0.03700000047683716,0.036249998956918716,0.013949999585747719,0.014449999667704105,0.01295000035315752,0.009449999779462814
URY00076,2019-02-08,43.0,127.0,25.0,11.0,7.4,Toma de agua,-34.8297,-55.0421,South America,101.0,678,0.004699999932199717,0.003599999938160181,0.029100000858306885,0.039799999445676804,0.03610000014305115,0.033900000154972076,0.01269999984651804,0.01209999993443489,0.011500000022351742,0.007799999788403511
URY00076,2019-02-11,44.0,132.0,25.0,,7.6,Toma de agua,-34.8297,-55.0421,South America,89.0,678,0.004600000102072954,0.0034000000450760126,0.02879999950528145,0.04089999943971634,0.0364999994635582,0.03454999998211861,0.012649999931454659,0.012199999764561653,0.011649999767541885,0.007600000128149986
URY00076,2019-02-12,46.0,129.0,23.0,23.0,7.6,Toma de agua,-34.8297,-55.0421,South America,138.0,678,0.004600000102072954,0.0034000000450760126,0.02879999950528145,0.04089999943971634,0.0364999994635582,0.03454999998211861,0.012649999931454659,0.012199999764561653,0.011649999767541885,0.007600000128149986
URY00076,2019-02-13,43.0,131.0,21.0,13.7,7.7,Toma de agua,-34.8297,-55.0421,South America,107.0,678,0.0044999998062849045,0.003599999938160181,0.02850000001490116,0.041999999433755875,0.03689999878406525,0.03519999980926514,0.01269999984651804,0.012299999594688416,0.011800000444054604,0.007799999788403511
URY00076,2019-02-14,45.0,129.0,22.0,13.7,7.9,Toma de agua,-34.8297,-55.0421,South America,103.0,678,0.010900000110268593,0.009800000116229057,0.035999998450279236,0.04895000159740448,0.04295000061392784,0.042649999260902405,0.019950000569224358,0.01889999955892563,0.01810000091791153,0.012649999931454659
URY00076,2019-02-15,44.0,131.0,22.0,12.3,7.9,Toma de agua,-34.8297,-55.0421,South America,119.0,678,0.010900000110268593,0.009800000116229057,0.035999998450279236,0.04895000159740448,0.04295000061392784,0.042649999260902405,0.019950000569224358,0.01889999955892563,0.01810000091791153,0.012649999931454659
URY00076,2019-02-18,44.0,132.0,22.5,11.2,7.9,Toma de agua,-34.8297,-55.0421,South America,109.0,678,0.01730000041425228,0.01600000075995922,0.04349999874830246,0.05590000003576279,0.04899999871850014,0.05009999871253967,0.0272000003606081,0.025499999523162842,0.024399999529123306,0.017500000074505806
URY00076,2019-02-19,46.0,130.0,24.0,10.7,7.8,Toma de agua,-34.8297,-55.0421,South America,90.0,678,0.01730000041425228,0.01600000075995922,0.04349999874830246,0.05590000003576279,0.04899999871850014,0.05009999871253967,0.0272000003606081,0.025499999523162842,0.024399999529123306,0.017500000074505806
URY00076,2019-02-20,47.0,130.0,24.0,10.3,7.8,Toma de agua,-34.8297,-55.0421,South America,82.0,678,0.01730000041425228,0.01600000075995922,0.04349999874830246,0.05590000003576279,0.04899999871850014,0.05009999871253967,0.0272000003606081,0.025499999523162842,0.024399999529123306,0.017500000074505806
URY00076,2019-02-21,46.0,132.0,26.0,9.2,7.6,Toma de agua,-34.8297,-55.0421,South America,85.0,678,0.013500000350177288,0.01209999993443489,0.039400000125169754,0.05139999836683273,0.0471000000834465,0.04324999824166298,0.02264999970793724,0.022700000554323196,0.02264999970793724,0.015850000083446503
URY00076,2019-02-22,46.0,130.0,26.0,10.0,7.7,Toma de agua,-34.8297,-55.0421,South America,95.0,678,0.013500000350177288,0.01209999993443489,0.039400000125169754,0.05139999836683273,0.0471000000834465,0.04324999824166298,0.02264999970793724,0.022700000554323196,0.02264999970793724,0.015850000083446503
URY00076,2019-02-25,50.0,135.0,23.5,10.5,7.3,Toma de agua,-34.8297,-55.0421,South America,87.0,678,0.014150000177323818,0.012249999679625034,0.039400000125169754,0.052400000393390656,0.0471000000834465,0.045049998909235,0.02484999969601631,0.024949999526143074,0.02474999986588955,0.01954999938607216
URY00076,2019-02-27,44.0,130.0,20.0,10.1,7.9,Toma de agua,-34.8297,-55.0421,South America,76.0,678,0.014150000177323818,0.012249999679625034,0.039400000125169754,0.052400000393390656,0.0471000000834465,0.045049998909235,0.02484999969601631,0.024949999526143074,0.02474999986588955,0.01954999938607216
URY00076,2019-02-28,43.0,131.0,21.0,12.4,7.8,Toma de agua,-34.8297,-55.0421,South America,92.0,678,0.009700000286102295,0.008200000040233135,0.03530000150203705,0.04690000042319298,0.04520000144839287,0.036400001496076584,0.01810000091791153,0.019899999722838402,0.020899999886751175,0.0142000000923872
URY00076,2019-03-01,45.0,134.0,20.0,9.0,7.8,Toma de agua,-34.8297,-55.0421,South America,82.0,678,0.00839999970048666,0.006500000134110451,0.03435000032186508,0.04320000112056732,0.03994999825954437,0.03290000185370445,0.016499999910593033,0.016599999740719795,0.015949999913573265,0.011599999852478504
URY00076,2019-03-04,43.0,132.0,20.0,9.0,7.8,Toma de agua,-34.8297,-55.0421,South America,66.0,678,0.00839999970048666,0.006500000134110451,0.03435000032186508,0.04320000112056732,0.03994999825954437,0.03290000185370445,0.016499999910593033,0.016599999740719795,0.015949999913573265,0.011599999852478504
URY00076,2019-03-05,47.0,133.0,21.5,8.4,7.5,Toma de agua,-34.8297,-55.0421,South America,81.0,678,0.00839999970048666,0.006500000134110451,0.03435000032186508,0.04320000112056732,0.03994999825954437,0.03290000185370445,0.016499999910593033,0.016599999740719795,0.015949999913573265,0.011599999852478504
URY00076,2019-03-06,43.0,133.0,21.5,8.9,7.8,Toma de agua,-34.8297,-55.0421,South America,83.0,678,0.00839999970048666,0.006500000134110451,0.03435000032186508,0.04320000112056732,0.03994999825954437,0.03290000185370445,0.016499999910593033,0.016599999740719795,0.015949999913573265,0.011599999852478504
URY00076,2019-03-07,45.0,129.0,24.0,8.9,7.8,Toma de agua,-34.8297,-55.0421,South America,85.0,678,0.0071000000461936,0.004800000227987766,0.033399999141693115,0.039500001817941666,0.034699998795986176,0.029400000348687172,0.01489999983459711,0.013299999758601189,0.010999999940395355,0.008999999612569809
URY00076,2019-03-11,45.0,133.0,20.0,10.0,7.8,Toma de agua,-34.8297,-55.0421,South America,84.0,678,0.0071000000461936,0.004800000227987766,0.033399999141693115,0.039500001817941666,0.034699998795986176,0.029400000348687172,0.01489999983459711,0.013299999758601189,0.010999999940395355,0.008999999612569809
URY00076,2019-03-12,46.0,136.0,21.0,10.5,7.9,Toma de agua,-34.8297,-55.0421,South America,81.0,678,0.0071000000461936,0.004800000227987766,0.033399999141693115,0.039500001817941666,0.034699998795986176,0.029400000348687172,0.01489999983459711,0.013299999758601189,0.010999999940395355,0.008999999612569809
URY00076,2019-03-13,43.0,131.0,20.0,10.1,7.7,Toma de agua,-34.8297,-55.0421,South America,83.0,678,0.03550000116229057,0.02865000069141388,0.06764999777078629,0.0572500005364418,0.049550000578165054,0.051350001245737076,0.04360000044107437,0.04374999925494194,0.05490000173449516,0.04075000062584877
URY00076,2019-03-14,42.0,133.0,20.0,13.3,7.9,Toma de agua,-34.8297,-55.0421,South America,94.0,678,0.03550000116229057,0.02865000069141388,0.06764999777078629,0.0572500005364418,0.049550000578165054,0.051350001245737076,0.04360000044107437,0.04374999925494194,0.05490000173449516,0.04075000062584877
URY00076,2019-03-15,44.0,130.0,21.0,9.8,7.8,Toma de agua,-34.8297,-55.0421,South America,81.0,678,0.06390000134706497,0.05249999836087227,0.10189999639987946,0.07500000298023224,0.06440000236034393,0.07329999655485153,0.0723000019788742,0.07419999688863754,0.09880000352859497,0.07249999791383743
URY00076,2019-03-18,44.0,135.0,22.0,10.7,7.4,Toma de agua,-34.8297,-55.0421,South America,87.0,678,0.03799999877810478,0.032499998807907104,0.0731000006198883,0.06274999678134918,0.057349998503923416,0.05820000171661377,0.04690000042319298,0.04975000023841858,0.05844999849796295,0.04625000059604645
URY00076,2019-03-19,42.0,130.0,21.5,9.9,7.8,Toma de agua,-34.8297,-55.0421,South America,87.0,678,0.03799999877810478,0.032499998807907104,0.0731000006198883,0.06274999678134918,0.057349998503923416,0.05820000171661377,0.04690000042319298,0.04975000023841858,0.05844999849796295,0.04625000059604645
URY00076,2019-03-20,40.0,131.0,21.0,10.0,7.8,Toma de agua,-34.8297,-55.0421,South America,82.0,678,0.03799999877810478,0.032499998807907104,0.0731000006198883,0.06274999678134918,0.057349998503923416,0.05820000171661377,0.04690000042319298,0.04975000023841858,0.05844999849796295,0.04625000059604645
URY00076,2019-03-21,44.0,132.0,20.0,11.0,7.9,Toma de agua,-34.8297,-55.0421,South America,94.0,678,0.03799999877810478,0.032499998807907104,0.0731000006198883,0.06274999678134918,0.057349998503923416,0.05820000171661377,0.04690000042319298,0.04975000023841858,0.05844999849796295,0.04625000059604645
URY00076,2019-03-22,47.0,136.0,19.5,10.2,7.9,Toma de agua,-34.8297,-55.0421,South America,83.0,678,0.03799999877810478,0.032499998807907104,0.0731000006198883,0.06274999678134918,0.057349998503923416,0.05820000171661377,0.04690000042319298,0.04975000023841858,0.05844999849796295,0.04625000059604645
URY00076,2019-03-25,46.0,133.0,19.0,14.8,8.0,Toma de agua,-34.8297,-55.0421,South America,114.0,678,0.03799999877810478,0.032499998807907104,0.0731000006198883,0.06274999678134918,0.057349998503923416,0.05820000171661377,0.04690000042319298,0.04975000023841858,0.05844999849796295,0.04625000059604645
URY00076,2019-03-26,42.0,133.0,18.5,12.4,7.76,Toma de agua,-34.8297,-55.0421,South America,93.0,678,0.03799999877810478,0.032499998807907104,0.0731000006198883,0.06274999678134918,0.057349998503923416,0.05820000171661377,0.04690000042319298,0.04975000023841858,0.05844999849796295,0.04625000059604645
URY00076,2019-03-27,44.0,134.0,19.0,11.9,7.8,Toma de agua,-34.8297,-55.0421,South America,98.0,678,0.01209999993443489,0.012500000186264515,0.04430000111460686,0.05050000175833702,0.0502999983727932,0.04309999942779541,0.0215000007301569,0.025299999862909317,0.01810000091791153,0.019999999552965164
URY00076,2019-03-28,45.0,133.0,18.0,10.6,7.75,Toma de agua,-34.8297,-55.0421,South America,84.0,678,0.01209999993443489,0.012500000186264515,0.04430000111460686,0.05050000175833702,0.0502999983727932,0.04309999942779541,0.0215000007301569,0.025299999862909317,0.01810000091791153,0.019999999552965164
URY00076,2019-03-29,43.0,135.0,13.0,12.0,7.8,Toma de agua,-34.8297,-55.0421,South America,83.0,678,0.01209999993443489,0.012500000186264515,0.04430000111460686,0.05050000175833702,0.0502999983727932,0.04309999942779541,0.0215000007301569,0.025299999862909317,0.01810000091791153,0.019999999552965164
URY00076,2019-04-03,47.0,132.0,20.9,10.0,7.8,Toma de agua,-34.8297,-55.0421,South America,78.0,678,0.0066999997943639755,0.006149999797344208,0.030950000509619713,0.040300000458955765,0.03595000132918358,0.032249998301267624,0.012450000271201134,0.013050000183284283,0.010599999688565731,0.008899999782443047
URY00076,2019-04-04,46.0,135.0,20.5,10.0,7.6,Toma de agua,-34.8297,-55.0421,South America,83.0,678,0.0066999997943639755,0.006149999797344208,0.030950000509619713,0.040300000458955765,0.03595000132918358,0.032249998301267624,0.012450000271201134,0.013050000183284283,0.010599999688565731,0.008899999782443047
URY00076,2019-04-05,43.0,132.0,21.2,13.3,7.9,Toma de agua,-34.8297,-55.0421,South America,82.0,678,0.0066999997943639755,0.006149999797344208,0.030950000509619713,0.040300000458955765,0.03595000132918358,0.032249998301267624,0.012450000271201134,0.013050000183284283,0.010599999688565731,0.008899999782443047
URY00076,2019-04-08,43.0,135.0,19.5,9.5,8.0,Toma de agua,-34.8297,-55.0421,South America,87.0,678,0.005400000140070915,0.004900000058114529,0.03200000151991844,0.03929999843239784,0.033399999141693115,0.029500000178813934,0.00989999994635582,0.010900000110268593,0.009499999694526196,0.008899999782443047
URY00076,2019-04-09,48.0,139.0,19.0,9.2,8.0,Toma de agua,-34.8297,-55.0421,South America,82.0,678,0.005400000140070915,0.004900000058114529,0.03200000151991844,0.03929999843239784,0.033399999141693115,0.029500000178813934,0.00989999994635582,0.010900000110268593,0.009499999694526196,0.008899999782443047
URY00076,2019-04-10,43.0,134.0,22.1,9.9,7.8,Toma de agua,-34.8297,-55.0421,South America,85.0,678,0.0066999997943639755,0.006149999797344208,0.029850000515580177,0.03920000046491623,0.03334999829530716,0.028750000521540642,0.010649999603629112,0.010900000110268593,0.009150000289082527,0.008899999782443047
URY00076,2019-04-11,42.0,140.0,21.0,8.9,7.8,Toma de agua,-34.8297,-55.0421,South America,73.0,678,0.0066999997943639755,0.006149999797344208,0.029850000515580177,0.03920000046491623,0.03334999829530716,0.028750000521540642,0.010649999603629112,0.010900000110268593,0.009150000289082527,0.008899999782443047
URY00076,2019-04-12,47.0,135.0,19.0,9.1,7.8,Toma de agua,-34.8297,-55.0421,South America,69.0,678,0.00800000037997961,0.005799999926239252,0.027699999511241913,0.03929999843239784,0.033399999141693115,0.029500000178813934,0.01140000019222498,0.010900000110268593,0.009499999694526196,0.008899999782443047
URY00076,2019-04-15,49.0,139.0,19.0,8.8,7.9,Toma de agua,-34.8297,-55.0421,South America,71.0,678,0.006850000005215406,0.005350000225007534,0.025849999859929085,0.03920000046491623,0.03334999829530716,0.028750000521540642,0.010649999603629112,0.010900000110268593,0.009150000289082527,0.009050000458955765
URY00076,2019-04-16,42.0,136.0,18.0,8.8,7.8,Toma de agua,-34.8297,-55.0421,South America,66.0,678,0.008299999870359898,0.005799999926239252,0.024000000208616257,0.03929999843239784,0.0333000011742115,0.02800000086426735,0.01140000019222498,0.010900000110268593,0.008799999952316284,0.009200000204145908
URY00076,2019-04-17,44.0,136.0,18.0,9.2,7.8,Toma de agua,-34.8297,-55.0421,South America,84.0,678,0.008299999870359898,0.005799999926239252,0.024000000208616257,0.03929999843239784,0.0333000011742115,0.02800000086426735,0.01140000019222498,0.010900000110268593,0.008799999952316284,0.009200000204145908
URY00076,2019-04-22,48.0,134.0,20.2,8.9,7.8,Toma de agua,-34.8297,-55.0421,South America,76.0,678,0.009800000116229057,0.007699999958276749,0.021250000223517418,0.03135000169277191,0.025499999523162842,0.023350000381469727,0.012799999676644802,0.012000000104308128,0.012000000104308128,0.009499999694526196
URY00076,2019-04-23,44.0,138.0,19.7,8.5,7.8,Toma de agua,-34.8297,-55.0421,South America,70.0,678,0.009800000116229057,0.007699999958276749,0.021250000223517418,0.03135000169277191,0.025499999523162842,0.023350000381469727,0.012799999676644802,0.012000000104308128,0.012000000104308128,0.009499999694526196
URY00076,2019-04-24,48.0,138.0,19.5,8.0,7.8,Toma de agua,-34.8297,-55.0421,South America,72.0,678,0.008299999870359898,0.005799999926239252,0.024000000208616257,0.041099999099969864,0.03500000014901161,0.03139999881386757,0.0142000000923872,0.013100000098347664,0.015200000256299973,0.009800000116229057
URY00076,2019-04-25,47.0,147.0,20.4,8.2,7.8,Toma de agua,-34.8297,-55.0421,South America,58.0,678,0.006649999879300594,0.005849999841302633,0.025800000876188278,0.0414000004529953,0.03519999980926514,0.03060000017285347,0.014999999664723873,0.012149999849498272,0.014100000262260437,0.00860000029206276
URY00076,2019-04-26,46.0,137.0,21.1,8.5,7.8,Toma de agua,-34.8297,-55.0421,South America,70.0,678,0.004999999888241291,0.005900000222027302,0.02759999968111515,0.04170000180602074,0.03539999946951866,0.02979999966919422,0.015799999237060547,0.01119999960064888,0.013000000268220901,0.007400000002235174
URY00076,2019-04-29,45.0,135.0,20.0,8.4,7.6,Toma de agua,-34.8297,-55.0421,South America,63.0,678,0.004999999888241291,0.005900000222027302,0.02759999968111515,0.04170000180602074,0.03539999946951866,0.02979999966919422,0.015799999237060547,0.01119999960064888,0.013000000268220901,0.007400000002235174
URY00076,2019-04-30,47.0,149.0,17.0,10.7,7.9,Toma de agua,-34.8297,-55.0421,South America,87.0,678,0.005200000014156103,0.006200000178068876,0.028850000351667404,0.04170000180602074,0.03500000014901161,0.028349999338388443,0.013150000013411045,0.011250000447034836,0.010350000113248825,0.006149999797344208
URY00076,2019-05-31,45.0,137.0,13.0,8.5,7.8,Toma de agua,-34.8297,-55.0421,South America,78.0,678,0.002099999925121665,0.002899999963119626,0.02810000069439411,0.0357000008225441,0.026100000366568565,0.02449999935925007,0.009999999776482582,0.006099999882280827,0.0019000000320374966,0.0024999999441206455
URY00076,2019-06-03,45.0,139.0,14.0,8.1,7.7,Toma de agua,-34.8297,-55.0421,South America,91.0,678,0.002099999925121665,0.002899999963119626,0.02810000069439411,0.0357000008225441,0.026100000366568565,0.02449999935925007,0.009999999776482582,0.006099999882280827,0.0019000000320374966,0.0024999999441206455
URY00076,2019-06-04,47.0,139.0,13.0,8.5,7.7,Toma de agua,-34.8297,-55.0421,South America,81.0,678,0.002099999925121665,0.002899999963119626,0.02810000069439411,0.0357000008225441,0.026100000366568565,0.02449999935925007,0.009999999776482582,0.006099999882280827,0.0019000000320374966,0.0024999999441206455
URY00076,2019-06-05,48.0,141.0,13.0,8.7,7.8,Toma de agua,-34.8297,-55.0421,South America,74.0,678,0.002099999925121665,0.002899999963119626,0.02810000069439411,0.0357000008225441,0.026100000366568565,0.02449999935925007,0.009999999776482582,0.006099999882280827,0.0019000000320374966,0.0024999999441206455
URY00076,2019-06-06,27.0,140.0,13.0,8.9,7.7,Toma de agua,-34.8297,-55.0421,South America,81.0,678,0.002099999925121665,0.002899999963119626,0.02810000069439411,0.0357000008225441,0.026100000366568565,0.02449999935925007,0.009999999776482582,0.006099999882280827,0.0019000000320374966,0.0024999999441206455
URY00076,2019-06-07,45.0,141.0,14.0,9.3,7.8,Toma de agua,-34.8297,-55.0421,South America,76.0,678,0.002099999925121665,0.002899999963119626,0.02810000069439411,0.0357000008225441,0.026100000366568565,0.02449999935925007,0.009999999776482582,0.006099999882280827,0.0019000000320374966,0.0024999999441206455
URY00076,2019-06-14,45.0,90.0,14.0,10.3,7.8,Toma de agua,-34.8297,-55.0421,South America,96.0,678,0.006399999838322401,0.004600000102072954,0.023000000044703484,0.03359999880194664,0.03790000081062317,0.028999999165534973,0.015399999916553497,0.013799999840557575,0.014499999582767487,0.006500000134110451
URY00076,2019-06-17,44.0,136.0,15.0,10.0,7.8,Toma de agua,-34.8297,-55.0421,South America,105.0,678,0.006399999838322401,0.004600000102072954,0.023000000044703484,0.03359999880194664,0.03790000081062317,0.028999999165534973,0.015399999916553497,0.013799999840557575,0.014499999582767487,0.006500000134110451
URY00076,2019-06-18,42.0,145.0,16.5,9.9,7.9,Toma de agua,-34.8297,-55.0421,South America,92.0,678,0.006399999838322401,0.004600000102072954,0.023000000044703484,0.03359999880194664,0.03790000081062317,0.028999999165534973,0.015399999916553497,0.013799999840557575,0.014499999582767487,0.006500000134110451
URY00076,2019-06-19,48.0,139.0,14.0,0.2,7.8,Toma de agua,-34.8297,-55.0421,South America,158.0,678,0.006399999838322401,0.004600000102072954,0.023000000044703484,0.03359999880194664,0.03790000081062317,0.028999999165534973,0.015399999916553497,0.013799999840557575,0.014499999582767487,0.006500000134110451
URY00076,2019-06-20,44.0,137.0,14.0,22.8,7.9,Toma de agua,-34.8297,-55.0421,South America,127.0,678,0.006399999838322401,0.004600000102072954,0.023000000044703484,0.03359999880194664,0.03790000081062317,0.028999999165534973,0.015399999916553497,0.013799999840557575,0.014499999582767487,0.006500000134110451
URY00076,2019-06-21,42.0,146.0,13.0,14.6,7.8,Toma de agua,-34.8297,-55.0421,South America,127.0,678,0.006399999838322401,0.004600000102072954,0.023000000044703484,0.03359999880194664,0.03790000081062317,0.028999999165534973,0.015399999916553497,0.013799999840557575,0.014499999582767487,0.006500000134110451
URY00076,2019-06-24,44.0,128.0,13.0,15.9,7.7,Toma de agua,-34.8297,-55.0421,South America,8.2,678,0.006399999838322401,0.004600000102072954,0.023000000044703484,0.03359999880194664,0.03790000081062317,0.028999999165534973,0.015399999916553497,0.013799999840557575,0.014499999582767487,0.006500000134110451
URY00076,2019-06-25,42.0,133.0,15.0,18.2,7.7,Toma de agua,-34.8297,-55.0421,South America,132.0,678,0.006399999838322401,0.004600000102072954,0.023000000044703484,0.03359999880194664,0.03790000081062317,0.028999999165534973,0.015399999916553497,0.013799999840557575,0.014499999582767487,0.006500000134110451
URY00076,2019-06-26,44.0,135.0,13.0,22.6,7.9,Toma de agua,-34.8297,-55.0421,South America,143.0,678,0.006399999838322401,0.004600000102072954,0.023000000044703484,0.03359999880194664,0.03790000081062317,0.028999999165534973,0.015399999916553497,0.013799999840557575,0.014499999582767487,0.006500000134110451
URY00076,2019-06-27,44.0,135.0,12.0,15.0,7.9,Toma de agua,-34.8297,-55.0421,South America,103.0,678,0.006399999838322401,0.004600000102072954,0.023000000044703484,0.03359999880194664,0.03790000081062317,0.028999999165534973,0.015399999916553497,0.013799999840557575,0.014499999582767487,0.006500000134110451
URY00076,2019-07-01,45.0,134.0,12.0,17.0,8.1,Toma de agua,-34.8297,-55.0421,South America,138.0,678,0.0008999999845400453,0.0017000000225380063,0.014299999922513962,0.02889999933540821,0.03680000081658363,0.03099999949336052,0.01119999960064888,0.009399999864399433,0.011500000022351742,0.00430000014603138
URY00076,2019-07-02,40.0,133.0,11.0,16.3,7.9,Toma de agua,-34.8297,-55.0421,South America,138.0,678,0.0008999999845400453,0.0017000000225380063,0.014299999922513962,0.02889999933540821,0.03680000081658363,0.03099999949336052,0.01119999960064888,0.009399999864399433,0.011500000022351742,0.00430000014603138
URY00076,2019-07-03,42.0,129.0,10.0,27.6,7.9,Toma de agua,-34.8297,-55.0421,South America,149.0,678,0.0008999999845400453,0.0017000000225380063,0.014299999922513962,0.02889999933540821,0.03680000081658363,0.03099999949336052,0.01119999960064888,0.009399999864399433,0.011500000022351742,0.00430000014603138
URY00076,2019-07-04,51.0,138.0,13.6,21.9,7.9,Toma de agua,-34.8297,-55.0421,South America,145.0,678,0.0008999999845400453,0.0017000000225380063,0.014299999922513962,0.02889999933540821,0.03680000081658363,0.03099999949336052,0.01119999960064888,0.009399999864399433,0.011500000022351742,0.00430000014603138
URY00076,2019-07-05,50.0,140.0,10.3,19.9,7.9,Toma de agua,-34.8297,-55.0421,South America,167.0,678,0.0008999999845400453,0.0017000000225380063,0.014299999922513962,0.02889999933540821,0.03680000081658363,0.03099999949336052,0.01119999960064888,0.009399999864399433,0.011500000022351742,0.00430000014603138
URY00076,2019-07-08,41.0,137.0,8.0,18.7,8.1,Toma de agua,-34.8297,-55.0421,South America,136.0,678,0.0008999999845400453,0.0017000000225380063,0.014299999922513962,0.02889999933540821,0.03680000081658363,0.03099999949336052,0.01119999960064888,0.009399999864399433,0.011500000022351742,0.00430000014603138
URY00076,2019-07-09,44.0,133.0,8.5,16.0,7.8,Toma de agua,-34.8297,-55.0421,South America,125.0,678,0.0008999999845400453,0.0017000000225380063,0.014299999922513962,0.02889999933540821,0.03680000081658363,0.03099999949336052,0.01119999960064888,0.009399999864399433,0.011500000022351742,0.00430000014603138
URY00076,2019-07-10,44.0,132.0,9.0,16.4,7.8,Toma de agua,-34.8297,-55.0421,South America,129.0,678,0.0008999999845400453,0.0017000000225380063,0.014299999922513962,0.02889999933540821,0.03680000081658363,0.03099999949336052,0.01119999960064888,0.009399999864399433,0.011500000022351742,0.00430000014603138
URY00076,2019-07-11,50.0,133.0,10.6,16.8,8.2,Toma de agua,-34.8297,-55.0421,South America,118.0,678,0.0011500000255182385,0.0019000000320374966,0.01549999974668026,0.026750000193715096,0.03514999896287918,0.03020000085234642,0.010099999606609344,0.00930000003427267,0.009700000286102295,0.0042500002309679985
URY00076,2019-07-12,53.0,132.0,11.0,16.4,7.9,Toma de agua,-34.8297,-55.0421,South America,109.0,678,0.0011500000255182385,0.0019000000320374966,0.01549999974668026,0.026750000193715096,0.03514999896287918,0.03020000085234642,0.010099999606609344,0.00930000003427267,0.009700000286102295,0.0042500002309679985
URY00076,2019-07-15,48.0,130.0,10.0,15.0,7.6,Toma de agua,-34.8297,-55.0421,South America,120.0,678,0.00139999995008111,0.002099999925121665,0.016699999570846558,0.02459999918937683,0.03350000083446503,0.029400000348687172,0.008999999612569809,0.009200000204145908,0.007899999618530273,0.00419999985024333
URY00076,2019-07-16,42.0,130.0,9.5,15.1,7.7,Toma de agua,-34.8297,-55.0421,South America,129.0,678,0.00139999995008111,0.002099999925121665,0.016699999570846558,0.02459999918937683,0.03350000083446503,0.029400000348687172,0.008999999612569809,0.009200000204145908,0.007899999618530273,0.00419999985024333
URY00076,2019-07-17,43.0,140.0,10.0,15.3,7.8,Toma de agua,-34.8297,-55.0421,South America,125.0,678,0.00139999995008111,0.002099999925121665,0.016699999570846558,0.02459999918937683,0.03350000083446503,0.029400000348687172,0.008999999612569809,0.009200000204145908,0.007899999618530273,0.00419999985024333
URY00076,2019-07-19,43.0,132.0,10.0,15.3,7.8,Toma de agua,-34.8297,-55.0421,South America,129.0,678,0.00139999995008111,0.002099999925121665,0.016699999570846558,0.02459999918937683,0.03350000083446503,0.029400000348687172,0.008999999612569809,0.009200000204145908,0.007899999618530273,0.00419999985024333
URY00076,2019-07-22,47.0,131.0,13.0,15.7,7.2,Toma de agua,-34.8297,-55.0421,South America,134.0,678,0.003100000089034438,0.0038499999791383743,0.02215000055730343,0.030549999326467514,0.03635000064969063,0.03355000168085098,0.012400000356137753,0.011049999855458736,0.010350000113248825,0.006550000049173832
URY00076,2019-07-23,48.0,138.0,12.0,14.8,7.7,Toma de agua,-34.8297,-55.0421,South America,118.0,678,0.003100000089034438,0.0038499999791383743,0.02215000055730343,0.030549999326467514,0.03635000064969063,0.03355000168085098,0.012400000356137753,0.011049999855458736,0.010350000113248825,0.006550000049173832
URY00076,2019-07-24,46.0,138.0,11.0,14.7,7.9,Toma de agua,-34.8297,-55.0421,South America,118.0,678,0.003100000089034438,0.0038499999791383743,0.02215000055730343,0.030549999326467514,0.03635000064969063,0.03355000168085098,0.012400000356137753,0.011049999855458736,0.010350000113248825,0.006550000049173832
URY00076,2019-07-25,46.0,137.0,11.0,14.1,7.5,Toma de agua,-34.8297,-55.0421,South America,132.0,678,0.004800000227987766,0.00559999980032444,0.02759999968111515,0.0364999994635582,0.03920000046491623,0.037700001150369644,0.015799999237060547,0.012900000438094139,0.012799999676644802,0.008899999782443047
URY00076,2019-07-26,47.0,133.0,11.5,14.5,7.8,Toma de agua,-34.8297,-55.0421,South America,133.0,678,0.004800000227987766,0.00559999980032444,0.02759999968111515,0.0364999994635582,0.03920000046491623,0.037700001150369644,0.015799999237060547,0.012900000438094139,0.012799999676644802,0.008899999782443047
URY00076,2019-07-29,47.0,134.0,11.0,14.6,7.4,Toma de agua,-34.8297,-55.0421,South America,125.0,678,0.0031500000040978193,0.003449999960139394,0.024299999698996544,0.03254999965429306,0.03584999963641167,0.0340999998152256,0.013100000098347664,0.012149999849498272,0.010250000283122063,0.006500000134110451
URY00076,2019-08-01,48.0,134.0,12.0,14.3,7.9,Toma de agua,-34.8297,-55.0421,South America,134.0,678,0.002199999988079071,0.0017999999690800905,0.020999999716877937,0.03009999915957451,0.03579999879002571,0.03220000118017197,0.013000000268220901,0.01140000019222498,0.008500000461935997,0.005100000184029341
URY00076,2019-08-02,43.0,134.0,11.0,27.9,7.8,Toma de agua,-34.8297,-55.0421,South America,204.0,678,0.002199999988079071,0.0017999999690800905,0.020999999716877937,0.03009999915957451,0.03579999879002571,0.03220000118017197,0.013000000268220901,0.01140000019222498,0.008500000461935997,0.005100000184029341
URY00076,2019-08-05,45.0,141.0,10.0,15.9,7.9,Toma de agua,-34.8297,-55.0421,South America,120.0,678,0.002199999988079071,0.0015999999595806003,0.020999999716877937,0.029400000348687172,0.032600000500679016,0.030500000342726707,0.010400000028312206,0.00989999994635582,0.007699999958276749,0.004800000227987766
URY00076,2019-08-06,46.0,138.0,11.0,144.0,7.9,Toma de agua,-34.8297,-55.0421,South America,89.0,678,0.002199999988079071,0.0015999999595806003,0.020999999716877937,0.029400000348687172,0.032600000500679016,0.030500000342726707,0.010400000028312206,0.00989999994635582,0.007699999958276749,0.004800000227987766
URY00076,2019-08-07,45.0,138.0,12.5,14.3,7.8,Toma de agua,-34.8297,-55.0421,South America,120.0,678,0.002199999988079071,0.0015999999595806003,0.020999999716877937,0.029400000348687172,0.032600000500679016,0.030500000342726707,0.010400000028312206,0.00989999994635582,0.007699999958276749,0.004800000227987766
URY00076,2019-08-08,45.0,136.0,11.5,14.1,7.9,Toma de agua,-34.8297,-55.0421,South America,125.0,678,0.0022499999031424522,0.0017000000225380063,0.021900000050663948,0.029750000685453415,0.03420000150799751,0.03135000169277191,0.011250000447034836,0.010200000368058681,0.008100000210106373,0.004449999891221523
URY00076,2019-08-09,42.0,139.0,11.0,14.1,8.0,Toma de agua,-34.8297,-55.0421,South America,124.0,678,0.0022499999031424522,0.0017000000225380063,0.021900000050663948,0.029750000685453415,0.03420000150799751,0.03135000169277191,0.011250000447034836,0.010200000368058681,0.008100000210106373,0.004449999891221523
URY00076,2019-08-12,44.0,140.0,11.5,14.9,7.8,Toma de agua,-34.8297,-55.0421,South America,112.0,678,0.002300000051036477,0.0017999999690800905,0.02280000038444996,0.03009999915957451,0.03579999879002571,0.03220000118017197,0.01209999993443489,0.00989999994635582,0.008500000461935997,0.004800000227987766
URY00076,2019-08-13,45.0,136.0,10.0,16.2,7.9,Toma de agua,-34.8297,-55.0421,South America,120.0,678,0.002300000051036477,0.0017999999690800905,0.02280000038444996,0.03009999915957451,0.03579999879002571,0.03220000118017197,0.01209999993443489,0.00989999994635582,0.008500000461935997,0.004800000227987766
URY00076,2019-08-14,44.0,136.0,10.0,14.4,7.5,Toma de agua,-34.8297,-55.0421,South America,143.0,678,0.0027000000700354576,0.0027000000700354576,0.02345000021159649,0.03125,0.03460000082850456,0.03099999949336052,0.010499999858438969,0.010200000368058681,0.007550000213086605,0.004350000061094761
URY00076,2019-08-15,46.0,138.0,9.0,14.5,7.9,Toma de agua,-34.8297,-55.0421,South America,114.0,678,0.003100000089034438,0.003800000064074993,0.02410000003874302,0.03310000151395798,0.03660000115633011,0.03220000118017197,0.01209999993443489,0.010499999858438969,0.008700000122189522,0.004800000227987766
URY00076,2019-08-16,45.0,138.0,10.0,14.2,8.0,Toma de agua,-34.8297,-55.0421,South America,118.0,678,0.003100000089034438,0.003800000064074993,0.02410000003874302,0.03310000151395798,0.03660000115633011,0.03220000118017197,0.01209999993443489,0.010499999858438969,0.008700000122189522,0.004800000227987766
URY00076,2019-08-19,44.0,137.0,10.0,15.2,7.4,Toma de agua,-34.8297,-55.0421,South America,118.0,678,0.004650000017136335,0.003949999809265137,0.029999999329447746,0.035999998450279236,0.03945000097155571,0.03505000099539757,0.014399999752640724,0.013849999755620956,0.011049999855458736,0.0062500000931322575
URY00076,2019-08-20,45.0,141.0,9.05,15.1,7.8,Toma de agua,-34.8297,-55.0421,South America,116.0,678,0.004650000017136335,0.003949999809265137,0.029999999329447746,0.035999998450279236,0.03945000097155571,0.03505000099539757,0.014399999752640724,0.013849999755620956,0.011049999855458736,0.0062500000931322575
URY00076,2019-08-21,48.0,144.0,9.5,16.0,7.9,Toma de agua,-34.8297,-55.0421,South America,125.0,678,0.004650000017136335,0.003949999809265137,0.029999999329447746,0.035999998450279236,0.03945000097155571,0.03505000099539757,0.014399999752640724,0.013849999755620956,0.011049999855458736,0.0062500000931322575
URY00076,2019-08-22,48.0,149.0,10.0,16.6,7.8,Toma de agua,-34.8297,-55.0421,South America,118.0,678,0.006200000178068876,0.004100000020116568,0.03590000048279762,0.03889999911189079,0.04230000078678131,0.03790000081062317,0.016699999570846558,0.01720000058412552,0.013399999588727951,0.00860000029206276
URY00076,2019-08-23,47.0,144.0,10.0,16.0,7.9,Toma de agua,-34.8297,-55.0421,South America,114.0,678,0.006200000178068876,0.004100000020116568,0.03590000048279762,0.03889999911189079,0.04230000078678131,0.03790000081062317,0.016699999570846558,0.01720000058412552,0.013399999588727951,0.00860000029206276
URY00076,2019-08-26,62.0,144.0,12.0,16.6,7.8,Toma de agua,-34.8297,-55.0421,South America,134.0,678,0.004350000061094761,0.002300000051036477,0.031950000673532486,0.034449998289346695,0.03905000165104866,0.03579999879002571,0.013700000010430813,0.014700000174343586,0.011300000362098217,0.006649999879300594
URY00076,2019-08-27,43.0,138.0,12.0,15.3,7.8,Toma de agua,-34.8297,-55.0421,South America,118.0,678,0.004350000061094761,0.002300000051036477,0.031950000673532486,0.034449998289346695,0.03905000165104866,0.03579999879002571,0.013700000010430813,0.014700000174343586,0.011300000362098217,0.006649999879300594
URY00076,2019-08-28,43.0,141.0,12.0,15.1,7.9,Toma de agua,-34.8297,-55.0421,South America,116.0,678,0.006200000178068876,0.004100000020116568,0.03590000048279762,0.03889999911189079,0.04230000078678131,0.03790000081062317,0.016699999570846558,0.01720000058412552,0.013399999588727951,0.00860000029206276
URY00076,2019-08-29,48.0,142.0,14.0,17.2,7.8,Toma de agua,-34.8297,-55.0421,South America,112.0,678,0.15700000524520874,0.1675499975681305,0.16259999573230743,0.16099999845027924,0.1655000001192093,0.16089999675750732,0.15504999458789825,0.15860000252723694,0.1800999939441681,0.15655000507831573
URY00076,2019-08-30,47.0,143.0,13.0,14.9,7.7,Toma de agua,-34.8297,-55.0421,South America,116.0,678,0.15700000524520874,0.1675499975681305,0.16259999573230743,0.16099999845027924,0.1655000001192093,0.16089999675750732,0.15504999458789825,0.15860000252723694,0.1800999939441681,0.15655000507831573
URY00076,2020-01-02,64.0,134.0,23.0,10.0,7.8,Toma de agua,-34.8297,-55.0421,South America,,678,0.007199999876320362,0.005400000140070915,0.03849999979138374,0.04910000041127205,0.0348999984562397,0.04749999940395355,0.026900000870227814,0.025299999862909317,0.02070000022649765,0.017000000923871994
URY00076,2020-01-03,48.0,134.0,23.0,9.8,8.0,Toma de agua,-34.8297,-55.0421,South America,,678,0.007199999876320362,0.005400000140070915,0.03849999979138374,0.04910000041127205,0.0348999984562397,0.04749999940395355,0.026900000870227814,0.025299999862909317,0.02070000022649765,0.017000000923871994
URY00076,2020-01-07,49.0,134.0,23.0,11.3,7.7,Toma de agua,-34.8297,-55.0421,South America,,678,0.010099999606609344,0.009499999694526196,0.03849999979138374,0.04989999905228615,0.03849999979138374,0.04749999940395355,0.030799999833106995,0.02930000051856041,0.0272000003606081,0.023399999365210533
URY00076,2020-01-08,45.0,137.0,23.0,10.4,9.0,Toma de agua,-34.8297,-55.0421,South America,,678,0.010099999606609344,0.009499999694526196,0.03849999979138374,0.04989999905228615,0.03849999979138374,0.04749999940395355,0.030799999833106995,0.02930000051856041,0.0272000003606081,0.023399999365210533
URY00076,2020-01-09,47.0,131.0,24.0,10.1,8.3,Toma de agua,-34.8297,-55.0421,South America,,678,0.010099999606609344,0.009499999694526196,0.03849999979138374,0.04989999905228615,0.03849999979138374,0.04749999940395355,0.030799999833106995,0.02930000051856041,0.0272000003606081,0.023399999365210533
URY00076,2020-01-10,49.0,137.0,23.0,10.4,9.3,Toma de agua,-34.8297,-55.0421,South America,,678,0.03139999881386757,0.02645000070333481,0.056299999356269836,0.066600002348423,0.056699998676776886,0.06369999796152115,0.04895000159740448,0.047850001603364944,0.05090000107884407,0.04154999926686287
URY00076,2020-01-13,50.0,139.0,23.5,9.1,9.3,Toma de agua,-34.8297,-55.0421,South America,,678,0.010400000028312206,0.009499999694526196,0.03849999979138374,0.04989999905228615,0.03849999979138374,0.04749999940395355,0.030799999833106995,0.030400000512599945,0.02800000086426735,0.024399999529123306
URY00076,2020-01-14,48.0,142.0,23.0,8.0,8.2,Toma de agua,-34.8297,-55.0421,South America,,678,0.010400000028312206,0.009499999694526196,0.03849999979138374,0.04989999905228615,0.03849999979138374,0.04749999940395355,0.030799999833106995,0.030400000512599945,0.02800000086426735,0.024399999529123306
URY00076,2020-01-15,49.0,139.0,25.0,6.3,7.7,Toma de agua,-34.8297,-55.0421,South America,,678,0.010400000028312206,0.009499999694526196,0.03849999979138374,0.04989999905228615,0.03849999979138374,0.04749999940395355,0.030799999833106995,0.030400000512599945,0.02800000086426735,0.024399999529123306
URY00076,2020-01-16,47.0,138.0,22.0,6.9,7.7,Toma de agua,-34.8297,-55.0421,South America,,678,0.031550001353025436,0.02645000070333481,0.05615000054240227,0.066600002348423,0.056699998676776886,0.061900001019239426,0.04895000159740448,0.04839999973773956,0.05130000039935112,0.04205000028014183
URY00076,2020-01-17,50.0,139.0,22.0,6.4,7.7,Toma de agua,-34.8297,-55.0421,South America,,678,0.010400000028312206,0.009499999694526196,0.03819999843835831,0.04989999905228615,0.03849999979138374,0.04390000179409981,0.030799999833106995,0.030400000512599945,0.02800000086426735,0.024399999529123306
URY00076,2020-01-20,55.0,143.0,24.0,3.3,7.6,Toma de agua,-34.8297,-55.0421,South America,,678,0.010400000028312206,0.009499999694526196,0.03819999843835831,0.04989999905228615,0.03849999979138374,0.04390000179409981,0.030799999833106995,0.030400000512599945,0.02800000086426735,0.024399999529123306
URY00076,2020-01-21,50.0,142.0,23.0,3.4,7.7,Toma de agua,-34.8297,-55.0421,South America,,678,0.02199999988079071,0.016699999570846558,0.03974999859929085,0.044849999248981476,0.03779999911785126,0.03909999877214432,0.03099999949336052,0.033799998462200165,0.03164999932050705,0.028599999845027924
URY00076,2020-01-22,46.0,145.0,24.0,30.3,7.7,Toma de agua,-34.8297,-55.0421,South America,,678,0.010400000028312206,0.0066999997943639755,0.03519999980926514,0.03680000081658363,0.03009999915957451,0.031599998474121094,0.025699999183416367,0.030400000512599945,0.02800000086426735,0.024399999529123306
URY00076,2020-01-23,49.0,145.0,24.0,3.2,7.5,Toma de agua,-34.8297,-55.0421,South America,,678,0.010400000028312206,0.0066999997943639755,0.03519999980926514,0.03680000081658363,0.03009999915957451,0.031599998474121094,0.025699999183416367,0.030400000512599945,0.02800000086426735,0.024399999529123306
URY00076,2020-01-24,49.0,146.0,24.0,2.8,7.7,Toma de agua,-34.8297,-55.0421,South America,,678,0.009750000201165676,0.006149999797344208,0.034049998968839645,0.03400000184774399,0.02759999968111515,0.026249999180436134,0.0210999995470047,0.023350000381469727,0.02449999935925007,0.02005000039935112
URY00076,2020-01-27,49.0,144.0,24.0,2.6,7.5,Toma de agua,-34.8297,-55.0421,South America,,678,0.009100000374019146,0.0066999997943639755,0.03290000185370445,0.031199999153614044,0.025100000202655792,0.020899999886751175,0.016499999910593033,0.016300000250339508,0.020999999716877937,0.015699999406933784
URY00076,2020-01-28,49.0,143.0,23.0,2.5,7.4,Toma de agua,-34.8297,-55.0421,South America,,678,0.009100000374019146,0.0066999997943639755,0.03290000185370445,0.031199999153614044,0.025100000202655792,0.020899999886751175,0.016499999910593033,0.016300000250339508,0.020999999716877937,0.015699999406933784
URY00076,2020-01-29,50.0,144.0,24.0,2.8,7.7,Toma de agua,-34.8297,-55.0421,South America,,678,0.009100000374019146,0.0066999997943639755,0.03290000185370445,0.031199999153614044,0.025100000202655792,0.020899999886751175,0.016499999910593033,0.016300000250339508,0.020999999716877937,0.015699999406933784
URY00076,2020-01-30,48.0,173.0,23.0,2.6,7.7,Toma de agua,-34.8297,-55.0421,South America,,678,0.017000000923871994,0.013799999840557575,0.038600001484155655,0.039799999445676804,0.03334999829530716,0.027000000700354576,0.02305000089108944,0.024150000885128975,0.028149999678134918,0.021549999713897705
URY00076,2020-01-31,48.0,146.0,22.0,1.9,6.9,Toma de agua,-34.8297,-55.0421,South America,,678,0.024900000542402267,0.020899999886751175,0.04430000111460686,0.04839999973773956,0.041600000113248825,0.03310000151395798,0.029600000008940697,0.03200000151991844,0.03530000150203705,0.027400000020861626
URY00076,2020-02-03,50.0,142.0,23.0,2.8,7.6,Toma de agua,-34.8297,-55.0421,South America,,678,0.016599999740719795,0.013199999928474426,0.040150001645088196,0.03884999826550484,0.03334999829530716,0.026149999350309372,0.02305000089108944,0.024150000885128975,0.02824999950826168,0.021549999713897705
URY00076,2020-02-04,49.0,143.0,24.5,2.5,7.6,Toma de agua,-34.8297,-55.0421,South America,,678,0.016599999740719795,0.013199999928474426,0.040150001645088196,0.03884999826550484,0.03334999829530716,0.026149999350309372,0.02305000089108944,0.024150000885128975,0.02824999950826168,0.021549999713897705
URY00076,2020-02-05,47.0,142.0,25.0,1.8,7.2,Toma de agua,-34.8297,-55.0421,South America,,678,0.024900000542402267,0.020899999886751175,0.04740000143647194,0.04839999973773956,0.041600000113248825,0.03310000151395798,0.029600000008940697,0.03200000151991844,0.03550000116229057,0.027400000020861626
URY00076,2020-02-06,46.0,142.0,25.0,1.4,7.2,Toma de agua,-34.8297,-55.0421,South America,,678,0.01575000025331974,0.012849999591708183,0.03505000099539757,0.03824999928474426,0.0320499986410141,0.025699999183416367,0.022099999710917473,0.022749999538064003,0.02410000003874302,0.01954999938607216
URY00076,2020-02-07,52.0,143.0,26.5,1.5,7.2,Toma de agua,-34.8297,-55.0421,South America,,678,0.01575000025331974,0.012849999591708183,0.03505000099539757,0.03824999928474426,0.0320499986410141,0.025699999183416367,0.022099999710917473,0.022749999538064003,0.02410000003874302,0.01954999938607216
URY00076,2020-02-10,50.0,141.0,23.0,1.1,7.2,Toma de agua,-34.8297,-55.0421,South America,,678,0.006599999964237213,0.004800000227987766,0.021900000050663948,0.02810000069439411,0.020099999383091927,0.018300000578165054,0.014600000344216824,0.013500000350177288,0.010999999940395355,0.010700000450015068
URY00076,2020-02-11,55.0,143.0,23.0,1.0,7.3,Toma de agua,-34.8297,-55.0421,South America,,678,0.006599999964237213,0.004800000227987766,0.021900000050663948,0.02810000069439411,0.020099999383091927,0.018300000578165054,0.014600000344216824,0.013500000350177288,0.010999999940395355,0.010700000450015068
URY00076,2020-02-12,50.0,144.0,22.0,1.0,7.4,Toma de agua,-34.8297,-55.0421,South America,,678,0.006599999964237213,0.004800000227987766,0.021900000050663948,0.02810000069439411,0.020099999383091927,0.018300000578165054,0.014600000344216824,0.013500000350177288,0.010999999940395355,0.010700000450015068
URY00076,2020-02-13,50.0,142.0,23.0,1.0,7.4,Toma de agua,-34.8297,-55.0421,South America,,678,0.006399999838322401,0.004800000227987766,0.01924999989569187,0.026750000193715096,0.017999999225139618,0.016100000590085983,0.011250000447034836,0.01140000019222498,0.00989999994635582,0.009499999694526196
URY00076,2020-02-14,49.0,143.0,24.4,1.2,7.1,Toma de agua,-34.8297,-55.0421,South America,,678,0.006399999838322401,0.004800000227987766,0.01924999989569187,0.026750000193715096,0.017999999225139618,0.016100000590085983,0.011250000447034836,0.01140000019222498,0.00989999994635582,0.009499999694526196
URY00076,2020-02-17,54.0,142.0,24.0,1.0,7.2,Toma de agua,-34.8297,-55.0421,South America,,678,0.006399999838322401,0.004800000227987766,0.01924999989569187,0.026750000193715096,0.017999999225139618,0.016100000590085983,0.011250000447034836,0.01140000019222498,0.00989999994635582,0.009499999694526196
URY00076,2020-02-18,49.0,143.0,24.0,1.0,7.3,Toma de agua,-34.8297,-55.0421,South America,,678,0.006399999838322401,0.004800000227987766,0.01924999989569187,0.026750000193715096,0.017999999225139618,0.016100000590085983,0.011250000447034836,0.01140000019222498,0.00989999994635582,0.009499999694526196
URY00076,2020-02-19,49.0,140.0,23.0,1.2,7.3,Toma de agua,-34.8297,-55.0421,South America,,678,0.006399999838322401,0.004800000227987766,0.01924999989569187,0.026750000193715096,0.017999999225139618,0.016100000590085983,0.011250000447034836,0.01140000019222498,0.00989999994635582,0.009499999694526196
URY00076,2020-02-20,50.0,140.0,23.6,1.1,7.6,Toma de agua,-34.8297,-55.0421,South America,,678,0.006200000178068876,0.004800000227987766,0.016599999740719795,0.02539999969303608,0.01590000092983246,0.013899999670684338,0.007899999618530273,0.00930000003427267,0.008799999952316284,0.008299999870359898
URY00076,2020-02-21,51.0,160.0,23.0,1.3,7.2,Toma de agua,-34.8297,-55.0421,South America,,678,0.00774999987334013,0.006099999882280827,0.02250000089406967,0.029400000348687172,0.019600000232458115,0.01640000008046627,0.010250000283122063,0.01080000028014183,0.01075000036507845,0.009349999949336052
URY00076,2020-02-24,50.0,140.0,19.0,2.4,7.4,Toma de agua,-34.8297,-55.0421,South America,,678,0.0101500004529953,0.007199999876320362,0.028699999675154686,0.03350000083446503,0.02370000071823597,0.02019999921321869,0.013199999928474426,0.013799999840557575,0.01575000025331974,0.013199999928474426
URY00076,2020-02-25,49.0,141.0,21.0,2.6,7.6,Toma de agua,-34.8297,-55.0421,South America,,678,0.0101500004529953,0.007199999876320362,0.028699999675154686,0.03350000083446503,0.02370000071823597,0.02019999921321869,0.013199999928474426,0.013799999840557575,0.01575000025331974,0.013199999928474426
URY00076,2020-02-26,54.0,146.0,20.0,2.4,7.6,Toma de agua,-34.8297,-55.0421,South America,,678,0.00930000003427267,0.007000000216066837,0.0284000001847744,0.033399999141693115,0.02329999953508377,0.01889999955892563,0.012600000016391277,0.012299999594688416,0.01269999984651804,0.010400000028312206
URY00076,2020-02-27,50.0,146.0,20.0,2.3,7.5,Toma de agua,-34.8297,-55.0421,South America,,678,0.00930000003427267,0.007000000216066837,0.0284000001847744,0.033399999141693115,0.02329999953508377,0.01889999955892563,0.012600000016391277,0.012299999594688416,0.01269999984651804,0.010400000028312206
URY00076,2020-02-28,50.0,147.0,21.0,1.3,7.4,Toma de agua,-34.8297,-55.0421,South America,,678,0.00930000003427267,0.007000000216066837,0.0284000001847744,0.033399999141693115,0.02329999953508377,0.01889999955892563,0.012600000016391277,0.012299999594688416,0.01269999984651804,0.010400000028312206
URY00076,2020-03-03,50.0,125.0,22.0,1.7,7.8,Toma de agua,-34.8297,-55.0421,South America,,678,0.0101500004529953,0.007199999876320362,0.028300000354647636,0.03350000083446503,0.02370000071823597,0.02019999921321869,0.013199999928474426,0.013799999840557575,0.015650000423192978,0.012749999761581421
URY00076,2020-03-13,52.0,148.0,22.0,1.2,7.6,Toma de agua,-34.8297,-55.0421,South America,,678,0.014700000174343586,0.012299999594688416,0.028200000524520874,0.039400000125169754,0.027699999511241913,0.02800000086426735,0.02019999921321869,0.02019999921321869,0.01860000006854534,0.01510000042617321
URY00076,2020-03-16,54.0,145.0,21.0,1.0,7.4,Toma de agua,-34.8297,-55.0421,South America,,678,0.004800000227987766,0.005200000014156103,0.025100000202655792,0.0471000000834465,0.027000000700354576,0.03779999911785126,0.023000000044703484,0.02199999988079071,0.020400000736117363,0.013399999588727951
URY00076,2020-03-17,53.0,145.0,21.0,1.0,7.5,Toma de agua,-34.8297,-55.0421,South America,,678,0.0044999998062849045,0.004449999891221523,0.020999999716877937,0.04569999873638153,0.02384999953210354,0.03564999997615814,0.017149999737739563,0.016049999743700027,0.01510000042617321,0.010700000450015068
URY00076,2020-03-18,53.0,152.0,21.0,2.0,7.6,Toma de agua,-34.8297,-55.0421,South America,,678,0.0044999998062849045,0.004449999891221523,0.020999999716877937,0.04569999873638153,0.02384999953210354,0.03564999997615814,0.017149999737739563,0.016049999743700027,0.01510000042617321,0.010700000450015068
URY00076,2020-03-19,50.0,158.0,21.0,1.2,7.4,Toma de agua,-34.8297,-55.0421,South America,,678,0.0044999998062849045,0.004449999891221523,0.020999999716877937,0.04569999873638153,0.02384999953210354,0.03564999997615814,0.017149999737739563,0.016049999743700027,0.01510000042617321,0.010700000450015068
URY00076,2020-03-20,53.0,150.0,18.8,10.5,7.3,Toma de agua,-34.8297,-55.0421,South America,,678,0.0044999998062849045,0.004449999891221523,0.020999999716877937,0.04569999873638153,0.02384999953210354,0.03564999997615814,0.017149999737739563,0.016049999743700027,0.01510000042617321,0.010700000450015068
URY00076,2020-03-23,53.0,151.0,22.0,1.9,7.5,Toma de agua,-34.8297,-55.0421,South America,,678,0.00419999985024333,0.003700000001117587,0.025100000202655792,0.0471000000834465,0.027000000700354576,0.03779999911785126,0.023000000044703484,0.02199999988079071,0.020400000736117363,0.013399999588727951
URY00076,2020-03-24,51.0,151.0,22.7,3.6,7.9,Toma de agua,-34.8297,-55.0421,South America,,678,0.003800000064074993,0.0031999999191612005,0.020999999716877937,0.05040000006556511,0.02384999953210354,0.038100000470876694,0.017149999737739563,0.016049999743700027,0.014999999664723873,0.010700000450015068
URY00076,2020-03-25,52.0,153.0,22.0,1.2,7.4,Toma de agua,-34.8297,-55.0421,South America,,678,0.003800000064074993,0.0031999999191612005,0.020999999716877937,0.05040000006556511,0.02384999953210354,0.038100000470876694,0.017149999737739563,0.016049999743700027,0.014999999664723873,0.010700000450015068
URY00076,2020-03-26,52.0,157.0,25.3,2.8,8.7,Toma de agua,-34.8297,-55.0421,South America,,678,0.003800000064074993,0.0031999999191612005,0.020999999716877937,0.05040000006556511,0.02384999953210354,0.038100000470876694,0.017149999737739563,0.016049999743700027,0.014999999664723873,0.010700000450015068
URY00076,2020-03-27,53.0,151.0,21.0,3.7,7.7,Toma de agua,-34.8297,-55.0421,South America,,678,0.003800000064074993,0.0031999999191612005,0.020999999716877937,0.05040000006556511,0.02384999953210354,0.038100000470876694,0.017149999737739563,0.016049999743700027,0.014999999664723873,0.010700000450015068
URY00076,2020-03-30,55.0,155.0,23.0,3.3,9.2,Toma de agua,-34.8297,-55.0421,South America,,678,0.0034000000450760126,0.0027000000700354576,0.016899999231100082,0.04430000111460686,0.02070000022649765,0.03350000083446503,0.011300000362098217,0.010099999606609344,0.009600000455975533,0.00800000037997961
URY00076,2020-04-15,50.0,152.0,17.6,14.6,7.5,Toma de agua,-34.8297,-55.0421,South America,48.0,678,0.003100000089034438,0.003000000026077032,0.03240000084042549,0.04340000078082085,0.03200000151991844,0.041200000792741776,0.01679999940097332,0.017100000753998756,0.012400000356137753,0.007400000002235174
URY00076,2020-04-17,50.0,152.0,18.2,11.6,7.4,Toma de agua,-34.8297,-55.0421,South America,85.0,678,0.003100000089034438,0.003000000026077032,0.03240000084042549,0.04340000078082085,0.03200000151991844,0.041200000792741776,0.01679999940097332,0.017100000753998756,0.012400000356137753,0.007400000002235174
URY00076,2020-04-20,48.0,150.0,18.5,12.0,7.2,Toma de agua,-34.8297,-55.0421,South America,59.0,678,0.003100000089034438,0.003000000026077032,0.03240000084042549,0.04340000078082085,0.03200000151991844,0.041200000792741776,0.01679999940097332,0.017100000753998756,0.012400000356137753,0.007400000002235174
URY00076,2020-04-21,48.0,148.0,19.6,10.5,7.2,Toma de agua,-34.8297,-55.0421,South America,41.0,678,0.003100000089034438,0.003000000026077032,0.03240000084042549,0.04340000078082085,0.03200000151991844,0.041200000792741776,0.01679999940097332,0.017100000753998756,0.012400000356137753,0.007400000002235174
URY00076,2020-04-22,48.0,156.0,18.0,10.4,7.2,Toma de agua,-34.8297,-55.0421,South America,52.0,678,0.003100000089034438,0.003000000026077032,0.03240000084042549,0.04340000078082085,0.03200000151991844,0.041200000792741776,0.01679999940097332,0.017100000753998756,0.012400000356137753,0.007400000002235174
URY00076,2020-04-23,50.0,153.0,17.9,8.9,7.2,Toma de agua,-34.8297,-55.0421,South America,48.0,678,0.003100000089034438,0.003000000026077032,0.03240000084042549,0.04340000078082085,0.03200000151991844,0.041200000792741776,0.01679999940097332,0.017100000753998756,0.012400000356137753,0.007400000002235174
URY00076,2020-04-24,51.0,151.0,18.0,7.8,7.3,Toma de agua,-34.8297,-55.0421,South America,49.0,678,0.009200000204145908,0.009800000116229057,0.041349999606609344,0.05550000071525574,0.04205000028014183,0.053950000554323196,0.027499999850988388,0.027000000700354576,0.023649999871850014,0.016100000590085983
URY00076,2020-04-27,49.0,152.0,17.5,7.2,7.4,Toma de agua,-34.8297,-55.0421,South America,41.0,678,0.009200000204145908,0.009800000116229057,0.041349999606609344,0.05550000071525574,0.04205000028014183,0.053950000554323196,0.027499999850988388,0.027000000700354576,0.023649999871850014,0.016100000590085983
URY00076,2020-04-28,50.0,152.0,19.0,33.0,7.9,Toma de agua,-34.8297,-55.0421,South America,76.0,678,0.015300000086426735,0.016599999740719795,0.0502999983727932,0.06759999692440033,0.05209999904036522,0.06669999659061432,0.03819999843835831,0.03689999878406525,0.0348999984562397,0.024800000712275505
URY00076,2020-04-29,65.0,182.0,19.0,25.6,8.4,Toma de agua,-34.8297,-55.0421,South America,27.0,678,0.015300000086426735,0.016599999740719795,0.0502999983727932,0.06759999692440033,0.05209999904036522,0.06669999659061432,0.03819999843835831,0.03689999878406525,0.0348999984562397,0.024800000712275505
URY00076,2020-04-30,48.0,148.0,17.0,10.5,7.2,Toma de agua,-34.8297,-55.0421,South America,41.0,678,0.015300000086426735,0.016599999740719795,0.0502999983727932,0.06759999692440033,0.05209999904036522,0.06669999659061432,0.03819999843835831,0.03689999878406525,0.0348999984562397,0.024800000712275505
URY00076,2020-05-04,51.0,155.0,16.0,12.5,7.5,Toma de agua,-34.8297,-55.0421,South America,47.0,678,0.008700000122189522,0.010099999606609344,0.03869999945163727,0.057999998331069946,0.03849999979138374,0.0515500009059906,0.02474999986588955,0.02280000038444996,0.0215000007301569,0.015350000001490116
URY00076,2020-05-05,52.0,152.0,16.0,7.0,7.6,Toma de agua,-34.8297,-55.0421,South America,34.0,678,0.008700000122189522,0.010099999606609344,0.03869999945163727,0.057999998331069946,0.03849999979138374,0.0515500009059906,0.02474999986588955,0.02280000038444996,0.0215000007301569,0.015350000001490116
URY00076,2020-05-06,54.0,153.0,18.0,10.6,7.5,Toma de agua,-34.8297,-55.0421,South America,32.0,678,0.0071000000461936,0.0044999998062849045,0.02710000053048134,0.04839999973773956,0.024900000542402267,0.036400001496076584,0.011800000444054604,0.012000000104308128,0.011599999852478504,0.008500000461935997
URY00076,2020-05-07,53.0,154.0,14.0,9.0,7.5,Toma de agua,-34.8297,-55.0421,South America,46.0,678,0.0071000000461936,0.0044999998062849045,0.02710000053048134,0.04839999973773956,0.024900000542402267,0.036400001496076584,0.011800000444054604,0.012000000104308128,0.011599999852478504,0.008500000461935997
URY00076,2020-05-08,52.0,169.0,14.0,7.4,7.7,Toma de agua,-34.8297,-55.0421,South America,36.0,678,0.004600000102072954,0.004050000105053186,0.021050000563263893,0.047200001776218414,0.024299999698996544,0.03505000099539757,0.011549999937415123,0.010350000113248825,0.009850000031292439,0.007199999876320362
URY00076,2020-05-11,52.0,155.0,17.3,5.1,7.6,Toma de agua,-34.8297,-55.0421,South America,32.0,678,0.003599999938160181,0.003599999938160181,0.02500000037252903,0.04600000008940697,0.024900000542402267,0.036400001496076584,0.011300000362098217,0.011800000444054604,0.008700000122189522,0.006000000052154064
URY00076,2020-05-12,52.0,149.0,14.5,6.3,7.8,Toma de agua,-34.8297,-55.0421,South America,45.0,678,0.003599999938160181,0.003599999938160181,0.02500000037252903,0.04600000008940697,0.024900000542402267,0.036400001496076584,0.011300000362098217,0.011800000444054604,0.008700000122189522,0.006000000052154064
URY00076,2020-05-13,52.0,158.0,13.5,5.8,7.8,Toma de agua,-34.8297,-55.0421,South America,41.0,678,0.003599999938160181,0.003599999938160181,0.02500000037252903,0.04600000008940697,0.024900000542402267,0.036400001496076584,0.011300000362098217,0.011800000444054604,0.008700000122189522,0.006000000052154064
URY00076,2020-05-14,51.0,164.0,14.0,8.8,8.1,Toma de agua,-34.8297,-55.0421,South America,30.0,678,0.003599999938160181,0.003599999938160181,0.02500000037252903,0.04600000008940697,0.024900000542402267,0.036400001496076584,0.011300000362098217,0.011800000444054604,0.008700000122189522,0.006000000052154064
URY00076,2020-05-15,52.0,157.0,13.5,8.2,8.1,Toma de agua,-34.8297,-55.0421,South America,42.0,678,0.003599999938160181,0.003599999938160181,0.02500000037252903,0.04600000008940697,0.024900000542402267,0.036400001496076584,0.011300000362098217,0.011800000444054604,0.008700000122189522,0.006000000052154064
URY00076,2020-05-18,55.0,172.0,14.0,8.6,8.5,Toma de agua,-34.8297,-55.0421,South America,30.0,678,0.005350000225007534,0.0033499998971819878,0.019999999552965164,0.04560000076889992,0.02449999935925007,0.03545000031590462,0.010900000110268593,0.011900000274181366,0.0101500004529953,0.007249999791383743
URY00076,2020-05-19,54.0,154.0,15.0,10.1,8.5,Toma de agua,-34.8297,-55.0421,South America,41.0,678,0.005350000225007534,0.0033499998971819878,0.019999999552965164,0.04560000076889992,0.02449999935925007,0.03545000031590462,0.010900000110268593,0.011900000274181366,0.0101500004529953,0.007249999791383743
URY00076,2020-05-20,52.0,154.0,15.0,5.7,8.0,Toma de agua,-34.8297,-55.0421,South America,27.0,678,0.003599999938160181,0.002199999988079071,0.02500000037252903,0.04520000144839287,0.025299999862909317,0.03720000013709068,0.009999999776482582,0.011800000444054604,0.008700000122189522,0.006000000052154064
URY00076,2020-05-21,51.0,175.0,17.0,7.7,7.8,Toma de agua,-34.8297,-55.0421,South America,32.0,678,0.0026000000070780516,0.001500000013038516,0.02419999986886978,0.04334999993443489,0.026900000870227814,0.03669999912381172,0.010599999688565731,0.011500000022351742,0.009700000286102295,0.004999999888241291
URY00076,2020-05-22,52.0,164.0,17.0,8.2,7.7,Toma de agua,-34.8297,-55.0421,South America,32.0,678,0.0026000000070780516,0.001500000013038516,0.02419999986886978,0.04334999993443489,0.026900000870227814,0.03669999912381172,0.010599999688565731,0.011500000022351742,0.009700000286102295,0.004999999888241291
URY00076,2020-05-25,51.0,152.0,13.5,29.0,7.5,Toma de agua,-34.8297,-55.0421,South America,45.0,678,0.002749999985098839,0.0024500000290572643,0.021250000223517418,0.042750000953674316,0.025699999183416367,0.031300000846385956,0.00930000003427267,0.009050000458955765,0.008249999955296516,0.0035500000230968
URY00076,2020-05-26,53.0,156.0,13.0,14.7,7.8,Toma de agua,-34.8297,-55.0421,South America,34.0,678,0.002749999985098839,0.0024500000290572643,0.021250000223517418,0.042750000953674316,0.025699999183416367,0.031300000846385956,0.00930000003427267,0.009050000458955765,0.008249999955296516,0.0035500000230968
URY00076,2020-05-27,54.0,156.0,12.5,13.3,7.8,Toma de agua,-34.8297,-55.0421,South America,32.0,678,0.002749999985098839,0.0024500000290572643,0.021250000223517418,0.042750000953674316,0.025699999183416367,0.031300000846385956,0.00930000003427267,0.009050000458955765,0.008249999955296516,0.0035500000230968
URY00076,2020-05-28,51.0,154.0,13.0,5.0,7.7,Toma de agua,-34.8297,-55.0421,South America,32.0,678,0.002749999985098839,0.0024500000290572643,0.021250000223517418,0.042750000953674316,0.025699999183416367,0.031300000846385956,0.00930000003427267,0.009050000458955765,0.008249999955296516,0.0035500000230968
URY00076,2020-05-29,51.0,161.0,13.0,2.7,7.4,Toma de agua,-34.8297,-55.0421,South America,30.0,678,0.002899999963119626,0.003000000026077032,0.019099999219179153,0.04149999842047691,0.02290000021457672,0.026399999856948853,0.007400000002235174,0.006899999920278788,0.005799999926239252,0.004000000189989805
URY00076,2020-06-01,50.0,160.0,12.0,6.8,7.7,Toma de agua,-34.8297,-55.0421,South America,27.0,678,0.002899999963119626,0.003000000026077032,0.019099999219179153,0.04149999842047691,0.02290000021457672,0.026399999856948853,0.007400000002235174,0.006899999920278788,0.005799999926239252,0.004000000189989805
URY00076,2020-06-02,52.0,158.0,12.0,4.6,7.5,Toma de agua,-34.8297,-55.0421,South America,26.0,678,0.002899999963119626,0.003000000026077032,0.019099999219179153,0.04149999842047691,0.02290000021457672,0.026399999856948853,0.007400000002235174,0.006899999920278788,0.005799999926239252,0.004000000189989805
URY00076,2020-06-03,52.0,157.0,11.0,4.4,7.5,Toma de agua,-34.8297,-55.0421,South America,23.0,678,0.002899999963119626,0.003000000026077032,0.019099999219179153,0.04149999842047691,0.02290000021457672,0.026399999856948853,0.007400000002235174,0.006899999920278788,0.005799999926239252,0.004000000189989805
URY00076,2020-06-04,53.0,158.0,11.0,2.3,7.7,Toma de agua,-34.8297,-55.0421,South America,25.0,678,0.0034000000450760126,0.0035500000230968,0.018400000408291817,0.041850000619888306,0.021700000390410423,0.021900000050663948,0.006649999879300594,0.006200000178068876,0.005249999929219484,0.003650000086054206
URY00076,2020-06-05,53.0,156.0,11.0,2.2,7.6,Toma de agua,-34.8297,-55.0421,South America,21.0,678,0.0034000000450760126,0.0035500000230968,0.018400000408291817,0.041850000619888306,0.021700000390410423,0.021900000050663948,0.006649999879300594,0.006200000178068876,0.005249999929219484,0.003650000086054206
URY00076,2020-06-08,50.0,154.0,13.0,4.7,7.2,Toma de agua,-34.8297,-55.0421,South America,30.0,678,0.0031500000040978193,0.0030499999411404133,0.01730000041425228,0.039400000125169754,0.022050000727176666,0.02355000004172325,0.007350000087171793,0.0064500002190470695,0.005350000225007534,0.004350000061094761
URY00076,2020-06-09,50.0,152.0,16.4,3.1,7.5,Toma de agua,-34.8297,-55.0421,South America,30.0,678,0.0031500000040978193,0.0030499999411404133,0.01730000041425228,0.039400000125169754,0.022050000727176666,0.02355000004172325,0.007350000087171793,0.0064500002190470695,0.005350000225007534,0.004350000061094761
URY00076,2020-06-10,50.0,173.0,13.0,3.7,7.7,Toma de agua,-34.8297,-55.0421,South America,23.0,678,0.0031500000040978193,0.0030499999411404133,0.01730000041425228,0.039400000125169754,0.022050000727176666,0.02355000004172325,0.007350000087171793,0.0064500002190470695,0.005350000225007534,0.004350000061094761
URY00076,2020-06-11,51.0,160.0,12.5,2.4,7.6,Toma de agua,-34.8297,-55.0421,South America,24.0,678,0.0031500000040978193,0.0030499999411404133,0.01730000041425228,0.039400000125169754,0.022050000727176666,0.02355000004172325,0.007350000087171793,0.0064500002190470695,0.005350000225007534,0.004350000061094761
URY00076,2020-06-12,56.0,161.0,13.0,5.1,7.6,Toma de agua,-34.8297,-55.0421,South America,25.0,678,0.0034000000450760126,0.003100000089034438,0.016899999231100082,0.03909999877214432,0.023600000888109207,0.02969999983906746,0.008799999952316284,0.007400000002235174,0.006000000052154064,0.0044999998062849045
URY00076,2020-06-15,55.0,158.0,10.0,5.3,7.4,Toma de agua,-34.8297,-55.0421,South America,27.0,678,0.0034000000450760126,0.003100000089034438,0.016899999231100082,0.03909999877214432,0.023600000888109207,0.02969999983906746,0.008799999952316284,0.007400000002235174,0.006000000052154064,0.0044999998062849045
URY00076,2020-06-16,53.0,158.0,11.0,3.0,7.4,Toma de agua,-34.8297,-55.0421,South America,38.0,678,0.0034000000450760126,0.003100000089034438,0.016899999231100082,0.03909999877214432,0.023600000888109207,0.02969999983906746,0.008799999952316284,0.007400000002235174,0.006000000052154064,0.0044999998062849045
URY00076,2020-06-17,50.0,157.0,13.0,3.0,7.5,Toma de agua,-34.8297,-55.0421,South America,22.0,678,0.0034000000450760126,0.003100000089034438,0.016899999231100082,0.03909999877214432,0.023600000888109207,0.02969999983906746,0.008799999952316284,0.007400000002235174,0.006000000052154064,0.0044999998062849045
URY00076,2020-06-18,51.0,153.0,14.0,2.9,7.3,Toma de agua,-34.8297,-55.0421,South America,23.0,678,0.0034000000450760126,0.003100000089034438,0.016899999231100082,0.03909999877214432,0.023600000888109207,0.02969999983906746,0.008799999952316284,0.007400000002235174,0.006000000052154064,0.0044999998062849045
URY00076,2020-06-19,50.0,154.0,13.0,2.74,7.45,Toma de agua,-34.8297,-55.0421,South America,33.0,678,0.0034000000450760126,0.003100000089034438,0.016899999231100082,0.03909999877214432,0.023600000888109207,0.02969999983906746,0.008799999952316284,0.007400000002235174,0.006000000052154064,0.0044999998062849045
URY00076,2020-06-22,55.0,150.0,13.0,3.5,7.3,Toma de agua,-34.8297,-55.0421,South America,32.0,678,0.002400000113993883,0.0015999999595806003,0.01769999973475933,0.03460000082850456,0.02019999921321869,0.02280000038444996,0.004000000189989805,0.00559999980032444,0.0031999999191612005,0.0019000000320374966
URY00076,2020-06-23,52.0,150.0,13.0,2.8,7.4,Toma de agua,-34.8297,-55.0421,South America,30.0,678,0.002400000113993883,0.0015999999595806003,0.01769999973475933,0.03460000082850456,0.02019999921321869,0.02280000038444996,0.004000000189989805,0.00559999980032444,0.0031999999191612005,0.0019000000320374966
URY00076,2020-06-24,50.0,147.0,13.0,2.7,7.3,Toma de agua,-34.8297,-55.0421,South America,36.0,678,0.002400000113993883,0.0015999999595806003,0.01769999973475933,0.03460000082850456,0.02019999921321869,0.02280000038444996,0.004000000189989805,0.00559999980032444,0.0031999999191612005,0.0019000000320374966
URY00076,2020-06-25,50.0,146.0,13.0,2.9,7.4,Toma de agua,-34.8297,-55.0421,South America,32.0,678,0.002400000113993883,0.0015999999595806003,0.01769999973475933,0.03460000082850456,0.02019999921321869,0.02280000038444996,0.004000000189989805,0.00559999980032444,0.0031999999191612005,0.0019000000320374966
URY00076,2020-06-26,50.0,156.0,12.0,2.9,7.5,Toma de agua,-34.8297,-55.0421,South America,41.0,678,0.002400000113993883,0.0015999999595806003,0.01769999973475933,0.03460000082850456,0.02019999921321869,0.02280000038444996,0.004000000189989805,0.00559999980032444,0.0031999999191612005,0.0019000000320374966
URY00076,2020-06-29,51.0,166.0,11.0,4.2,7.5,Toma de agua,-34.8297,-55.0421,South America,43.0,678,0.002400000113993883,0.0015999999595806003,0.01769999973475933,0.03460000082850456,0.02019999921321869,0.02280000038444996,0.004000000189989805,0.00559999980032444,0.0031999999191612005,0.0019000000320374966
URY00076,2020-06-30,43.0,141.0,11.0,8.1,7.4,Toma de agua,-34.8297,-55.0421,South America,65.0,678,0.002400000113993883,0.0015999999595806003,0.01769999973475933,0.03460000082850456,0.02019999921321869,0.02280000038444996,0.004000000189989805,0.00559999980032444,0.0031999999191612005,0.0019000000320374966
URY00076,2020-07-01,42.0,143.0,11.0,5.4,7.4,Toma de agua,-34.8297,-55.0421,South America,56.0,678,0.002400000113993883,0.0015999999595806003,0.01769999973475933,0.03460000082850456,0.02019999921321869,0.02280000038444996,0.004000000189989805,0.00559999980032444,0.0031999999191612005,0.0019000000320374966
URY00076,2020-07-02,50.0,131.0,10.0,9.0,7.4,Toma de agua,-34.8297,-55.0421,South America,74.0,678,0.002400000113993883,0.0015999999595806003,0.01769999973475933,0.03460000082850456,0.02019999921321869,0.02280000038444996,0.004000000189989805,0.00559999980032444,0.0031999999191612005,0.0019000000320374966
URY00076,2020-07-03,45.0,139.0,10.0,8.0,7.3,Toma de agua,-34.8297,-55.0421,South America,25.0,678,0.004650000017136335,0.002850000048056245,0.02500000037252903,0.0348999984562397,0.02800000086426735,0.02865000069141388,0.011350000277161598,0.011649999767541885,0.008949999697506428,0.008349999785423279
URY00076,2020-07-04,42.0,125.0,11.9,8.0,7.2,Toma de agua,-34.8297,-55.0421,South America,49.0,678,0.006899999920278788,0.004100000020116568,0.03229999914765358,0.03519999980926514,0.03579999879002571,0.03449999913573265,0.018699999898672104,0.01769999973475933,0.014700000174343586,0.014800000004470348
URY00076,2020-07-06,42.0,142.0,10.0,6.0,7.3,Toma de agua,-34.8297,-55.0421,South America,56.0,678,0.004800000227987766,0.002899999963119626,0.021649999544024467,0.02824999950826168,0.029349999502301216,0.027899999171495438,0.011800000444054604,0.011350000277161598,0.011049999855458736,0.00839999970048666
URY00076,2020-07-07,41.0,142.0,10.0,5.5,7.4,Toma de agua,-34.8297,-55.0421,South America,54.0,678,0.004800000227987766,0.002899999963119626,0.021649999544024467,0.02824999950826168,0.029349999502301216,0.027899999171495438,0.011800000444054604,0.011350000277161598,0.011049999855458736,0.00839999970048666
URY00076,2020-07-08,48.0,136.0,10.0,0.1,7.2,Toma de agua,-34.8297,-55.0421,South America,56.0,678,0.006899999920278788,0.004100000020116568,0.02370000071823597,0.03319999948143959,0.031199999153614044,0.031700000166893005,0.014499999582767487,0.014000000432133675,0.014600000344216824,0.00930000003427267
URY00076,2020-07-09,43.0,132.0,10.0,7.3,7.3,Toma de agua,-34.8297,-55.0421,South America,58.0,678,0.006899999920278788,0.004100000020116568,0.02370000071823597,0.03319999948143959,0.031199999153614044,0.031700000166893005,0.014499999582767487,0.014000000432133675,0.014600000344216824,0.00930000003427267
URY00076,2020-07-10,43.0,137.0,9.5,6.4,7.4,Toma de agua,-34.8297,-55.0421,South America,63.0,678,0.006899999920278788,0.004100000020116568,0.02370000071823597,0.03319999948143959,0.031199999153614044,0.031700000166893005,0.014499999582767487,0.014000000432133675,0.014600000344216824,0.00930000003427267
URY00076,2020-07-13,43.0,134.0,9.5,7.5,7.31,Toma de agua,-34.8297,-55.0421,South America,65.0,678,0.006899999920278788,0.004100000020116568,0.02370000071823597,0.03319999948143959,0.031199999153614044,0.031700000166893005,0.014499999582767487,0.014000000432133675,0.014600000344216824,0.00930000003427267
URY00076,2020-07-14,45.0,138.0,8.0,6.7,7.4,Toma de agua,-34.8297,-55.0421,South America,81.0,678,0.006899999920278788,0.004100000020116568,0.02370000071823597,0.03319999948143959,0.031199999153614044,0.031700000166893005,0.014499999582767487,0.014000000432133675,0.014600000344216824,0.00930000003427267
URY00076,2020-07-15,49.0,134.0,8.0,7.0,7.4,Toma de agua,-34.8297,-55.0421,South America,74.0,678,0.006899999920278788,0.004100000020116568,0.02370000071823597,0.03319999948143959,0.031199999153614044,0.031700000166893005,0.014499999582767487,0.014000000432133675,0.014600000344216824,0.00930000003427267
URY00076,2020-07-16,44.0,143.0,7.5,6.4,7.5,Toma de agua,-34.8297,-55.0421,South America,69.0,678,0.006899999920278788,0.004100000020116568,0.02370000071823597,0.03319999948143959,0.031199999153614044,0.031700000166893005,0.014499999582767487,0.014000000432133675,0.014600000344216824,0.00930000003427267
URY00076,2020-07-17,42.0,140.0,8.0,6.2,7.6,Toma de agua,-34.8297,-55.0421,South America,85.0,678,0.005350000225007534,0.004149999935179949,0.017349999397993088,0.027249999344348907,0.027049999684095383,0.026499999687075615,0.009700000286102295,0.009499999694526196,0.010999999940395355,0.0056500001810491085
URY00076,2020-07-18,49.0,128.0,12.5,5.6,7.4,Toma de agua,-34.8297,-55.0421,South America,76.0,678,0.005350000225007534,0.004149999935179949,0.017349999397993088,0.027249999344348907,0.027049999684095383,0.026499999687075615,0.009700000286102295,0.009499999694526196,0.010999999940395355,0.0056500001810491085
URY00076,2020-07-20,42.0,136.0,16.0,5.8,7.3,Toma de agua,-34.8297,-55.0421,South America,47.0,678,0.00800000037997961,0.006599999964237213,0.02370000071823597,0.03319999948143959,0.031199999153614044,0.031700000166893005,0.014499999582767487,0.014000000432133675,0.014600000344216824,0.00930000003427267
URY00076,2020-07-21,45.0,142.0,12.0,5.5,7.4,Toma de agua,-34.8297,-55.0421,South America,63.0,678,0.00800000037997961,0.006599999964237213,0.02370000071823597,0.03319999948143959,0.031199999153614044,0.031700000166893005,0.014499999582767487,0.014000000432133675,0.014600000344216824,0.00930000003427267
URY00076,2020-07-23,41.0,134.0,11.0,5.1,7.5,Toma de agua,-34.8297,-55.0421,South America,,678,0.0019000000320374966,0.0024999999441206455,0.010200000368058681,0.019999999552965164,0.0142000000923872,0.018300000578165054,0.004600000102072954,0.004600000102072954,0.0044999998062849045,0.003700000001117587
URY00076,2020-07-24,43.0,135.0,11.0,5.21,7.36,Toma de agua,-34.8297,-55.0421,South America,52.0,678,0.0019000000320374966,0.0024999999441206455,0.010200000368058681,0.019999999552965164,0.0142000000923872,0.018300000578165054,0.004600000102072954,0.004600000102072954,0.0044999998062849045,0.003700000001117587
URY00076,2020-07-27,43.0,156.0,10.2,5.0,7.5,Toma de agua,-34.8297,-55.0421,South America,54.0,678,0.0019000000320374966,0.0024999999441206455,0.010200000368058681,0.019999999552965164,0.0142000000923872,0.018300000578165054,0.004600000102072954,0.004600000102072954,0.0044999998062849045,0.003700000001117587
URY00076,2020-07-28,48.0,138.0,9.7,5.3,7.6,Toma de agua,-34.8297,-55.0421,South America,,678,0.0019000000320374966,0.0024999999441206455,0.010200000368058681,0.019999999552965164,0.0142000000923872,0.018300000578165054,0.004600000102072954,0.004600000102072954,0.0044999998062849045,0.003700000001117587
URY00076,2020-07-29,47.0,140.0,10.0,4.9,7.6,Toma de agua,-34.8297,-55.0421,South America,47.0,678,0.0019000000320374966,0.0024999999441206455,0.010200000368058681,0.019999999552965164,0.0142000000923872,0.018300000578165054,0.004600000102072954,0.004600000102072954,0.0044999998062849045,0.003700000001117587
URY00076,2020-07-30,47.0,134.0,9.1,4.7,7.8,Toma de agua,-34.8297,-55.0421,South America,41.0,678,0.0032500000670552254,0.0027000000700354576,0.01489999983459711,0.02264999970793724,0.01614999957382679,0.020250000059604645,0.00559999980032444,0.0076500000432133675,0.005900000222027302,0.0035500000230968
URY00076,2020-07-31,41.0,136.0,10.2,5.26,7.73,Toma de agua,-34.8297,-55.0421,South America,67.0,678,0.0032500000670552254,0.0027000000700354576,0.01489999983459711,0.02264999970793724,0.01614999957382679,0.020250000059604645,0.00559999980032444,0.0076500000432133675,0.005900000222027302,0.0035500000230968
URY00076,2020-08-03,41.0,140.0,12.0,4.5,7.7,Toma de agua,-34.8297,-55.0421,South America,61.0,678,0.0032500000670552254,0.0027000000700354576,0.01489999983459711,0.02264999970793724,0.01614999957382679,0.020250000059604645,0.00559999980032444,0.0076500000432133675,0.005900000222027302,0.0035500000230968
URY00076,2020-08-04,39.0,143.0,12.0,5.0,7.5,Toma de agua,-34.8297,-55.0421,South America,67.0,678,0.0032500000670552254,0.0027000000700354576,0.01489999983459711,0.02264999970793724,0.01614999957382679,0.020250000059604645,0.00559999980032444,0.0076500000432133675,0.005900000222027302,0.0035500000230968
URY00076,2020-08-05,41.0,136.0,12.0,4.7,7.5,Toma de agua,-34.8297,-55.0421,South America,67.0,678,0.0032500000670552254,0.0027000000700354576,0.01489999983459711,0.02264999970793724,0.01614999957382679,0.020250000059604645,0.00559999980032444,0.0076500000432133675,0.005900000222027302,0.0035500000230968
URY00076,2020-08-06,41.0,174.0,14.0,4.7,7.5,Toma de agua,-34.8297,-55.0421,South America,70.0,678,0.004600000102072954,0.002899999963119626,0.019600000232458115,0.025299999862909317,0.01810000091791153,0.022199999541044235,0.006599999964237213,0.010700000450015068,0.007300000172108412,0.0034000000450760126
URY00076,2020-08-07,43.0,141.0,12.5,4.7,7.6,Toma de agua,-34.8297,-55.0421,South America,61.0,678,0.00430000014603138,0.0037499999161809683,0.014100000262260437,0.021250000223517418,0.01614999957382679,0.018549999222159386,0.0070500001311302185,0.009850000031292439,0.006000000052154064,0.00494999997317791
URY00076,2020-08-10,43.0,130.0,13.0,8.6,7.3,Toma de agua,-34.8297,-55.0421,South America,34.0,678,0.004600000102072954,0.004600000102072954,0.019600000232458115,0.025299999862909317,0.01810000091791153,0.022199999541044235,0.007499999832361937,0.010700000450015068,0.007300000172108412,0.006500000134110451
URY00076,2020-08-11,42.0,135.0,12.0,8.0,7.8,Toma de agua,-34.8297,-55.0421,South America,32.0,678,0.004600000102072954,0.004600000102072954,0.019600000232458115,0.025299999862909317,0.01810000091791153,0.022199999541044235,0.007499999832361937,0.010700000450015068,0.007300000172108412,0.006500000134110451
URY00076,2020-08-12,47.0,136.0,11.0,7.6,7.8,Toma de agua,-34.8297,-55.0421,South America,56.0,678,0.005400000140070915,0.004600000102072954,0.02044999971985817,0.025599999353289604,0.018950000405311584,0.021150000393390656,0.009499999694526196,0.01140000019222498,0.009150000289082527,0.007149999961256981
URY00076,2020-08-13,45.0,132.0,11.0,4.0,7.6,Toma de agua,-34.8297,-55.0421,South America,45.0,678,0.006200000178068876,0.004600000102072954,0.021299999207258224,0.02590000070631504,0.01979999989271164,0.020099999383091927,0.011500000022351742,0.01209999993443489,0.010999999940395355,0.007799999788403511
URY00076,2020-08-14,43.0,132.0,11.0,4.2,7.5,Toma de agua,-34.8297,-55.0421,South America,36.0,678,0.006200000178068876,0.004600000102072954,0.021299999207258224,0.02590000070631504,0.01979999989271164,0.020099999383091927,0.011500000022351742,0.01209999993443489,0.010999999940395355,0.007799999788403511
URY00076,2020-08-17,44.0,138.0,10.5,4.8,7.4,Toma de agua,-34.8297,-55.0421,South America,58.0,678,0.005100000184029341,0.004600000102072954,0.016599999740719795,0.02410000003874302,0.019700000062584877,0.017500000074505806,0.009499999694526196,0.01054999977350235,0.008700000122189522,0.007149999961256981
URY00076,2020-08-18,42.0,139.0,10.0,4.1,7.5,Toma de agua,-34.8297,-55.0421,South America,47.0,678,0.005100000184029341,0.004600000102072954,0.016599999740719795,0.02410000003874302,0.019700000062584877,0.017500000074505806,0.009499999694526196,0.01054999977350235,0.008700000122189522,0.007149999961256981
URY00076,2020-08-19,42.0,141.0,11.0,6.6,7.9,Toma de agua,-34.8297,-55.0421,South America,56.0,678,0.005100000184029341,0.004600000102072954,0.016599999740719795,0.02410000003874302,0.019700000062584877,0.017500000074505806,0.009499999694526196,0.01054999977350235,0.008700000122189522,0.007149999961256981
URY00076,2020-08-20,45.0,136.0,10.0,5.0,7.8,Toma de agua,-34.8297,-55.0421,South America,45.0,678,0.005100000184029341,0.004600000102072954,0.016599999740719795,0.02410000003874302,0.019700000062584877,0.017500000074505806,0.009499999694526196,0.01054999977350235,0.008700000122189522,0.007149999961256981
URY00076,2020-08-21,46.0,139.0,9.5,4.1,7.5,Toma de agua,-34.8297,-55.0421,South America,48.0,678,0.006200000178068876,0.004600000102072954,0.021299999207258224,0.02590000070631504,0.01979999989271164,0.020099999383091927,0.011500000022351742,0.01209999993443489,0.010999999940395355,0.007799999788403511
URY00076,2020-08-24,46.0,142.0,11.0,4.3,7.9,Toma de agua,-34.8297,-55.0421,South America,18.0,678,0.004550000187009573,0.004100000020116568,0.016599999740719795,0.02410000003874302,0.019700000062584877,0.01614999957382679,0.006750000175088644,0.007550000213086605,0.008700000122189522,0.005150000099092722
URY00076,2020-08-26,45.0,135.0,12.0,3.6,7.8,Toma de agua,-34.8297,-55.0421,South America,52.0,678,0.002899999963119626,0.003599999938160181,0.011900000274181366,0.022299999371170998,0.019600000232458115,0.012199999764561653,0.0020000000949949026,0.003000000026077032,0.006399999838322401,0.0024999999441206455
URY00076,2020-08-27,43.0,136.0,12.0,4.5,7.6,Toma de agua,-34.8297,-55.0421,South America,83.0,678,0.002899999963119626,0.003599999938160181,0.011900000274181366,0.022299999371170998,0.019600000232458115,0.012199999764561653,0.0020000000949949026,0.003000000026077032,0.006399999838322401,0.0024999999441206455
URY00076,2020-08-28,44.0,137.0,12.0,3.6,7.5,Toma de agua,-34.8297,-55.0421,South America,47.0,678,0.002899999963119626,0.003599999938160181,0.011900000274181366,0.022299999371170998,0.019600000232458115,0.012199999764561653,0.0020000000949949026,0.003000000026077032,0.006399999838322401,0.0024999999441206455
URY00076,2020-09-01,42.0,140.0,10.0,4.3,7.4,Toma de agua,-34.8297,-55.0421,South America,30.0,678,0.0052999998442828655,0.0044999998062849045,0.021800000220537186,0.026100000366568565,0.019500000402331352,0.016100000590085983,0.007799999788403511,0.009200000204145908,0.010300000198185444,0.005400000140070915
URY00076,2020-09-02,40.0,139.0,11.0,5.2,7.9,Toma de agua,-34.8297,-55.0421,South America,35.0,678,0.0052999998442828655,0.0044999998062849045,0.021800000220537186,0.026100000366568565,0.019500000402331352,0.016100000590085983,0.007799999788403511,0.009200000204145908,0.010300000198185444,0.005400000140070915
URY00076,2020-09-03,44.0,138.0,11.0,14.8,7.5,Toma de agua,-34.8297,-55.0421,South America,58.0,678,0.0052999998442828655,0.0044999998062849045,0.021800000220537186,0.026100000366568565,0.019500000402331352,0.016100000590085983,0.007799999788403511,0.009200000204145908,0.010300000198185444,0.005400000140070915
URY00076,2020-09-04,40.0,140.0,11.0,4.9,7.7,Toma de agua,-34.8297,-55.0421,South America,32.0,678,0.0052999998442828655,0.0044999998062849045,0.021800000220537186,0.026100000366568565,0.019500000402331352,0.016100000590085983,0.007799999788403511,0.009200000204145908,0.010300000198185444,0.005400000140070915
URY00076,2020-09-07,44.0,145.0,11.0,3.6,7.8,Toma de agua,-34.8297,-55.0421,South America,38.0,678,0.0052999998442828655,0.0044999998062849045,0.021800000220537186,0.026100000366568565,0.019500000402331352,0.016100000590085983,0.007799999788403511,0.009200000204145908,0.010300000198185444,0.005400000140070915
URY00076,2020-09-08,42.0,139.0,11.0,4.1,7.8,Toma de agua,-34.8297,-55.0421,South America,41.0,678,0.12470000237226486,0.14665000140666962,0.11050000041723251,0.11665000021457672,0.11914999783039093,0.12439999729394913,0.12735000252723694,0.13770000636577606,0.12285000085830688,0.1441500037908554
URY00076,2020-09-09,40.0,143.0,12.0,4.4,7.8,Toma de agua,-34.8297,-55.0421,South America,49.0,678,0.12470000237226486,0.14665000140666962,0.11050000041723251,0.11665000021457672,0.11914999783039093,0.12439999729394913,0.12735000252723694,0.13770000636577606,0.12285000085830688,0.1441500037908554
URY00076,2020-09-10,41.0,139.0,13.0,3.2,7.7,Toma de agua,-34.8297,-55.0421,South America,47.0,678,0.12470000237226486,0.14665000140666962,0.11050000041723251,0.11665000021457672,0.11914999783039093,0.12439999729394913,0.12735000252723694,0.13770000636577606,0.12285000085830688,0.1441500037908554
URY00076,2020-09-11,47.0,148.0,13.5,5.3,7.9,Toma de agua,-34.8297,-55.0421,South America,63.0,678,0.12470000237226486,0.14665000140666962,0.11050000041723251,0.11665000021457672,0.11914999783039093,0.12439999729394913,0.12735000252723694,0.13770000636577606,0.12285000085830688,0.1441500037908554
URY00076,2020-09-12,42.0,142.0,14.9,3.7,7.4,Toma de agua,-34.8297,-55.0421,South America,47.0,678,0.12470000237226486,0.14665000140666962,0.11050000041723251,0.11665000021457672,0.11914999783039093,0.12439999729394913,0.12735000252723694,0.13770000636577606,0.12285000085830688,0.1441500037908554
URY00076,2020-09-14,39.0,142.0,13.5,5.9,7.7,Toma de agua,-34.8297,-55.0421,South America,54.0,678,0.0052999998442828655,0.0044999998062849045,0.021800000220537186,0.026100000366568565,0.019500000402331352,0.016100000590085983,0.007799999788403511,0.009200000204145908,0.010300000198185444,0.005400000140070915
URY00076,2020-09-15,44.0,146.0,12.0,3.3,7.8,Toma de agua,-34.8297,-55.0421,South America,36.0,678,0.12430000305175781,0.14640000462532043,0.1071000024676323,0.10965000092983246,0.11354999989271164,0.12065000087022781,0.12684999406337738,0.13635000586509705,0.12200000137090683,0.14384999871253967
URY00076,2020-09-16,44.0,160.0,,4.1,7.7,Toma de agua,-34.8297,-55.0421,South America,27.0,678,0.12430000305175781,0.14640000462532043,0.1071000024676323,0.10965000092983246,0.11354999989271164,0.12065000087022781,0.12684999406337738,0.13635000586509705,0.12200000137090683,0.14384999871253967
URY00076,2020-09-17,43.0,146.0,13.0,4.2,7.6,Toma de agua,-34.8297,-55.0421,South America,28.0,678,0.12430000305175781,0.14640000462532043,0.1071000024676323,0.10965000092983246,0.11354999989271164,0.12065000087022781,0.12684999406337738,0.13635000586509705,0.12200000137090683,0.14384999871253967
URY00076,2020-09-18,44.0,142.0,15.0,6.8,7.6,Toma de agua,-34.8297,-55.0421,South America,33.0,678,0.12430000305175781,0.14640000462532043,0.1071000024676323,0.10965000092983246,0.11354999989271164,0.12065000087022781,0.12684999406337738,0.13635000586509705,0.12200000137090683,0.14384999871253967
URY00076,2020-09-21,45.0,149.0,12.5,3.7,7.5,Toma de agua,-34.8297,-55.0421,South America,38.0,678,0.12430000305175781,0.14640000462532043,0.1071000024676323,0.10965000092983246,0.11354999989271164,0.12065000087022781,0.12684999406337738,0.13635000586509705,0.12200000137090683,0.14384999871253967
URY00076,2020-09-22,45.0,145.0,12.0,4.8,7.7,Toma de agua,-34.8297,-55.0421,South America,45.0,678,0.0044999998062849045,0.004000000189989805,0.014999999664723873,0.01209999993443489,0.008299999870359898,0.00860000029206276,0.006800000090152025,0.006500000134110451,0.00860000029206276,0.004800000227987766
URY00076,2020-09-23,42.0,147.0,13.0,4.9,7.6,Toma de agua,-34.8297,-55.0421,South America,34.0,678,0.004149999935179949,0.0033499998971819878,0.01655000075697899,0.02160000056028366,0.015850000083446503,0.015699999406933784,0.007249999791383743,0.007249999791383743,0.009449999779462814,0.005350000225007534
URY00076,2020-09-24,46.0,148.0,13.0,4.2,7.7,Toma de agua,-34.8297,-55.0421,South America,14.0,678,0.004149999935179949,0.0033499998971819878,0.01655000075697899,0.02160000056028366,0.015850000083446503,0.015699999406933784,0.007249999791383743,0.007249999791383743,0.009449999779462814,0.005350000225007534
URY00076,2020-09-25,43.0,164.0,13.0,3.0,7.7,Toma de agua,-34.8297,-55.0421,South America,43.0,678,0.004149999935179949,0.0033499998971819878,0.01655000075697899,0.02160000056028366,0.015850000083446503,0.015699999406933784,0.007249999791383743,0.007249999791383743,0.009449999779462814,0.005350000225007534
URY00076,2020-09-26,48.0,169.0,15.9,3.6,7.4,Toma de agua,-34.8297,-55.0421,South America,45.0,678,0.0044999998062849045,0.004000000189989805,0.01810000091791153,0.031099999323487282,0.023399999365210533,0.02280000038444996,0.007699999958276749,0.00800000037997961,0.010300000198185444,0.005900000222027302
URY00076,2020-09-28,46.0,156.0,16.0,12.0,7.7,Toma de agua,-34.8297,-55.0421,South America,65.0,678,0.011800000444054604,0.009200000204145908,0.02745000086724758,0.03894999995827675,0.030899999663233757,0.030700000002980232,0.018050000071525574,0.018300000578165054,0.020549999549984932,0.01600000075995922
URY00076,2020-09-29,44.0,148.0,13.0,10.5,7.7,Toma de agua,-34.8297,-55.0421,South America,45.0,678,0.011800000444054604,0.009200000204145908,0.02745000086724758,0.03894999995827675,0.030899999663233757,0.030700000002980232,0.018050000071525574,0.018300000578165054,0.020549999549984932,0.01600000075995922
URY00076,2020-09-30,45.0,149.0,15.1,9.5,7.9,Toma de agua,-34.8297,-55.0421,South America,41.0,678,0.011800000444054604,0.009200000204145908,0.02745000086724758,0.03894999995827675,0.030899999663233757,0.030700000002980232,0.018050000071525574,0.018300000578165054,0.020549999549984932,0.01600000075995922
URY00076,2020-10-01,49.0,143.0,15.0,11.0,7.8,Toma de agua,-34.8297,-55.0421,South America,43.0,678,0.005499999970197678,0.004699999932199717,0.030700000002980232,0.03819999843835831,0.024000000208616257,0.02630000002682209,0.017799999564886093,0.014600000344216824,0.010300000198185444,0.011300000362098217
URY00076,2020-10-02,47.0,149.0,13.5,4.7,7.7,Toma de agua,-34.8297,-55.0421,South America,33.0,678,0.005499999970197678,0.004699999932199717,0.030700000002980232,0.03819999843835831,0.024000000208616257,0.02630000002682209,0.017799999564886093,0.014600000344216824,0.010300000198185444,0.011300000362098217
URY00076,2020-10-05,45.0,149.0,13.0,7.2,7.8,Toma de agua,-34.8297,-55.0421,South America,34.0,678,0.005499999970197678,0.004699999932199717,0.030700000002980232,0.03819999843835831,0.024000000208616257,0.02630000002682209,0.017799999564886093,0.014600000344216824,0.010300000198185444,0.011300000362098217
URY00076,2020-11-02,46.0,150.0,19.9,4.1,7.4,Toma de agua,-34.8297,-55.0421,South America,30.0,678,0.22660000622272491,0.22920000553131104,0.2102999985218048,0.2160000056028366,0.20614999532699585,0.2253500074148178,0.22529999911785126,0.22955000400543213,0.21985000371932983,0.2328999936580658
URY00076,2020-11-03,45.0,149.0,18.9,6.7,7.6,Toma de agua,-34.8297,-55.0421,South America,30.0,678,0.22660000622272491,0.22920000553131104,0.2102999985218048,0.2160000056028366,0.20614999532699585,0.2253500074148178,0.22529999911785126,0.22955000400543213,0.21985000371932983,0.2328999936580658
URY00076,2020-11-04,46.0,146.0,19.2,4.3,7.7,Toma de agua,-34.8297,-55.0421,South America,46.0,678,0.22660000622272491,0.22920000553131104,0.2102999985218048,0.2160000056028366,0.20614999532699585,0.2253500074148178,0.22529999911785126,0.22955000400543213,0.21985000371932983,0.2328999936580658
URY00076,2020-11-05,44.0,149.0,19.8,4.5,7.7,Toma de agua,-34.8297,-55.0421,South America,32.0,678,0.03660000115633011,0.032499998807907104,0.06319999694824219,0.07460000365972519,0.06270000338554382,0.06129999831318855,0.04439999908208847,0.04540000110864639,0.04809999838471413,0.04230000078678131
URY00076,2020-11-06,46.0,147.0,19.4,4.2,7.6,Toma de agua,-34.8297,-55.0421,South America,21.0,678,0.03660000115633011,0.032499998807907104,0.06319999694824219,0.07460000365972519,0.06270000338554382,0.06129999831318855,0.04439999908208847,0.04540000110864639,0.04809999838471413,0.04230000078678131
URY00076,2020-11-07,47.0,145.0,20.5,3.5,7.5,Toma de agua,-34.8297,-55.0421,South America,26.0,678,0.03660000115633011,0.032499998807907104,0.06319999694824219,0.07460000365972519,0.06270000338554382,0.06129999831318855,0.04439999908208847,0.04540000110864639,0.04809999838471413,0.04230000078678131
URY00076,2020-11-09,47.0,146.0,21.6,3.3,7.6,Toma de agua,-34.8297,-55.0421,South America,18.0,678,0.22554999589920044,0.2276500016450882,0.20679999887943268,0.20925000309944153,0.20055000483989716,0.21950000524520874,0.22349999845027924,0.22609999775886536,0.2151000052690506,0.23064999282360077
URY00076,2020-11-10,44.0,145.0,20.4,3.1,7.6,Toma de agua,-34.8297,-55.0421,South America,49.0,678,0.22554999589920044,0.2276500016450882,0.20679999887943268,0.20925000309944153,0.20055000483989716,0.21950000524520874,0.22349999845027924,0.22609999775886536,0.2151000052690506,0.23064999282360077
URY00076,2020-11-11,46.0,144.0,20.4,3.9,7.6,Toma de agua,-34.8297,-55.0421,South America,61.0,678,0.22554999589920044,0.2276500016450882,0.20679999887943268,0.20925000309944153,0.20055000483989716,0.21950000524520874,0.22349999845027924,0.22609999775886536,0.2151000052690506,0.23064999282360077
URY00076,2020-11-12,48.0,149.0,20.2,4.4,7.6,Toma de agua,-34.8297,-55.0421,South America,12.0,678,0.22554999589920044,0.2276500016450882,0.20679999887943268,0.20925000309944153,0.20055000483989716,0.21950000524520874,0.22349999845027924,0.22609999775886536,0.2151000052690506,0.23064999282360077
URY00076,2020-11-13,45.0,143.0,20.8,3.8,7.5,Toma de agua,-34.8297,-55.0421,South America,32.0,678,0.22554999589920044,0.2276500016450882,0.20679999887943268,0.20925000309944153,0.20055000483989716,0.21950000524520874,0.22349999845027924,0.22609999775886536,0.2151000052690506,0.23064999282360077
URY00076,2020-11-14,41.0,143.0,21.7,3.9,7.6,Toma de agua,-34.8297,-55.0421,South America,34.0,678,0.22554999589920044,0.2276500016450882,0.20679999887943268,0.20925000309944153,0.20055000483989716,0.21950000524520874,0.22349999845027924,0.22609999775886536,0.2151000052690506,0.23064999282360077
URY00076,2020-11-16,44.0,147.0,21.9,4.2,7.5,Toma de agua,-34.8297,-55.0421,South America,32.0,678,0.023000000044703484,0.019449999555945396,0.04405000060796738,0.051500000059604645,0.040300000458955765,0.039799999445676804,0.029899999499320984,0.02800000086426735,0.026100000366568565,0.024800000712275505
URY00076,2020-11-17,43.0,147.0,20.1,3.8,7.5,Toma de agua,-34.8297,-55.0421,South America,32.0,678,0.017899999395012856,0.014399999752640724,0.04270000010728836,0.04800000041723251,0.03779999911785126,0.0333000011742115,0.02070000022649765,0.022099999710917473,0.02239999920129776,0.01940000057220459
URY00076,2020-11-18,45.0,147.0,21.4,4.5,7.4,Toma de agua,-34.8297,-55.0421,South America,23.0,678,0.017899999395012856,0.014399999752640724,0.04270000010728836,0.04800000041723251,0.03779999911785126,0.0333000011742115,0.02070000022649765,0.022099999710917473,0.02239999920129776,0.01940000057220459
URY00076,2020-11-19,48.0,165.0,21.2,5.9,7.7,Toma de agua,-34.8297,-55.0421,South America,54.0,678,0.014700000174343586,0.011950000189244747,0.037300001829862595,0.04495000094175339,0.03344999998807907,0.03164999932050705,0.019850000739097595,0.01979999989271164,0.017999999225139618,0.015599999576807022
URY00076,2020-11-20,45.0,138.0,22.1,6.4,7.6,Toma de agua,-34.8297,-55.0421,South America,52.0,678,0.014700000174343586,0.011950000189244747,0.037300001829862595,0.04495000094175339,0.03344999998807907,0.03164999932050705,0.019850000739097595,0.01979999989271164,0.017999999225139618,0.015599999576807022
URY00076,2020-11-21,44.0,150.0,21.8,6.4,7.6,Toma de agua,-34.8297,-55.0421,South America,30.0,678,0.014700000174343586,0.011950000189244747,0.037300001829862595,0.04495000094175339,0.03344999998807907,0.03164999932050705,0.019850000739097595,0.01979999989271164,0.017999999225139618,0.015599999576807022
URY00076,2020-11-23,45.0,143.0,22.0,6.6,7.6,Toma de agua,-34.8297,-55.0421,South America,30.0,678,0.011699999682605267,0.011599999852478504,0.033399999141693115,0.04190000146627426,0.03310000151395798,0.030400000512599945,0.01899999938905239,0.017500000074505806,0.016699999570846558,0.013199999928474426
URY00076,2020-11-24,43.0,143.0,23.0,7.5,7.6,Toma de agua,-34.8297,-55.0421,South America,32.0,678,0.011699999682605267,0.011599999852478504,0.033399999141693115,0.04190000146627426,0.03310000151395798,0.030400000512599945,0.01899999938905239,0.017500000074505806,0.016699999570846558,0.013199999928474426
URY00076,2020-11-25,44.0,143.0,22.7,6.6,7.6,Toma de agua,-34.8297,-55.0421,South America,38.0,678,0.014800000004470348,0.013000000268220901,0.03804999962449074,0.04495000094175339,0.03545000031590462,0.031849998980760574,0.019850000739097595,0.01979999989271164,0.01954999938607216,0.016300000250339508
URY00076,2020-11-26,40.0,141.0,22.6,5.2,7.6,Toma de agua,-34.8297,-55.0421,South America,61.0,678,0.014800000004470348,0.013000000268220901,0.03804999962449074,0.04495000094175339,0.03545000031590462,0.031849998980760574,0.019850000739097595,0.01979999989271164,0.01954999938607216,0.016300000250339508
URY00076,2020-11-27,46.0,144.0,21.1,5.0,7.55,Toma de agua,-34.8297,-55.0421,South America,49.0,678,0.017899999395012856,0.014399999752640724,0.04270000010728836,0.04800000041723251,0.03779999911785126,0.0333000011742115,0.02070000022649765,0.022099999710917473,0.02239999920129776,0.01940000057220459
URY00076,2020-11-30,41.0,139.0,22.0,7.1,7.6,Toma de agua,-34.8297,-55.0421,South America,,678,0.054099999368190765,0.04500000178813934,0.07890000194311142,0.08820000290870667,0.07909999787807465,0.0794999971985817,0.06360000371932983,0.06030000001192093,0.062199998646974564,0.05570000037550926
URY00076,2020-12-01,43.0,144.0,20.0,6.0,7.5,Toma de agua,-34.8297,-55.0421,South America,,678,0.06970000267028809,0.05689999833703041,0.09544999897480011,0.1031000018119812,0.09565000236034393,0.09385000169277191,0.08055000007152557,0.07975000143051147,0.0820000022649765,0.07564999908208847
URY00076,2020-12-02,43.0,144.0,22.0,5.9,7.6,Toma de agua,-34.8297,-55.0421,South America,,678,0.054099999368190765,0.04500000178813934,0.07890000194311142,0.08820000290870667,0.07909999787807465,0.0794999971985817,0.06360000371932983,0.06030000001192093,0.062199998646974564,0.05570000037550926
URY00076,2020-12-03,42.0,125.0,22.0,5.4,7.5,Toma de agua,-34.8297,-55.0421,South America,,678,0.054099999368190765,0.04500000178813934,0.07890000194311142,0.08820000290870667,0.07909999787807465,0.0794999971985817,0.06360000371932983,0.06030000001192093,0.062199998646974564,0.05570000037550926
URY00076,2020-12-04,42.0,118.0,22.0,4.9,7.6,Toma de agua,-34.8297,-55.0421,South America,,678,0.054099999368190765,0.04500000178813934,0.07890000194311142,0.08820000290870667,0.07909999787807465,0.0794999971985817,0.06360000371932983,0.06030000001192093,0.062199998646974564,0.05570000037550926
URY00076,2020-12-05,40.0,140.0,19.6,6.3,7.7,Toma de agua,-34.8297,-55.0421,South America,,678,0.054099999368190765,0.04500000178813934,0.07890000194311142,0.08820000290870667,0.07909999787807465,0.0794999971985817,0.06360000371932983,0.06030000001192093,0.062199998646974564,0.05570000037550926
URY00076,2020-12-07,35.0,138.0,20.0,5.3,7.8,Toma de agua,-34.8297,-55.0421,South America,,678,0.06970000267028809,0.05689999833703041,0.09544999897480011,0.1031000018119812,0.09565000236034393,0.09385000169277191,0.08055000007152557,0.07975000143051147,0.0820000022649765,0.07564999908208847
URY00076,2020-12-08,39.0,140.0,20.0,5.5,7.5,Toma de agua,-34.8297,-55.0421,South America,,678,0.06970000267028809,0.05689999833703041,0.09544999897480011,0.1031000018119812,0.09565000236034393,0.09385000169277191,0.08055000007152557,0.07975000143051147,0.0820000022649765,0.07564999908208847
URY00076,2020-12-09,40.0,140.0,20.9,5.0,7.6,Toma de agua,-34.8297,-55.0421,South America,,678,0.08529999852180481,0.06880000233650208,0.1120000034570694,0.11800000071525574,0.11219999939203262,0.10819999873638153,0.09749999642372131,0.09920000284910202,0.10180000215768814,0.09560000151395798
URY00076,2020-12-10,38.0,134.0,20.9,4.8,7.6,Toma de agua,-34.8297,-55.0421,South America,,678,0.08110000193119049,0.0681999996304512,0.10395000129938126,0.10885000228881836,0.1035500019788742,0.10145000368356705,0.08874999731779099,0.08869999647140503,0.09064999967813492,0.08505000174045563
URY00076,2020-12-11,38.0,139.0,22.0,5.2,7.2,Toma de agua,-34.8297,-55.0421,South America,,678,0.07689999788999557,0.06759999692440033,0.09589999914169312,0.09969999641180038,0.09489999711513519,0.09470000118017197,0.07999999821186066,0.07819999754428864,0.0794999971985817,0.07450000196695328
URY00076,2020-12-14,33.0,133.0,21.0,5.6,7.6,Toma de agua,-34.8297,-55.0421,South America,,678,0.04390000179409981,0.037950001657009125,0.06804999709129333,0.07450000196695328,0.06494999676942825,0.06390000134706497,0.04805000126361847,0.04800000041723251,0.04774999991059303,0.04255000129342079
URY00076,2020-12-15,35.0,135.0,22.3,5.0,7.6,Toma de agua,-34.8297,-55.0421,South America,,678,0.04390000179409981,0.037950001657009125,0.06804999709129333,0.07450000196695328,0.06494999676942825,0.06390000134706497,0.04805000126361847,0.04800000041723251,0.04774999991059303,0.04255000129342079
URY00076,2020-12-16,32.0,157.0,19.8,4.7,7.6,Toma de agua,-34.8297,-55.0421,South America,,678,0.07689999788999557,0.06759999692440033,0.09589999914169312,0.09969999641180038,0.09489999711513519,0.09470000118017197,0.07999999821186066,0.07819999754428864,0.0794999971985817,0.07450000196695328
URY00076,2020-12-17,35.0,135.0,21.3,4.7,7.6,Toma de agua,-34.8297,-55.0421,South America,,678,0.0414000004529953,0.035599999129772186,0.06445000320672989,0.06975000351667404,0.0596500001847744,0.05824999883770943,0.04520000144839287,0.042500000447034836,0.045899998396635056,0.03905000165104866
URY00076,2020-12-18,40.0,132.0,21.5,6.3,7.6,Toma de agua,-34.8297,-55.0421,South America,,678,0.0414000004529953,0.035599999129772186,0.06445000320672989,0.06975000351667404,0.0596500001847744,0.05824999883770943,0.04520000144839287,0.042500000447034836,0.045899998396635056,0.03905000165104866
URY00076,2020-12-19,38.0,133.0,23.3,4.8,7.5,Toma de agua,-34.8297,-55.0421,South America,,678,0.0414000004529953,0.035599999129772186,0.06445000320672989,0.06975000351667404,0.0596500001847744,0.05824999883770943,0.04520000144839287,0.042500000447034836,0.045899998396635056,0.03905000165104866
URY00076,2020-12-21,36.0,135.0,19.0,6.5,7.3,Toma de agua,-34.8297,-55.0421,South America,,678,0.07689999788999557,0.06759999692440033,0.09589999914169312,0.09969999641180038,0.09489999711513519,0.09470000118017197,0.07999999821186066,0.07819999754428864,0.0794999971985817,0.07450000196695328
URY00076,2020-12-22,35.0,139.0,20.0,6.11,7.7,Toma de agua,-34.8297,-55.0421,South America,,678,0.07689999788999557,0.06759999692440033,0.09589999914169312,0.09969999641180038,0.09489999711513519,0.09470000118017197,0.07999999821186066,0.07819999754428864,0.0794999971985817,0.07450000196695328
URY00076,2020-12-23,41.0,130.0,19.0,6.0,7.6,Toma de agua,-34.8297,-55.0421,South America,,678,0.07689999788999557,0.06759999692440033,0.09589999914169312,0.09969999641180038,0.09489999711513519,0.09470000118017197,0.07999999821186066,0.07819999754428864,0.0794999971985817,0.07450000196695328
URY00076,2020-12-24,34.0,129.0,21.0,6.1,7.4,Toma de agua,-34.8297,-55.0421,South America,,678,0.06989999860525131,0.05400000140070915,0.08449999988079071,0.09019999951124191,0.07829999923706055,0.08209999650716782,0.07479999959468842,0.07339999824762344,0.06554999947547913,0.06894999742507935
URY00076,2020-12-27,30.0,124.0,23.0,6.8,7.5,Toma de agua,-34.8297,-55.0421,South America,,678,0.006599999964237213,0.004600000102072954,0.032999999821186066,0.039799999445676804,0.027499999850988388,0.021800000220537186,0.010400000028312206,0.009100000374019146,0.012299999594688416,0.005400000140070915
URY00076,2020-12-28,33.0,128.0,23.6,7.0,7.4,Toma de agua,-34.8297,-55.0421,South America,,678,0.006599999964237213,0.004600000102072954,0.032999999821186066,0.039799999445676804,0.027499999850988388,0.021800000220537186,0.010400000028312206,0.009100000374019146,0.012299999594688416,0.005400000140070915
URY00076,2020-12-29,31.0,125.0,23.0,6.9,7.3,Toma de agua,-34.8297,-55.0421,South America,,678,0.006599999964237213,0.004600000102072954,0.032999999821186066,0.039799999445676804,0.027499999850988388,0.021800000220537186,0.010400000028312206,0.009100000374019146,0.012299999594688416,0.005400000140070915
URY00076,2020-12-30,31.0,152.0,21.3,8.2,7.4,Toma de agua,-34.8297,-55.0421,South America,,678,0.006599999964237213,0.004600000102072954,0.032999999821186066,0.039799999445676804,0.027499999850988388,0.021800000220537186,0.010400000028312206,0.009100000374019146,0.012299999594688416,0.005400000140070915
URY00076,2020-12-31,30.0,126.0,23.0,7.0,7.4,Toma de agua,-34.8297,-55.0421,South America,,678,0.0702499970793724,0.054499998688697815,0.0832500010728836,0.0872500017285347,0.07985000312328339,0.08179999887943268,0.07374999672174454,0.07455000281333923,0.06185000017285347,0.06984999775886536
URY00076,2021-01-02,31.0,124.0,22.6,8.3,7.5,Toma de agua,-34.8297,-55.0421,South America,,678,0.0702499970793724,0.054499998688697815,0.0832500010728836,0.0872500017285347,0.07985000312328339,0.08179999887943268,0.07374999672174454,0.07455000281333923,0.06185000017285347,0.06984999775886536
URY00076,2021-01-04,30.0,125.0,24.8,8.7,7.5,Toma de agua,-34.8297,-55.0421,South America,,678,0.023350000381469727,0.01899999938905239,0.047449998557567596,0.05525000020861626,0.04729999974370003,0.04619999974966049,0.02850000001490116,0.029500000178813934,0.026399999856948853,0.024299999698996544
URY00076,2021-01-05,28.0,128.0,23.0,10.5,7.5,Toma de agua,-34.8297,-55.0421,South America,,678,0.023350000381469727,0.01899999938905239,0.047449998557567596,0.05525000020861626,0.04729999974370003,0.04619999974966049,0.02850000001490116,0.029500000178813934,0.026399999856948853,0.024299999698996544
URY00076,2021-01-07,26.0,126.0,24.4,9.0,7.4,Toma de agua,-34.8297,-55.0421,South America,,678,0.023350000381469727,0.01899999938905239,0.047449998557567596,0.05525000020861626,0.04729999974370003,0.04619999974966049,0.02850000001490116,0.029500000178813934,0.026399999856948853,0.024299999698996544
URY00076,2021-01-08,27.0,124.0,23.0,11.7,7.4,Toma de agua,-34.8297,-55.0421,South America,,678,0.023350000381469727,0.01899999938905239,0.047449998557567596,0.05525000020861626,0.04729999974370003,0.04619999974966049,0.02850000001490116,0.029500000178813934,0.026399999856948853,0.024299999698996544
URY00076,2021-01-11,32.0,140.0,21.8,11.8,7.3,Toma de agua,-34.8297,-55.0421,South America,,678,0.05429999902844429,0.046149998903274536,0.07855000346899033,0.0892999991774559,0.08370000123977661,0.08664999902248383,0.06520000100135803,0.06620000302791595,0.06340000033378601,0.05954999849200249
URY00076,2021-01-12,34.0,127.0,21.0,11.9,7.4,Toma de agua,-34.8297,-55.0421,South America,,678,0.05429999902844429,0.046149998903274536,0.07855000346899033,0.0892999991774559,0.08370000123977661,0.08664999902248383,0.06520000100135803,0.06620000302791595,0.06340000033378601,0.05954999849200249
URY00076,2021-01-13,31.0,127.0,21.6,14.8,7.4,Toma de agua,-34.8297,-55.0421,South America,,678,0.05429999902844429,0.046149998903274536,0.07855000346899033,0.0892999991774559,0.08370000123977661,0.08664999902248383,0.06520000100135803,0.06620000302791595,0.06340000033378601,0.05954999849200249
URY00076,2021-01-14,30.0,130.0,22.0,15.5,7.3,Toma de agua,-34.8297,-55.0421,South America,,678,0.04479999840259552,0.03700000047683716,0.07800000160932541,0.08990000188350677,0.08550000190734863,0.08500000089406967,0.059300001710653305,0.05770000070333481,0.05889999866485596,0.04969999939203262
URY00076,2021-01-15,29.0,125.0,23.8,18.1,7.4,Toma de agua,-34.8297,-55.0421,South America,,678,0.04479999840259552,0.03700000047683716,0.07800000160932541,0.08990000188350677,0.08550000190734863,0.08500000089406967,0.059300001710653305,0.05770000070333481,0.05889999866485596,0.04969999939203262
URY00076,2021-01-16,26.0,125.0,22.0,17.8,7.6,Toma de agua,-34.8297,-55.0421,South America,,678,0.04244999960064888,0.03519999980926514,0.07119999825954437,0.0832500010728836,0.0763000026345253,0.07810000330209732,0.05400000140070915,0.05380000174045563,0.05339999869465828,0.04645000025629997
URY00076,2021-01-18,30.0,123.0,21.3,18.8,7.5,Toma de agua,-34.8297,-55.0421,South America,,678,0.04479999840259552,0.03700000047683716,0.07800000160932541,0.08990000188350677,0.08550000190734863,0.08500000089406967,0.059300001710653305,0.05770000070333481,0.05889999866485596,0.04969999939203262
URY00076,2021-01-19,26.0,124.0,23.0,19.9,7.2,Toma de agua,-34.8297,-55.0421,South America,,678,0.026000000536441803,0.022299999371170998,0.062049999833106995,0.07119999825954437,0.06729999929666519,0.06710000336170197,0.04170000180602074,0.04154999926686287,0.04039999842643738,0.032999999821186066
URY00076,2021-01-20,25.0,126.0,23.6,23.4,7.3,Toma de agua,-34.8297,-55.0421,South America,,678,0.026000000536441803,0.022299999371170998,0.062049999833106995,0.07119999825954437,0.06729999929666519,0.06710000336170197,0.04170000180602074,0.04154999926686287,0.04039999842643738,0.032999999821186066
URY00076,2021-01-21,25.0,128.0,23.0,22.8,7.4,Toma de agua,-34.8297,-55.0421,South America,,678,0.026000000536441803,0.022299999371170998,0.062049999833106995,0.07119999825954437,0.06729999929666519,0.06710000336170197,0.04170000180602074,0.04154999926686287,0.04039999842643738,0.032999999821186066
URY00076,2021-01-22,26.0,126.0,25.0,26.1,7.3,Toma de agua,-34.8297,-55.0421,South America,,678,0.026000000536441803,0.022299999371170998,0.062049999833106995,0.07119999825954437,0.06729999929666519,0.06710000336170197,0.04170000180602074,0.04154999926686287,0.04039999842643738,0.032999999821186066
URY00076,2021-01-25,30.0,125.0,25.7,26.7,7.5,Toma de agua,-34.8297,-55.0421,South America,,678,0.007199999876320362,0.007600000128149986,0.04610000178217888,0.05249999836087227,0.04910000041127205,0.04919999837875366,0.02410000003874302,0.02539999969303608,0.021900000050663948,0.016300000250339508
URY00076,2021-01-26,30.0,129.0,26.0,26.8,7.3,Toma de agua,-34.8297,-55.0421,South America,,678,0.007199999876320362,0.007600000128149986,0.04610000178217888,0.05249999836087227,0.04910000041127205,0.04919999837875366,0.02410000003874302,0.02539999969303608,0.021900000050663948,0.016300000250339508
URY00076,2021-01-27,30.0,126.0,24.7,23.9,7.3,Toma de agua,-34.8297,-55.0421,South America,,678,0.007199999876320362,0.007600000128149986,0.04610000178217888,0.05249999836087227,0.04910000041127205,0.04919999837875366,0.02410000003874302,0.02539999969303608,0.021900000050663948,0.016300000250339508
URY00076,2021-01-28,27.0,128.0,24.5,24.9,7.3,Toma de agua,-34.8297,-55.0421,South America,,678,0.005900000222027302,0.005900000222027302,0.042149998247623444,0.05090000107884407,0.047449998557567596,0.04839999973773956,0.022549999877810478,0.02474999986588955,0.019750000908970833,0.015799999237060547
URY00076,2021-01-29,28.0,128.0,24.0,25.9,7.4,Toma de agua,-34.8297,-55.0421,South America,,678,0.005900000222027302,0.005900000222027302,0.042149998247623444,0.05090000107884407,0.047449998557567596,0.04839999973773956,0.022549999877810478,0.02474999986588955,0.019750000908970833,0.015799999237060547
URY00076,2021-01-30,26.0,130.0,23.0,27.6,7.5,Toma de agua,-34.8297,-55.0421,South America,,678,0.004600000102072954,0.00419999985024333,0.03819999843835831,0.049300000071525574,0.04580000042915344,0.047600001096725464,0.020999999716877937,0.02410000003874302,0.01759999990463257,0.015300000086426735
URY00076,2021-02-01,32.0,129.0,23.0,27.2,7.3,Toma de agua,-34.8297,-55.0421,South America,,678,0.008500000461935997,0.007499999832361937,0.04165000095963478,0.05119999870657921,0.05375000089406967,0.05485000088810921,0.027799999341368675,0.029600000008940697,0.02329999953508377,0.019700000062584877
URY00076,2021-02-02,32.0,130.0,23.5,28.5,7.3,Toma de agua,-34.8297,-55.0421,South America,,678,0.012400000356137753,0.01080000028014183,0.045099999755620956,0.05310000106692314,0.0617000013589859,0.06210000067949295,0.03460000082850456,0.035100001841783524,0.028999999165534973,0.02410000003874302
URY00076,2021-02-03,27.0,127.0,22.8,39.6,7.5,Toma de agua,-34.8297,-55.0421,South America,,678,0.012400000356137753,0.01080000028014183,0.045099999755620956,0.05310000106692314,0.0617000013589859,0.06210000067949295,0.03460000082850456,0.035100001841783524,0.028999999165534973,0.02410000003874302
URY00076,2021-02-04,26.0,139.0,21.0,36.8,7.5,Toma de agua,-34.8297,-55.0421,South America,,678,0.012400000356137753,0.01080000028014183,0.045099999755620956,0.05310000106692314,0.0617000013589859,0.06210000067949295,0.03460000082850456,0.035100001841783524,0.028999999165534973,0.02410000003874302
URY00076,2021-02-05,27.0,125.0,22.0,31.4,7.3,Toma de agua,-34.8297,-55.0421,South America,,678,0.012400000356137753,0.01080000028014183,0.045099999755620956,0.05310000106692314,0.0617000013589859,0.06210000067949295,0.03460000082850456,0.035100001841783524,0.028999999165534973,0.02410000003874302
URY00076,2021-02-08,32.0,137.0,22.1,30.7,7.4,Toma de agua,-34.8297,-55.0421,South America,,678,0.008299999870359898,0.007449999917298555,0.04374999925494194,0.0507499985396862,0.05730000138282776,0.05660000070929527,0.02969999983906746,0.030700000002980232,0.023350000381469727,0.019700000062584877
URY00076,2021-02-09,29.0,126.0,22.0,29.7,7.4,Toma de agua,-34.8297,-55.0421,South America,,678,0.008299999870359898,0.007449999917298555,0.04374999925494194,0.0507499985396862,0.05730000138282776,0.05660000070929527,0.02969999983906746,0.030700000002980232,0.023350000381469727,0.019700000062584877
URY00076,2021-02-10,29.0,126.0,22.3,32.6,7.4,Toma de agua,-34.8297,-55.0421,South America,,678,0.008299999870359898,0.007449999917298555,0.04374999925494194,0.0507499985396862,0.05730000138282776,0.05660000070929527,0.02969999983906746,0.030700000002980232,0.023350000381469727,0.019700000062584877
URY00076,2021-02-11,26.0,128.0,21.0,30.2,7.5,Toma de agua,-34.8297,-55.0421,South America,,678,0.008299999870359898,0.007449999917298555,0.04374999925494194,0.0507499985396862,0.05730000138282776,0.05660000070929527,0.02969999983906746,0.030700000002980232,0.023350000381469727,0.019700000062584877
URY00076,2021-02-12,29.0,124.0,22.1,30.3,7.4,Toma de agua,-34.8297,-55.0421,South America,,678,0.008299999870359898,0.007449999917298555,0.04374999925494194,0.0507499985396862,0.05730000138282776,0.05660000070929527,0.02969999983906746,0.030700000002980232,0.023350000381469727,0.019700000062584877
URY00076,2021-02-13,25.0,130.0,22.0,33.0,7.4,Toma de agua,-34.8297,-55.0421,South America,,678,0.012400000356137753,0.01080000028014183,0.045099999755620956,0.05310000106692314,0.0617000013589859,0.06210000067949295,0.03460000082850456,0.035100001841783524,0.028999999165534973,0.02410000003874302
URY00076,2021-02-15,29.0,125.0,23.0,30.5,7.4,Toma de agua,-34.8297,-55.0421,South America,,678,0.010999999940395355,0.010099999606609344,0.04749999940395355,0.05544999986886978,0.05954999849200249,0.05844999849796295,0.031050000339746475,0.03180000185966492,0.02539999969303608,0.022299999371170998
URY00076,2021-02-16,28.0,123.0,22.0,29.9,7.5,Toma de agua,-34.8297,-55.0421,South America,,678,0.010999999940395355,0.010099999606609344,0.04749999940395355,0.05544999986886978,0.05954999849200249,0.05844999849796295,0.031050000339746475,0.03180000185966492,0.02539999969303608,0.022299999371170998
URY00076,2021-02-17,29.0,125.0,23.3,28.1,7.4,Toma de agua,-34.8297,-55.0421,South America,,678,0.010999999940395355,0.010099999606609344,0.04749999940395355,0.05544999986886978,0.05954999849200249,0.05844999849796295,0.031050000339746475,0.03180000185966492,0.02539999969303608,0.022299999371170998
URY00076,2021-02-18,26.0,130.0,25.2,29.8,7.3,Toma de agua,-34.8297,-55.0421,South America,,678,0.016300000250339508,0.013700000010430813,0.05260000005364418,0.05939999967813492,0.0632999986410141,0.06260000169277191,0.035100001841783524,0.03319999948143959,0.032499998807907104,0.024399999529123306
URY00076,2021-02-19,27.0,126.0,22.0,29.0,7.4,Toma de agua,-34.8297,-55.0421,South America,,678,0.016300000250339508,0.013700000010430813,0.05260000005364418,0.05939999967813492,0.0632999986410141,0.06260000169277191,0.035100001841783524,0.03319999948143959,0.032499998807907104,0.024399999529123306
URY00076,2021-02-22,28.0,126.0,23.8,28.4,7.5,Toma de agua,-34.8297,-55.0421,South America,,678,0.016300000250339508,0.013700000010430813,0.05260000005364418,0.05939999967813492,0.0632999986410141,0.06260000169277191,0.035100001841783524,0.03319999948143959,0.032499998807907104,0.024399999529123306
URY00076,2021-02-23,29.0,129.0,22.0,28.7,7.4,Toma de agua,-34.8297,-55.0421,South America,,678,0.016300000250339508,0.013700000010430813,0.05260000005364418,0.05939999967813492,0.0632999986410141,0.06260000169277191,0.035100001841783524,0.03319999948143959,0.032499998807907104,0.024399999529123306
URY00076,2021-02-24,29.0,128.0,23.0,28.9,7.5,Toma de agua,-34.8297,-55.0421,South America,,678,0.016300000250339508,0.013700000010430813,0.05260000005364418,0.05939999967813492,0.0632999986410141,0.06260000169277191,0.035100001841783524,0.03319999948143959,0.032499998807907104,0.024399999529123306
URY00076,2021-02-25,28.0,131.0,22.0,27.2,7.5,Toma de agua,-34.8297,-55.0421,South America,,678,0.016300000250339508,0.013700000010430813,0.05260000005364418,0.05939999967813492,0.0632999986410141,0.06260000169277191,0.035100001841783524,0.03319999948143959,0.032499998807907104,0.024399999529123306
URY00076,2021-02-26,28.0,138.0,23.6,27.2,7.5,Toma de agua,-34.8297,-55.0421,South America,,678,0.016300000250339508,0.013700000010430813,0.05260000005364418,0.05939999967813492,0.0632999986410141,0.06260000169277191,0.035100001841783524,0.03319999948143959,0.032499998807907104,0.024399999529123306
URY00076,2021-02-27,30.0,130.0,23.0,28.0,7.5,Toma de agua,-34.8297,-55.0421,South America,,678,0.009850000031292439,0.008349999785423279,0.04764999821782112,0.0544000007212162,0.05685000121593475,0.05640000104904175,0.029600000008940697,0.027550000697374344,0.026650000363588333,0.019200000911951065
URY00076,2021-03-01,30.0,131.0,24.0,26.7,7.5,Toma de agua,-34.8297,-55.0421,South America,,678,0.009850000031292439,0.008349999785423279,0.04764999821782112,0.0544000007212162,0.05685000121593475,0.05640000104904175,0.029600000008940697,0.027550000697374344,0.026650000363588333,0.019200000911951065
URY00076,2021-03-02,32.0,130.0,24.0,26.9,7.5,Toma de agua,-34.8297,-55.0421,South America,,678,0.009850000031292439,0.008349999785423279,0.04764999821782112,0.0544000007212162,0.05685000121593475,0.05640000104904175,0.029600000008940697,0.027550000697374344,0.026650000363588333,0.019200000911951065
URY00076,2021-03-03,34.0,132.0,24.5,27.0,7.5,Toma de agua,-34.8297,-55.0421,South America,,678,0.009850000031292439,0.008349999785423279,0.04764999821782112,0.0544000007212162,0.05685000121593475,0.05640000104904175,0.029600000008940697,0.027550000697374344,0.026650000363588333,0.019200000911951065
URY00076,2021-03-04,31.0,136.0,24.0,26.8,7.4,Toma de agua,-34.8297,-55.0421,South America,,678,0.0034000000450760126,0.003000000026077032,0.039500001817941666,0.049400001764297485,0.05040000006556511,0.050200000405311584,0.02410000003874302,0.021900000050663948,0.020800000056624413,0.014000000432133675
URY00076,2021-03-05,29.0,132.0,22.0,27.7,7.4,Toma de agua,-34.8297,-55.0421,South America,,678,0.0034000000450760126,0.003000000026077032,0.039500001817941666,0.049400001764297485,0.05040000006556511,0.050200000405311584,0.02410000003874302,0.021900000050663948,0.020800000056624413,0.014000000432133675
URY00076,2021-03-08,32.0,132.0,23.5,27.2,7.51,Toma de agua,-34.8297,-55.0421,South America,,678,0.0038999998942017555,0.004399999976158142,0.039400000125169754,0.04410000145435333,0.047600001096725464,0.045499999076128006,0.021199999377131462,0.02370000071823597,0.019899999722838402,0.010900000110268593
URY00076,2021-03-09,32.0,135.0,22.0,27.4,7.4,Toma de agua,-34.8297,-55.0421,South America,,678,0.0038999998942017555,0.004399999976158142,0.039400000125169754,0.04410000145435333,0.047600001096725464,0.045499999076128006,0.021199999377131462,0.02370000071823597,0.019899999722838402,0.010900000110268593
URY00076,2021-03-10,30.0,134.0,23.3,27.6,7.6,Toma de agua,-34.8297,-55.0421,South America,,678,0.0038999998942017555,0.004399999976158142,0.039400000125169754,0.04410000145435333,0.047600001096725464,0.045499999076128006,0.021199999377131462,0.02370000071823597,0.019899999722838402,0.010900000110268593
URY00076,2021-03-11,30.0,141.0,22.0,27.4,7.7,Toma de agua,-34.8297,-55.0421,South America,,678,0.0038999998942017555,0.004399999976158142,0.039400000125169754,0.04410000145435333,0.047600001096725464,0.045499999076128006,0.021199999377131462,0.02370000071823597,0.019899999722838402,0.010900000110268593
URY00076,2021-03-12,33.0,134.0,23.2,26.7,7.5,Toma de agua,-34.8297,-55.0421,South America,,678,0.0038999998942017555,0.004399999976158142,0.039400000125169754,0.04410000145435333,0.047600001096725464,0.045499999076128006,0.021199999377131462,0.02370000071823597,0.019899999722838402,0.010900000110268593
URY00076,2021-03-13,30.0,133.0,21.0,27.0,7.4,Toma de agua,-34.8297,-55.0421,South America,,678,0.0038999998942017555,0.004399999976158142,0.039400000125169754,0.04410000145435333,0.047600001096725464,0.045499999076128006,0.021199999377131462,0.02370000071823597,0.019899999722838402,0.010900000110268593
URY00076,2021-03-15,32.0,138.0,22.9,27.8,7.5,Toma de agua,-34.8297,-55.0421,South America,,678,0.0038999998942017555,0.004399999976158142,0.039400000125169754,0.04410000145435333,0.047600001096725464,0.045499999076128006,0.021199999377131462,0.02370000071823597,0.019899999722838402,0.010900000110268593
URY00076,2021-03-16,31.0,131.0,22.5,26.9,7.5,Toma de agua,-34.8297,-55.0421,South America,,678,0.0038999998942017555,0.004399999976158142,0.039400000125169754,0.04410000145435333,0.047600001096725464,0.045499999076128006,0.021199999377131462,0.02370000071823597,0.019899999722838402,0.010900000110268593
URY00076,2021-03-17,29.0,133.0,20.9,29.1,7.7,Toma de agua,-34.8297,-55.0421,South America,,678,0.016499999910593033,0.013249999843537807,0.05544999986886978,0.06024999916553497,0.06385000050067902,0.06400000303983688,0.03595000132918358,0.03779999911785126,0.03505000099539757,0.02590000070631504
URY00076,2021-03-18,29.0,133.0,20.0,29.2,7.5,Toma de agua,-34.8297,-55.0421,South America,,678,0.016499999910593033,0.013249999843537807,0.05544999986886978,0.06024999916553497,0.06385000050067902,0.06400000303983688,0.03595000132918358,0.03779999911785126,0.03505000099539757,0.02590000070631504
URY00076,2021-03-19,30.0,135.0,20.0,31.8,7.8,Toma de agua,-34.8297,-55.0421,South America,,678,0.016499999910593033,0.013249999843537807,0.05544999986886978,0.06024999916553497,0.06385000050067902,0.06400000303983688,0.03595000132918358,0.03779999911785126,0.03505000099539757,0.02590000070631504
URY00076,2021-03-22,33.0,135.0,21.1,31.2,7.6,Toma de agua,-34.8297,-55.0421,South America,,678,0.015200000256299973,0.012350000441074371,0.051649998873472214,0.06134999915957451,0.06449999660253525,0.06644999980926514,0.03545000031590462,0.0361500009894371,0.0333000011742115,0.02500000037252903
URY00076,2021-03-23,31.0,138.0,20.0,29.7,7.5,Toma de agua,-34.8297,-55.0421,South America,,678,0.015200000256299973,0.012350000441074371,0.051649998873472214,0.06134999915957451,0.06449999660253525,0.06644999980926514,0.03545000031590462,0.0361500009894371,0.0333000011742115,0.02500000037252903
URY00076,2021-03-24,34.0,132.0,22.8,42.4,7.6,Toma de agua,-34.8297,-55.0421,South America,,678,0.015200000256299973,0.012350000441074371,0.051649998873472214,0.06134999915957451,0.06449999660253525,0.06644999980926514,0.03545000031590462,0.0361500009894371,0.0333000011742115,0.02500000037252903
URY00076,2021-03-25,32.0,134.0,22.1,29.1,7.6,Toma de agua,-34.8297,-55.0421,South America,,678,0.015200000256299973,0.012350000441074371,0.051649998873472214,0.06134999915957451,0.06449999660253525,0.06644999980926514,0.03545000031590462,0.0361500009894371,0.0333000011742115,0.02500000037252903
URY00076,2021-03-27,29.0,133.0,21.5,28.36,7.6,Toma de agua,-34.8297,-55.0421,South America,,678,0.015200000256299973,0.012350000441074371,0.051649998873472214,0.06134999915957451,0.06449999660253525,0.06644999980926514,0.03545000031590462,0.0361500009894371,0.0333000011742115,0.02500000037252903
URY00076,2021-03-29,32.0,132.0,22.2,27.2,7.5,Toma de agua,-34.8297,-55.0421,South America,,678,0.015200000256299973,0.012350000441074371,0.051649998873472214,0.06134999915957451,0.06449999660253525,0.06644999980926514,0.03545000031590462,0.0361500009894371,0.0333000011742115,0.02500000037252903
URY00076,2021-03-31,31.0,133.0,22.3,28.3,7.7,Toma de agua,-34.8297,-55.0421,South America,,678,0.004050000105053186,0.004000000189989805,0.03514999896287918,0.047200001776218414,0.05104999989271164,0.05104999989271164,0.023900000378489494,0.02305000089108944,0.017799999564886093,0.012649999931454659
URY00076,2021-04-05,34.0,133.0,22.8,26.7,7.7,Toma de agua,-34.8297,-55.0421,South America,,678,0.0048500001430511475,0.004050000105053186,0.03370000049471855,0.045249998569488525,0.050200000405311584,0.04904999956488609,0.023099999874830246,0.02215000055730343,0.0182499997317791,0.013450000435113907
URY00076,2021-04-06,33.0,160.0,21.6,24.7,7.4,Toma de agua,-34.8297,-55.0421,South America,,678,0.0044999998062849045,0.0027000000700354576,0.0364999994635582,0.042399998754262924,0.047200001776218414,0.04639999940991402,0.01860000006854534,0.01860000006854534,0.01730000041425228,0.010700000450015068
URY00076,2021-04-07,31.0,134.0,22.1,26.2,7.6,Toma de agua,-34.8297,-55.0421,South America,,678,0.0044999998062849045,0.0027000000700354576,0.0364999994635582,0.042399998754262924,0.047200001776218414,0.04639999940991402,0.01860000006854534,0.01860000006854534,0.01730000041425228,0.010700000450015068
URY00076,2021-04-08,33.0,138.0,22.2,23.5,7.6,Toma de agua,-34.8297,-55.0421,South America,,678,0.0044999998062849045,0.0027000000700354576,0.0364999994635582,0.042399998754262924,0.047200001776218414,0.04639999940991402,0.01860000006854534,0.01860000006854534,0.01730000041425228,0.010700000450015068
URY00076,2021-04-09,32.0,138.0,22.0,23.9,7.6,Toma de agua,-34.8297,-55.0421,South America,,678,0.0044999998062849045,0.0027000000700354576,0.0364999994635582,0.042399998754262924,0.047200001776218414,0.04639999940991402,0.01860000006854534,0.01860000006854534,0.01730000041425228,0.010700000450015068
URY00076,2021-04-10,33.0,132.0,19.0,26.0,7.6,Toma de agua,-34.8297,-55.0421,South America,,678,0.0044999998062849045,0.0027000000700354576,0.0364999994635582,0.042399998754262924,0.047200001776218414,0.04639999940991402,0.01860000006854534,0.01860000006854534,0.01730000041425228,0.010700000450015068
URY00076,2021-04-12,35.0,138.0,20.0,26.7,7.5,Toma de agua,-34.8297,-55.0421,South America,,678,0.004050000105053186,0.002899999963119626,0.03474999964237213,0.04475000128149986,0.04735000059008598,0.04805000126361847,0.020500000566244125,0.020349999889731407,0.017400000244379044,0.011699999682605267
URY00076,2021-04-13,34.0,142.0,19.0,26.2,7.5,Toma de agua,-34.8297,-55.0421,South America,,678,0.003599999938160181,0.0027000000700354576,0.032999999821186066,0.042399998754262924,0.047200001776218414,0.04639999940991402,0.01860000006854534,0.01860000006854534,0.01730000041425228,0.010700000450015068
URY00076,2021-04-14,32.0,157.0,20.2,32.1,7.5,Toma de agua,-34.8297,-55.0421,South America,,678,0.004050000105053186,0.002899999963119626,0.03474999964237213,0.04475000128149986,0.04735000059008598,0.04805000126361847,0.020500000566244125,0.020349999889731407,0.017400000244379044,0.011699999682605267
URY00076,2021-04-15,27.0,138.0,20.0,26.6,7.5,Toma de agua,-34.8297,-55.0421,South America,,678,0.0044999998062849045,0.003100000089034438,0.0364999994635582,0.0471000000834465,0.04749999940395355,0.04969999939203262,0.02239999920129776,0.022099999710917473,0.017500000074505806,0.01269999984651804
URY00076,2021-04-16,34.0,134.0,19.0,27.1,7.5,Toma de agua,-34.8297,-55.0421,South America,,678,0.0044999998062849045,0.003100000089034438,0.0364999994635582,0.0471000000834465,0.04749999940395355,0.04969999939203262,0.02239999920129776,0.022099999710917473,0.017500000074505806,0.01269999984651804
URY00076,2021-04-19,32.0,134.0,20.1,26.4,7.5,Toma de agua,-34.8297,-55.0421,South America,,678,0.0044999998062849045,0.003100000089034438,0.0364999994635582,0.0471000000834465,0.04749999940395355,0.04969999939203262,0.02239999920129776,0.022099999710917473,0.017500000074505806,0.01269999984651804
URY00076,2021-04-20,31.0,140.0,19.0,26.4,7.5,Toma de agua,-34.8297,-55.0421,South America,,678,0.005400000140070915,0.0048500001430511475,0.035349998623132706,0.04814999923110008,0.04944999888539314,0.05000000074505806,0.02329999953508377,0.022199999541044235,0.019349999725818634,0.013749999925494194
URY00076,2021-04-21,32.0,139.0,19.0,26.9,7.5,Toma de agua,-34.8297,-55.0421,South America,,678,0.003599999938160181,0.003800000064074993,0.032999999821186066,0.0471000000834465,0.04839999973773956,0.04969999939203262,0.02239999920129776,0.022099999710917473,0.017500000074505806,0.01269999984651804
URY00076,2021-04-22,32.0,134.0,20.1,28.0,7.6,Toma de agua,-34.8297,-55.0421,South America,,678,0.003599999938160181,0.003800000064074993,0.032999999821186066,0.0471000000834465,0.04839999973773956,0.04969999939203262,0.02239999920129776,0.022099999710917473,0.017500000074505806,0.01269999984651804
URY00076,2021-04-23,34.0,134.0,21.0,26.2,7.7,Toma de agua,-34.8297,-55.0421,South America,,678,0.003599999938160181,0.003800000064074993,0.032999999821186066,0.0471000000834465,0.04839999973773956,0.04969999939203262,0.02239999920129776,0.022099999710917473,0.017500000074505806,0.01269999984651804
URY00076,2021-04-24,34.0,147.0,18.0,27.8,7.7,Toma de agua,-34.8297,-55.0421,South America,,678,0.0033499998971819878,0.003449999960139394,0.03269999846816063,0.04495000094175339,0.04794999957084656,0.0494999997317791,0.02135000005364418,0.020749999210238457,0.01600000075995922,0.012500000186264515
URY00076,2021-04-26,32.0,138.0,17.0,27.4,7.5,Toma de agua,-34.8297,-55.0421,South America,,678,0.003100000089034438,0.003800000064074993,0.03240000084042549,0.04280000180006027,0.04839999973773956,0.049300000071525574,0.0203000009059906,0.01940000057220459,0.014499999582767487,0.012299999594688416
URY00076,2021-04-27,32.0,138.0,17.5,27.9,7.7,Toma de agua,-34.8297,-55.0421,South America,,678,0.003100000089034438,0.003800000064074993,0.03240000084042549,0.04280000180006027,0.04839999973773956,0.049300000071525574,0.0203000009059906,0.01940000057220459,0.014499999582767487,0.012299999594688416
URY00076,2021-04-28,35.0,139.0,17.4,26.4,7.7,Toma de agua,-34.8297,-55.0421,South America,,678,0.0026499999221414328,0.0026000000070780516,0.031099999323487282,0.04230000078678131,0.04749999940395355,0.046799998730421066,0.02005000039935112,0.01810000091791153,0.013500000350177288,0.009949999861419201
URY00076,2021-04-29,33.0,137.0,17.0,26.5,7.6,Toma de agua,-34.8297,-55.0421,South America,,678,0.0026499999221414328,0.0026000000070780516,0.031099999323487282,0.04230000078678131,0.04749999940395355,0.046799998730421066,0.02005000039935112,0.01810000091791153,0.013500000350177288,0.009949999861419201
URY00076,2021-04-30,34.0,139.0,19.0,25.8,7.5,Toma de agua,-34.8297,-55.0421,South America,,678,0.0026499999221414328,0.0026000000070780516,0.031099999323487282,0.04230000078678131,0.04749999940395355,0.046799998730421066,0.02005000039935112,0.01810000091791153,0.013500000350177288,0.009949999861419201
URY00076,2021-05-03,36.0,140.0,19.2,26.5,7.6,Toma de agua,-34.8297,-55.0421,South America,,678,0.0026499999221414328,0.0026000000070780516,0.031099999323487282,0.04230000078678131,0.04749999940395355,0.046799998730421066,0.02005000039935112,0.01810000091791153,0.013500000350177288,0.009949999861419201
URY00076,2021-05-04,37.0,138.0,17.0,27.5,7.5,Toma de agua,-34.8297,-55.0421,South America,,678,0.0026499999221414328,0.0026000000070780516,0.031099999323487282,0.04230000078678131,0.04749999940395355,0.046799998730421066,0.02005000039935112,0.01810000091791153,0.013500000350177288,0.009949999861419201
URY00076,2021-05-05,38.0,141.0,16.1,27.4,7.6,Toma de agua,-34.8297,-55.0421,South America,,678,0.002199999988079071,0.00139999995008111,0.02979999966919422,0.04179999977350235,0.04659999907016754,0.04430000111460686,0.01979999989271164,0.01679999940097332,0.012500000186264515,0.007600000128149986
URY00076,2021-05-06,34.0,142.0,16.0,27.8,7.7,Toma de agua,-34.8297,-55.0421,South America,,678,0.002899999963119626,0.0031999999191612005,0.03350000083446503,0.04235000163316727,0.04610000178217888,0.04414999857544899,0.0182499997317791,0.017349999397993088,0.013249999843537807,0.007799999788403511
URY00076,2021-05-07,36.0,140.0,15.7,26.0,7.5,Toma de agua,-34.8297,-55.0421,South America,,678,0.002899999963119626,0.0031999999191612005,0.03350000083446503,0.04235000163316727,0.04610000178217888,0.04414999857544899,0.0182499997317791,0.017349999397993088,0.013249999843537807,0.007799999788403511
URY00076,2021-05-08,34.0,139.0,18.0,27.2,7.6,Toma de agua,-34.8297,-55.0421,South America,,678,0.003599999938160181,0.004999999888241291,0.03720000013709068,0.042899999767541885,0.04560000076889992,0.04399999976158142,0.016699999570846558,0.017899999395012856,0.014000000432133675,0.00800000037997961
URY00076,2021-05-10,34.0,146.0,15.0,29.0,7.9,Toma de agua,-34.8297,-55.0421,South America,,678,0.003100000089034438,0.0031999999191612005,0.03400000184774399,0.041850000619888306,0.044199999421834946,0.04280000180006027,0.01744999922811985,0.017100000753998756,0.013150000013411045,0.008249999955296516
URY00076,2021-05-11,33.0,147.0,18.9,26.8,7.8,Toma de agua,-34.8297,-55.0421,South America,,678,0.003100000089034438,0.0031999999191612005,0.03400000184774399,0.041850000619888306,0.044199999421834946,0.04280000180006027,0.01744999922811985,0.017100000753998756,0.013150000013411045,0.008249999955296516
URY00076,2021-05-12,34.0,141.0,14.3,27.8,7.7,Toma de agua,-34.8297,-55.0421,South America,,678,0.003100000089034438,0.0031999999191612005,0.03400000184774399,0.041850000619888306,0.044199999421834946,0.04280000180006027,0.01744999922811985,0.017100000753998756,0.013150000013411045,0.008249999955296516
URY00076,2021-05-13,35.0,152.0,16.6,27.8,7.8,Toma de agua,-34.8297,-55.0421,South America,,678,0.003100000089034438,0.0031999999191612005,0.03400000184774399,0.041850000619888306,0.044199999421834946,0.04280000180006027,0.01744999922811985,0.017100000753998756,0.013150000013411045,0.008249999955296516
URY00076,2021-05-14,34.0,151.0,14.3,25.8,7.8,Toma de agua,-34.8297,-55.0421,South America,,678,0.003100000089034438,0.0031999999191612005,0.03400000184774399,0.041850000619888306,0.044199999421834946,0.04280000180006027,0.01744999922811985,0.017100000753998756,0.013150000013411045,0.008249999955296516
URY00076,2021-05-17,35.0,168.0,14.5,25.6,7.7,Toma de agua,-34.8297,-55.0421,South America,,678,0.003100000089034438,0.0031999999191612005,0.03400000184774399,0.041850000619888306,0.044199999421834946,0.04280000180006027,0.01744999922811985,0.017100000753998756,0.013150000013411045,0.008249999955296516
URY00076,2021-05-18,29.0,143.0,14.1,26.0,7.7,Toma de agua,-34.8297,-55.0421,South America,,678,0.003100000089034438,0.0031999999191612005,0.03400000184774399,0.041850000619888306,0.044199999421834946,0.04280000180006027,0.01744999922811985,0.017100000753998756,0.013150000013411045,0.008249999955296516
URY00076,2021-05-19,35.0,146.0,14.0,33.7,7.8,Toma de agua,-34.8297,-55.0421,South America,,678,0.003599999938160181,0.004999999888241291,0.0364999994635582,0.042899999767541885,0.04560000076889992,0.04399999976158142,0.018200000748038292,0.017899999395012856,0.014000000432133675,0.008500000461935997
URY00076,2021-05-20,33.0,142.0,15.7,26.0,7.7,Toma de agua,-34.8297,-55.0421,South America,,678,0.005200000014156103,0.004600000102072954,0.033649999648332596,0.04280000180006027,0.047200001776218414,0.04690000042319298,0.02319999970495701,0.0210999995470047,0.018050000071525574,0.012550000101327896
URY00076,2021-05-21,35.0,143.0,15.1,26.3,7.8,Toma de agua,-34.8297,-55.0421,South America,,678,0.0031999999191612005,0.0038999998942017555,0.030799999833106995,0.040800001472234726,0.0471000000834465,0.04659999907016754,0.01940000057220459,0.01899999938905239,0.014399999752640724,0.013799999840557575
URY00076,2021-05-22,33.0,146.0,13.1,51.4,7.9,Toma de agua,-34.8297,-55.0421,South America,,678,0.0031999999191612005,0.0038999998942017555,0.030799999833106995,0.040800001472234726,0.0471000000834465,0.04659999907016754,0.01940000057220459,0.01899999938905239,0.014399999752640724,0.013799999840557575
URY00076,2021-05-24,35.0,144.0,13.0,50.0,7.9,Toma de agua,-34.8297,-55.0421,South America,,678,0.0031999999191612005,0.004000000189989805,0.030300000682473183,0.042399998754262924,0.050700001418590546,0.04659999907016754,0.0210999995470047,0.01899999938905239,0.016699999570846558,0.013799999840557575
URY00076,2021-05-25,34.0,140.0,13.1,29.8,7.8,Toma de agua,-34.8297,-55.0421,South America,211.0,678,0.0031999999191612005,0.004000000189989805,0.030300000682473183,0.042399998754262924,0.050700001418590546,0.04659999907016754,0.0210999995470047,0.01899999938905239,0.016699999570846558,0.013799999840557575
URY00076,2021-05-26,34.0,140.0,13.1,29.8,7.8,Toma de agua,-34.8297,-55.0421,South America,155.0,678,0.0031999999191612005,0.004000000189989805,0.030300000682473183,0.042399998754262924,0.050700001418590546,0.04659999907016754,0.0210999995470047,0.01899999938905239,0.016699999570846558,0.013799999840557575
URY00076,2021-05-27,36.0,146.0,13.3,31.2,7.9,Toma de agua,-34.8297,-55.0421,South America,161.0,678,0.0031999999191612005,0.004000000189989805,0.030300000682473183,0.042399998754262924,0.050700001418590546,0.04659999907016754,0.0210999995470047,0.01899999938905239,0.016699999570846558,0.013799999840557575
URY00076,2021-05-28,35.0,150.0,14.2,29.5,7.9,Toma de agua,-34.8297,-55.0421,South America,152.0,678,0.0031999999191612005,0.004000000189989805,0.030300000682473183,0.042399998754262924,0.050700001418590546,0.04659999907016754,0.0210999995470047,0.01899999938905239,0.016699999570846558,0.013799999840557575
URY00076,2021-05-31,36.0,141.0,11.8,31.5,7.7,Toma de agua,-34.8297,-55.0421,South America,103.0,678,0.003800000064074993,0.003949999809265137,0.030249999836087227,0.04324999824166298,0.0494999997317791,0.04834999889135361,0.02095000073313713,0.018699999898672104,0.01665000058710575,0.011599999852478504
URY00076,2021-06-01,41.0,153.0,12.7,26.2,7.9,Toma de agua,-34.8297,-55.0421,South America,123.0,678,0.003800000064074993,0.003949999809265137,0.030249999836087227,0.04324999824166298,0.0494999997317791,0.04834999889135361,0.02095000073313713,0.018699999898672104,0.01665000058710575,0.011599999852478504
URY00076,2021-06-02,33.0,153.0,11.0,27.4,7.9,Toma de agua,-34.8297,-55.0421,South America,123.0,678,0.0031999999191612005,0.0038999998942017555,0.03020000085234642,0.042399998754262924,0.04830000177025795,0.04659999907016754,0.020800000056624413,0.018400000408291817,0.016599999740719795,0.009399999864399433
URY00076,2021-06-03,40.0,161.0,11.0,27.0,7.9,Toma de agua,-34.8297,-55.0421,South America,136.0,678,0.0031999999191612005,0.0038999998942017555,0.03020000085234642,0.042399998754262924,0.04830000177025795,0.04659999907016754,0.020800000056624413,0.018400000408291817,0.016599999740719795,0.009399999864399433
URY00076,2021-06-04,40.0,150.0,12.0,27.0,7.8,Toma de agua,-34.8297,-55.0421,South America,128.0,678,0.0034000000450760126,0.0038999998942017555,0.029750000685453415,0.04324999824166298,0.0494999997317791,0.04764999821782112,0.02095000073313713,0.018400000408291817,0.01665000058710575,0.008849999867379665
URY00076,2021-06-07,37.0,171.0,11.0,26.2,7.8,Toma de agua,-34.8297,-55.0421,South America,136.0,678,0.004399999976158142,0.003800000064074993,0.02930000051856041,0.04410000145435333,0.04830000177025795,0.05009999871253967,0.020800000056624413,0.018400000408291817,0.016599999740719795,0.008299999870359898
URY00076,2021-06-08,39.0,146.0,12.4,25.8,7.7,Toma de agua,-34.8297,-55.0421,South America,127.0,678,0.0033499998971819878,0.0027000000700354576,0.02914999984204769,0.04084999859333038,0.04479999840259552,0.04544999822974205,0.01810000091791153,0.01679999940097332,0.013249999843537807,0.008249999955296516
URY00076,2021-06-09,40.0,144.0,12.0,26.4,7.8,Toma de agua,-34.8297,-55.0421,South America,127.0,678,0.0033499998971819878,0.0027000000700354576,0.02914999984204769,0.04084999859333038,0.04479999840259552,0.04544999822974205,0.01810000091791153,0.01679999940097332,0.013249999843537807,0.008249999955296516
URY00076,2021-06-10,40.0,148.0,13.0,25.5,7.6,Toma de agua,-34.8297,-55.0421,South America,132.0,678,0.0033499998971819878,0.0027000000700354576,0.02914999984204769,0.04084999859333038,0.04479999840259552,0.04544999822974205,0.01810000091791153,0.01679999940097332,0.013249999843537807,0.008249999955296516
URY00076,2021-06-11,39.0,139.0,12.7,27.1,7.6,Toma de agua,-34.8297,-55.0421,South America,132.0,678,0.0033499998971819878,0.0027000000700354576,0.02914999984204769,0.04084999859333038,0.04479999840259552,0.04544999822974205,0.01810000091791153,0.01679999940097332,0.013249999843537807,0.008249999955296516
URY00076,2021-06-14,40.0,135.0,13.0,24.1,7.6,Toma de agua,-34.8297,-55.0421,South America,120.0,678,0.002300000051036477,0.0015999999595806003,0.028999999165534973,0.03759999945759773,0.04129999876022339,0.040800001472234726,0.015399999916553497,0.015200000256299973,0.00989999994635582,0.008200000040233135
URY00076,2021-06-15,34.0,135.0,12.0,24.1,7.7,Toma de agua,-34.8297,-55.0421,South America,136.0,678,0.002300000051036477,0.0015999999595806003,0.028999999165534973,0.03759999945759773,0.04129999876022339,0.040800001472234726,0.015399999916553497,0.015200000256299973,0.00989999994635582,0.008200000040233135
URY00076,2021-06-16,37.0,134.0,11.0,24.4,7.5,Toma de agua,-34.8297,-55.0421,South America,140.0,678,0.002300000051036477,0.0015999999595806003,0.028999999165534973,0.03759999945759773,0.04129999876022339,0.040800001472234726,0.015399999916553497,0.015200000256299973,0.00989999994635582,0.008200000040233135
URY00076,2021-06-17,39.0,148.0,11.5,24.8,7.6,Toma de agua,-34.8297,-55.0421,South America,127.0,678,0.002300000051036477,0.0015999999595806003,0.028999999165534973,0.03759999945759773,0.04129999876022339,0.040800001472234726,0.015399999916553497,0.015200000256299973,0.00989999994635582,0.008200000040233135
URY00076,2021-06-18,38.0,135.0,12.1,24.8,7.6,Toma de agua,-34.8297,-55.0421,South America,118.0,678,0.002300000051036477,0.0015999999595806003,0.028999999165534973,0.03759999945759773,0.04129999876022339,0.040800001472234726,0.015399999916553497,0.015200000256299973,0.00989999994635582,0.008200000040233135
URY00076,2021-06-19,38.0,139.0,11.3,24.3,7.6,Toma de agua,-34.8297,-55.0421,South America,140.0,678,0.002300000051036477,0.0015999999595806003,0.028999999165534973,0.03759999945759773,0.04129999876022339,0.040800001472234726,0.015399999916553497,0.015200000256299973,0.00989999994635582,0.008200000040233135
URY00076,2021-06-21,37.0,136.0,10.0,,8.0,Toma de agua,-34.8297,-55.0421,South America,37.0,678,0.002300000051036477,0.0015999999595806003,0.028999999165534973,0.03759999945759773,0.04129999876022339,0.040800001472234726,0.015399999916553497,0.015200000256299973,0.00989999994635582,0.008200000040233135
URY00076,2021-07-03,38.0,127.0,11.0,26.0,7.8,Toma de agua,-34.8297,-55.0421,South America,147.0,678,0.00559999980032444,0.00559999980032444,0.03189999982714653,0.04360000044107437,0.050200000405311584,0.04830000177025795,0.02329999953508377,0.02410000003874302,0.014999999664723873,0.009999999776482582
URY00076,2021-07-05,39.0,129.0,9.0,29.6,7.6,Toma de agua,-34.8297,-55.0421,South America,139.0,678,0.003599999938160181,0.003949999809265137,0.028750000521540642,0.03804999962449074,0.044849999248981476,0.04309999942779541,0.01850000023841858,0.018699999898672104,0.01209999993443489,0.0071000000461936
URY00076,2021-07-06,38.0,124.0,10.0,27.6,7.7,Toma de agua,-34.8297,-55.0421,South America,140.0,678,0.003599999938160181,0.003949999809265137,0.028750000521540642,0.03804999962449074,0.044849999248981476,0.04309999942779541,0.01850000023841858,0.018699999898672104,0.01209999993443489,0.0071000000461936
URY00076,2021-07-07,38.0,123.0,11.0,27.0,7.8,Toma de agua,-34.8297,-55.0421,South America,147.0,678,0.003599999938160181,0.003949999809265137,0.028750000521540642,0.03804999962449074,0.044849999248981476,0.04309999942779541,0.01850000023841858,0.018699999898672104,0.01209999993443489,0.0071000000461936
URY00076,2021-07-08,38.0,120.0,11.0,27.0,7.8,Toma de agua,-34.8297,-55.0421,South America,147.0,678,0.003599999938160181,0.003949999809265137,0.028750000521540642,0.03804999962449074,0.044849999248981476,0.04309999942779541,0.01850000023841858,0.018699999898672104,0.01209999993443489,0.0071000000461936
URY00076,2021-07-09,40.0,132.0,12.0,26.5,7.8,Toma de agua,-34.8297,-55.0421,South America,102.0,678,0.003599999938160181,0.003949999809265137,0.028750000521540642,0.03804999962449074,0.044849999248981476,0.04309999942779541,0.01850000023841858,0.018699999898672104,0.01209999993443489,0.0071000000461936
URY00076,2021-07-12,39.0,129.0,10.0,26.6,7.7,Toma de agua,-34.8297,-55.0421,South America,129.0,678,0.003599999938160181,0.003949999809265137,0.028750000521540642,0.03804999962449074,0.044849999248981476,0.04309999942779541,0.01850000023841858,0.018699999898672104,0.01209999993443489,0.0071000000461936
URY00076,2021-07-13,39.0,139.0,12.5,24.2,7.7,Toma de agua,-34.8297,-55.0421,South America,127.0,678,0.003599999938160181,0.003949999809265137,0.028750000521540642,0.03804999962449074,0.044849999248981476,0.04309999942779541,0.01850000023841858,0.018699999898672104,0.01209999993443489,0.0071000000461936
URY00076,2021-07-14,38.0,136.0,11.0,23.7,7.6,Toma de agua,-34.8297,-55.0421,South America,134.0,678,0.003599999938160181,0.003949999809265137,0.028750000521540642,0.03804999962449074,0.044849999248981476,0.04309999942779541,0.01850000023841858,0.018699999898672104,0.01209999993443489,0.0071000000461936
URY00076,2021-07-15,36.0,134.0,11.7,23.7,7.5,Toma de agua,-34.8297,-55.0421,South America,138.0,678,0.00419999985024333,0.0035000001080334187,0.03189999982714653,0.03920000046491623,0.048500001430511475,0.04830000177025795,0.02329999953508377,0.02410000003874302,0.014999999664723873,0.009999999776482582
URY00076,2021-07-16,35.0,133.0,11.0,23.7,7.6,Toma de agua,-34.8297,-55.0421,South America,147.0,678,0.00419999985024333,0.0035000001080334187,0.03189999982714653,0.03920000046491623,0.048500001430511475,0.04830000177025795,0.02329999953508377,0.02410000003874302,0.014999999664723873,0.009999999776482582
URY00076,2021-07-17,133.0,39.0,11.1,24.3,7.6,Toma de agua,-34.8297,-55.0421,South America,129.0,678,0.002899999963119626,0.002899999963119626,0.028750000521540642,0.03584999963641167,0.04399999976158142,0.044599998742341995,0.020649999380111694,0.020150000229477882,0.015250000171363354,0.009600000455975533
URY00076,2021-07-19,40.0,134.0,10.0,32.1,7.8,Toma de agua,-34.8297,-55.0421,South America,107.0,678,0.00419999985024333,0.0035000001080334187,0.03189999982714653,0.03920000046491623,0.048500001430511475,0.05130000039935112,0.02759999968111515,0.027000000700354576,0.021299999207258224,0.014999999664723873
URY00076,2021-07-20,42.0,133.0,10.0,26.9,7.6,Toma de agua,-34.8297,-55.0421,South America,149.0,678,0.00419999985024333,0.0035000001080334187,0.03189999982714653,0.03920000046491623,0.048500001430511475,0.05130000039935112,0.02759999968111515,0.027000000700354576,0.021299999207258224,0.014999999664723873
URY00076,2021-07-21,40.0,132.0,9.0,34.6,7.7,Toma de agua,-34.8297,-55.0421,South America,132.0,678,0.00419999985024333,0.0035000001080334187,0.03189999982714653,0.03920000046491623,0.048500001430511475,0.05130000039935112,0.02759999968111515,0.027000000700354576,0.021299999207258224,0.014999999664723873
URY00076,2021-07-22,40.0,140.0,12.3,37.9,7.6,Toma de agua,-34.8297,-55.0421,South America,180.0,678,0.00419999985024333,0.0035000001080334187,0.03189999982714653,0.03920000046491623,0.048500001430511475,0.05130000039935112,0.02759999968111515,0.027000000700354576,0.021299999207258224,0.014999999664723873
URY00076,2021-07-23,37.0,88.0,11.0,29.7,7.9,Toma de agua,-34.8297,-55.0421,South America,138.0,678,0.00419999985024333,0.0035000001080334187,0.03189999982714653,0.03920000046491623,0.048500001430511475,0.05130000039935112,0.02759999968111515,0.027000000700354576,0.021299999207258224,0.014999999664723873
URY00076,2021-07-26,42.0,132.0,12.0,28.1,7.8,Toma de agua,-34.8297,-55.0421,South America,138.0,678,0.00279999990016222,0.0017999999690800905,0.029850000515580177,0.03750000149011612,0.04675000160932541,0.04675000160932541,0.023000000044703484,0.021649999544024467,0.017000000923871994,0.011300000362098217
URY00076,2021-07-27,38.0,136.0,11.0,48.5,7.8,Toma de agua,-34.8297,-55.0421,South America,143.0,678,0.00279999990016222,0.0017999999690800905,0.029850000515580177,0.03750000149011612,0.04675000160932541,0.04675000160932541,0.023000000044703484,0.021649999544024467,0.017000000923871994,0.011300000362098217
URY00076,2021-07-28,39.0,137.0,9.0,,7.7,Toma de agua,-34.8297,-55.0421,South America,138.0,678,0.00279999990016222,0.0017999999690800905,0.029850000515580177,0.03750000149011612,0.04675000160932541,0.04675000160932541,0.023000000044703484,0.021649999544024467,0.017000000923871994,0.011300000362098217
URY00076,2021-07-29,39.0,145.0,8.5,33.2,7.7,Toma de agua,-34.8297,-55.0421,South America,140.0,678,0.00139999995008111,9.999999747378752e-05,0.027799999341368675,0.03579999879002571,0.04500000178813934,0.0421999990940094,0.018400000408291817,0.016300000250339508,0.01269999984651804,0.007600000128149986
URY00076,2021-07-30,41.0,145.0,9.0,26.9,7.7,Toma de agua,-34.8297,-55.0421,South America,118.0,678,0.00139999995008111,9.999999747378752e-05,0.027799999341368675,0.03579999879002571,0.04500000178813934,0.0421999990940094,0.018400000408291817,0.016300000250339508,0.01269999984651804,0.007600000128149986
URY00076,2021-07-31,39.0,139.0,10.0,26.2,7.8,Toma de agua,-34.8297,-55.0421,South America,157.0,678,0.00139999995008111,9.999999747378752e-05,0.027799999341368675,0.03579999879002571,0.04500000178813934,0.0421999990940094,0.018400000408291817,0.016300000250339508,0.01269999984651804,0.007600000128149986
URY00076,2021-08-02,42.0,139.0,10.0,26.5,7.7,Toma de agua,-34.8297,-55.0421,South America,103.0,678,0.00139999995008111,9.999999747378752e-05,0.027799999341368675,0.03579999879002571,0.04500000178813934,0.0421999990940094,0.018400000408291817,0.016300000250339508,0.01269999984651804,0.007600000128149986
URY00076,2021-08-03,41.0,139.0,10.0,26.0,7.7,Toma de agua,-34.8297,-55.0421,South America,138.0,678,0.00139999995008111,9.999999747378752e-05,0.027799999341368675,0.03579999879002571,0.04500000178813934,0.0421999990940094,0.018400000408291817,0.016300000250339508,0.01269999984651804,0.007600000128149986
URY00076,2021-08-04,40.0,140.0,9.0,25.4,7.7,Toma de agua,-34.8297,-55.0421,South America,132.0,678,0.00139999995008111,9.999999747378752e-05,0.027799999341368675,0.03579999879002571,0.04500000178813934,0.0421999990940094,0.018400000408291817,0.016300000250339508,0.01269999984651804,0.007600000128149986
URY00076,2021-08-05,42.0,138.0,10.0,24.9,7.7,Toma de agua,-34.8297,-55.0421,South America,129.0,678,0.00139999995008111,9.999999747378752e-05,0.027799999341368675,0.03579999879002571,0.04500000178813934,0.0421999990940094,0.018400000408291817,0.016300000250339508,0.01269999984651804,0.007600000128149986
URY00076,2021-08-06,40.0,139.0,12.5,25.9,7.7,Toma de agua,-34.8297,-55.0421,South America,143.0,678,0.00139999995008111,9.999999747378752e-05,0.027799999341368675,0.03579999879002571,0.04500000178813934,0.0421999990940094,0.018400000408291817,0.016300000250339508,0.01269999984651804,0.007600000128149986
URY00076,2021-08-09,40.0,139.0,11.0,27.5,7.5,Toma de agua,-34.8297,-55.0421,South America,132.0,678,0.0032999999821186066,0.0020000000949949026,0.03849999979138374,0.045099999755620956,0.0494999997317791,0.04479999840259552,0.021299999207258224,0.01850000023841858,0.014100000262260437,0.009600000455975533
URY00076,2021-08-10,40.0,135.0,11.0,25.1,7.6,Toma de agua,-34.8297,-55.0421,South America,143.0,678,0.0032999999821186066,0.0020000000949949026,0.03849999979138374,0.045099999755620956,0.0494999997317791,0.04479999840259552,0.021299999207258224,0.01850000023841858,0.014100000262260437,0.009600000455975533
URY00076,2021-08-11,39.0,145.0,10.0,24.2,7.6,Toma de agua,-34.8297,-55.0421,South America,137.0,678,0.0032999999821186066,0.0020000000949949026,0.03849999979138374,0.045099999755620956,0.0494999997317791,0.04479999840259552,0.021299999207258224,0.01850000023841858,0.014100000262260437,0.009600000455975533
URY00076,2021-08-14,42.0,140.0,10.0,24.4,7.7,Toma de agua,-34.8297,-55.0421,South America,133.0,678,0.0032999999821186066,0.0020000000949949026,0.03849999979138374,0.045099999755620956,0.0494999997317791,0.04479999840259552,0.021299999207258224,0.01850000023841858,0.014100000262260437,0.009600000455975533
URY00076,2021-08-16,44.0,145.0,11.0,23.8,7.6,Toma de agua,-34.8297,-55.0421,South America,123.0,678,0.0032999999821186066,0.0020000000949949026,0.03849999979138374,0.045099999755620956,0.0494999997317791,0.04479999840259552,0.021299999207258224,0.01850000023841858,0.014100000262260437,0.009600000455975533
URY00076,2021-08-17,40.0,141.0,12.0,23.1,7.5,Toma de agua,-34.8297,-55.0421,South America,123.0,678,0.0032999999821186066,0.0020000000949949026,0.03849999979138374,0.045099999755620956,0.0494999997317791,0.04479999840259552,0.021299999207258224,0.01850000023841858,0.014100000262260437,0.009600000455975533
URY00076,2021-08-18,39.0,142.0,12.0,22.5,7.5,Toma de agua,-34.8297,-55.0421,South America,152.0,678,0.0032999999821186066,0.0020000000949949026,0.03849999979138374,0.045099999755620956,0.0494999997317791,0.04479999840259552,0.021299999207258224,0.01850000023841858,0.014100000262260437,0.009600000455975533
URY00076,2021-08-19,42.0,140.0,12.0,22.5,7.4,Toma de agua,-34.8297,-55.0421,South America,125.0,678,0.0032999999821186066,0.0020000000949949026,0.03849999979138374,0.045099999755620956,0.0494999997317791,0.04479999840259552,0.021299999207258224,0.01850000023841858,0.014100000262260437,0.009600000455975533
URY00076,2021-08-20,40.0,140.0,12.0,22.4,7.6,Toma de agua,-34.8297,-55.0421,South America,125.0,678,0.0032999999821186066,0.0020000000949949026,0.03849999979138374,0.045099999755620956,0.0494999997317791,0.04479999840259552,0.021299999207258224,0.01850000023841858,0.014100000262260437,0.009600000455975533
URY00076,2021-08-30,42.0,141.0,12.0,20.1,7.7,Toma de agua,-34.8297,-55.0421,South America,116.0,678,0.020999999716877937,0.01899999938905239,0.06539999693632126,0.06970000267028809,0.06909999996423721,0.06080000102519989,0.037700001150369644,0.03460000082850456,0.04899999871850014,0.02630000002682209
URY00076,2021-09-01,42.0,144.0,16.0,19.7,7.6,Toma de agua,-34.8297,-55.0421,South America,127.0,678,0.020999999716877937,0.01899999938905239,0.06539999693632126,0.06970000267028809,0.06909999996423721,0.06080000102519989,0.037700001150369644,0.03460000082850456,0.04899999871850014,0.02630000002682209
URY00076,2021-09-02,26.0,140.0,15.0,19.7,7.6,Toma de agua,-34.8297,-55.0421,South America,107.0,678,0.020999999716877937,0.01899999938905239,0.06539999693632126,0.06970000267028809,0.06909999996423721,0.06080000102519989,0.037700001150369644,0.03460000082850456,0.04899999871850014,0.02630000002682209
URY00076,2021-09-03,39.0,143.0,14.0,19.3,7.4,Toma de agua,-34.8297,-55.0421,South America,114.0,678,0.020999999716877937,0.01899999938905239,0.06539999693632126,0.06970000267028809,0.06909999996423721,0.06080000102519989,0.037700001150369644,0.03460000082850456,0.04899999871850014,0.02630000002682209
URY00076,2021-09-06,46.0,142.0,13.5,19.0,7.6,Toma de agua,-34.8297,-55.0421,South America,109.0,678,0.020999999716877937,0.01899999938905239,0.06539999693632126,0.06970000267028809,0.06909999996423721,0.06080000102519989,0.037700001150369644,0.03460000082850456,0.04899999871850014,0.02630000002682209
URY00076,2021-09-07,43.0,138.0,14.0,19.1,7.6,Toma de agua,-34.8297,-55.0421,South America,92.0,678,0.020999999716877937,0.01899999938905239,0.06539999693632126,0.06970000267028809,0.06909999996423721,0.06080000102519989,0.037700001150369644,0.03460000082850456,0.04899999871850014,0.02630000002682209
URY00076,2021-09-08,44.0,141.0,17.0,31.6,7.7,Toma de agua,-34.8297,-55.0421,South America,127.0,678,0.020999999716877937,0.01899999938905239,0.06539999693632126,0.06970000267028809,0.06909999996423721,0.06080000102519989,0.037700001150369644,0.03460000082850456,0.04899999871850014,0.02630000002682209
URY00076,2021-09-09,46.0,142.0,14.0,33.5,7.4,Toma de agua,-34.8297,-55.0421,South America,105.0,678,0.020999999716877937,0.01899999938905239,0.06539999693632126,0.06970000267028809,0.06909999996423721,0.06080000102519989,0.037700001150369644,0.03460000082850456,0.04899999871850014,0.02630000002682209
URY00076,2021-09-10,42.0,146.0,14.0,39.3,7.5,Toma de agua,-34.8297,-55.0421,South America,120.0,678,0.020999999716877937,0.01899999938905239,0.06539999693632126,0.06970000267028809,0.06909999996423721,0.06080000102519989,0.037700001150369644,0.03460000082850456,0.04899999871850014,0.02630000002682209
URY00076,2021-09-13,46.0,141.0,14.5,22.3,7.6,Toma de agua,-34.8297,-55.0421,South America,109.0,678,0.005100000184029341,0.00419999985024333,0.030700000002980232,0.04259999841451645,0.04610000178217888,0.04280000180006027,0.020999999716877937,0.019700000062584877,0.015300000086426735,0.012799999676644802
URY00076,2021-09-14,48.0,144.0,14.5,21.8,7.7,Toma de agua,-34.8297,-55.0421,South America,140.0,678,0.005100000184029341,0.00419999985024333,0.030700000002980232,0.04259999841451645,0.04610000178217888,0.04280000180006027,0.020999999716877937,0.019700000062584877,0.015300000086426735,0.012799999676644802
URY00076,2021-09-15,48.0,145.0,13.0,20.9,7.6,Toma de agua,-34.8297,-55.0421,South America,105.0,678,0.005100000184029341,0.00419999985024333,0.030700000002980232,0.04259999841451645,0.04610000178217888,0.04280000180006027,0.020999999716877937,0.019700000062584877,0.015300000086426735,0.012799999676644802
URY00076,2021-09-16,45.0,139.0,13.0,19.3,7.7,Toma de agua,-34.8297,-55.0421,South America,114.0,678,0.005100000184029341,0.00419999985024333,0.030700000002980232,0.04259999841451645,0.04610000178217888,0.04280000180006027,0.020999999716877937,0.019700000062584877,0.015300000086426735,0.012799999676644802
URY00076,2021-09-17,45.0,142.0,14.0,18.9,7.8,Toma de agua,-34.8297,-55.0421,South America,96.0,678,0.005100000184029341,0.00419999985024333,0.030700000002980232,0.04259999841451645,0.04610000178217888,0.04280000180006027,0.020999999716877937,0.019700000062584877,0.015300000086426735,0.012799999676644802
URY00076,2021-09-20,48.0,144.0,16.0,18.8,7.9,Toma de agua,-34.8297,-55.0421,South America,72.0,678,0.005100000184029341,0.00419999985024333,0.030700000002980232,0.04259999841451645,0.04610000178217888,0.04280000180006027,0.020999999716877937,0.019700000062584877,0.015300000086426735,0.012799999676644802
URY00076,2021-09-21,46.0,146.0,14.0,19.8,7.8,Toma de agua,-34.8297,-55.0421,South America,116.0,678,0.005100000184029341,0.00419999985024333,0.030700000002980232,0.04259999841451645,0.04610000178217888,0.04280000180006027,0.020999999716877937,0.019700000062584877,0.015300000086426735,0.012799999676644802
URY00076,2021-09-22,47.0,147.0,14.0,20.6,7.7,Toma de agua,-34.8297,-55.0421,South America,127.0,678,0.005100000184029341,0.00419999985024333,0.030700000002980232,0.04259999841451645,0.04610000178217888,0.04280000180006027,0.020999999716877937,0.019700000062584877,0.015300000086426735,0.012799999676644802
URY00076,2021-09-23,47.0,149.0,14.0,22.2,7.8,Toma de agua,-34.8297,-55.0421,South America,127.0,678,0.008899999782443047,0.007300000172108412,0.033250000327825546,0.035349998623132706,0.03635000064969063,0.03370000049471855,0.018850000575184822,0.01915000006556511,0.015549999661743641,0.012450000271201134
URY00076,2021-09-24,45.0,144.0,15.3,20.3,7.8,Toma de agua,-34.8297,-55.0421,South America,156.0,678,0.008899999782443047,0.007300000172108412,0.033250000327825546,0.035349998623132706,0.03635000064969063,0.03370000049471855,0.018850000575184822,0.01915000006556511,0.015549999661743641,0.012450000271201134
URY00076,2021-09-25,43.0,151.0,14.8,20.1,7.8,Toma de agua,-34.8297,-55.0421,South America,128.0,678,0.01269999984651804,0.010400000028312206,0.03579999879002571,0.02810000069439411,0.026599999517202377,0.02459999918937683,0.016699999570846558,0.01860000006854534,0.015799999237060547,0.01209999993443489
URY00076,2021-09-27,45.0,145.0,15.0,19.3,7.7,Toma de agua,-34.8297,-55.0421,South America,112.0,678,0.011099999770522118,0.008949999697506428,0.03884999826550484,0.03894999995827675,0.03920000046491623,0.03530000150203705,0.020349999889731407,0.022050000727176666,0.01940000057220459,0.014550000429153442
URY00076,2021-09-28,47.0,145.0,15.0,18.9,7.7,Toma de agua,-34.8297,-55.0421,South America,127.0,678,0.009700000286102295,0.007499999832361937,0.039000000804662704,0.048900000751018524,0.05180000141263008,0.04600000008940697,0.024000000208616257,0.023800000548362732,0.023000000044703484,0.017000000923871994
URY00076,2021-09-29,44.0,141.0,15.0,18.1,7.7,Toma de agua,-34.8297,-55.0421,South America,132.0,678,0.009700000286102295,0.007499999832361937,0.039000000804662704,0.048900000751018524,0.05180000141263008,0.04600000008940697,0.024000000208616257,0.023800000548362732,0.023000000044703484,0.017000000923871994
URY00076,2021-10-01,47.0,145.0,15.1,22.7,7.4,Toma de agua,-34.8297,-55.0421,South America,140.0,678,0.009700000286102295,0.007499999832361937,0.039000000804662704,0.048900000751018524,0.05180000141263008,0.04600000008940697,0.024000000208616257,0.023800000548362732,0.023000000044703484,0.017000000923871994
URY00076,2021-10-04,49.0,146.0,15.0,22.7,7.7,Toma de agua,-34.8297,-55.0421,South America,138.0,678,0.009700000286102295,0.007499999832361937,0.039000000804662704,0.048900000751018524,0.05180000141263008,0.04600000008940697,0.024000000208616257,0.023800000548362732,0.023000000044703484,0.017000000923871994
URY00076,2021-10-05,45.0,145.0,15.0,19.1,7.8,Toma de agua,-34.8297,-55.0421,South America,112.0,678,0.009700000286102295,0.007499999832361937,0.039000000804662704,0.048900000751018524,0.05180000141263008,0.04600000008940697,0.024000000208616257,0.023800000548362732,0.023000000044703484,0.017000000923871994
URY00076,2021-10-06,46.0,147.0,15.0,18.3,7.7,Toma de agua,-34.8297,-55.0421,South America,101.0,678,0.009700000286102295,0.007499999832361937,0.039000000804662704,0.048900000751018524,0.05180000141263008,0.04600000008940697,0.024000000208616257,0.023800000548362732,0.023000000044703484,0.017000000923871994
URY00076,2021-10-07,48.0,144.0,14.0,19.3,7.8,Toma de agua,-34.8297,-55.0421,South America,112.0,678,0.009600000455975533,0.007449999917298555,0.040449999272823334,0.04935000091791153,0.05180000141263008,0.047200001776218414,0.024650000035762787,0.024650000035762787,0.0239499993622303,0.017349999397993088
URY00076,2021-10-08,47.0,148.0,14.0,19.0,7.6,Toma de agua,-34.8297,-55.0421,South America,102.0,678,0.009600000455975533,0.007449999917298555,0.040449999272823334,0.04935000091791153,0.05180000141263008,0.047200001776218414,0.024650000035762787,0.024650000035762787,0.0239499993622303,0.017349999397993088
URY00076,2021-10-12,49.0,146.0,15.0,18.5,7.9,Toma de agua,-34.8297,-55.0421,South America,154.0,678,0.009600000455975533,0.006800000090152025,0.0414000004529953,0.052299998700618744,0.0544000007212162,0.04780000075697899,0.026200000196695328,0.026399999856948853,0.023600000888109207,0.015799999237060547
URY00076,2021-10-13,50.0,147.0,16.0,17.8,7.8,Toma de agua,-34.8297,-55.0421,South America,118.0,678,0.007550000213086605,0.006099999882280827,0.033900000154972076,0.03884999826550484,0.039900001138448715,0.03610000014305115,0.017650000751018524,0.018549999222159386,0.01590000092983246,0.010599999688565731
URY00076,2021-10-14,48.0,148.0,17.0,17.5,7.6,Toma de agua,-34.8297,-55.0421,South America,103.0,678,0.007550000213086605,0.006099999882280827,0.033900000154972076,0.03884999826550484,0.039900001138448715,0.03610000014305115,0.017650000751018524,0.018549999222159386,0.01590000092983246,0.010599999688565731
URY00076,2021-10-15,52.0,150.0,16.0,21.4,7.7,Toma de agua,-34.8297,-55.0421,South America,120.0,678,0.007550000213086605,0.006099999882280827,0.033900000154972076,0.03884999826550484,0.039900001138448715,0.03610000014305115,0.017650000751018524,0.018549999222159386,0.01590000092983246,0.010599999688565731
URY00076,2021-10-18,51.0,147.0,15.0,18.2,7.7,Toma de agua,-34.8297,-55.0421,South America,109.0,678,0.009600000455975533,0.006800000090152025,0.03970000147819519,0.05090000107884407,0.052799999713897705,0.04780000075697899,0.025299999862909317,0.024800000712275505,0.023600000888109207,0.015799999237060547
URY00076,2021-10-19,49.0,148.0,15.0,17.1,7.8,Toma de agua,-34.8297,-55.0421,South America,109.0,678,0.009600000455975533,0.006800000090152025,0.03970000147819519,0.05090000107884407,0.052799999713897705,0.04780000075697899,0.025299999862909317,0.024800000712275505,0.023600000888109207,0.015799999237060547
URY00076,2021-10-20,50.0,150.0,16.0,17.7,7.6,Toma de agua,-34.8297,-55.0421,South America,129.0,678,0.009600000455975533,0.006800000090152025,0.03970000147819519,0.05090000107884407,0.052799999713897705,0.04780000075697899,0.025299999862909317,0.024800000712275505,0.023600000888109207,0.015799999237060547
URY00076,2021-10-21,48.0,147.0,16.0,17.7,7.9,Toma de agua,-34.8297,-55.0421,South America,18.0,678,0.010599999688565731,0.008050000295042992,0.040550000965595245,0.051600001752376556,0.053599998354911804,0.04814999923110008,0.025750000029802322,0.025599999353289604,0.024700000882148743,0.016950000077486038
URY00076,2021-10-22,49.0,145.0,18.1,17.9,7.8,Toma de agua,-34.8297,-55.0421,South America,96.0,678,0.010599999688565731,0.008050000295042992,0.040550000965595245,0.051600001752376556,0.053599998354911804,0.04814999923110008,0.025750000029802322,0.025599999353289604,0.024700000882148743,0.016950000077486038
URY00076,2021-10-25,51.0,150.0,19.0,22.8,7.8,Toma de agua,-34.8297,-55.0421,South America,105.0,678,0.010499999858438969,0.007499999832361937,0.0430000014603138,0.0507499985396862,0.051350001245737076,0.04715000092983246,0.02419999986886978,0.023499999195337296,0.024250000715255737,0.015599999576807022
URY00076,2021-10-26,47.0,150.0,18.0,22.6,7.5,Toma de agua,-34.8297,-55.0421,South America,107.0,678,0.010499999858438969,0.007499999832361937,0.0430000014603138,0.0507499985396862,0.051350001245737076,0.04715000092983246,0.02419999986886978,0.023499999195337296,0.024250000715255737,0.015599999576807022
URY00076,2021-10-27,49.0,149.0,19.0,18.3,7.7,Toma de agua,-34.8297,-55.0421,South America,120.0,678,0.011599999852478504,0.00930000003427267,0.046300001442432404,0.05090000107884407,0.052799999713897705,0.048500001430511475,0.025299999862909317,0.024800000712275505,0.025800000876188278,0.01810000091791153
URY00076,2021-10-28,47.0,160.0,20.0,17.1,7.9,Toma de agua,-34.8297,-55.0421,South America,114.0,678,0.011599999852478504,0.00930000003427267,0.046300001442432404,0.05090000107884407,0.052799999713897705,0.048500001430511475,0.025299999862909317,0.024800000712275505,0.025800000876188278,0.01810000091791153
URY00076,2021-10-29,47.0,156.0,19.0,17.5,7.8,Toma de agua,-34.8297,-55.0421,South America,123.0,678,0.011599999852478504,0.00930000003427267,0.046300001442432404,0.05090000107884407,0.052799999713897705,0.048500001430511475,0.025299999862909317,0.024800000712275505,0.025800000876188278,0.01810000091791153
URY00076,2021-11-01,50.0,153.0,21.0,16.9,7.8,Toma de agua,-34.8297,-55.0421,South America,105.0,678,0.018650000914931297,0.013899999670684338,0.05364999920129776,0.06040000170469284,0.06030000001192093,0.05824999883770943,0.03474999964237213,0.03384999930858612,0.03344999998807907,0.025450000539422035
URY00076,2021-11-03,52.0,148.0,20.0,16.1,7.9,Toma de agua,-34.8297,-55.0421,South America,81.0,678,0.009700000286102295,0.0066999997943639755,0.04800000041723251,0.05420000106096268,0.05380000174045563,0.048700001090765,0.025200000032782555,0.025599999353289604,0.022700000554323196,0.016100000590085983
URY00076,2021-11-04,52.0,148.0,20.0,16.3,8.0,Toma de agua,-34.8297,-55.0421,South America,87.0,678,0.009549999609589577,0.006200000178068876,0.04715000092983246,0.052400000393390656,0.05184999853372574,0.04724999889731407,0.024150000885128975,0.023900000378489494,0.021649999544024467,0.014600000344216824
URY00076,2021-11-05,51.0,152.0,20.0,20.2,7.9,Toma de agua,-34.8297,-55.0421,South America,96.0,678,0.009549999609589577,0.006200000178068876,0.04715000092983246,0.052400000393390656,0.05184999853372574,0.04724999889731407,0.024150000885128975,0.023900000378489494,0.021649999544024467,0.014600000344216824
URY00076,2021-11-08,53.0,150.0,18.0,16.6,7.7,Toma de agua,-34.8297,-55.0421,South America,89.0,678,0.018449999392032623,0.014399999752640724,0.052549999207258224,0.062449999153614044,0.060750000178813934,0.056449998170137405,0.030750000849366188,0.030649999156594276,0.03180000185966492,0.022749999538064003
URY00076,2021-11-09,49.0,154.0,19.0,16.4,7.9,Toma de agua,-34.8297,-55.0421,South America,103.0,678,0.018449999392032623,0.014399999752640724,0.052549999207258224,0.062449999153614044,0.060750000178813934,0.056449998170137405,0.030750000849366188,0.030649999156594276,0.03180000185966492,0.022749999538064003
URY00076,2021-11-10,51.0,152.0,18.0,16.2,7.9,Toma de agua,-34.8297,-55.0421,South America,96.0,678,0.018449999392032623,0.014399999752640724,0.052549999207258224,0.062449999153614044,0.060750000178813934,0.056449998170137405,0.030750000849366188,0.030649999156594276,0.03180000185966492,0.022749999538064003
URY00076,2021-11-11,49.0,157.0,18.0,15.8,7.6,Toma de agua,-34.8297,-55.0421,South America,94.0,678,0.018449999392032623,0.014399999752640724,0.052549999207258224,0.062449999153614044,0.060750000178813934,0.056449998170137405,0.030750000849366188,0.030649999156594276,0.03180000185966492,0.022749999538064003
URY00076,2021-11-12,50.0,154.0,19.0,16.4,7.8,Toma de agua,-34.8297,-55.0421,South America,94.0,678,0.009700000286102295,0.0066999997943639755,0.04800000041723251,0.05420000106096268,0.05380000174045563,0.048700001090765,0.025200000032782555,0.025599999353289604,0.020600000396370888,0.016100000590085983
URY00076,2021-11-15,53.0,154.0,19.0,16.3,7.9,Toma de agua,-34.8297,-55.0421,South America,98.0,678,0.009700000286102295,0.0066999997943639755,0.04800000041723251,0.05420000106096268,0.05380000174045563,0.048700001090765,0.025200000032782555,0.025599999353289604,0.020600000396370888,0.016100000590085983
URY00076,2021-11-16,53.0,152.0,20.0,17.3,7.6,Toma de agua,-34.8297,-55.0421,South America,81.0,678,0.015049999579787254,0.012000000104308128,0.04910000041127205,0.05835000053048134,0.05745000019669533,0.05180000141263008,0.026100000366568565,0.0251499991863966,0.02889999933540821,0.0182499997317791
URY00076,2021-11-17,52.0,154.0,18.0,18.7,7.9,Toma de agua,-34.8297,-55.0421,South America,109.0,678,0.017799999564886093,0.01489999983459711,0.050599999725818634,0.061900001019239426,0.06369999796152115,0.05790000036358833,0.03500000014901161,0.03229999914765358,0.03530000150203705,0.026200000196695328
URY00076,2021-11-18,48.0,159.0,19.4,16.7,8.0,Toma de agua,-34.8297,-55.0421,South America,100.0,678,0.017799999564886093,0.01489999983459711,0.050599999725818634,0.061900001019239426,0.06369999796152115,0.05790000036358833,0.03500000014901161,0.03229999914765358,0.03530000150203705,0.026200000196695328
URY00076,2021-11-19,48.0,160.0,19.4,17.6,8.0,Toma de agua,-34.8297,-55.0421,South America,87.0,678,0.017799999564886093,0.01489999983459711,0.050599999725818634,0.061900001019239426,0.06369999796152115,0.05790000036358833,0.03500000014901161,0.03229999914765358,0.03530000150203705,0.026200000196695328
URY00076,2021-11-22,48.0,172.0,19.2,16.8,8.0,Toma de agua,-34.8297,-55.0421,South America,102.0,678,0.010350000113248825,0.00839999970048666,0.0458500012755394,0.053950000554323196,0.05544999986886978,0.048650000244379044,0.025450000539422035,0.02345000021159649,0.025049999356269836,0.01665000058710575
URY00076,2021-11-23,49.0,159.0,20.7,19.2,7.9,Toma de agua,-34.8297,-55.0421,South America,117.0,678,0.010350000113248825,0.00839999970048666,0.0458500012755394,0.053950000554323196,0.05544999986886978,0.048650000244379044,0.025450000539422035,0.02345000021159649,0.025049999356269836,0.01665000058710575
URY00076,2021-11-24,49.0,161.0,20.5,16.0,7.9,Toma de agua,-34.8297,-55.0421,South America,109.0,678,0.010350000113248825,0.00839999970048666,0.0458500012755394,0.053950000554323196,0.05544999986886978,0.048650000244379044,0.025450000539422035,0.02345000021159649,0.025049999356269836,0.01665000058710575
URY00076,2021-11-25,48.0,168.0,22.7,16.7,7.8,Toma de agua,-34.8297,-55.0421,South America,115.0,678,0.010350000113248825,0.00839999970048666,0.0458500012755394,0.053950000554323196,0.05544999986886978,0.048650000244379044,0.025450000539422035,0.02345000021159649,0.025049999356269836,0.01665000058710575
URY00076,2021-11-26,49.0,170.0,22.0,16.8,7.9,Toma de agua,-34.8297,-55.0421,South America,89.0,678,0.017799999564886093,0.01489999983459711,0.050599999725818634,0.061900001019239426,0.06369999796152115,0.05790000036358833,0.03500000014901161,0.03229999914765358,0.03530000150203705,0.026200000196695328
URY00076,2021-11-29,49.0,177.0,19.3,23.1,7.7,Toma de agua,-34.8297,-55.0421,South America,102.0,678,0.017799999564886093,0.01489999983459711,0.050599999725818634,0.061900001019239426,0.06369999796152115,0.05790000036358833,0.03500000014901161,0.03229999914765358,0.03530000150203705,0.026200000196695328
URY00076,2021-11-30,48.0,166.0,17.0,17.9,7.7,Toma de agua,-34.8297,-55.0421,South America,107.0,678,0.017799999564886093,0.01489999983459711,0.050599999725818634,0.061900001019239426,0.06369999796152115,0.05790000036358833,0.03500000014901161,0.03229999914765358,0.03530000150203705,0.026200000196695328
URY00076,2021-12-02,48.0,163.0,17.1,19.2,7.8,Toma de agua,-34.8297,-55.0421,South America,136.0,678,0.01510000042617321,0.01360000018030405,0.055799998342990875,0.06400000303983688,0.06040000170469284,0.053300000727176666,0.02800000086426735,0.025499999523162842,0.0284000001847744,0.017999999225139618
URY00076,2021-12-03,50.0,162.0,20.6,18.1,8.0,Toma de agua,-34.8297,-55.0421,South America,96.0,678,0.01510000042617321,0.01360000018030405,0.055799998342990875,0.06400000303983688,0.06040000170469284,0.053300000727176666,0.02800000086426735,0.025499999523162842,0.0284000001847744,0.017999999225139618
URY00076,2021-12-06,54.0,160.0,20.0,16.9,7.7,Toma de agua,-34.8297,-55.0421,South America,107.0,678,0.01510000042617321,0.01360000018030405,0.055799998342990875,0.06400000303983688,0.06040000170469284,0.053300000727176666,0.02800000086426735,0.025499999523162842,0.0284000001847744,0.017999999225139618
URY00076,2021-12-07,50.0,158.0,20.0,17.8,7.4,Toma de agua,-34.8297,-55.0421,South America,105.0,678,0.01510000042617321,0.01360000018030405,0.055799998342990875,0.06400000303983688,0.06040000170469284,0.053300000727176666,0.02800000086426735,0.025499999523162842,0.0284000001847744,0.017999999225139618
URY00076,2021-12-08,53.0,162.0,21.3,16.8,7.4,Toma de agua,-34.8297,-55.0421,South America,94.0,678,0.01510000042617321,0.01360000018030405,0.055799998342990875,0.06400000303983688,0.06040000170469284,0.053300000727176666,0.02800000086426735,0.025499999523162842,0.0284000001847744,0.017999999225139618
URY00076,2021-12-09,52.0,152.0,20.0,15.6,8.0,Toma de agua,-34.8297,-55.0421,South America,107.0,678,0.01510000042617321,0.01360000018030405,0.055799998342990875,0.06400000303983688,0.06040000170469284,0.053300000727176666,0.02800000086426735,0.025499999523162842,0.0284000001847744,0.017999999225139618
URY00076,2021-12-10,50.0,163.0,21.6,15.5,7.5,Toma de agua,-34.8297,-55.0421,South America,101.0,678,0.01510000042617321,0.01360000018030405,0.055799998342990875,0.06400000303983688,0.06040000170469284,0.053300000727176666,0.02800000086426735,0.025499999523162842,0.0284000001847744,0.017999999225139618
URY00076,2021-12-13,54.0,159.0,23.0,14.8,7.8,Toma de agua,-34.8297,-55.0421,South America,89.0,678,0.012299999594688416,0.010099999606609344,0.05139999836683273,0.059700001031160355,0.05544999986886978,0.04935000091791153,0.023399999365210533,0.022549999877810478,0.023350000381469727,0.014349999837577343
URY00076,2021-12-14,54.0,157.0,22.0,15.0,7.9,Toma de agua,-34.8297,-55.0421,South America,101.0,678,0.012299999594688416,0.010099999606609344,0.05139999836683273,0.059700001031160355,0.05544999986886978,0.04935000091791153,0.023399999365210533,0.022549999877810478,0.023350000381469727,0.014349999837577343
URY00076,2021-12-15,52.0,158.0,22.0,15.9,8.0,Toma de agua,-34.8297,-55.0421,South America,92.0,678,0.012299999594688416,0.010099999606609344,0.05139999836683273,0.059700001031160355,0.05544999986886978,0.04935000091791153,0.023399999365210533,0.022549999877810478,0.023350000381469727,0.014349999837577343
URY00076,2021-12-16,49.0,166.0,22.0,15.0,7.7,Toma de agua,-34.8297,-55.0421,South America,94.0,678,0.009499999694526196,0.006599999964237213,0.04699999839067459,0.055399999022483826,0.05050000175833702,0.04540000110864639,0.018799999728798866,0.019600000232458115,0.018300000578165054,0.010700000450015068
URY00076,2021-12-17,48.0,154.0,21.0,14.3,7.9,Toma de agua,-34.8297,-55.0421,South America,81.0,678,0.009050000458955765,0.0071000000461936,0.05014999955892563,0.06069999933242798,0.054499998688697815,0.04684999957680702,0.019600000232458115,0.019999999552965164,0.01875000074505806,0.011649999767541885
URY00076,2021-12-20,58.0,162.0,23.0,14.7,7.75,Toma de agua,-34.8297,-55.0421,South America,83.0,678,0.009499999694526196,0.007600000128149986,0.053300000727176666,0.06599999964237213,0.05849999934434891,0.04830000177025795,0.020400000736117363,0.020400000736117363,0.019200000911951065,0.012600000016391277
URY00076,2021-12-21,52.0,161.0,23.0,14.6,7.9,Toma de agua,-34.8297,-55.0421,South America,85.0,678,0.009499999694526196,0.007600000128149986,0.053300000727176666,0.06599999964237213,0.05849999934434891,0.04830000177025795,0.020400000736117363,0.020400000736117363,0.019200000911951065,0.012600000016391277
URY00076,2021-12-22,52.0,173.0,22.0,14.8,8.0,Toma de agua,-34.8297,-55.0421,South America,87.0,678,0.009050000458955765,0.0071000000461936,0.05014999955892563,0.06069999933242798,0.054499998688697815,0.04684999957680702,0.019600000232458115,0.019999999552965164,0.01875000074505806,0.011649999767541885
URY00076,2021-12-23,53.0,161.0,23.0,15.1,7.9,Toma de agua,-34.8297,-55.0421,South America,96.0,678,0.009050000458955765,0.0071000000461936,0.05014999955892563,0.06069999933242798,0.054499998688697815,0.04684999957680702,0.019600000232458115,0.019999999552965164,0.01875000074505806,0.011649999767541885
URY00076,2021-12-27,54.0,162.0,24.0,14.7,7.89,Toma de agua,-34.8297,-55.0421,South America,92.0,678,0.00860000029206276,0.007600000128149986,0.053300000727176666,0.06599999964237213,0.05849999934434891,0.04830000177025795,0.020400000736117363,0.020400000736117363,0.019200000911951065,0.012600000016391277
URY00076,2021-12-28,56.0,162.0,23.0,15.1,7.8,Toma de agua,-34.8297,-55.0421,South America,94.0,678,0.00860000029206276,0.007600000128149986,0.053300000727176666,0.06599999964237213,0.05849999934434891,0.04830000177025795,0.020400000736117363,0.020400000736117363,0.019200000911951065,0.012600000016391277
URY00076,2021-12-29,56.0,161.0,23.0,16.0,7.9,Toma de agua,-34.8297,-55.0421,South America,89.0,678,0.00860000029206276,0.007600000128149986,0.053300000727176666,0.06599999964237213,0.05849999934434891,0.04830000177025795,0.020400000736117363,0.020400000736117363,0.019200000911951065,0.012600000016391277
URY00076,2021-12-30,56.0,163.0,25.0,15.3,8.5,Toma de agua,-34.8297,-55.0421,South America,89.0,678,0.02930000051856041,0.02449999935925007,0.07559999823570251,0.08569999784231186,0.07859999686479568,0.0714000016450882,0.043699998408555984,0.042249999940395355,0.04479999840259552,0.035599999129772186
URY00076,2022-02-08,48.0,149.0,22.5,10.5,7.5,Toma de agua,-34.8297,-55.0421,South America,92.0,678,0.007699999958276749,0.005100000184029341,0.03999999910593033,0.04360000044107437,0.04479999840259552,0.03739999979734421,0.01730000041425228,0.01640000008046627,0.01510000042617321,0.011699999682605267
URY00076,2022-02-09,50.0,156.0,21.0,9.9,7.6,Toma de agua,-34.8297,-55.0421,South America,74.0,678,0.017100000753998756,0.014449999667704105,0.04515000060200691,0.05290000140666962,0.05195000022649765,0.04565000161528587,0.025949999690055847,0.025450000539422035,0.02474999986588955,0.021549999713897705
URY00076,2022-02-10,49.0,144.0,23.0,8.6,7.7,Toma de agua,-34.8297,-55.0421,South America,78.0,678,0.007699999958276749,0.005100000184029341,0.03999999910593033,0.04360000044107437,0.04479999840259552,0.03739999979734421,0.01730000041425228,0.01640000008046627,0.01510000042617321,0.011699999682605267
URY00076,2022-02-11,55.0,139.0,23.7,9.2,7.5,Toma de agua,-34.8297,-55.0421,South America,139.0,678,0.007699999958276749,0.005100000184029341,0.03999999910593033,0.04360000044107437,0.04479999840259552,0.03739999979734421,0.01730000041425228,0.01640000008046627,0.01510000042617321,0.011699999682605267
URY00076,2022-02-14,51.0,138.0,21.0,18.6,7.5,Toma de agua,-34.8297,-55.0421,South America,82.0,678,0.017100000753998756,0.014449999667704105,0.04515000060200691,0.05290000140666962,0.05195000022649765,0.04565000161528587,0.025949999690055847,0.025450000539422035,0.02474999986588955,0.021549999713897705
URY00076,2022-02-15,58.0,160.0,22.5,9.0,7.8,Toma de agua,-34.8297,-55.0421,South America,81.0,678,0.017100000753998756,0.014449999667704105,0.04515000060200691,0.05290000140666962,0.05195000022649765,0.04565000161528587,0.025949999690055847,0.025450000539422035,0.02474999986588955,0.021549999713897705
URY00076,2022-02-16,48.0,153.0,22.7,8.8,7.5,Toma de agua,-34.8297,-55.0421,South America,68.0,678,0.017100000753998756,0.014449999667704105,0.04515000060200691,0.05290000140666962,0.05195000022649765,0.04565000161528587,0.025949999690055847,0.025450000539422035,0.02474999986588955,0.021549999713897705
URY00076,2022-02-17,47.0,152.0,23.0,11.0,7.8,Toma de agua,-34.8297,-55.0421,South America,83.0,678,0.026499999687075615,0.023800000548362732,0.0502999983727932,0.062199998646974564,0.05909999832510948,0.05389999970793724,0.03460000082850456,0.03449999913573265,0.03440000116825104,0.03139999881386757
URY00076,2022-02-18,48.0,146.0,22.0,9.2,7.6,Toma de agua,-34.8297,-55.0421,South America,83.0,678,0.026499999687075615,0.023800000548362732,0.0502999983727932,0.062199998646974564,0.05909999832510948,0.05389999970793724,0.03460000082850456,0.03449999913573265,0.03440000116825104,0.03139999881386757
URY00076,2022-02-21,49.0,149.0,23.4,9.1,7.7,Toma de agua,-34.8297,-55.0421,South America,76.0,678,0.026499999687075615,0.023800000548362732,0.0502999983727932,0.062199998646974564,0.05909999832510948,0.05389999970793724,0.03460000082850456,0.03449999913573265,0.03440000116825104,0.03139999881386757
URY00076,2022-02-22,48.0,148.0,22.0,8.7,7.8,Toma de agua,-34.8297,-55.0421,South America,78.0,678,0.13189999759197235,0.14034999907016754,0.13989999890327454,0.14419999718666077,0.1501999944448471,0.1468999981880188,0.13930000364780426,0.1468999981880188,0.15219999849796295,0.14219999313354492
URY00076,2022-02-23,50.0,148.0,24.0,8.7,7.6,Toma de agua,-34.8297,-55.0421,South America,63.0,678,0.00800000037997961,0.007300000172108412,0.03460000082850456,0.0406000018119812,0.040699999779462814,0.035100001841783524,0.01860000006854534,0.017799999564886093,0.01679999940097332,0.01140000019222498
URY00076,2022-02-24,48.0,146.0,22.0,10.4,7.7,Toma de agua,-34.8297,-55.0421,South America,83.0,678,0.133650004863739,0.14239999651908875,0.14180000126361847,0.1459999978542328,0.1530500054359436,0.15000000596046448,0.14409999549388885,0.1500999927520752,0.15530000627040863,0.14614999294281006
URY00076,2022-02-25,50.0,149.0,23.8,8.8,7.7,Toma de agua,-34.8297,-55.0421,South America,72.0,678,0.00800000037997961,0.007300000172108412,0.03460000082850456,0.0406000018119812,0.040699999779462814,0.035100001841783524,0.01860000006854534,0.017799999564886093,0.01679999940097332,0.01140000019222498
URY00076,2022-02-28,47.0,150.0,23.0,10.1,7.6,Toma de agua,-34.8297,-55.0421,South America,87.0,678,0.0066999997943639755,0.006099999882280827,0.03085000067949295,0.03920000046491623,0.037300001829862595,0.033149998635053635,0.014949999749660492,0.014800000004470348,0.01510000042617321,0.009100000374019146
URY00076,2022-03-01,47.0,147.0,22.0,1.1,7.6,Toma de agua,-34.8297,-55.0421,South America,88.0,678,0.0066999997943639755,0.006099999882280827,0.03085000067949295,0.03920000046491623,0.037300001829862595,0.033149998635053635,0.014949999749660492,0.014800000004470348,0.01510000042617321,0.009100000374019146
URY00076,2022-03-02,47.0,147.0,23.5,9.3,7.6,Toma de agua,-34.8297,-55.0421,South America,81.0,678,0.00559999980032444,0.004900000058114529,0.03319999948143959,0.03959999978542328,0.039799999445676804,0.031199999153614044,0.011300000362098217,0.011800000444054604,0.013399999588727951,0.006800000090152025
URY00076,2022-03-03,47.0,166.0,23.9,10.0,7.5,Toma de agua,-34.8297,-55.0421,South America,65.0,678,0.00559999980032444,0.004900000058114529,0.03319999948143959,0.03959999978542328,0.039799999445676804,0.031199999153614044,0.011300000362098217,0.011800000444054604,0.013399999588727951,0.006800000090152025
URY00076,2022-03-03,47.0,166.0,23.9,10.0,7.5,Toma de agua,-34.8297,-55.0421,South America,65.0,678,0.00559999980032444,0.004900000058114529,0.03319999948143959,0.03959999978542328,0.039799999445676804,0.031199999153614044,0.011300000362098217,0.011800000444054604,0.013399999588727951,0.006800000090152025
URY00076,2022-03-03,47.0,145.0,22.0,12.1,7.62,Toma de agua,-34.8297,-55.0421,South America,63.0,678,0.00559999980032444,0.004900000058114529,0.03319999948143959,0.03959999978542328,0.039799999445676804,0.031199999153614044,0.011300000362098217,0.011800000444054604,0.013399999588727951,0.006800000090152025
URY00076,2022-03-03,47.0,145.0,22.0,12.1,7.62,Toma de agua,-34.8297,-55.0421,South America,63.0,678,0.00559999980032444,0.004900000058114529,0.03319999948143959,0.03959999978542328,0.039799999445676804,0.031199999153614044,0.011300000362098217,0.011800000444054604,0.013399999588727951,0.006800000090152025
URY00076,2022-03-04,46.0,149.0,21.0,10.0,7.6,Toma de agua,-34.8297,-55.0421,South America,90.0,678,0.00559999980032444,0.004900000058114529,0.03319999948143959,0.03959999978542328,0.039799999445676804,0.031199999153614044,0.011300000362098217,0.011800000444054604,0.013399999588727951,0.006800000090152025
URY00076,2022-03-07,49.0,150.0,22.0,10.2,7.5,Toma de agua,-34.8297,-55.0421,South America,81.0,678,0.005900000222027302,0.004900000058114529,0.03440000116825104,0.0406000018119812,0.040699999779462814,0.03500000014901161,0.0142000000923872,0.014299999922513962,0.01679999940097332,0.008899999782443047
URY00076,2022-03-08,48.0,149.0,22.0,14.7,7.6,Toma de agua,-34.8297,-55.0421,South America,81.0,678,0.005900000222027302,0.004900000058114529,0.03440000116825104,0.0406000018119812,0.040699999779462814,0.03500000014901161,0.0142000000923872,0.014299999922513962,0.01679999940097332,0.008899999782443047
URY00076,2022-03-09,48.0,146.0,21.0,11.6,7.6,Toma de agua,-34.8297,-55.0421,South America,96.0,678,0.005750000011175871,0.004800000227987766,0.033799998462200165,0.042249999940395355,0.04125000163912773,0.03310000151395798,0.012749999761581421,0.013050000183284283,0.015250000171363354,0.007849999703466892
URY00076,2022-03-10,48.0,159.0,22.0,12.7,7.7,Toma de agua,-34.8297,-55.0421,South America,5.9,678,0.005900000222027302,0.004900000058114529,0.03319999948143959,0.040800001472234726,0.04100000113248825,0.03500000014901161,0.0142000000923872,0.014299999922513962,0.014800000004470348,0.008899999782443047
URY00076,2022-03-11,48.0,160.0,20.0,10.7,7.6,Toma de agua,-34.8297,-55.0421,South America,96.0,678,0.0066999997943639755,0.005200000014156103,0.033799998462200165,0.04284999892115593,0.041850000619888306,0.03595000132918358,0.014800000004470348,0.01575000025331974,0.015949999913573265,0.009650000371038914
URY00076,2022-03-14,47.0,159.0,20.0,17.0,7.8,Toma de agua,-34.8297,-55.0421,South America,81.0,678,0.0066999997943639755,0.005200000014156103,0.033799998462200165,0.04284999892115593,0.041850000619888306,0.03595000132918358,0.014800000004470348,0.01575000025331974,0.015949999913573265,0.009650000371038914
URY00076,2022-03-15,45.0,149.0,20.0,10.4,7.7,Toma de agua,-34.8297,-55.0421,South America,78.0,678,0.007499999832361937,0.00570000009611249,0.03440000116825104,0.04490000009536743,0.04270000010728836,0.03689999878406525,0.015399999916553497,0.01720000058412552,0.017100000753998756,0.010400000028312206
URY00076,2022-03-16,44.0,152.0,21.0,11.0,7.6,Toma de agua,-34.8297,-55.0421,South America,69.0,678,0.01054999977350235,0.008100000210106373,0.037050001323223114,0.04724999889731407,0.043699998408555984,0.03869999945163727,0.0182499997317791,0.018799999728798866,0.019300000742077827,0.012600000016391277
URY00076,2022-03-17,45.0,152.0,22.0,11.0,7.6,Toma de agua,-34.8297,-55.0421,South America,89.0,678,0.01054999977350235,0.008100000210106373,0.037050001323223114,0.04724999889731407,0.043699998408555984,0.03869999945163727,0.0182499997317791,0.018799999728798866,0.019300000742077827,0.012600000016391277
URY00076,2022-03-18,45.0,152.0,22.0,11.0,7.8,Toma de agua,-34.8297,-55.0421,South America,92.0,678,0.01054999977350235,0.008100000210106373,0.037050001323223114,0.04724999889731407,0.043699998408555984,0.03869999945163727,0.0182499997317791,0.018799999728798866,0.019300000742077827,0.012600000016391277
URY00076,2022-03-21,47.0,149.0,18.0,11.4,7.6,Toma de agua,-34.8297,-55.0421,South America,85.0,678,0.011250000447034836,0.009200000204145908,0.03999999910593033,0.04859999939799309,0.04699999839067459,0.04360000044107437,0.020800000056624413,0.02199999988079071,0.01940000057220459,0.015599999576807022
URY00076,2022-03-22,46.0,148.0,19.0,10.6,7.6,Toma de agua,-34.8297,-55.0421,South America,75.0,678,0.007499999832361937,0.00570000009611249,0.03310000151395798,0.040800001472234726,0.04100000113248825,0.03689999878406525,0.015399999916553497,0.01720000058412552,0.014800000004470348,0.010400000028312206
URY00076,2022-03-23,48.0,148.0,20.0,10.8,7.6,Toma de agua,-34.8297,-55.0421,South America,77.0,678,0.007499999832361937,0.00570000009611249,0.03310000151395798,0.040800001472234726,0.04100000113248825,0.03689999878406525,0.015399999916553497,0.01720000058412552,0.014800000004470348,0.010400000028312206
URY00076,2022-03-24,47.0,142.0,20.0,11.2,7.6,Toma de agua,-34.8297,-55.0421,South America,82.0,678,0.01119999960064888,0.00839999970048666,0.04104999825358391,0.0478999987244606,0.04580000042915344,0.04320000112056732,0.01915000006556511,0.021150000393390656,0.01795000024139881,0.014050000347197056
URY00076,2022-03-25,48.0,155.0,19.0,12.0,7.7,Toma de agua,-34.8297,-55.0421,South America,95.0,678,0.01119999960064888,0.00839999970048666,0.04104999825358391,0.0478999987244606,0.04580000042915344,0.04320000112056732,0.01915000006556511,0.021150000393390656,0.01795000024139881,0.014050000347197056
URY00076,2022-03-28,46.0,140.0,19.0,15.5,7.7,Toma de agua,-34.8297,-55.0421,South America,81.0,678,0.007400000002235174,0.004100000020116568,0.03310000151395798,0.039400000125169754,0.038600001484155655,0.03610000014305115,0.01209999993443489,0.01549999974668026,0.011900000274181366,0.007300000172108412
URY00076,2022-03-29,46.0,142.0,20.0,11.1,7.6,Toma de agua,-34.8297,-55.0421,South America,93.0,678,0.005350000225007534,0.0032500000670552254,0.028750000521540642,0.03680000081658363,0.03700000047683716,0.03370000049471855,0.011599999852478504,0.012400000356137753,0.010049999691545963,0.006550000049173832
URY00076,2022-03-30,46.0,149.0,19.0,35.1,7.6,Toma de agua,-34.8297,-55.0421,South America,126.0,678,0.0032999999821186066,0.002400000113993883,0.025299999862909317,0.039000000804662704,0.03720000013709068,0.03269999846816063,0.011099999770522118,0.011599999852478504,0.009499999694526196,0.007300000172108412
URY00076,2022-03-31,50.0,147.0,17.0,22.7,7.5,Toma de agua,-34.8297,-55.0421,South America,100.0,678,0.0032999999821186066,0.002400000113993883,0.025299999862909317,0.039000000804662704,0.03720000013709068,0.03269999846816063,0.011099999770522118,0.011599999852478504,0.009499999694526196,0.007300000172108412
URY00076,2022-04-01,47.0,149.0,17.0,11.9,7.7,Toma de agua,-34.8297,-55.0421,South America,80.0,678,0.0032999999821186066,0.002400000113993883,0.025299999862909317,0.039000000804662704,0.03720000013709068,0.03269999846816063,0.011099999770522118,0.011599999852478504,0.009499999694526196,0.007300000172108412
URY00076,2022-04-04,47.0,147.0,18.0,11.9,7.6,Toma de agua,-34.8297,-55.0421,South America,81.0,678,0.00419999985024333,0.003000000026077032,0.029200000688433647,0.03920000046491623,0.03790000081062317,0.03355000168085098,0.011599999852478504,0.012550000101327896,0.010700000450015068,0.007600000128149986
URY00076,2022-04-05,46.0,147.0,17.0,11.3,7.6,Toma de agua,-34.8297,-55.0421,South America,86.0,678,0.0032999999821186066,0.002400000113993883,0.025299999862909317,0.039000000804662704,0.03720000013709068,0.03269999846816063,0.011099999770522118,0.011599999852478504,0.009499999694526196,0.007899999618530273
URY00076,2022-04-06,49.0,144.0,17.0,11.2,7.5,Toma de agua,-34.8297,-55.0421,South America,75.0,678,0.0032500000670552254,0.003000000026077032,0.026249999180436134,0.039250001311302185,0.037300001829862595,0.03240000084042549,0.010900000110268593,0.01145000010728836,0.010599999688565731,0.006850000005215406
URY00076,2022-04-07,49.0,147.0,18.0,11.7,7.8,Toma de agua,-34.8297,-55.0421,South America,84.0,678,0.0032500000670552254,0.003000000026077032,0.026249999180436134,0.039250001311302185,0.037300001829862595,0.03240000084042549,0.010900000110268593,0.01145000010728836,0.010599999688565731,0.006850000005215406
URY00076,2022-04-08,48.0,146.0,18.0,11.4,7.5,Toma de agua,-34.8297,-55.0421,South America,85.0,678,0.0032500000670552254,0.003000000026077032,0.026249999180436134,0.039250001311302185,0.037300001829862595,0.03240000084042549,0.010900000110268593,0.01145000010728836,0.010599999688565731,0.006850000005215406
URY00076,2022-04-11,44.0,143.0,19.0,11.7,7.3,Toma de agua,-34.8297,-55.0421,South America,80.0,678,0.004149999935179949,0.0038999998942017555,0.03189999982714653,0.04129999876022339,0.03920000046491623,0.03355000168085098,0.012000000104308128,0.012550000101327896,0.012149999849498272,0.008550000376999378
URY00076,2022-04-12,45.0,151.0,19.0,11.9,7.7,Toma de agua,-34.8297,-55.0421,South America,84.0,678,0.004149999935179949,0.0038999998942017555,0.03189999982714653,0.04129999876022339,0.03920000046491623,0.03355000168085098,0.012000000104308128,0.012550000101327896,0.012149999849498272,0.008550000376999378
URY00076,2022-04-13,46.0,149.0,19.0,12.0,7.7,Toma de agua,-34.8297,-55.0421,South America,88.0,678,0.005100000184029341,0.00419999985024333,0.03660000115633011,0.04309999942779541,0.04100000113248825,0.03440000116825104,0.013299999758601189,0.013500000350177288,0.012600000016391277,0.009200000204145908
URY00076,2022-04-18,46.0,148.0,18.3,12.3,7.7,Toma de agua,-34.8297,-55.0421,South America,82.0,678,0.0038999998942017555,0.004900000058114529,0.03739999979734421,0.04259999841451645,0.041999999433755875,0.03629999980330467,0.012799999676644802,0.013799999840557575,0.013799999840557575,0.0066999997943639755
URY00076,2022-04-19,46.0,153.0,17.0,12.0,7.7,Toma de agua,-34.8297,-55.0421,South America,92.0,678,0.0038999998942017555,0.004900000058114529,0.03739999979734421,0.04259999841451645,0.041999999433755875,0.03629999980330467,0.012799999676644802,0.013799999840557575,0.013799999840557575,0.0066999997943639755
URY00076,2022-04-20,49.0,149.0,18.0,12.1,7.7,Toma de agua,-34.8297,-55.0421,South America,113.0,678,0.16269999742507935,0.13414999842643738,0.2214999943971634,0.20829999446868896,0.20200000703334808,0.21559999883174896,0.19984999299049377,0.20280000567436218,0.20669999718666077,0.1972000002861023
URY00076,2022-04-21,51.0,146.0,18.0,11.8,7.7,Toma de agua,-34.8297,-55.0421,South America,106.0,678,0.16269999742507935,0.13414999842643738,0.2214999943971634,0.20829999446868896,0.20200000703334808,0.21559999883174896,0.19984999299049377,0.20280000567436218,0.20669999718666077,0.1972000002861023
URY00076,2022-04-22,54.0,145.0,17.0,12.3,7.6,Toma de agua,-34.8297,-55.0421,South America,98.0,678,0.16269999742507935,0.13414999842643738,0.2214999943971634,0.20829999446868896,0.20200000703334808,0.21559999883174896,0.19984999299049377,0.20280000567436218,0.20669999718666077,0.1972000002861023
URY00076,2022-04-25,56.0,150.0,17.0,11.9,7.7,Toma de agua,-34.8297,-55.0421,South America,92.0,678,0.0038999998942017555,0.004900000058114529,0.03739999979734421,0.04259999841451645,0.041999999433755875,0.03629999980330467,0.012799999676644802,0.013799999840557575,0.013799999840557575,0.0066999997943639755
URY00076,2022-04-26,48.0,147.0,18.0,12.0,7.6,Toma de agua,-34.8297,-55.0421,South America,83.0,678,0.0038999998942017555,0.004900000058114529,0.03739999979734421,0.04259999841451645,0.041999999433755875,0.03629999980330467,0.012799999676644802,0.013799999840557575,0.013799999840557575,0.0066999997943639755
URY00076,2022-04-27,48.0,146.0,18.0,16.4,7.7,Toma de agua,-34.8297,-55.0421,South America,83.0,678,0.0038999998942017555,0.004900000058114529,0.03739999979734421,0.04259999841451645,0.041999999433755875,0.03629999980330467,0.012799999676644802,0.013799999840557575,0.013799999840557575,0.0066999997943639755
URY00076,2022-08-01,,153.0,11.0,15.6,7.7,Toma de agua,-34.8297,-55.0421,South America,96.0,678,0.005100000184029341,0.004000000189989805,0.04479999840259552,0.04580000042915344,0.045499999076128006,0.0430000014603138,0.01810000091791153,0.018200000748038292,0.0142000000923872,0.010499999858438969
URY00076,2022-08-02,,152.0,11.0,15.7,7.8,Toma de agua,-34.8297,-55.0421,South America,85.0,678,0.08749999850988388,0.06589999794960022,0.1379999965429306,0.13740000128746033,0.13334999978542328,0.13625000417232513,0.1172500029206276,0.11810000240802765,0.12290000170469284,0.10360000282526016
URY00076,2022-08-03,,153.0,12.0,15.6,7.9,Toma de agua,-34.8297,-55.0421,South America,85.0,678,0.08749999850988388,0.06589999794960022,0.1379999965429306,0.13740000128746033,0.13334999978542328,0.13625000417232513,0.1172500029206276,0.11810000240802765,0.12290000170469284,0.10360000282526016
URY00076,2022-08-04,,156.0,12.0,15.3,7.6,Toma de agua,-34.8297,-55.0421,South America,98.0,678,0.005100000184029341,0.004000000189989805,0.04479999840259552,0.04580000042915344,0.045499999076128006,0.0430000014603138,0.01810000091791153,0.018200000748038292,0.01590000092983246,0.010499999858438969
URY00076,2022-08-05,,154.0,11.0,16.0,7.9,Toma de agua,-34.8297,-55.0421,South America,92.0,678,0.005100000184029341,0.004000000189989805,0.04479999840259552,0.04580000042915344,0.045499999076128006,0.0430000014603138,0.01810000091791153,0.018200000748038292,0.01590000092983246,0.010499999858438969
URY00076,2022-08-08,,156.0,10.0,14.9,7.9,Toma de agua,-34.8297,-55.0421,South America,87.0,678,0.0038999998942017555,0.0035000001080334187,0.03840000182390213,0.04280000180006027,0.044199999421834946,0.03994999825954437,0.01600000075995922,0.015549999661743641,0.015049999579787254,0.008550000376999378
URY00076,2022-08-09,,155.0,10.0,15.2,7.7,Toma de agua,-34.8297,-55.0421,South America,92.0,678,0.0038999998942017555,0.0035000001080334187,0.03840000182390213,0.04280000180006027,0.044199999421834946,0.03994999825954437,0.01600000075995922,0.015549999661743641,0.015049999579787254,0.008550000376999378
URY00076,2022-08-10,,157.0,10.0,15.1,7.6,Toma de agua,-34.8297,-55.0421,South America,89.0,678,0.0038999998942017555,0.0035000001080334187,0.03840000182390213,0.04280000180006027,0.044199999421834946,0.03994999825954437,0.01600000075995922,0.015549999661743641,0.015049999579787254,0.008550000376999378
URY00076,2022-08-11,,158.0,10.0,15.1,7.8,Toma de agua,-34.8297,-55.0421,South America,89.0,678,0.0038999998942017555,0.0035000001080334187,0.03840000182390213,0.04280000180006027,0.044199999421834946,0.03994999825954437,0.01600000075995922,0.015549999661743641,0.015049999579787254,0.008550000376999378
URY00076,2022-08-12,,156.0,11.0,15.0,7.9,Toma de agua,-34.8297,-55.0421,South America,94.0,678,0.0038999998942017555,0.0035000001080334187,0.03840000182390213,0.04280000180006027,0.044199999421834946,0.03994999825954437,0.01600000075995922,0.015549999661743641,0.015049999579787254,0.008550000376999378
URY00076,2022-08-15,,156.0,14.0,14.4,7.8,Toma de agua,-34.8297,-55.0421,South America,89.0,678,0.0027000000700354576,0.003000000026077032,0.03200000151991844,0.039799999445676804,0.042899999767541885,0.03689999878406525,0.013899999670684338,0.012900000438094139,0.01590000092983246,0.006599999964237213
URY00076,2022-08-16,,156.0,12.0,14.5,7.9,Toma de agua,-34.8297,-55.0421,South America,101.0,678,0.0026499999221414328,0.002950000111013651,0.031599998474121094,0.03970000147819519,0.04104999825358391,0.03545000031590462,0.012849999591708183,0.012149999849498272,0.01295000035315752,0.0062500000931322575
URY00076,2022-08-17,,156.0,13.5,14.5,7.9,Toma de agua,-34.8297,-55.0421,South America,89.0,678,0.0027000000700354576,0.003000000026077032,0.03200000151991844,0.039799999445676804,0.042899999767541885,0.03689999878406525,0.013899999670684338,0.012900000438094139,0.01590000092983246,0.006599999964237213
URY00076,2022-08-18,,154.0,12.4,15.7,7.9,Toma de agua,-34.8297,-55.0421,South America,89.0,678,0.10930000245571136,0.08505000174045563,0.11069999635219574,0.11749999970197678,0.11640000343322754,0.11334999650716782,0.10114999860525131,0.1039000004529953,0.121799997985363,0.10764999687671661
URY00076,2022-08-19,,157.0,10.0,14.6,7.9,Toma de agua,-34.8297,-55.0421,South America,87.0,678,0.10930000245571136,0.08505000174045563,0.11069999635219574,0.11749999970197678,0.11640000343322754,0.11334999650716782,0.10114999860525131,0.1039000004529953,0.121799997985363,0.10764999687671661
URY00076,2022-08-22,,158.0,11.0,14.4,7.9,Toma de agua,-34.8297,-55.0421,South America,87.0,678,0.2159000039100647,0.1670999974012375,0.18940000236034393,0.19519999623298645,0.19359999895095825,0.19269999861717224,0.19050000607967377,0.1964000016450882,0.23360000550746918,0.2093999981880188
URY00076,2022-08-23,,158.0,11.0,14.7,7.9,Toma de agua,-34.8297,-55.0421,South America,93.0,678,0.2159000039100647,0.1670999974012375,0.18940000236034393,0.19519999623298645,0.19359999895095825,0.19269999861717224,0.19050000607967377,0.1964000016450882,0.23360000550746918,0.2093999981880188
URY00076,2022-08-24,,159.0,12.0,14.8,7.7,Toma de agua,-34.8297,-55.0421,South America,87.0,678,0.10965000092983246,0.08500000089406967,0.10949999839067459,0.11900000274181366,0.1172500029206276,0.11460000276565552,0.10154999792575836,0.10525000095367432,0.12325000017881393,0.10904999822378159
URY00076,2022-08-26,,156.0,13.0,14.6,7.8,Toma de agua,-34.8297,-55.0421,South America,89.0,678,0.10965000092983246,0.08500000089406967,0.10949999839067459,0.11900000274181366,0.1172500029206276,0.11460000276565552,0.10154999792575836,0.10525000095367432,0.12325000017881393,0.10904999822378159
URY00076,2022-08-29,,157.0,11.0,15.2,7.9,Toma de agua,-34.8297,-55.0421,South America,92.0,678,0.0034000000450760126,0.003000000026077032,0.038600001484155655,0.04280000180006027,0.04149999842047691,0.0364999994635582,0.014999999664723873,0.014100000262260437,0.012900000438094139,0.008700000122189522
URY00076,2022-08-30,,155.0,11.0,14.3,7.7,Toma de agua,-34.8297,-55.0421,South America,89.0,678,0.0034000000450760126,0.003000000026077032,0.038600001484155655,0.04280000180006027,0.04149999842047691,0.0364999994635582,0.014999999664723873,0.014100000262260437,0.012900000438094139,0.008700000122189522
URY00076,2022-08-31,,155.0,12.0,14.2,7.8,Toma de agua,-34.8297,-55.0421,South America,112.0,678,0.0032999999821186066,0.002950000111013651,0.0340999998152256,0.04255000129342079,0.041200000792741776,0.03590000048279762,0.013799999840557575,0.013700000010430813,0.01145000010728836,0.007499999832361937
URY00076,2022-09-01,,155.0,13.0,14.7,7.8,Toma de agua,-34.8297,-55.0421,South America,96.0,678,0.0034000000450760126,0.002899999963119626,0.038600001484155655,0.04280000180006027,0.04149999842047691,0.0364999994635582,0.014999999664723873,0.013299999758601189,0.012900000438094139,0.007699999958276749
URY00076,2022-09-02,,154.0,13.0,15.2,7.6,Toma de agua,-34.8297,-55.0421,South America,5.6,678,0.0034000000450760126,0.002899999963119626,0.038600001484155655,0.04280000180006027,0.04149999842047691,0.0364999994635582,0.014999999664723873,0.013299999758601189,0.012900000438094139,0.007699999958276749
URY00076,2022-09-05,,177.0,11.0,13.7,8.2,Toma de agua,-34.8297,-55.0421,South America,85.0,678,0.0034000000450760126,0.002899999963119626,0.038600001484155655,0.04280000180006027,0.04149999842047691,0.0364999994635582,0.014999999664723873,0.013299999758601189,0.012900000438094139,0.007699999958276749
URY00076,2022-09-06,,161.0,12.0,13.7,7.7,Toma de agua,-34.8297,-55.0421,South America,78.0,678,0.0034000000450760126,0.002899999963119626,0.038600001484155655,0.04280000180006027,0.04149999842047691,0.0364999994635582,0.014999999664723873,0.013299999758601189,0.012900000438094139,0.007699999958276749
URY00076,2022-09-07,,157.0,14.6,13.5,7.8,Toma de agua,-34.8297,-55.0421,South America,103.0,678,0.0034000000450760126,0.002850000048056245,0.03920000046491623,0.04280000180006027,0.043150000274181366,0.036249998956918716,0.01600000075995922,0.012799999676644802,0.011850000359117985,0.007000000216066837
URY00076,2022-09-08,,169.0,16.0,15.5,7.7,Toma de agua,-34.8297,-55.0421,South America,101.0,678,0.003599999938160181,0.003000000026077032,0.039799999445676804,0.043299999088048935,0.04479999840259552,0.03720000013709068,0.017000000923871994,0.013299999758601189,0.013700000010430813,0.007699999958276749
URY00076,2022-09-09,,160.0,15.5,15.6,7.8,Toma de agua,-34.8297,-55.0421,South America,81.0,678,0.003599999938160181,0.003000000026077032,0.039799999445676804,0.043299999088048935,0.04479999840259552,0.03720000013709068,0.017000000923871994,0.013299999758601189,0.013700000010430813,0.007699999958276749
URY00076,2022-09-12,,159.0,12.0,13.1,7.7,Toma de agua,-34.8297,-55.0421,South America,81.0,678,0.004699999932199717,0.003000000026077032,0.04619999974966049,0.048650000244379044,0.04969999939203262,0.043049998581409454,0.019899999722838402,0.017400000244379044,0.018149999901652336,0.011250000447034836
URY00076,2022-09-13,,180.0,12.0,13.7,8.0,Toma de agua,-34.8297,-55.0421,South America,83.0,678,0.004699999932199717,0.003000000026077032,0.04619999974966049,0.048650000244379044,0.04969999939203262,0.043049998581409454,0.019899999722838402,0.017400000244379044,0.018149999901652336,0.011250000447034836
URY00076,2022-09-14,,160.0,12.0,13.6,7.9,Toma de agua,-34.8297,-55.0421,South America,83.0,678,0.004699999932199717,0.003000000026077032,0.04619999974966049,0.048650000244379044,0.04969999939203262,0.043049998581409454,0.019899999722838402,0.017400000244379044,0.018149999901652336,0.011250000447034836
URY00076,2022-09-15,,164.0,13.0,13.7,7.9,Toma de agua,-34.8297,-55.0421,South America,78.0,678,0.005799999926239252,0.0032999999821186066,0.05260000005364418,0.05400000140070915,0.05460000038146973,0.048900000751018524,0.02280000038444996,0.02250000089406967,0.022600000724196434,0.014800000004470348
URY00076,2022-09-16,,153.0,13.0,14.1,7.9,Toma de agua,-34.8297,-55.0421,South America,89.0,678,0.005799999926239252,0.0032999999821186066,0.05260000005364418,0.05400000140070915,0.05460000038146973,0.048900000751018524,0.02280000038444996,0.02250000089406967,0.022600000724196434,0.014800000004470348
URY00076,2022-09-19,,171.0,15.0,14.8,7.9,Toma de agua,-34.8297,-55.0421,South America,88.0,678,0.0052999998442828655,0.0032500000670552254,0.047449998557567596,0.05014999955892563,0.04989999905228615,0.044199999421834946,0.02160000056028366,0.020250000059604645,0.019899999722838402,0.012400000356137753
URY00076,2022-09-20,,162.0,15.0,13.6,7.7,Toma de agua,-34.8297,-55.0421,South America,78.0,678,0.0052999998442828655,0.0032500000670552254,0.047449998557567596,0.05014999955892563,0.04989999905228615,0.044199999421834946,0.02160000056028366,0.020250000059604645,0.019899999722838402,0.012400000356137753
URY00076,2022-09-21,,162.0,15.1,13.5,7.7,Toma de agua,-34.8297,-55.0421,South America,85.0,678,0.0052999998442828655,0.0032500000670552254,0.047449998557567596,0.05014999955892563,0.04989999905228615,0.044199999421834946,0.02160000056028366,0.020250000059604645,0.019899999722838402,0.012400000356137753
URY00076,2022-09-23,,162.0,13.0,13.3,7.9,Toma de agua,-34.8297,-55.0421,South America,87.0,678,0.004800000227987766,0.0031999999191612005,0.04230000078678131,0.046300001442432404,0.04520000144839287,0.039500001817941666,0.020400000736117363,0.017999999225139618,0.01720000058412552,0.009999999776482582
URY00076,2022-09-26,,155.0,14.0,13.5,7.8,Toma de agua,-34.8297,-55.0421,South America,76.0,678,0.005549999885261059,0.003700000001117587,0.04024999961256981,0.04749999940395355,0.045099999755620956,0.04075000062584877,0.020549999549984932,0.01850000023841858,0.016750000417232513,0.01205000001937151
URY00076,2022-09-27,,157.0,15.0,13.4,7.8,Toma de agua,-34.8297,-55.0421,South America,76.0,678,0.005549999885261059,0.003700000001117587,0.04024999961256981,0.04749999940395355,0.045099999755620956,0.04075000062584877,0.020549999549984932,0.01850000023841858,0.016750000417232513,0.01205000001937151
URY00076,2022-09-28,,160.0,15.0,13.4,7.9,Toma de agua,-34.8297,-55.0421,South America,81.0,678,0.005549999885261059,0.003700000001117587,0.04024999961256981,0.04749999940395355,0.045099999755620956,0.04075000062584877,0.020549999549984932,0.01850000023841858,0.016750000417232513,0.01205000001937151
URY00076,2022-09-29,,160.0,14.0,13.4,7.9,Toma de agua,-34.8297,-55.0421,South America,89.0,678,0.005549999885261059,0.003700000001117587,0.04024999961256981,0.04749999940395355,0.045099999755620956,0.04075000062584877,0.020549999549984932,0.01850000023841858,0.016750000417232513,0.01205000001937151
URY00076,2022-09-30,,184.0,14.0,13.1,7.9,Toma de agua,-34.8297,-55.0421,South America,93.0,678,0.005549999885261059,0.003700000001117587,0.04024999961256981,0.04749999940395355,0.045099999755620956,0.04075000062584877,0.020549999549984932,0.01850000023841858,0.016750000417232513,0.01205000001937151
URY00076,2022-10-03,,176.0,15.0,13.0,8.03,Toma de agua,-34.8297,-55.0421,South America,85.0,678,0.014399999752640724,0.01080000028014183,0.048700001090765,0.05784999951720238,0.05400000140070915,0.05000000074505806,0.029200000688433647,0.027000000700354576,0.028049999848008156,0.021849999204277992
URY00076,2022-10-04,,166.0,15.0,12.8,7.9,Toma de agua,-34.8297,-55.0421,South America,91.0,678,0.014399999752640724,0.01080000028014183,0.048700001090765,0.05784999951720238,0.05400000140070915,0.05000000074505806,0.029200000688433647,0.027000000700354576,0.028049999848008156,0.021849999204277992
URY00076,2022-10-06,,169.0,15.0,13.9,7.8,Toma de agua,-34.8297,-55.0421,South America,98.0,678,0.006300000008195639,0.004699999932199717,0.03889999911189079,0.048700001090765,0.04500000178813934,0.04270000010728836,0.020999999716877937,0.020999999716877937,0.016300000250339508,0.014100000262260437
URY00076,2022-10-07,,169.0,15.0,13.2,7.9,Toma de agua,-34.8297,-55.0421,South America,91.0,678,0.006300000008195639,0.004699999932199717,0.03889999911189079,0.048700001090765,0.04500000178813934,0.04270000010728836,0.020999999716877937,0.020999999716877937,0.016300000250339508,0.014100000262260437
URY00076,2022-10-11,,179.0,14.0,14.0,7.9,Toma de agua,-34.8297,-55.0421,South America,100.0,678,0.01080000028014183,0.009100000374019146,0.053199999034404755,0.06159999966621399,0.057999998331069946,0.04910000041127205,0.025200000032782555,0.025599999353289604,0.02459999918937683,0.016300000250339508
URY00076,2022-10-12,,165.0,14.0,14.0,7.9,Toma de agua,-34.8297,-55.0421,South America,81.0,678,0.01080000028014183,0.009100000374019146,0.053199999034404755,0.06159999966621399,0.057999998331069946,0.04910000041127205,0.025200000032782555,0.025599999353289604,0.02459999918937683,0.016300000250339508
URY00076,2022-10-13,,172.0,16.0,15.7,7.9,Toma de agua,-34.8297,-55.0421,South America,112.0,678,0.01080000028014183,0.009100000374019146,0.053199999034404755,0.06159999966621399,0.057999998331069946,0.04910000041127205,0.025200000032782555,0.025599999353289604,0.02459999918937683,0.016300000250339508
URY00076,2022-10-14,,167.0,16.0,14.0,7.9,Toma de agua,-34.8297,-55.0421,South America,87.0,678,0.01080000028014183,0.009100000374019146,0.053199999034404755,0.06159999966621399,0.057999998331069946,0.04910000041127205,0.025200000032782555,0.025599999353289604,0.02459999918937683,0.016300000250339508
URY00076,2022-10-17,,166.0,14.0,13.9,7.4,Toma de agua,-34.8297,-55.0421,South America,89.0,678,0.008500000461935997,0.006899999920278788,0.04605000093579292,0.05490000173449516,0.05130000039935112,0.045899998396635056,0.023099999874830246,0.02329999953508377,0.020150000229477882,0.01484999991953373
URY00076,2022-10-18,,163.0,14.0,13.8,7.8,Toma de agua,-34.8297,-55.0421,South America,76.0,678,0.008500000461935997,0.006899999920278788,0.04605000093579292,0.05490000173449516,0.05130000039935112,0.045899998396635056,0.023099999874830246,0.02329999953508377,0.020150000229477882,0.01484999991953373
URY00076,2022-10-19,,169.0,15.0,13.7,7.7,Toma de agua,-34.8297,-55.0421,South America,81.0,678,0.008500000461935997,0.006899999920278788,0.04605000093579292,0.05490000173449516,0.05130000039935112,0.045899998396635056,0.023099999874830246,0.02329999953508377,0.020150000229477882,0.01484999991953373
URY00076,2022-10-20,,161.0,16.0,13.5,7.8,Toma de agua,-34.8297,-55.0421,South America,83.0,678,0.01080000028014183,0.009100000374019146,0.053199999034404755,0.06159999966621399,0.057999998331069946,0.04910000041127205,0.025200000032782555,0.025599999353289604,0.02459999918937683,0.016300000250339508
URY00076,2022-10-21,,163.0,17.0,13.3,7.8,Toma de agua,-34.8297,-55.0421,South America,78.0,678,0.01080000028014183,0.009100000374019146,0.053199999034404755,0.06159999966621399,0.057999998331069946,0.04910000041127205,0.025200000032782555,0.025599999353289604,0.02459999918937683,0.016300000250339508
URY00076,2022-10-28,,164.0,17.0,14.6,7.7,Toma de agua,-34.8297,-55.0421,South America,81.0,678,0.006599999964237213,0.00419999985024333,0.047200001776218414,0.053700000047683716,0.05090000107884407,0.04340000078082085,0.020600000396370888,0.02280000038444996,0.022600000724196434,0.014700000174343586
URY00076,2022-10-31,,165.0,16.0,17.6,7.8,Toma de agua,-34.8297,-55.0421,South America,90.0,678,0.006599999964237213,0.00419999985024333,0.047200001776218414,0.053700000047683716,0.05090000107884407,0.04340000078082085,0.020600000396370888,0.02280000038444996,0.022600000724196434,0.014700000174343586
URY00076,2022-11-01,,162.0,15.0,15.4,7.8,Toma de agua,-34.8297,-55.0421,South America,85.0,678,0.006599999964237213,0.00419999985024333,0.047200001776218414,0.053700000047683716,0.05090000107884407,0.04340000078082085,0.020600000396370888,0.02280000038444996,0.022600000724196434,0.014700000174343586
URY00076,2022-11-03,,172.0,16.0,14.4,7.8,Toma de agua,-34.8297,-55.0421,South America,83.0,678,0.019449999555945396,0.014600000344216824,0.050200000405311584,0.05925000086426735,0.056449998170137405,0.052400000393390656,0.03009999915957451,0.030549999326467514,0.028550000861287117,0.025100000202655792
URY00076,2022-11-04,,171.0,16.0,14.8,7.8,Toma de agua,-34.8297,-55.0421,South America,87.0,678,0.019449999555945396,0.014600000344216824,0.050200000405311584,0.05925000086426735,0.056449998170137405,0.052400000393390656,0.03009999915957451,0.030549999326467514,0.028550000861287117,0.025100000202655792
URY00076,2022-11-07,,170.0,17.0,13.6,7.8,Toma de agua,-34.8297,-55.0421,South America,78.0,678,0.019449999555945396,0.014600000344216824,0.050200000405311584,0.05925000086426735,0.056449998170137405,0.052400000393390656,0.03009999915957451,0.030549999326467514,0.028550000861287117,0.025100000202655792
URY00076,2022-11-08,,173.0,14.0,13.0,7.8,Toma de agua,-34.8297,-55.0421,South America,78.0,678,0.019449999555945396,0.014600000344216824,0.050200000405311584,0.05925000086426735,0.056449998170137405,0.052400000393390656,0.03009999915957451,0.030549999326467514,0.028550000861287117,0.025100000202655792
URY00076,2022-11-09,,175.0,17.0,13.0,7.9,Toma de agua,-34.8297,-55.0421,South America,83.0,678,0.019449999555945396,0.014600000344216824,0.050200000405311584,0.05925000086426735,0.056449998170137405,0.052400000393390656,0.03009999915957451,0.030549999326467514,0.028550000861287117,0.025100000202655792
URY00076,2022-11-10,,173.0,18.0,14.0,7.9,Toma de agua,-34.8297,-55.0421,South America,81.0,678,0.03229999914765358,0.02500000037252903,0.053199999034404755,0.06480000168085098,0.06199999898672104,0.061400000005960464,0.03959999978542328,0.03830000013113022,0.03449999913573265,0.03550000116229057
URY00076,2022-11-11,,176.0,19.0,14.0,7.9,Toma de agua,-34.8297,-55.0421,South America,87.0,678,0.04035000130534172,0.03395000100135803,0.07175000011920929,0.08079999685287476,0.08065000176429749,0.07509999722242355,0.052000001072883606,0.051350001245737076,0.05065000057220459,0.045899998396635056
URY00076,2022-11-14,,177.0,20.0,13.8,7.8,Toma de agua,-34.8297,-55.0421,South America,89.0,678,0.04035000130534172,0.03395000100135803,0.07175000011920929,0.08079999685287476,0.08065000176429749,0.07509999722242355,0.052000001072883606,0.051350001245737076,0.05065000057220459,0.045899998396635056
URY00076,2022-11-15,,174.0,19.0,17.6,7.8,Toma de agua,-34.8297,-55.0421,South America,85.0,678,0.04035000130534172,0.03395000100135803,0.07175000011920929,0.08079999685287476,0.08065000176429749,0.07509999722242355,0.052000001072883606,0.051350001245737076,0.05065000057220459,0.045899998396635056
URY00076,2022-11-16,,173.0,20.0,16.1,7.9,Toma de agua,-34.8297,-55.0421,South America,76.0,678,0.04839999973773956,0.042899999767541885,0.09030000120401382,0.09679999947547913,0.09929999709129333,0.08879999816417694,0.06440000236034393,0.06440000236034393,0.06679999828338623,0.056299999356269836
URY00076,2022-11-17,,172.0,21.0,15.5,7.7,Toma de agua,-34.8297,-55.0421,South America,76.0,678,0.03265000134706497,0.028599999845027924,0.07519999891519547,0.07980000227689743,0.07864999771118164,0.0722000002861023,0.04639999940991402,0.048700001090765,0.04645000025629997,0.04039999842643738
URY00076,2022-11-18,,173.0,20.0,14.3,7.6,Toma de agua,-34.8297,-55.0421,South America,72.0,678,0.03265000134706497,0.028599999845027924,0.07519999891519547,0.07980000227689743,0.07864999771118164,0.0722000002861023,0.04639999940991402,0.048700001090765,0.04645000025629997,0.04039999842643738
URY00076,2022-11-21,,168.0,22.5,14.1,7.7,Toma de agua,-34.8297,-55.0421,South America,74.0,678,0.01860000006854534,0.016100000590085983,0.06080000102519989,0.07000000029802322,0.06620000302791595,0.0568000003695488,0.032499998807907104,0.032999999821186066,0.03539999946951866,0.026200000196695328
URY00076,2022-11-22,,170.0,20.8,14.6,7.7,Toma de agua,-34.8297,-55.0421,South America,74.0,678,0.017750000581145287,0.015200000256299973,0.0604499988257885,0.06639999896287918,0.06210000067949295,0.05620000138878822,0.030899999663233757,0.032749999314546585,0.030750000849366188,0.025350000709295273
URY00076,2022-11-23,,171.0,20.0,13.8,7.9,Toma de agua,-34.8297,-55.0421,South America,56.0,678,0.017750000581145287,0.015200000256299973,0.0604499988257885,0.06639999896287918,0.06210000067949295,0.05620000138878822,0.030899999663233757,0.032749999314546585,0.030750000849366188,0.025350000709295273
URY00076,2022-12-05,53.0,172.0,22.0,14.9,8.0,Toma de agua,-34.8297,-55.0421,South America,,678,0.012799999676644802,0.012299999594688416,0.05050000175833702,0.061900001019239426,0.056699998676776886,0.051100000739097595,0.02930000051856041,0.02879999950528145,0.023499999195337296,0.02199999988079071
URY00076,2022-12-06,56.0,177.0,22.0,14.9,7.9,Toma de agua,-34.8297,-55.0421,South America,,678,0.03539999946951866,0.029999999329447746,0.07524999976158142,0.08365000039339066,0.07999999821186066,0.07859999686479568,0.052650000900030136,0.05310000106692314,0.05490000173449516,0.04479999840259552
URY00076,2022-12-07,65.0,177.0,23.0,15.4,7.8,Toma de agua,-34.8297,-55.0421,South America,,678,0.012000000104308128,0.010099999606609344,0.052799999713897705,0.06030000001192093,0.05180000141263008,0.05550000071525574,0.027499999850988388,0.029600000008940697,0.02800000086426735,0.018799999728798866
URY00076,2022-12-08,66.0,181.0,23.0,15.1,8.2,Toma de agua,-34.8297,-55.0421,South America,,678,0.012000000104308128,0.010099999606609344,0.052799999713897705,0.06030000001192093,0.05180000141263008,0.05550000071525574,0.027499999850988388,0.029600000008940697,0.02800000086426735,0.018799999728798866
URY00076,2022-12-09,68.0,175.0,24.0,14.6,8.3,Toma de agua,-34.8297,-55.0421,South America,,678,0.012000000104308128,0.010099999606609344,0.052799999713897705,0.06030000001192093,0.05180000141263008,0.05550000071525574,0.027499999850988388,0.029600000008940697,0.02800000086426735,0.018799999728798866
URY00076,2022-12-12,62.0,175.0,24.0,18.8,8.4,Toma de agua,-34.8297,-55.0421,South America,,678,0.03514999896287918,0.030799999833106995,0.0746999979019165,0.08434999734163284,0.07660000026226044,0.08299999684095383,0.052799999713897705,0.05400000140070915,0.052799999713897705,0.04270000010728836
URY00076,2022-12-13,61.0,175.0,22.0,16.1,8.4,Toma de agua,-34.8297,-55.0421,South America,,678,0.03514999896287918,0.030799999833106995,0.0746999979019165,0.08434999734163284,0.07660000026226044,0.08299999684095383,0.052799999713897705,0.05400000140070915,0.052799999713897705,0.04270000010728836
URY00076,2022-12-14,61.0,177.0,22.0,18.0,7.8,Toma de agua,-34.8297,-55.0421,South America,,678,0.05829999968409538,0.051500000059604645,0.0966000035405159,0.10840000212192535,0.10140000283718109,0.11050000041723251,0.07810000330209732,0.07840000092983246,0.07760000228881836,0.066600002348423
URY00076,2022-12-15,61.0,176.0,23.0,17.8,7.7,Toma de agua,-34.8297,-55.0421,South America,,678,0.05829999968409538,0.051500000059604645,0.0966000035405159,0.10840000212192535,0.10140000283718109,0.11050000041723251,0.07810000330209732,0.07840000092983246,0.07760000228881836,0.066600002348423
URY00076,2022-12-16,66.0,175.0,21.0,18.2,8.3,Toma de agua,-34.8297,-55.0421,South America,,678,0.05829999968409538,0.051500000059604645,0.0966000035405159,0.10840000212192535,0.10140000283718109,0.11050000041723251,0.07810000330209732,0.07840000092983246,0.07760000228881836,0.066600002348423
URY00076,2022-12-19,58.0,178.0,22.1,20.1,8.1,Toma de agua,-34.8297,-55.0421,South America,,678,0.03514999896287918,0.030799999833106995,0.0746999979019165,0.08434999734163284,0.07660000026226044,0.08299999684095383,0.052799999713897705,0.05400000140070915,0.052799999713897705,0.04270000010728836
URY00076,2022-12-20,64.0,174.0,21.0,20.3,8.2,Toma de agua,-34.8297,-55.0421,South America,,678,0.03514999896287918,0.030799999833106995,0.0746999979019165,0.08434999734163284,0.07660000026226044,0.08299999684095383,0.052799999713897705,0.05400000140070915,0.052799999713897705,0.04270000010728836
URY00076,2022-12-21,58.0,183.0,21.0,18.0,8.2,Toma de agua,-34.8297,-55.0421,South America,,678,0.05829999968409538,0.051500000059604645,0.0966000035405159,0.10840000212192535,0.10140000283718109,0.11050000041723251,0.07810000330209732,0.07840000092983246,0.07760000228881836,0.066600002348423
URY00076,2022-12-22,58.0,175.0,21.0,17.6,8.3,Toma de agua,-34.8297,-55.0421,South America,,678,0.03905000165104866,0.0340999998152256,0.0746999979019165,0.08789999783039093,0.07880000025033951,0.08479999750852585,0.05674999952316284,0.0568000003695488,0.057999998331069946,0.04740000143647194
URY00076,2022-12-23,59.0,175.0,22.0,16.1,8.3,Toma de agua,-34.8297,-55.0421,South America,,678,0.03905000165104866,0.0340999998152256,0.0746999979019165,0.08789999783039093,0.07880000025033951,0.08479999750852585,0.05674999952316284,0.0568000003695488,0.057999998331069946,0.04740000143647194
URY00076,2022-12-26,57.0,177.0,21.7,13.0,8.4,Toma de agua,-34.8297,-55.0421,South America,,678,0.03929999843239784,0.033799998462200165,0.0702499970793724,0.08330000191926956,0.0758500024676323,0.07890000194311142,0.054499998688697815,0.05400000140070915,0.05620000138878822,0.046950001269578934
URY00076,2022-12-27,66.0,180.0,21.2,13.5,7.8,Toma de agua,-34.8297,-55.0421,South America,,678,0.03929999843239784,0.033799998462200165,0.0702499970793724,0.08330000191926956,0.0758500024676323,0.07890000194311142,0.054499998688697815,0.05400000140070915,0.05620000138878822,0.046950001269578934
URY00076,2022-12-28,63.0,179.0,21.9,14.2,8.1,Toma de agua,-34.8297,-55.0421,South America,,678,0.03929999843239784,0.033799998462200165,0.0702499970793724,0.08330000191926956,0.0758500024676323,0.07890000194311142,0.054499998688697815,0.05400000140070915,0.05620000138878822,0.046950001269578934
URY00076,2022-12-29,67.0,179.0,21.4,13.3,8.1,Toma de agua,-34.8297,-55.0421,South America,,678,0.03929999843239784,0.033799998462200165,0.0702499970793724,0.08330000191926956,0.0758500024676323,0.07890000194311142,0.054499998688697815,0.05400000140070915,0.05620000138878822,0.046950001269578934
URY00076,2022-12-30,61.0,182.0,22.1,13.2,8.9,Toma de agua,-34.8297,-55.0421,South America,,678,0.058800000697374344,0.05090000107884407,0.0877000018954277,0.09920000284910202,0.09549999982118607,0.09669999778270721,0.07360000163316727,0.07280000299215317,0.07400000095367432,0.065700002014637
URY00076,2023-01-02,62.0,173.0,24.0,10.7,8.3,Toma de agua,-34.8297,-55.0421,South America,,678,0.03929999843239784,0.033799998462200165,0.0702499970793724,0.08330000191926956,0.0758500024676323,0.0778999999165535,0.054499998688697815,0.05400000140070915,0.05620000138878822,0.046950001269578934
URY00076,2023-01-03,59.0,188.0,22.0,12.8,8.2,Toma de agua,-34.8297,-55.0421,South America,,678,0.03929999843239784,0.033799998462200165,0.0702499970793724,0.08330000191926956,0.0758500024676323,0.0778999999165535,0.054499998688697815,0.05400000140070915,0.05620000138878822,0.046950001269578934
URY00076,2023-01-04,60.0,196.0,22.0,12.0,8.2,Toma de agua,-34.8297,-55.0421,South America,,678,0.03590000048279762,0.029200000688433647,0.07419999688863754,0.08900000154972076,0.07580000162124634,0.07670000195503235,0.05090000107884407,0.048700001090765,0.04780000075697899,0.04019999876618385
URY00076,2023-01-05,58.0,183.0,22.0,10.3,8.0,Toma de agua,-34.8297,-55.0421,South America,,678,0.04735000059008598,0.040049999952316284,0.08094999939203262,0.0940999984741211,0.0856499969959259,0.08669999986886978,0.06224999949336052,0.060750000178813934,0.0608999989926815,0.052949998527765274
URY00076,2023-01-09,58.0,184.0,22.0,8.4,8.0,Toma de agua,-34.8297,-55.0421,South America,,678,0.02305000089108944,0.01954999938607216,0.059450000524520874,0.07159999758005142,0.05934999883174896,0.05784999951720238,0.03604999929666519,0.035599999129772186,0.03424999862909317,0.028149999678134918
URY00076,2023-01-10,61.0,189.0,23.0,8.1,8.1,Toma de agua,-34.8297,-55.0421,South America,,678,0.02305000089108944,0.01954999938607216,0.059450000524520874,0.07159999758005142,0.05934999883174896,0.05784999951720238,0.03604999929666519,0.035599999129772186,0.03424999862909317,0.028149999678134918
URY00076,2023-01-11,61.0,188.0,23.0,7.7,8.1,Toma de agua,-34.8297,-55.0421,South America,,678,0.010200000368058681,0.00989999994635582,0.04470000043511391,0.05420000106096268,0.042899999767541885,0.039000000804662704,0.021199999377131462,0.02250000089406967,0.02070000022649765,0.016100000590085983
URY00076,2023-01-12,68.0,188.0,23.0,7.5,8.1,Toma de agua,-34.8297,-55.0421,South America,,678,0.010200000368058681,0.00989999994635582,0.04470000043511391,0.05420000106096268,0.042899999767541885,0.039000000804662704,0.021199999377131462,0.02250000089406967,0.02070000022649765,0.016100000590085983
URY00076,2023-01-13,60.0,187.0,24.0,7.5,8.4,Toma de agua,-34.8297,-55.0421,South America,,678,0.009349999949336052,0.008249999955296516,0.042649999260902405,0.054099999368190765,0.041349999606609344,0.03889999911189079,0.020250000059604645,0.020600000396370888,0.019700000062584877,0.016049999743700027
URY00076,2023-01-16,63.0,187.0,23.0,8.0,7.9,Toma de agua,-34.8297,-55.0421,South America,,678,0.013749999925494194,0.011149999685585499,0.04610000178217888,0.0617000013589859,0.04610000178217888,0.05195000022649765,0.027950000017881393,0.029200000688433647,0.02645000070333481,0.02019999921321869
URY00076,2023-01-17,62.0,189.0,24.0,7.7,8.5,Toma de agua,-34.8297,-55.0421,South America,,678,0.013749999925494194,0.011149999685585499,0.04610000178217888,0.0617000013589859,0.04610000178217888,0.05195000022649765,0.027950000017881393,0.029200000688433647,0.02645000070333481,0.02019999921321869
URY00076,2023-01-18,61.0,198.0,24.0,8.6,8.5,Toma de agua,-34.8297,-55.0421,South America,,678,0.008500000461935997,0.006599999964237213,0.0406000018119812,0.05400000140070915,0.039799999445676804,0.039000000804662704,0.021199999377131462,0.02250000089406967,0.018699999898672104,0.01600000075995922
URY00076,2023-01-19,61.0,190.0,24.0,9.3,8.9,Toma de agua,-34.8297,-55.0421,South America,,678,0.013749999925494194,0.011149999685585499,0.04610000178217888,0.0617000013589859,0.04610000178217888,0.05195000022649765,0.027950000017881393,0.029200000688433647,0.02645000070333481,0.02019999921321869
URY00076,2023-01-20,60.0,190.0,23.0,9.0,8.8,Toma de agua,-34.8297,-55.0421,South America,,678,0.013749999925494194,0.011149999685585499,0.04610000178217888,0.0617000013589859,0.04610000178217888,0.05195000022649765,0.027950000017881393,0.029200000688433647,0.02645000070333481,0.02019999921321869
URY00076,2023-01-23,66.0,189.0,25.0,10.7,9.0,Toma de agua,-34.8297,-55.0421,South America,,678,0.01899999938905239,0.015699999406933784,0.051600001752376556,0.06939999759197235,0.052400000393390656,0.0649000033736229,0.034699998795986176,0.03590000048279762,0.03420000150799751,0.024399999529123306
URY00076,2023-01-24,69.0,189.0,24.0,11.3,9.3,Toma de agua,-34.8297,-55.0421,South America,,678,0.01899999938905239,0.015699999406933784,0.051600001752376556,0.06939999759197235,0.052400000393390656,0.0649000033736229,0.034699998795986176,0.03590000048279762,0.03420000150799751,0.024399999529123306
URY00076,2023-01-25,54.0,190.0,24.0,10.0,8.6,Toma de agua,-34.8297,-55.0421,South America,,678,0.03150000050663948,0.025800000876188278,0.06350000202655792,0.0807500034570694,0.0637499988079071,0.07594999670982361,0.04749999940395355,0.04845000058412552,0.04554999992251396,0.03734999895095825
URY00076,2023-01-26,50.0,193.0,24.0,9.3,9.1,Toma de agua,-34.8297,-55.0421,South America,,678,0.03150000050663948,0.025800000876188278,0.06350000202655792,0.0807500034570694,0.0637499988079071,0.07594999670982361,0.04749999940395355,0.04845000058412552,0.04554999992251396,0.03734999895095825
URY00076,2023-01-27,56.0,187.0,24.0,9.2,9.1,Toma de agua,-34.8297,-55.0421,South America,,678,0.03150000050663948,0.025800000876188278,0.06350000202655792,0.0807500034570694,0.0637499988079071,0.07594999670982361,0.04749999940395355,0.04845000058412552,0.04554999992251396,0.03734999895095825
URY00076,2023-01-30,52.0,192.0,24.5,11.3,7.7,Toma de agua,-34.8297,-55.0421,South America,,678,0.04399999976158142,0.03590000048279762,0.07540000230073929,0.09210000187158585,0.07509999722242355,0.08699999749660492,0.06030000001192093,0.061000000685453415,0.05689999833703041,0.0502999983727932
URY00076,2023-01-31,59.0,189.0,25.0,10.8,7.5,Toma de agua,-34.8297,-55.0421,South America,,678,0.039799999445676804,0.031599998474121094,0.07320000231266022,0.0832500010728836,0.07334999740123749,0.08030000329017639,0.058649998158216476,0.059849999845027924,0.05654999986290932,0.050700001418590546
URY00076,2023-02-01,54.0,192.0,25.0,8.3,7.3,Toma de agua,-34.8297,-55.0421,South America,,678,0.039799999445676804,0.031599998474121094,0.07320000231266022,0.0832500010728836,0.07334999740123749,0.08030000329017639,0.058649998158216476,0.059849999845027924,0.05654999986290932,0.050700001418590546
URY00076,2023-02-06,58.0,189.0,23.0,14.0,7.4,Toma de agua,-34.8297,-55.0421,South America,,678,0.016850000247359276,0.013650000095367432,0.05335000157356262,0.05829999968409538,0.05225000157952309,0.05090000107884407,0.027950000017881393,0.028999999165534973,0.02930000051856041,0.023150000721216202
URY00076,2023-02-07,52.0,190.0,24.0,18.9,7.5,Toma de agua,-34.8297,-55.0421,South America,,678,0.016850000247359276,0.013650000095367432,0.05335000157356262,0.05829999968409538,0.05225000157952309,0.05090000107884407,0.027950000017881393,0.028999999165534973,0.02930000051856041,0.023150000721216202
URY00076,2023-02-08,53.0,189.0,24.0,12.0,7.6,Toma de agua,-34.8297,-55.0421,South America,,678,0.016850000247359276,0.013650000095367432,0.05335000157356262,0.05829999968409538,0.05225000157952309,0.05090000107884407,0.027950000017881393,0.028999999165534973,0.02930000051856041,0.023150000721216202
URY00076,2023-02-09,49.0,190.0,24.0,11.6,7.6,Toma de agua,-34.8297,-55.0421,South America,,678,0.016850000247359276,0.013650000095367432,0.05335000157356262,0.05829999968409538,0.05225000157952309,0.05090000107884407,0.027950000017881393,0.028999999165534973,0.02930000051856041,0.023150000721216202
URY00076,2023-02-10,50.0,190.0,24.0,12.7,7.4,Toma de agua,-34.8297,-55.0421,South America,,678,0.016850000247359276,0.013650000095367432,0.05335000157356262,0.05829999968409538,0.05225000157952309,0.05090000107884407,0.027950000017881393,0.028999999165534973,0.02930000051856041,0.023150000721216202
URY00076,2023-02-13,50.0,187.0,26.0,10.7,7.8,Toma de agua,-34.8297,-55.0421,South America,,678,0.011800000444054604,0.010099999606609344,0.05260000005364418,0.05429999902844429,0.04690000042319298,0.0471000000834465,0.02459999918937683,0.025499999523162842,0.02459999918937683,0.019999999552965164
URY00076,2023-02-14,61.0,186.0,25.0,11.6,7.6,Toma de agua,-34.8297,-55.0421,South America,,678,0.010300000198185444,0.009600000455975533,0.04675000160932541,0.050200000405311584,0.046300001442432404,0.04540000110864639,0.023399999365210533,0.023350000381469727,0.021700000390410423,0.0170499999076128
URY00076,2023-02-15,63.0,189.0,25.0,10.2,7.6,Toma de agua,-34.8297,-55.0421,South America,,678,0.010300000198185444,0.009600000455975533,0.04675000160932541,0.050200000405311584,0.046300001442432404,0.04540000110864639,0.023399999365210533,0.023350000381469727,0.021700000390410423,0.0170499999076128
URY00076,2023-02-16,54.0,185.0,24.0,12.7,7.5,Toma de agua,-34.8297,-55.0421,South America,,678,0.010300000198185444,0.009600000455975533,0.04675000160932541,0.050200000405311584,0.046300001442432404,0.04540000110864639,0.023399999365210533,0.023350000381469727,0.021700000390410423,0.0170499999076128
URY00076,2023-02-17,57.0,201.0,20.0,29.6,7.8,Toma de agua,-34.8297,-55.0421,South America,,678,0.008799999952316284,0.009100000374019146,0.04089999943971634,0.04610000178217888,0.04569999873638153,0.043699998408555984,0.022199999541044235,0.021199999377131462,0.018799999728798866,0.014100000262260437
URY00076,2023-02-20,44.0,188.0,18.0,22.2,7.6,Toma de agua,-34.8297,-55.0421,South America,,678,0.007550000213086605,0.0064500002190470695,0.04089999943971634,0.050700001418590546,0.050200000405311584,0.0466499999165535,0.023649999871850014,0.02355000004172325,0.0203000009059906,0.016049999743700027
URY00076,2023-02-21,51.0,187.0,19.0,19.8,7.6,Toma de agua,-34.8297,-55.0421,South America,,678,0.007550000213086605,0.0064500002190470695,0.04089999943971634,0.050700001418590546,0.050200000405311584,0.0466499999165535,0.023649999871850014,0.02355000004172325,0.0203000009059906,0.016049999743700027
URY00076,2023-02-22,51.0,185.0,20.5,20.5,7.8,Toma de agua,-34.8297,-55.0421,South America,,678,0.007550000213086605,0.0064500002190470695,0.04089999943971634,0.050700001418590546,0.050200000405311584,0.0466499999165535,0.023649999871850014,0.02355000004172325,0.0203000009059906,0.016049999743700027
URY00076,2023-02-23,50.0,188.0,21.0,19.7,7.8,Toma de agua,-34.8297,-55.0421,South America,,678,0.007550000213086605,0.0064500002190470695,0.04089999943971634,0.050700001418590546,0.050200000405311584,0.0466499999165535,0.023649999871850014,0.02355000004172325,0.0203000009059906,0.016049999743700027
URY00076,2023-02-24,52.0,186.0,22.2,19.1,7.6,Toma de agua,-34.8297,-55.0421,South America,,678,0.007550000213086605,0.0064500002190470695,0.04089999943971634,0.050700001418590546,0.050200000405311584,0.0466499999165535,0.023649999871850014,0.02355000004172325,0.0203000009059906,0.016049999743700027
URY00076,2023-03-01,53.0,186.0,23.0,21.0,7.7,Toma de agua,-34.8297,-55.0421,South America,,678,0.010200000368058681,0.008700000122189522,0.04820000007748604,0.05530000105500221,0.05350000038743019,0.05130000039935112,0.025100000202655792,0.0272000003606081,0.024000000208616257,0.017999999225139618
URY00076,2023-03-02,52.0,185.0,23.0,23.6,7.7,Toma de agua,-34.8297,-55.0421,South America,,678,0.010200000368058681,0.008700000122189522,0.04820000007748604,0.05530000105500221,0.05350000038743019,0.05130000039935112,0.025100000202655792,0.0272000003606081,0.024000000208616257,0.017999999225139618
URY00076,2023-03-03,44.0,195.0,25.9,24.0,7.8,Toma de agua,-34.8297,-55.0421,South America,,678,0.010200000368058681,0.008700000122189522,0.04820000007748604,0.05530000105500221,0.05350000038743019,0.05130000039935112,0.025100000202655792,0.0272000003606081,0.024000000208616257,0.017999999225139618
URY00076,2023-03-06,46.0,188.0,25.6,25.3,7.6,Toma de agua,-34.8297,-55.0421,South America,,678,0.010599999688565731,0.007600000128149986,0.04845000058412552,0.05420000106096268,0.0568000003695488,0.053950000554323196,0.02710000053048134,0.03020000085234642,0.02785000018775463,0.01899999938905239
URY00076,2023-03-07,47.0,186.0,24.6,26.5,7.6,Toma de agua,-34.8297,-55.0421,South America,,678,0.006599999964237213,0.005100000184029341,0.04820000007748604,0.05570000037550926,0.05299999937415123,0.053300000727176666,0.023800000548362732,0.027699999511241913,0.024000000208616257,0.014399999752640724
URY00076,2023-03-08,55.0,186.0,24.7,25.5,7.8,Toma de agua,-34.8297,-55.0421,South America,,678,0.006599999964237213,0.005100000184029341,0.04820000007748604,0.05570000037550926,0.05299999937415123,0.053300000727176666,0.023800000548362732,0.027699999511241913,0.024000000208616257,0.014399999752640724
URY00076,2023-03-09,60.0,189.0,25.4,25.3,7.8,Toma de agua,-34.8297,-55.0421,South America,,678,0.006599999964237213,0.005100000184029341,0.04820000007748604,0.05570000037550926,0.05299999937415123,0.053300000727176666,0.023800000548362732,0.027699999511241913,0.024000000208616257,0.014399999752640724
URY00076,2023-03-10,45.0,187.0,24.3,26.0,7.6,Toma de agua,-34.8297,-55.0421,South America,,678,0.006599999964237213,0.005100000184029341,0.04820000007748604,0.05570000037550926,0.05299999937415123,0.053300000727176666,0.023800000548362732,0.027699999511241913,0.024000000208616257,0.014399999752640724
URY00076,2023-03-13,57.0,188.0,25.0,26.5,7.8,Toma de agua,-34.8297,-55.0421,South America,,678,0.010499999858438969,0.008349999785423279,0.04805000126361847,0.05584999918937683,0.05674999952316284,0.05494999885559082,0.026499999687075615,0.03044999949634075,0.026650000363588333,0.01915000006556511
URY00076,2023-03-14,50.0,185.0,25.0,29.7,7.8,Toma de agua,-34.8297,-55.0421,South America,,678,0.006399999838322401,0.005100000184029341,0.0478999987244606,0.05570000037550926,0.05290000140666962,0.053300000727176666,0.022600000724196434,0.027699999511241913,0.02160000056028366,0.014399999752640724
URY00076,2023-03-15,58.0,189.0,25.0,29.6,7.8,Toma de agua,-34.8297,-55.0421,South America,,678,0.005549999885261059,0.004650000017136335,0.04374999925494194,0.05225000157952309,0.051249999552965164,0.0515500009059906,0.021950000897049904,0.02449999935925007,0.019200000911951065,0.012749999761581421
URY00076,2023-03-16,56.0,188.0,25.0,26.9,7.7,Toma de agua,-34.8297,-55.0421,South America,,678,0.005549999885261059,0.004650000017136335,0.04374999925494194,0.05225000157952309,0.051249999552965164,0.0515500009059906,0.021950000897049904,0.02449999935925007,0.019200000911951065,0.012749999761581421
URY00076,2023-03-17,46.0,193.0,24.0,28.5,7.8,Toma de agua,-34.8297,-55.0421,South America,,678,0.005549999885261059,0.004650000017136335,0.04374999925494194,0.05225000157952309,0.051249999552965164,0.0515500009059906,0.021950000897049904,0.02449999935925007,0.019200000911951065,0.012749999761581421
URY00076,2023-03-20,46.0,189.0,24.0,28.4,7.7,Toma de agua,-34.8297,-55.0421,South America,,678,0.005549999885261059,0.004650000017136335,0.04374999925494194,0.05225000157952309,0.051249999552965164,0.0515500009059906,0.021950000897049904,0.02449999935925007,0.019200000911951065,0.012749999761581421
URY00076,2023-03-21,47.0,184.0,23.0,22.1,7.8,Toma de agua,-34.8297,-55.0421,South America,,678,0.004699999932199717,0.00419999985024333,0.03959999978542328,0.04879999905824661,0.04960000142455101,0.049800001084804535,0.021299999207258224,0.021299999207258224,0.01679999940097332,0.011099999770522118
URY00076,2023-03-22,48.0,192.0,21.0,29.7,7.8,Toma de agua,-34.8297,-55.0421,South America,,678,0.004699999932199717,0.00419999985024333,0.03959999978542328,0.04879999905824661,0.04960000142455101,0.049800001084804535,0.021299999207258224,0.021299999207258224,0.01679999940097332,0.011099999770522118
URY00076,2023-03-23,44.0,187.0,22.0,28.9,7.8,Toma de agua,-34.8297,-55.0421,South America,,678,0.004699999932199717,0.00419999985024333,0.03959999978542328,0.04879999905824661,0.04960000142455101,0.049800001084804535,0.021299999207258224,0.021299999207258224,0.01679999940097332,0.011099999770522118
URY00076,2023-03-24,45.0,187.0,23.0,26.5,7.7,Toma de agua,-34.8297,-55.0421,South America,,678,0.004699999932199717,0.00419999985024333,0.03959999978542328,0.04879999905824661,0.04960000142455101,0.049800001084804535,0.021299999207258224,0.021299999207258224,0.01679999940097332,0.011099999770522118
URY00076,2023-03-27,54.0,193.0,23.6,30.0,7.6,Toma de agua,-34.8297,-55.0421,South America,,678,0.0052999998442828655,0.005200000014156103,0.043299999088048935,0.0502999983727932,0.052400000393390656,0.05144999921321869,0.024700000882148743,0.02525000087916851,0.020549999549984932,0.013700000010430813
URY00076,2023-03-28,53.0,189.0,22.2,28.9,7.9,Toma de agua,-34.8297,-55.0421,South America,,678,0.0052999998442828655,0.005200000014156103,0.043299999088048935,0.0502999983727932,0.052400000393390656,0.05144999921321869,0.024700000882148743,0.02525000087916851,0.020549999549984932,0.013700000010430813
URY00076,2023-03-29,52.0,191.0,22.4,29.0,7.8,Toma de agua,-34.8297,-55.0421,South America,,678,0.005900000222027302,0.006200000178068876,0.04699999839067459,0.05180000141263008,0.0551999993622303,0.05310000106692314,0.02810000069439411,0.029200000688433647,0.024299999698996544,0.016300000250339508
URY00076,2023-03-30,57.0,190.0,21.9,30.4,7.9,Toma de agua,-34.8297,-55.0421,South America,,678,0.005900000222027302,0.006200000178068876,0.04699999839067459,0.05180000141263008,0.0551999993622303,0.05310000106692314,0.02810000069439411,0.029200000688433647,0.024299999698996544,0.016300000250339508
URY00076,2023-03-31,55.0,200.0,22.2,40.2,7.8,Toma de agua,-34.8297,-55.0421,South America,,678,0.005900000222027302,0.006200000178068876,0.04699999839067459,0.05180000141263008,0.0551999993622303,0.05310000106692314,0.02810000069439411,0.029200000688433647,0.024299999698996544,0.016300000250339508
URY00076,2023-04-03,55.0,190.0,19.4,32.2,7.9,Toma de agua,-34.8297,-55.0421,South America,,678,0.005900000222027302,0.006200000178068876,0.04699999839067459,0.05180000141263008,0.0551999993622303,0.05310000106692314,0.02810000069439411,0.029200000688433647,0.024299999698996544,0.016300000250339508
URY00076,2023-04-05,60.0,190.0,19.3,42.3,7.7,Toma de agua,-34.8297,-55.0421,South America,,678,0.004600000102072954,0.004650000017136335,0.042249999940395355,0.04820000007748604,0.051100000739097595,0.05270000174641609,0.026350000873208046,0.027300000190734863,0.022949999198317528,0.015549999661743641
URY00076,2023-04-10,69.0,184.0,20.4,34.3,7.9,Toma de agua,-34.8297,-55.0421,South America,,678,0.0032999999821186066,0.003100000089034438,0.03750000149011612,0.044599998742341995,0.04699999839067459,0.052299998700618744,0.02459999918937683,0.02539999969303608,0.02160000056028366,0.014800000004470348
URY00076,2023-04-11,60.0,192.0,20.5,32.5,7.8,Toma de agua,-34.8297,-55.0421,South America,,678,0.003650000086054206,0.0035500000230968,0.03604999929666519,0.04600000008940697,0.05079999938607216,0.053449999541044235,0.025200000032782555,0.026599999517202377,0.021800000220537186,0.01590000092983246
URY00076,2023-04-12,64.0,193.0,20.9,30.7,7.7,Toma de agua,-34.8297,-55.0421,South America,,678,0.003650000086054206,0.0035500000230968,0.03604999929666519,0.04600000008940697,0.05079999938607216,0.053449999541044235,0.025200000032782555,0.026599999517202377,0.021800000220537186,0.01590000092983246
URY00076,2023-04-13,62.0,189.0,19.1,36.2,7.9,Toma de agua,-34.8297,-55.0421,South America,,678,0.003650000086054206,0.0035500000230968,0.03604999929666519,0.04600000008940697,0.05079999938607216,0.053449999541044235,0.025200000032782555,0.026599999517202377,0.021800000220537186,0.01590000092983246
URY00076,2023-04-14,67.0,190.0,18.9,34.0,7.8,Toma de agua,-34.8297,-55.0421,South America,,678,0.004000000189989805,0.0038999998942017555,0.03750000149011612,0.04740000143647194,0.05460000038146973,0.054499998688697815,0.025800000876188278,0.027300000190734863,0.02199999988079071,0.016200000420212746
URY00076,2023-04-17,58.0,194.0,17.0,34.6,7.8,Toma de agua,-34.8297,-55.0421,South America,,678,0.004000000189989805,0.0038999998942017555,0.03750000149011612,0.04740000143647194,0.05460000038146973,0.054499998688697815,0.025800000876188278,0.027300000190734863,0.02199999988079071,0.016200000420212746
URY00076,2023-04-18,56.0,195.0,16.0,33.7,7.9,Toma de agua,-34.8297,-55.0421,South America,,678,0.004800000227987766,0.003949999809265137,0.0385500006377697,0.04960000142455101,0.054999999701976776,0.05454999953508377,0.026900000870227814,0.027550000697374344,0.023350000381469727,0.016599999740719795
URY00076,2023-04-19,57.0,198.0,16.0,44.1,7.7,Toma de agua,-34.8297,-55.0421,South America,,678,0.004800000227987766,0.003949999809265137,0.0385500006377697,0.04960000142455101,0.054999999701976776,0.05454999953508377,0.026900000870227814,0.027550000697374344,0.023350000381469727,0.016599999740719795
URY00076,2023-04-20,61.0,195.0,15.0,35.3,8.0,Toma de agua,-34.8297,-55.0421,South America,,678,0.004800000227987766,0.003949999809265137,0.0385500006377697,0.04960000142455101,0.054999999701976776,0.05454999953508377,0.026900000870227814,0.027550000697374344,0.023350000381469727,0.016599999740719795
URY00076,2023-04-21,60.0,194.0,16.0,33.7,7.9,Toma de agua,-34.8297,-55.0421,South America,,678,0.004800000227987766,0.003949999809265137,0.0385500006377697,0.04960000142455101,0.054999999701976776,0.05454999953508377,0.026900000870227814,0.027550000697374344,0.023350000381469727,0.016599999740719795
URY00076,2023-04-24,65.0,194.0,17.0,35.1,8.0,Toma de agua,-34.8297,-55.0421,South America,,678,0.004800000227987766,0.003949999809265137,0.0385500006377697,0.04960000142455101,0.054999999701976776,0.05454999953508377,0.026900000870227814,0.027550000697374344,0.023350000381469727,0.016599999740719795
URY00076,2023-04-25,67.0,195.0,17.0,34.7,7.9,Toma de agua,-34.8297,-55.0421,South America,,678,0.00559999980032444,0.0038999998942017555,0.042500000447034836,0.05180000141263008,0.055399999022483826,0.054499998688697815,0.02800000086426735,0.027300000190734863,0.024700000882148743,0.016200000420212746
URY00076,2023-04-26,57.0,194.0,18.0,33.6,7.9,Toma de agua,-34.8297,-55.0421,South America,,678,0.004749999847263098,0.0032999999821186066,0.04024999961256981,0.04984999820590019,0.053950000554323196,0.05364999920129776,0.02694999985396862,0.02655000053346157,0.024000000208616257,0.016499999910593033
URY00076,2023-04-27,55.0,196.0,17.0,32.9,7.92,Toma de agua,-34.8297,-55.0421,South America,,678,0.004749999847263098,0.0032999999821186066,0.04024999961256981,0.04984999820590019,0.053950000554323196,0.05364999920129776,0.02694999985396862,0.02655000053346157,0.024000000208616257,0.016499999910593033
URY00076,2023-04-28,55.0,210.0,17.0,35.0,7.8,Toma de agua,-34.8297,-55.0421,South America,,678,0.0038999998942017555,0.0027000000700354576,0.03799999877810478,0.0478999987244606,0.05249999836087227,0.052799999713897705,0.02590000070631504,0.025800000876188278,0.02329999953508377,0.01679999940097332
URY00076,2023-05-02,60.0,195.0,16.0,36.4,7.9,Toma de agua,-34.8297,-55.0421,South America,,678,0.0038999998942017555,0.0027000000700354576,0.03799999877810478,0.0478999987244606,0.05249999836087227,0.052799999713897705,0.02590000070631504,0.025800000876188278,0.02329999953508377,0.01679999940097332
URY00076,2023-05-03,60.0,189.0,16.0,34.6,7.9,Toma de agua,-34.8297,-55.0421,South America,,678,0.0038999998942017555,0.0027000000700354576,0.03799999877810478,0.0478999987244606,0.05249999836087227,0.052799999713897705,0.02590000070631504,0.025800000876188278,0.02329999953508377,0.01679999940097332
URY00076,2023-05-04,60.0,191.0,16.0,35.9,7.9,Toma de agua,-34.8297,-55.0421,South America,,678,0.0038999998942017555,0.0027000000700354576,0.03799999877810478,0.0478999987244606,0.05249999836087227,0.052799999713897705,0.02590000070631504,0.025800000876188278,0.02329999953508377,0.01679999940097332
URY00076,2023-05-05,60.0,195.0,16.0,36.6,7.9,Toma de agua,-34.8297,-55.0421,South America,,678,0.0038999998942017555,0.0027000000700354576,0.03799999877810478,0.0478999987244606,0.05249999836087227,0.052799999713897705,0.02590000070631504,0.025800000876188278,0.02329999953508377,0.01679999940097332
URY00076,2023-05-08,59.0,196.0,17.5,38.2,8.0,Toma de agua,-34.8297,-55.0421,South America,,678,0.003949999809265137,0.0033499998971819878,0.03849999979138374,0.04839999973773956,0.05274999886751175,0.05324999988079071,0.027899999171495438,0.027499999850988388,0.02370000071823597,0.016049999743700027
URY00076,2023-05-09,58.0,199.0,16.0,42.3,8.0,Toma de agua,-34.8297,-55.0421,South America,,678,0.0038999998942017555,0.002899999963119626,0.039000000804662704,0.048900000751018524,0.05299999937415123,0.05299999937415123,0.02590000070631504,0.029200000688433647,0.02329999953508377,0.015599999576807022
URY00076,2023-05-10,55.0,190.0,16.0,38.9,8.0,Toma de agua,-34.8297,-55.0421,South America,,678,0.0033499998971819878,0.003449999960139394,0.039799999445676804,0.04910000041127205,0.05380000174045563,0.05335000157356262,0.02775000035762787,0.029200000688433647,0.023600000888109207,0.015449999831616879
URY00077,2019-03-01,,125.0,22.21,10.0,7.66,Norte,-34.795,-55.0502,South America,186.0,678,0.005499999970197678,0.0048500001430511475,0.03164999932050705,0.040950000286102295,0.03465000167489052,0.0333000011742115,0.017149999737739563,0.017799999564886093,0.014949999749660492,0.011950000189244747
URY00077,2019-03-07,,130.0,23.58,7.1,7.1,Norte,-34.795,-55.0502,South America,146.0,678,0.006399999838322401,0.005200000014156103,0.033399999141693115,0.0421999990940094,0.03440000116825104,0.0333000011742115,0.01810000091791153,0.01850000023841858,0.015399999916553497,0.012299999594688416
URY00077,2019-03-14,,123.0,21.64,9.7,7.7,Norte,-34.795,-55.0502,South America,182.0,678,0.06515000015497208,0.06310000270605087,0.0957999974489212,0.11699999868869781,0.10809999704360962,0.09404999762773514,0.07930000126361847,0.07779999822378159,0.09279999881982803,0.07304999977350235
URY00077,2019-03-22,,122.0,21.03,9.7,7.66,Norte,-34.795,-55.0502,South America,132.0,678,0.06814999878406525,0.06634999811649323,0.1046999990940094,0.12129999697208405,0.11105000227689743,0.09730000048875809,0.08285000175237656,0.0807500034570694,0.09574999660253525,0.07580000162124634
URY00077,2019-03-29,,120.0,19.76,9.2,7.66,Norte,-34.795,-55.0502,South America,173.0,678,0.012400000356137753,0.011699999682605267,0.05119999870657921,0.05079999938607216,0.040300000458955765,0.039799999445676804,0.025200000032782555,0.024399999529123306,0.021299999207258224,0.017799999564886093
URY00077,2019-04-04,,126.0,21.75,8.5,7.25,Norte,-34.795,-55.0502,South America,143.0,678,0.0032999999821186066,0.0035500000230968,0.030899999663233757,0.03994999825954437,0.033900000154972076,0.03139999881386757,0.014000000432133675,0.0142000000923872,0.011049999855458736,0.008999999612569809
URY00077,2019-04-12,,121.0,19.84,14.0,7.77,Norte,-34.795,-55.0502,South America,171.0,678,0.003800000064074993,0.004000000189989805,0.027400000020861626,0.03830000013113022,0.03220000118017197,0.03009999915957451,0.013100000098347664,0.013799999840557575,0.010999999940395355,0.009399999864399433
URY00077,2019-05-18,,117.0,16.34,9.0,7.35,Norte,-34.795,-55.0502,South America,139.0,678,0.0030499999411404133,0.0031500000040978193,0.03034999966621399,0.03759999945759773,0.03139999881386757,0.026799999177455902,0.011300000362098217,0.010950000025331974,0.00795000046491623,0.0066999997943639755
URY00077,2019-08-01,,105.0,12.32,15.0,7.63,Norte,-34.795,-55.0502,South America,213.0,678,0.0010000000474974513,0.0015999999595806003,0.02370000071823597,0.03009999915957451,0.03530000150203705,0.031599998474121094,0.012299999594688416,0.011800000444054604,0.00989999994635582,0.006200000178068876
URY00077,2019-09-22,,113.0,15.04,14.9,7.62,Norte,-34.795,-55.0502,South America,227.0,678,0.008500000461935997,0.008700000122189522,0.035100001841783524,0.04470000043511391,0.04500000178813934,0.04309999942779541,0.025599999353289604,0.023900000378489494,0.021800000220537186,0.017000000923871994
URY00077,2019-11-06,,112.0,20.83,14.7,7.11,Norte,-34.795,-55.0502,South America,252.0,678,0.027899999171495438,0.023499999195337296,0.05719999969005585,0.06629999727010727,0.06469999998807907,0.06350000202655792,0.043299999088048935,0.042100001126527786,0.04390000179409981,0.03579999879002571
URY00077,2019-11-15,,121.0,22.87,14.4,7.49,Norte,-34.795,-55.0502,South America,237.0,678,0.009800000116229057,0.007899999618530273,0.038600001484155655,0.04500000178813934,0.04520000144839287,0.04529999941587448,0.02800000086426735,0.028999999165534973,0.024399999529123306,0.020800000056624413
URY00077,2019-11-27,,121.0,22.1,17.7,7.28,Norte,-34.795,-55.0502,South America,201.0,678,0.057500001043081284,0.0502999983727932,0.08950000256299973,0.09910000115633011,0.09740000218153,0.1005999967455864,0.07729999721050262,0.0754999965429306,0.07750000059604645,0.06719999760389328
URY00077,2019-12-13,,130.0,23.44,18.9,7.88,Norte,-34.795,-55.0502,South America,248.0,678,0.05040000006556511,0.042399998754262924,0.07909999787807465,0.09049999713897705,0.0828000009059906,0.10050000250339508,0.07559999823570251,0.07150000333786011,0.07460000365972519,0.061400000005960464
URY00077,2019-12-23,,125.0,21.24,22.6,7.95,Norte,-34.795,-55.0502,South America,328.0,678,0.029750000685453415,0.025350000709295273,0.05550000071525574,0.06679999828338623,0.06199999898672104,0.07355000078678131,0.05040000006556511,0.04774999991059303,0.04715000092983246,0.03905000165104866
URY00077,2019-12-30,,140.0,25.77,11.5,8.13,Norte,-34.795,-55.0502,South America,198.0,678,0.009100000374019146,0.008299999870359898,0.03189999982714653,0.04309999942779541,0.041200000792741776,0.04659999907016754,0.025200000032782555,0.024000000208616257,0.019700000062584877,0.016699999570846558
URY00077,2020-01-07,,139.0,24.04,15.9,8.61,Norte,-34.795,-55.0502,South America,226.0,678,0.014999999664723873,0.012199999764561653,0.043299999088048935,0.0568000003695488,0.047600001096725464,0.053199999034404755,0.03620000183582306,0.03579999879002571,0.031599998474121094,0.028300000354647636
URY00077,2020-01-16,,141.0,23.26,7.0,7.35,Norte,-34.795,-55.0502,South America,144.0,678,0.0182499997317791,0.015300000086426735,0.0458500012755394,0.05745000019669533,0.04774999991059303,0.05420000106096268,0.0377499982714653,0.037300001829862595,0.03449999913573265,0.031150000169873238
URY00077,2020-01-24,,151.0,24.93,1.4,7.16,Norte,-34.795,-55.0502,South America,89.0,678,0.010099999606609344,0.007149999961256981,0.030700000002980232,0.03660000115633011,0.02734999917447567,0.02889999933540821,0.027049999684095383,0.027699999511241913,0.026149999350309372,0.024150000885128975
URY00077,2020-01-31,,150.0,24.66,1.8,7.69,Norte,-34.795,-55.0502,South America,110.0,678,0.011500000022351742,0.009700000286102295,0.032499998807907104,0.035599999129772186,0.027499999850988388,0.021900000050663948,0.021900000050663948,0.021900000050663948,0.023399999365210533,0.01889999955892563
URY00077,2020-02-06,,155.0,26.25,1.8,7.77,Norte,-34.795,-55.0502,South America,63.0,678,0.007550000213086605,0.0064500002190470695,0.025849999859929085,0.030899999663233757,0.021400000900030136,0.02005000039935112,0.016499999910593033,0.016899999231100082,0.016699999570846558,0.013799999840557575
URY00077,2020-02-11,,151.0,24.33,1.3,7.7,Norte,-34.795,-55.0502,South America,75.0,678,0.003599999938160181,0.0031999999191612005,0.013399999588727951,0.020099999383091927,0.011300000362098217,0.010599999688565731,0.007400000002235174,0.008100000210106373,0.0071000000461936,0.006300000008195639
URY00077,2020-02-19,,153.0,25.15,1.5,7.18,Norte,-34.795,-55.0502,South America,81.0,678,0.0024999999441206455,0.00215000007301569,0.010499999858438969,0.015049999579787254,0.008949999697506428,0.008849999867379665,0.007000000216066837,0.007699999958276749,0.006949999835342169,0.005950000137090683
URY00077,2020-02-27,,143.0,20.81,1.9,7.53,Norte,-34.795,-55.0502,South America,86.0,678,0.004900000058114529,0.003700000001117587,0.023499999195337296,0.026900000870227814,0.015599999576807022,0.016499999910593033,0.010200000368058681,0.01209999993443489,0.010400000028312206,0.00800000037997961
URY00077,2020-03-04,,153.0,24.2,2.0,8.32,Norte,-34.795,-55.0502,South America,50.0,678,0.005849999841302633,0.0042500002309679985,0.02319999970495701,0.029349999502301216,0.016599999740719795,0.017799999564886093,0.013000000268220901,0.01425000000745058,0.01205000001937151,0.01080000028014183
URY00077,2020-03-20,,149.0,21.83,11.0,8.1,Norte,-34.795,-55.0502,South America,102.0,678,0.002899999963119626,0.002099999925121665,0.02160000056028366,0.0466499999165535,0.02290000021457672,0.032749999314546585,0.014399999752640724,0.014800000004470348,0.012000000104308128,0.009650000371038914
URY00077,2020-03-26,,154.0,23.69,40.9,8.6,Norte,-34.795,-55.0502,South America,224.0,678,0.0019499999471008778,0.001449999981559813,0.02160000056028366,0.04724999889731407,0.02290000021457672,0.03909999877214432,0.016100000590085983,0.017100000753998756,0.013100000098347664,0.009650000371038914
URY00077,2020-04-04,,142.0,20.3,29.2,7.79,Norte,-34.795,-55.0502,South America,368.0,678,0.10859999805688858,0.1451999992132187,0.07090000063180923,0.10980000346899033,0.1151999980211258,0.1298000067472458,0.11909999698400497,0.1451999992132187,0.06440000236034393,0.15369999408721924
URY00077,2020-04-11,,138.0,18.56,26.0,7.85,Norte,-34.795,-55.0502,South America,295.0,678,0.10859999805688858,0.1451999992132187,0.07090000063180923,0.10980000346899033,0.1151999980211258,0.1298000067472458,0.11909999698400497,0.1451999992132187,0.06440000236034393,0.15369999408721924
URY00077,2020-04-18,,136.0,18.23,34.8,7.46,Norte,-34.795,-55.0502,South America,356.0,678,0.0017999999690800905,0.0013000000035390258,0.03269999846816063,0.045499999076128006,0.040699999779462814,0.042899999767541885,0.0203000009059906,0.0210999995470047,0.01549999974668026,0.011099999770522118
URY00077,2020-04-23,,139.0,18.77,17.3,8.45,Norte,-34.795,-55.0502,South America,168.0,678,0.0017999999690800905,0.0013000000035390258,0.03269999846816063,0.045499999076128006,0.040699999779462814,0.042899999767541885,0.0203000009059906,0.0210999995470047,0.01549999974668026,0.011099999770522118
URY00077,2020-05-02,,134.0,16.95,25.9,7.54,Norte,-34.795,-55.0502,South America,302.0,678,0.0071000000461936,0.007350000087171793,0.022050000727176666,0.025949999690055847,0.018799999728798866,0.023150000721216202,0.015250000171363354,0.014000000432133675,0.01295000035315752,0.010900000110268593
URY00077,2020-11-08,,142.0,21.19,3.1,7.48,Norte,-34.795,-55.0502,South America,76.0,678,0.02930000051856041,0.025800000876188278,0.05790000036358833,0.07940000295639038,0.06030000001192093,0.0706000030040741,0.04650000110268593,0.04619999974966049,0.04619999974966049,0.03779999911785126
URY00077,2020-11-13,,143.0,21.69,3.4,7.82,Norte,-34.795,-55.0502,South America,88.0,678,0.15974999964237213,0.14749999344348907,0.1876000016927719,0.17155000567436218,0.15160000324249268,0.1843000054359436,0.18389999866485596,0.18455000221729279,0.19290000200271606,0.18365000188350677
URY00077,2020-11-29,,143.0,22.99,6.9,7.75,Norte,-34.795,-55.0502,South America,92.0,678,0.03674999997019768,0.02775000035762787,0.06260000169277191,0.06639999896287918,0.05595000088214874,0.062049999833106995,0.04430000111460686,0.04569999873638153,0.04064999893307686,0.03824999928474426
URY00077,2020-12-07,,130.0,21.97,4.9,7.8,Norte,-34.795,-55.0502,South America,99.0,678,0.05025000125169754,0.03959999978542328,0.07490000128746033,0.07859999686479568,0.06650000065565109,0.07320000231266022,0.056299999356269836,0.057349998503923416,0.057349998503923416,0.05009999871253967
URY00077,2020-12-12,,138.0,23.69,4.5,7.56,Norte,-34.795,-55.0502,South America,88.0,678,0.0544000007212162,0.04600000008940697,0.08460000157356262,0.09390000253915787,0.08030000329017639,0.07729999721050262,0.0617000013589859,0.0617000013589859,0.06809999793767929,0.0551999993622303
URY00077,2020-12-17,,136.0,22.93,4.3,7.4,Norte,-34.795,-55.0502,South America,80.0,678,0.03480000048875809,0.030899999663233757,0.06055000051856041,0.0677499994635582,0.058150000870227814,0.05654999986290932,0.042500000447034836,0.0421999990940094,0.04399999976158142,0.03750000149011612
URY00077,2020-12-23,,132.0,23.11,6.7,7.8,Norte,-34.795,-55.0502,South America,107.0,678,0.0674000009894371,0.06019999831914902,0.09300000220537186,0.10040000081062317,0.0908999964594841,0.09030000120401382,0.07670000195503235,0.07429999858140945,0.08049999922513962,0.07020000368356705
URY00077,2020-12-29,,134.0,25.54,6.4,7.35,Norte,-34.795,-55.0502,South America,102.0,678,0.0024999999441206455,0.002099999925121665,0.029500000178813934,0.03519999980926514,0.027000000700354576,0.02539999969303608,0.009200000204145908,0.010400000028312206,0.007799999788403511,0.005400000140070915
URY00077,2021-01-08,,130.0,24.77,12.1,7.43,Norte,-34.795,-55.0502,South America,123.0,678,0.025699999183416367,0.021649999544024467,0.060100000351667404,0.06714999675750732,0.06069999933242798,0.056299999356269836,0.03739999979734421,0.03674999997019768,0.0377499982714653,0.03044999949634075
URY00077,2021-11-09,,155.0,22.27,16.8,8.26,Norte,-34.795,-55.0502,South America,210.0,678,0.016349999234080315,0.014150000177323818,0.053599998354911804,0.06185000017285347,0.061650000512599945,0.05700000002980232,0.03415000066161156,0.033399999141693115,0.031550001353025436,0.02484999969601631
URY00077,2021-11-19,,156.0,22.5,16.9,7.97,Norte,-34.795,-55.0502,South America,202.0,678,0.014399999752640724,0.011099999770522118,0.04839999973773956,0.05790000036358833,0.060600001364946365,0.05889999866485596,0.033799998462200165,0.0340999998152256,0.03099999949336052,0.02449999935925007
URY00077,2021-11-24,,158.0,22.89,17.6,7.2,Norte,-34.795,-55.0502,South America,227.0,678,0.007799999788403511,0.005799999926239252,0.043800000101327896,0.051500000059604645,0.05274999886751175,0.04899999871850014,0.025100000202655792,0.025699999183416367,0.02225000038743019,0.016249999403953552
URY00077,2021-12-03,,158.0,21.77,19.4,7.85,Norte,-34.795,-55.0502,South America,203.0,678,0.009399999864399433,0.00800000037997961,0.05139999836683273,0.058800000697374344,0.05510000139474869,0.050700001418590546,0.02630000002682209,0.025800000876188278,0.021800000220537186,0.016899999231100082
URY00077,2021-12-08,,161.0,22.32,16.8,7.42,Norte,-34.795,-55.0502,South America,190.0,678,0.009399999864399433,0.00800000037997961,0.05139999836683273,0.058800000697374344,0.05510000139474869,0.050700001418590546,0.02630000002682209,0.025800000876188278,0.021800000220537186,0.016899999231100082
URY00077,2021-12-17,,165.0,23.56,14.8,8.18,Norte,-34.795,-55.0502,South America,180.0,678,0.009399999864399433,0.00800000037997961,0.049300000071525574,0.05730000138282776,0.050999999046325684,0.04834999889135361,0.02305000089108944,0.024399999529123306,0.01964999921619892,0.01549999974668026
URY00077,2021-12-23,,177.0,26.35,15.4,8.13,Norte,-34.795,-55.0502,South America,162.0,678,0.009399999864399433,0.00800000037997961,0.049300000071525574,0.05730000138282776,0.050999999046325684,0.04834999889135361,0.02305000089108944,0.024399999529123306,0.01964999921619892,0.01549999974668026
URY00077,2021-12-30,,176.0,25.77,14.7,8.41,Norte,-34.795,-55.0502,South America,152.0,678,0.027499999850988388,0.0243500005453825,0.06755000352859497,0.07774999737739563,0.07195000350475311,0.0710500031709671,0.044599998742341995,0.0442500002682209,0.043299999088048935,0.035599999129772186
URY00077,2022-01-06,,172.0,25.51,14.9,7.86,Norte,-34.795,-55.0502,South America,172.0,678,0.021400000900030136,0.01850000023841858,0.05550000071525574,0.06499999761581421,0.05869999900460243,0.05620000138878822,0.03449999913573265,0.03400000184774399,0.03220000118017197,0.026399999856948853
URY00077,2022-01-13,,180.0,26.69,14.3,7.34,Norte,-34.795,-55.0502,South America,185.0,678,0.021400000900030136,0.01850000023841858,0.05550000071525574,0.06499999761581421,0.05869999900460243,0.05620000138878822,0.03449999913573265,0.03400000184774399,0.03220000118017197,0.026399999856948853
URY00077,2022-01-20,,171.0,24.04,11.6,7.93,Norte,-34.795,-55.0502,South America,136.0,678,0.035999998450279236,0.030400000512599945,0.061799999326467514,0.07169999927282333,0.07029999792575836,0.07190000265836716,0.05169999971985817,0.05249999836087227,0.048500001430511475,0.04540000110864639
URY00077,2022-01-28,,160.0,24.91,9.8,7.36,Norte,-34.795,-55.0502,South America,149.0,678,0.01665000058710575,0.01355000026524067,0.040150001645088196,0.04814999923110008,0.044599998742341995,0.04194999858736992,0.025750000029802322,0.025599999353289604,0.025049999356269836,0.020649999380111694
URY00077,2022-02-03,,157.0,25.05,9.3,7.3,Norte,-34.795,-55.0502,South America,165.0,678,0.0034000000450760126,0.0032999999821186066,0.03359999880194664,0.039400000125169754,0.03319999948143959,0.028699999675154686,0.013299999758601189,0.014499999582767487,0.010900000110268593,0.008200000040233135
URY00077,2022-02-09,,156.0,24.91,9.1,7.49,Norte,-34.795,-55.0502,South America,166.0,678,0.01590000092983246,0.013949999585747719,0.042100001126527786,0.05094999819993973,0.04675000160932541,0.04430000111460686,0.028550000861287117,0.028200000524520874,0.026100000366568565,0.021849999204277992
URY00077,2022-02-18,,152.0,23.76,9.5,7.58,Norte,-34.795,-55.0502,South America,172.0,678,0.0284000001847744,0.02459999918937683,0.050599999725818634,0.0625,0.06030000001192093,0.05990000069141388,0.043800000101327896,0.04190000146627426,0.04129999876022339,0.03550000116229057
URY00077,2022-02-25,,153.0,23.76,10.2,7.36,Norte,-34.795,-55.0502,South America,192.0,678,0.004100000020116568,0.003100000089034438,0.028200000524520874,0.03539999946951866,0.03310000151395798,0.032499998807907104,0.01590000092983246,0.016499999910593033,0.013899999670684338,0.010200000368058681
URY00077,2022-03-06,,151.0,23.81,11.0,7.37,Norte,-34.795,-55.0502,South America,177.0,678,0.003949999809265137,0.003000000026077032,0.02969999983906746,0.035999998450279236,0.033799998462200165,0.0320499986410141,0.01510000042617321,0.015049999579787254,0.013199999928474426,0.009800000116229057
URY00077,2022-03-15,,149.0,22.97,12.1,7.52,Norte,-34.795,-55.0502,South America,190.0,678,0.004399999976158142,0.004100000020116568,0.031199999153614044,0.040300000458955765,0.03799999877810478,0.03519999980926514,0.01810000091791153,0.018300000578165054,0.013899999670684338,0.011900000274181366
URY00077,2022-03-23,,143.0,20.86,13.3,7.12,Norte,-34.795,-55.0502,South America,181.0,678,0.004399999976158142,0.004100000020116568,0.031599998474121094,0.040300000458955765,0.03799999877810478,0.03519999980926514,0.01810000091791153,0.018300000578165054,0.013899999670684338,0.011900000274181366
URY00077,2022-04-01,,136.0,18.49,16.4,8.51,Norte,-34.795,-55.0502,South America,177.0,678,0.0013000000035390258,0.0007999999797903001,0.028599999845027924,0.03709999844431877,0.03660000115633011,0.03370000049471855,0.01510000042617321,0.013799999840557575,0.012799999676644802,0.00860000029206276
URY00077,2022-04-08,,141.0,19.77,14.2,8.1,Norte,-34.795,-55.0502,South America,165.0,678,0.0010000000474974513,0.000699999975040555,0.028349999338388443,0.03674999997019768,0.03550000116229057,0.03359999880194664,0.013949999585747719,0.013100000098347664,0.011599999852478504,0.007350000087171793
URY00077,2022-04-14,,140.0,19.11,14.3,8.33,Norte,-34.795,-55.0502,South America,181.0,678,0.003949999809265137,0.002950000111013651,0.0340999998152256,0.04190000146627426,0.03700000047683716,0.03689999878406525,0.017100000753998756,0.017249999567866325,0.012900000438094139,0.011049999855458736
URY00077,2022-04-22,,139.0,18.6,14.1,8.32,Norte,-34.795,-55.0502,South America,178.0,678,0.14159999787807465,0.13204999268054962,0.1766500025987625,0.17520000040531158,0.17509999871253967,0.18060000240802765,0.16535000503063202,0.1662999987602234,0.15870000422000885,0.16255000233650208
URY00077,2022-05-02,,130.0,16.51,14.2,8.52,Norte,-34.795,-55.0502,South America,168.0,678,0.00139999995008111,0.0013500000350177288,0.03044999949634075,0.03844999894499779,0.03610000014305115,0.03305000066757202,0.014650000259280205,0.01334999967366457,0.010700000450015068,0.007799999788403511
URY00077,2022-05-12,,132.0,16.65,7.37,7.37,Norte,-34.795,-55.0502,South America,175.0,678,0.0019000000320374966,0.002199999988079071,0.026799999177455902,0.03550000116229057,0.035100001841783524,0.03139999881386757,0.013199999928474426,0.010999999940395355,0.009499999694526196,0.006800000090152025
URY00077,2022-05-20,,124.0,13.7,31.8,8.31,Norte,-34.795,-55.0502,South America,230.0,678,0.0005499999970197678,0.0018500000005587935,0.02914999984204769,0.039900001138448715,0.03999999910593033,0.03970000147819519,0.017550000920891762,0.016300000250339508,0.015250000171363354,0.0101500004529953
URY00077,2022-06-23,,116.0,9.85,19.0,8.67,Norte,-34.795,-55.0502,South America,199.0,678,0.0008999999845400453,0.0013000000035390258,0.031599998474121094,0.04019999876618385,0.0406000018119812,0.037300001829862595,0.016300000250339508,0.015799999237060547,0.012199999764561653,0.010300000198185444
URY00077,2022-07-30,,122.0,12.43,20.8,7.65,Norte,-34.795,-55.0502,South America,212.0,678,0.002300000051036477,0.0019000000320374966,0.039000000804662704,0.043800000101327896,0.043800000101327896,0.03889999911189079,0.020099999383091927,0.02019999921321869,0.01640000008046627,0.01119999960064888
URY00077,2022-08-28,,126.0,12.47,16.6,7.91,Norte,-34.795,-55.0502,South America,207.0,678,0.005450000055134296,0.004600000102072954,0.03344999998807907,0.04650000110268593,0.045049998909235,0.04349999874830246,0.020999999716877937,0.020999999716877937,0.01744999922811985,0.013949999585747719
URY00077,2022-09-14,,134.0,14.41,15.8,7.73,Norte,-34.795,-55.0502,South America,184.0,678,0.0035000001080334187,0.0017000000225380063,0.042100001126527786,0.046300001442432404,0.04455000162124634,0.040950000286102295,0.021299999207258224,0.020800000056624413,0.018149999901652336,0.013050000183284283
URY00077,2022-10-31,,154.0,18.37,15.8,7.26,Norte,-34.795,-55.0502,South America,175.0,678,0.006399999838322401,0.004900000058114529,0.04800000041723251,0.053599998354911804,0.04780000075697899,0.047200001776218414,0.025200000032782555,0.02539999969303608,0.021800000220537186,0.016499999910593033
URY00077,2022-11-09,,163.0,20.53,15.2,7.18,Norte,-34.795,-55.0502,South America,187.0,678,0.00989999994635582,0.008700000122189522,0.04904999956488609,0.05649999901652336,0.05270000174641609,0.050599999725818634,0.028850000351667404,0.02850000001490116,0.025350000709295273,0.020649999380111694
URY00077,2022-11-16,,165.0,20.95,16.9,7.21,Norte,-34.795,-55.0502,South America,189.0,678,0.051899999380111694,0.04659999907016754,0.08720000088214874,0.09679999947547913,0.09480000287294388,0.09269999712705612,0.06809999793767929,0.06909999996423721,0.07020000368356705,0.060600001364946365
URY00077,2022-11-22,,167.0,21.62,16.8,7.64,Norte,-34.795,-55.0502,South America,178.0,678,0.033799998462200165,0.029999999329447746,0.0706000030040741,0.08020000159740448,0.07760000228881836,0.07569999992847443,0.05209999904036522,0.05209999904036522,0.050599999725818634,0.044199999421834946
URY00077,2022-12-05,,192.0,26.84,24.5,7.93,Norte,-34.795,-55.0502,South America,150.0,678,0.015699999406933784,0.013399999588727951,0.05400000140070915,0.06360000371932983,0.06040000170469284,0.05869999900460243,0.03610000014305115,0.035100001841783524,0.03099999949336052,0.027799999341368675
URY00077,2022-12-09,,191.0,26.28,20.2,7.47,Norte,-34.795,-55.0502,South America,154.0,678,0.007499999832361937,0.006300000008195639,0.04820000007748604,0.0551999993622303,0.04899999871850014,0.053599998354911804,0.02930000051856041,0.030500000342726707,0.025299999862909317,0.01899999938905239
URY00077,2022-12-14,,185.0,25.04,30.1,7.4,Norte,-34.795,-55.0502,South America,162.0,678,0.05480000004172325,0.04800000041723251,0.0843999981880188,0.0997999981045723,0.09759999811649323,0.10000000149011612,0.07620000094175339,0.0763000026345253,0.07180000096559525,0.06310000270605087
URY00077,2022-12-21,,180.0,23.1,22.2,7.99,Norte,-34.795,-55.0502,South America,162.0,678,0.05490000173449516,0.04800000041723251,0.09139999747276306,0.0997999981045723,0.09880000352859497,0.10000000149011612,0.07620000094175339,0.0763000026345253,0.07180000096559525,0.06520000100135803
URY00077,2022-12-30,,186.0,23.62,14.1,8.02,Norte,-34.795,-55.0502,South America,122.0,678,0.01640000008046627,0.013700000010430813,0.04650000110268593,0.05860000103712082,0.04910000041127205,0.054499998688697815,0.03480000048875809,0.03449999913573265,0.029400000348687172,0.02759999968111515
URY00077,2023-01-04,,191.0,24.06,12.1,8.19,Norte,-34.795,-55.0502,South America,136.0,678,0.017500000074505806,0.014399999752640724,0.04839999973773956,0.06030000001192093,0.04910000041127205,0.054499998688697815,0.03480000048875809,0.03449999913573265,0.029400000348687172,0.02759999968111515
URY00077,2023-01-12,,199.0,25.17,10.6,8.01,Norte,-34.795,-55.0502,South America,92.0,678,0.011599999852478504,0.00930000003427267,0.04520000144839287,0.06030000001192093,0.04349999874830246,0.048700001090765,0.026499999687075615,0.02630000002682209,0.02449999935925007,0.019899999722838402
URY00077,2023-01-19,,202.0,25.12,15.0,8.83,Norte,-34.795,-55.0502,South America,92.0,678,0.010400000028312206,0.008799999952316284,0.044199999421834946,0.05925000086426735,0.039250001311302185,0.05860000103712082,0.02759999968111515,0.027899999171495438,0.02474999986588955,0.01964999921619892
URY00077,2023-01-27,,208.0,27.22,21.9,8.75,Norte,-34.795,-55.0502,South America,99.0,678,0.024650000035762787,0.021700000390410423,0.05640000104904175,0.07349999994039536,0.051899999380111694,0.0775500014424324,0.047449998557567596,0.04740000143647194,0.042500000447034836,0.03474999964237213
URY00077,2023-02-02,,207.0,26.72,20.0,8.0,Norte,-34.795,-55.0502,South America,131.0,678,0.016200000420212746,0.013700000010430813,0.04280000180006027,0.06889999657869339,0.038600001484155655,0.09629999846220016,0.066600002348423,0.06750000268220901,0.058800000697374344,0.04309999942779541
URY00077,2023-02-09,,206.0,26.78,33.3,7.86,Norte,-34.795,-55.0502,South America,131.0,678,0.011749999597668648,0.009349999949336052,0.0458500012755394,0.06459999829530716,0.04259999841451645,0.07509999722242355,0.04600000008940697,0.04764999821782112,0.040300000458955765,0.03254999965429306
URY00077,2023-02-15,,206.0,26.19,20.0,7.28,Norte,-34.795,-55.0502,South America,147.0,678,0.00865000020712614,0.0066999997943639755,0.046149998903274536,0.05764999985694885,0.0466499999165535,0.05260000005364418,0.028750000521540642,0.03034999966621399,0.027799999341368675,0.021549999713897705
URY00077,2023-02-25,,196.0,23.92,21.9,6.74,Norte,-34.795,-55.0502,South America,205.0,678,0.009499999694526196,0.007300000172108412,0.04340000078082085,0.053599998354911804,0.05249999836087227,0.05079999938607216,0.028699999675154686,0.02800000086426735,0.025599999353289604,0.020999999716877937
URY00077,2023-03-04,,201.0,25.0,25.2,6.82,Norte,-34.795,-55.0502,South America,239.0,678,0.009499999694526196,0.007300000172108412,0.04800000041723251,0.05389999970793724,0.05249999836087227,0.05079999938607216,0.02879999950528145,0.03099999949336052,0.025599999353289604,0.021299999207258224
URY00077,2023-03-15,,209.0,26.6,27.4,7.1,Norte,-34.795,-55.0502,South America,267.0,678,0.00430000014603138,0.0030499999411404133,0.043049998581409454,0.05050000175833702,0.05274999886751175,0.051350001245737076,0.026149999350309372,0.026249999180436134,0.021549999713897705,0.015650000423192978
URY00077,2023-03-24,,197.0,24.19,31.1,7.36,Norte,-34.795,-55.0502,South America,268.0,678,0.0035000001080334187,0.0027000000700354576,0.039400000125169754,0.05040000006556511,0.053199999034404755,0.050700001418590546,0.026900000870227814,0.025200000032782555,0.0215000007301569,0.01549999974668026
URY00077,2023-03-29,,191.0,22.47,34.5,6.98,Norte,-34.795,-55.0502,South America,298.0,678,0.004100000020116568,0.0031999999191612005,0.04390000179409981,0.047600001096725464,0.05260000005364418,0.057100001722574234,0.03400000184774399,0.03539999946951866,0.027899999171495438,0.02239999920129776
URY00078,2019-03-01,,126.0,22.34,8.9,7.74,Sur,-34.841,-55.0683,South America,157.0,678,0.006300000008195639,0.0056500001810491085,0.03375000134110451,0.04235000163316727,0.03590000048279762,0.0357000008225441,0.01875000074505806,0.01810000091791153,0.01575000025331974,0.012600000016391277
URY00078,2019-03-07,,130.0,23.96,8.3,7.59,Sur,-34.841,-55.0683,South America,152.0,678,0.006500000134110451,0.006000000052154064,0.034299999475479126,0.041999999433755875,0.03440000116825104,0.03460000082850456,0.017899999395012856,0.01850000023841858,0.014399999752640724,0.01209999993443489
URY00078,2019-03-14,,123.0,21.42,11.3,7.49,Sur,-34.841,-55.0683,South America,191.0,678,0.008500000461935997,0.009100000374019146,0.03790000081062317,0.046799998730421066,0.040300000458955765,0.03754999861121178,0.019999999552965164,0.019600000232458115,0.016950000077486038,0.014150000177323818
URY00078,2019-03-22,,123.0,21.3,10.0,7.46,Sur,-34.841,-55.0683,South America,135.0,678,0.15850000083446503,0.14419999718666077,0.18344999849796295,0.19629999995231628,0.18790000677108765,0.1915999948978424,0.17784999310970306,0.1720999926328659,0.18774999678134918,0.16384999454021454
URY00078,2019-03-29,,119.0,19.68,9.5,7.65,Sur,-34.841,-55.0683,South America,151.0,678,0.30649998784065247,0.27619999647140503,0.3253999948501587,0.3409999907016754,0.3296000063419342,0.3427000045776367,0.3336000144481659,0.32350000739097595,0.35600000619888306,0.31150001287460327
URY00078,2019-04-04,,124.0,21.27,9.1,7.05,Sur,-34.841,-55.0683,South America,150.0,678,0.0037499999161809683,0.003449999960139394,0.03189999982714653,0.04010000079870224,0.0361500009894371,0.03370000049471855,0.014999999664723873,0.014399999752640724,0.011599999852478504,0.009050000458955765
URY00078,2019-04-12,,122.0,20.14,10.0,7.73,Sur,-34.841,-55.0683,South America,172.0,678,0.004100000020116568,0.00430000014603138,0.03189999982714653,0.04129999876022339,0.034299999475479126,0.03189999982714653,0.015699999406933784,0.01590000092983246,0.012799999676644802,0.010200000368058681
URY00078,2019-05-18,,118.0,16.8,9.6,7.51,Sur,-34.841,-55.0683,South America,134.0,678,0.003100000089034438,0.0015999999595806003,0.032999999821186066,0.040800001472234726,0.031599998474121094,0.027550000697374344,0.010700000450015068,0.010850000195205212,0.008799999952316284,0.006099999882280827
URY00078,2019-08-01,,105.0,12.41,15.2,7.69,Sur,-34.841,-55.0683,South America,370.0,678,0.000699999975040555,0.0019000000320374966,0.020999999716877937,0.032600000500679016,0.03359999880194664,0.029500000178813934,0.01209999993443489,0.010900000110268593,0.010599999688565731,0.007699999958276749
URY00078,2019-09-22,,117.0,14.86,15.0,7.73,Sur,-34.841,-55.0683,South America,211.0,678,0.008500000461935997,0.007000000216066837,0.03759999945759773,0.04230000078678131,0.04360000044107437,0.041600000113248825,0.023099999874830246,0.02160000056028366,0.020999999716877937,0.01640000008046627
URY00078,2019-11-06,,110.0,19.73,15.4,6.76,Sur,-34.841,-55.0683,South America,253.0,678,0.026599999517202377,0.02250000089406967,0.05559999868273735,0.06159999966621399,0.06360000371932983,0.06310000270605087,0.04280000180006027,0.04170000180602074,0.041999999433755875,0.03550000116229057
URY00078,2019-11-15,,119.0,22.31,14.9,7.48,Sur,-34.841,-55.0683,South America,243.0,678,0.004800000227987766,0.003599999938160181,0.03869999945163727,0.04399999976158142,0.041200000792741776,0.04309999942779541,0.025599999353289604,0.025800000876188278,0.02160000056028366,0.01600000075995922
URY00078,2019-11-27,,122.0,22.15,24.1,6.96,Sur,-34.841,-55.0683,South America,199.0,678,0.04560000076889992,0.03869999945163727,0.07599999755620956,0.08410000056028366,0.08489999920129776,0.08630000054836273,0.06430000066757202,0.06109999865293503,0.06369999796152115,0.05420000106096268
URY00078,2019-12-13,,131.0,23.61,15.0,8.17,Sur,-34.841,-55.0683,South America,210.0,678,0.03269999846816063,0.028300000354647636,0.06369999796152115,0.07249999791383743,0.06840000301599503,0.0722000002861023,0.05009999871253967,0.048500001430511475,0.04969999939203262,0.04190000146627426
URY00078,2019-12-23,,127.0,21.82,15.8,8.44,Sur,-34.841,-55.0683,South America,235.0,678,0.02135000005364418,0.01810000091791153,0.05025000125169754,0.06004999950528145,0.05460000038146973,0.05894999951124191,0.03725000098347664,0.03669999912381172,0.03635000064969063,0.029899999499320984
URY00078,2019-12-30,,139.0,25.38,13.5,8.34,Sur,-34.841,-55.0683,South America,200.0,678,0.009999999776482582,0.007899999618530273,0.03500000014901161,0.045899998396635056,0.040800001472234726,0.04569999873638153,0.024399999529123306,0.024900000542402267,0.023000000044703484,0.017899999395012856
URY00078,2020-01-07,,140.0,24.36,18.7,8.7,Sur,-34.841,-55.0683,South America,216.0,678,0.006200000178068876,0.004800000227987766,0.03620000183582306,0.04690000042319298,0.03420000150799751,0.042100001126527786,0.027000000700354576,0.027899999171495438,0.023600000888109207,0.017899999395012856
URY00078,2020-01-16,,141.0,23.36,9.9,7.31,Sur,-34.841,-55.0683,South America,186.0,678,0.009949999861419201,0.008949999697506428,0.03610000014305115,0.0458500012755394,0.0369499996304512,0.04024999961256981,0.03139999881386757,0.03240000084042549,0.02954999916255474,0.02734999917447567
URY00078,2020-01-24,,152.0,25.47,1.6,7.28,Sur,-34.841,-55.0683,South America,85.0,678,0.00860000029206276,0.006599999964237213,0.03099999949336052,0.03514999896287918,0.027000000700354576,0.026850000023841858,0.024399999529123306,0.025299999862909317,0.023250000551342964,0.021449999883770943
URY00078,2020-01-31,,152.0,25.39,1.4,7.23,Sur,-34.841,-55.0683,South America,92.0,678,0.008100000210106373,0.006399999838322401,0.026000000536441803,0.028699999675154686,0.02160000056028366,0.020099999383091927,0.016100000590085983,0.018400000408291817,0.016100000590085983,0.014700000174343586
URY00078,2020-02-06,,156.0,26.51,2.2,7.61,Sur,-34.841,-55.0683,South America,65.0,678,0.00559999980032444,0.005100000184029341,0.02239999920129776,0.029100000858306885,0.019449999555945396,0.018850000575184822,0.01360000018030405,0.013899999670684338,0.012400000356137753,0.01075000036507845
URY00078,2020-02-11,,151.0,24.74,0.9,7.41,Sur,-34.841,-55.0683,South America,59.0,678,0.007799999788403511,0.007600000128149986,0.02410000003874302,0.03150000050663948,0.023399999365210533,0.021299999207258224,0.016100000590085983,0.016100000590085983,0.014399999752640724,0.011599999852478504
URY00078,2020-02-19,,153.0,25.07,1.1,7.27,Sur,-34.841,-55.0683,South America,71.0,678,0.004399999976158142,0.0042500002309679985,0.01860000006854534,0.025949999690055847,0.01785000041127205,0.015799999237060547,0.011350000277161598,0.011149999685585499,0.009999999776482582,0.00800000037997961
URY00078,2020-02-27,,143.0,21.68,4.8,7.69,Sur,-34.841,-55.0683,South America,109.0,678,0.0044999998062849045,0.004399999976158142,0.02319999970495701,0.03060000017285347,0.017999999225139618,0.01889999955892563,0.010200000368058681,0.011599999852478504,0.009499999694526196,0.007600000128149986
URY00078,2020-03-04,,155.0,24.96,2.7,8.38,Sur,-34.841,-55.0683,South America,40.0,678,0.005200000014156103,0.004399999976158142,0.02329999953508377,0.03200000151991844,0.01915000006556511,0.01979999989271164,0.012400000356137753,0.013299999758601189,0.011149999685585499,0.010099999606609344
URY00078,2020-03-20,,148.0,21.87,5.7,8.07,Sur,-34.841,-55.0683,South America,92.0,678,0.003000000026077032,0.001550000044517219,0.022299999371170998,0.04385000094771385,0.022949999198317528,0.03060000017285347,0.01769999973475933,0.018950000405311584,0.012900000438094139,0.013050000183284283
URY00078,2020-03-26,,153.0,23.4,10.5,8.25,Sur,-34.841,-55.0683,South America,139.0,678,0.0019499999471008778,0.001550000044517219,0.021800000220537186,0.04809999838471413,0.02239999920129776,0.03884999826550484,0.021050000563263893,0.018950000405311584,0.01575000025331974,0.01269999984651804
URY00078,2020-04-18,,135.0,17.92,27.3,7.54,Sur,-34.841,-55.0683,South America,195.0,678,0.0019000000320374966,0.0013000000035390258,0.028300000354647636,0.05119999870657921,0.03290000185370445,0.05640000104904175,0.02590000070631504,0.02669999934732914,0.021800000220537186,0.015399999916553497
URY00078,2020-04-23,,139.0,18.97,17.1,8.3,Sur,-34.841,-55.0683,South America,196.0,678,0.0019000000320374966,0.0013000000035390258,0.028300000354647636,0.05119999870657921,0.03290000185370445,0.05640000104904175,0.02590000070631504,0.02669999934732914,0.021800000220537186,0.015399999916553497
URY00078,2020-05-02,,134.0,17.01,17.5,7.85,Sur,-34.841,-55.0683,South America,200.0,678,0.013500000350177288,0.018699999898672104,0.04490000009536743,0.06849999725818634,0.04535000026226044,0.06530000269412994,0.031099999323487282,0.03189999982714653,0.026200000196695328,0.02239999920129776
URY00078,2020-11-08,,143.0,21.39,2.0,7.54,Sur,-34.841,-55.0683,South America,79.0,678,0.03310000151395798,0.0284000001847744,0.05889999866485596,0.06840000301599503,0.060600001364946365,0.05849999934434891,0.04490000009536743,0.04259999841451645,0.04699999839067459,0.039400000125169754
URY00078,2020-11-13,,144.0,21.78,4.6,7.85,Sur,-34.841,-55.0683,South America,96.0,678,0.024000000208616257,0.02019999921321869,0.04625000059604645,0.05285000056028366,0.04405000060796738,0.0414000004529953,0.03229999914765358,0.03135000169277191,0.03175000101327896,0.0284000001847744
URY00078,2020-11-29,,143.0,23.53,5.9,7.84,Sur,-34.841,-55.0683,South America,83.0,678,0.02160000056028366,0.021150000393390656,0.04969999939203262,0.05649999901652336,0.046549998223781586,0.04529999941587448,0.030750000849366188,0.031700000166893005,0.02824999950826168,0.0272000003606081
URY00078,2020-12-07,,137.0,22.08,6.1,7.85,Sur,-34.841,-55.0683,South America,98.0,678,0.016499999910593033,0.016300000250339508,0.052149999886751175,0.05654999986290932,0.04374999925494194,0.041099999099969864,0.025499999523162842,0.02669999934732914,0.02419999986886978,0.021250000223517418
URY00078,2020-12-12,,133.0,23.39,5.1,7.4,Sur,-34.841,-55.0683,South America,89.0,678,0.01080000028014183,0.010999999940395355,0.048700001090765,0.054499998688697815,0.039400000125169754,0.035100001841783524,0.020400000736117363,0.01940000057220459,0.019700000062584877,0.015200000256299973
URY00078,2020-12-17,,137.0,24.19,3.4,7.7,Sur,-34.841,-55.0683,South America,81.0,678,0.036649998277425766,0.03400000184774399,0.06064999848604202,0.06684999912977219,0.0588500015437603,0.05730000138282776,0.04365000128746033,0.04475000128149986,0.04610000178217888,0.03959999978542328
URY00078,2020-12-23,,133.0,23.59,4.9,7.7,Sur,-34.841,-55.0683,South America,105.0,678,0.036649998277425766,0.03400000184774399,0.06064999848604202,0.06684999912977219,0.0588500015437603,0.05730000138282776,0.04365000128746033,0.04475000128149986,0.04610000178217888,0.03959999978542328
URY00078,2020-12-29,,137.0,26.12,5.4,7.72,Sur,-34.841,-55.0683,South America,97.0,678,0.00279999990016222,0.003100000089034438,0.030700000002980232,0.03545000031590462,0.02539999969303608,0.023350000381469727,0.009200000204145908,0.010400000028312206,0.009150000289082527,0.005799999926239252
URY00078,2021-01-08,,129.0,24.47,10.1,7.83,Sur,-34.841,-55.0683,South America,127.0,678,0.01209999993443489,0.010250000283122063,0.0393499992787838,0.047600001096725464,0.03959999978542328,0.03849999979138374,0.02160000056028366,0.021199999377131462,0.019950000569224358,0.015200000256299973
URY00078,2021-11-09,,148.0,20.59,16.8,8.23,Sur,-34.841,-55.0683,South America,202.0,678,0.06790000200271606,0.062449999153614044,0.08829999715089798,0.09465000033378601,0.09369999915361404,0.09220000356435776,0.07400000095367432,0.07259999960660934,0.07580000162124634,0.06530000269412994
URY00078,2021-11-19,,152.0,21.7,17.5,8.02,Sur,-34.841,-55.0683,South America,200.0,678,0.009100000374019146,0.010400000028312206,0.041999999433755875,0.05530000105500221,0.05420000106096268,0.048700001090765,0.026399999856948853,0.02459999918937683,0.023000000044703484,0.017799999564886093
URY00078,2021-11-24,,155.0,22.04,17.5,7.55,Sur,-34.841,-55.0683,South America,231.0,678,0.004999999888241291,0.006000000052154064,0.040800001472234726,0.05040000006556511,0.048900000751018524,0.04405000060796738,0.021299999207258224,0.02044999971985817,0.0182499997317791,0.013050000183284283
URY00078,2021-12-03,,155.0,21.42,17.6,8.21,Sur,-34.841,-55.0683,South America,200.0,678,0.07479999959468842,0.06459999829530716,0.09600000083446503,0.10400000214576721,0.10130000114440918,0.0989999994635582,0.07919999957084656,0.08009999990463257,0.07699999958276749,0.06989999860525131
URY00078,2021-12-08,,160.0,22.42,15.8,7.54,Sur,-34.841,-55.0683,South America,189.0,678,0.07479999959468842,0.06459999829530716,0.09600000083446503,0.10400000214576721,0.10130000114440918,0.0989999994635582,0.07919999957084656,0.08009999990463257,0.07699999958276749,0.06989999860525131
URY00078,2021-12-17,,165.0,23.64,15.2,7.94,Sur,-34.841,-55.0683,South America,175.0,678,0.01860000006854534,0.01614999957382679,0.05494999885559082,0.06324999779462814,0.05739999935030937,0.055799998342990875,0.03280000016093254,0.032999999821186066,0.03044999949634075,0.025200000032782555
URY00078,2021-12-23,,175.0,26.17,15.5,8.16,Sur,-34.841,-55.0683,South America,161.0,678,0.01860000006854534,0.01614999957382679,0.056049998849630356,0.06324999779462814,0.05739999935030937,0.055799998342990875,0.033250000327825546,0.03395000100135803,0.03099999949336052,0.026249999180436134
URY00078,2021-12-30,,176.0,25.9,16.9,8.18,Sur,-34.841,-55.0683,South America,167.0,678,0.008550000376999378,0.006949999835342169,0.04610000178217888,0.05415000021457672,0.04715000092983246,0.04774999991059303,0.02329999953508377,0.024299999698996544,0.020999999716877937,0.01600000075995922
URY00078,2022-01-06,,176.0,25.6,16.0,7.83,Sur,-34.841,-55.0683,South America,172.0,678,0.012799999676644802,0.010700000450015068,0.050200000405311584,0.059700001031160355,0.05220000073313713,0.05290000140666962,0.02850000001490116,0.02889999933540821,0.026499999687075615,0.020600000396370888
URY00078,2022-01-13,,180.0,26.76,13.8,7.34,Sur,-34.841,-55.0683,South America,159.0,678,0.03709999844431877,0.033900000154972076,0.0723000019788742,0.0820000022649765,0.07680000364780426,0.0746999979019165,0.05079999938607216,0.050200000405311584,0.0494999997317791,0.04320000112056732
URY00078,2022-01-20,,168.0,24.84,12.5,7.67,Sur,-34.841,-55.0683,South America,144.0,678,0.043299999088048935,0.036400001496076584,0.0738999992609024,0.08789999783039093,0.08269999921321869,0.08269999921321869,0.060600001364946365,0.057500001043081284,0.05730000138282776,0.05290000140666962
URY00078,2022-01-28,,155.0,24.94,10.1,7.36,Sur,-34.841,-55.0683,South America,171.0,678,0.019600000232458115,0.01655000075697899,0.04639999940991402,0.054499998688697815,0.051100000739097595,0.047850001603364944,0.030400000512599945,0.030300000682473183,0.029400000348687172,0.025550000369548798
URY00078,2022-02-03,,163.0,26.28,9.8,7.68,Sur,-34.841,-55.0683,South America,164.0,678,0.00419999985024333,0.003800000064074993,0.03759999945759773,0.04100000113248825,0.035999998450279236,0.03280000016093254,0.015399999916553497,0.01549999974668026,0.013199999928474426,0.009499999694526196
URY00078,2022-02-09,,153.0,24.23,10.5,7.45,Sur,-34.841,-55.0683,South America,161.0,678,0.015200000256299973,0.013199999928474426,0.043150000274181366,0.049800001084804535,0.04639999940991402,0.04349999874830246,0.02604999952018261,0.02565000019967556,0.0251499991863966,0.02085000090301037
URY00078,2022-02-18,,151.0,23.42,10.1,7.47,Sur,-34.841,-55.0683,South America,175.0,678,0.007499999832361937,0.006399999838322401,0.04089999943971634,0.044199999421834946,0.039799999445676804,0.03680000081658363,0.019300000742077827,0.01940000057220459,0.01600000075995922,0.013899999670684338
URY00078,2022-02-25,,153.0,24.35,9.3,7.71,Sur,-34.841,-55.0683,South America,172.0,678,0.007499999832361937,0.007400000002235174,0.035599999129772186,0.0421999990940094,0.039799999445676804,0.03449999913573265,0.019300000742077827,0.01940000057220459,0.01600000075995922,0.013899999670684338
URY00078,2022-03-06,,154.0,24.61,10.5,7.87,Sur,-34.841,-55.0683,South America,169.0,678,0.005750000011175871,0.007249999791383743,0.032349999994039536,0.039799999445676804,0.03714999929070473,0.032999999821186066,0.01665000058710575,0.017149999737739563,0.014449999667704105,0.011300000362098217
URY00078,2022-03-15,,147.0,22.24,12.1,7.43,Sur,-34.841,-55.0683,South America,18.0,678,0.003700000001117587,0.004000000189989805,0.03420000150799751,0.04349999874830246,0.03929999843239784,0.03579999879002571,0.018200000748038292,0.017100000753998756,0.014399999752640724,0.011300000362098217
URY00078,2022-03-23,,146.0,21.67,12.4,7.5,Sur,-34.841,-55.0683,South America,188.0,678,0.003700000001117587,0.004000000189989805,0.03350000083446503,0.041099999099969864,0.038100000470876694,0.0357000008225441,0.018200000748038292,0.017100000753998756,0.014399999752640724,0.011300000362098217
URY00078,2022-04-01,,139.0,19.27,13.8,8.21,Sur,-34.841,-55.0683,South America,180.0,678,0.0010999999940395355,0.002300000051036477,0.027300000190734863,0.039799999445676804,0.0364999994635582,0.032499998807907104,0.013299999758601189,0.013299999758601189,0.01209999993443489,0.00800000037997961
URY00078,2022-04-08,,142.0,20.05,13.9,8.25,Sur,-34.841,-55.0683,South America,151.0,678,0.0012499999720603228,0.001550000044517219,0.028349999338388443,0.03959999978542328,0.036649998277425766,0.03229999914765358,0.013199999928474426,0.012749999761581421,0.011300000362098217,0.0076500000432133675
URY00078,2022-04-14,,141.0,19.35,14.0,8.35,Sur,-34.841,-55.0683,South America,189.0,678,0.0023499999660998583,0.0019000000320374966,0.037300001829862595,0.041349999606609344,0.038100000470876694,0.03350000083446503,0.015549999661743641,0.01484999991953373,0.011649999767541885,0.009600000455975533
URY00078,2022-04-22,,139.0,18.95,13.9,8.3,Sur,-34.841,-55.0683,South America,179.0,678,0.07169999927282333,0.0694499984383583,0.1143999993801117,0.10670000314712524,0.09749999642372131,0.09889999777078629,0.08309999853372574,0.08184999972581863,0.08540000021457672,0.07739999890327454
URY00078,2022-05-02,,130.0,16.54,14.0,8.48,Sur,-34.841,-55.0683,South America,165.0,678,0.001500000013038516,0.0010000000474974513,0.033149998635053635,0.039900001138448715,0.0364999994635582,0.03465000167489052,0.01425000000745058,0.0142000000923872,0.011250000447034836,0.006800000090152025
URY00078,2022-05-12,,133.0,16.62,8.08,8.08,Sur,-34.841,-55.0683,South America,175.0,678,0.002300000051036477,0.0015999999595806003,0.027400000020861626,0.038600001484155655,0.03620000183582306,0.032600000500679016,0.013500000350177288,0.012299999594688416,0.011699999682605267,0.006500000134110451
URY00078,2022-05-20,,124.0,13.85,39.7,7.62,Sur,-34.841,-55.0683,South America,229.0,678,0.001500000013038516,0.0017000000225380063,0.029999999329447746,0.04154999926686287,0.05034999921917915,0.051350001245737076,0.0284000001847744,0.02800000086426735,0.024800000712275505,0.015699999406933784
URY00078,2022-06-23,,116.0,9.9,20.6,8.71,Sur,-34.841,-55.0683,South America,212.0,678,0.0007999999797903001,0.0027000000700354576,0.031599998474121094,0.04129999876022339,0.0430000014603138,0.03579999879002571,0.017100000753998756,0.01640000008046627,0.013199999928474426,0.008100000210106373
URY00078,2022-07-30,,124.0,12.69,17.6,7.77,Sur,-34.841,-55.0683,South America,198.0,678,0.008799999952316284,0.008899999782443047,0.033900000154972076,0.03460000082850456,0.03240000084042549,0.02630000002682209,0.017500000074505806,0.019200000911951065,0.013700000010430813,0.01590000092983246
URY00078,2022-08-28,,126.0,12.44,15.5,7.97,Sur,-34.841,-55.0683,South America,212.0,678,0.0012000000569969416,0.001500000013038516,0.03370000049471855,0.043699998408555984,0.042649999260902405,0.03804999962449074,0.017999999225139618,0.016750000417232513,0.014800000004470348,0.008750000037252903
URY00078,2022-09-14,,134.0,14.36,14.9,7.75,Sur,-34.841,-55.0683,South America,173.0,678,0.00860000029206276,0.007400000002235174,0.049150001257658005,0.05420000106096268,0.050700001418590546,0.04495000094175339,0.024299999698996544,0.02370000071823597,0.022849999368190765,0.016450000926852226
URY00078,2022-10-31,,153.0,18.1,17.4,7.47,Sur,-34.841,-55.0683,South America,178.0,678,0.006399999838322401,0.004800000227987766,0.048900000751018524,0.053599998354911804,0.05009999871253967,0.04670000076293945,0.024299999698996544,0.023800000548362732,0.020999999716877937,0.016200000420212746
URY00078,2022-11-09,,163.0,20.63,15.0,7.02,Sur,-34.841,-55.0683,South America,182.0,678,0.01334999967366457,0.011099999770522118,0.051750000566244125,0.06064999848604202,0.05754999816417694,0.05364999920129776,0.03020000085234642,0.03044999949634075,0.027249999344348907,0.023499999195337296
URY00078,2022-11-16,,167.0,21.66,15.5,7.02,Sur,-34.841,-55.0683,South America,184.0,678,0.040800001472234726,0.035999998450279236,0.0812000036239624,0.08969999849796295,0.08619999885559082,0.08079999685287476,0.05649999901652336,0.05480000004172325,0.05889999866485596,0.04749999940395355
URY00078,2022-11-22,,168.0,21.9,15.8,7.65,Sur,-34.841,-55.0683,South America,176.0,678,0.02525000087916851,0.02174999937415123,0.06610000133514404,0.07635000348091125,0.06915000081062317,0.06509999930858612,0.042649999260902405,0.042500000447034836,0.04125000163912773,0.0348999984562397
URY00078,2022-12-05,,189.0,25.72,15.5,7.42,Sur,-34.841,-55.0683,South America,162.0,678,0.01979999989271164,0.017000000923871994,0.06019999831914902,0.07079999893903732,0.0640999972820282,0.0617000013589859,0.03920000046491623,0.0406000018119812,0.034699998795986176,0.031599998474121094
URY00078,2022-12-09,,198.0,27.95,22.4,7.1,Sur,-34.841,-55.0683,South America,158.0,678,0.005799999926239252,0.0035000001080334187,0.04690000042319298,0.05429999902844429,0.04619999974966049,0.04740000143647194,0.02630000002682209,0.026900000870227814,0.023000000044703484,0.016499999910593033
URY00078,2022-12-14,,183.0,24.41,18.6,7.27,Sur,-34.841,-55.0683,South America,175.0,678,0.05119999870657921,0.04650000110268593,0.08799999952316284,0.1005999967455864,0.0925000011920929,0.10140000283718109,0.0763000026345253,0.0746999979019165,0.07479999959468842,0.06279999762773514
URY00078,2022-12-21,,180.0,23.1,31.3,7.99,Sur,-34.841,-55.0683,South America,144.0,678,0.05119999870657921,0.04650000110268593,0.08799999952316284,0.1005999967455864,0.0925000011920929,0.10140000283718109,0.0763000026345253,0.0746999979019165,0.07479999959468842,0.06279999762773514
URY00078,2022-12-30,,188.0,24.29,14.3,7.96,Sur,-34.841,-55.0683,South America,126.0,678,0.033900000154972076,0.03099999949336052,0.06719999760389328,0.0746999979019165,0.06750000268220901,0.06480000168085098,0.04540000110864639,0.04639999940991402,0.04479999840259552,0.03999999910593033
URY00078,2023-01-04,,189.0,23.76,12.7,8.15,Sur,-34.841,-55.0683,South America,128.0,678,0.017000000923871994,0.015599999576807022,0.05130000039935112,0.061799999326467514,0.05490000173449516,0.05620000138878822,0.035599999129772186,0.03590000048279762,0.031099999323487282,0.028999999165534973
URY00078,2023-01-12,,200.0,25.4,14.2,8.13,Sur,-34.841,-55.0683,South America,98.0,678,0.011300000362098217,0.010499999858438969,0.039799999445676804,0.053199999034404755,0.0357000008225441,0.042100001126527786,0.022700000554323196,0.023399999365210533,0.019999999552965164,0.019099999219179153
URY00078,2023-01-19,,200.0,24.55,13.4,8.29,Sur,-34.841,-55.0683,South America,97.0,678,0.010400000028312206,0.006850000005215406,0.04194999858736992,0.06289999932050705,0.03685000166296959,0.06379999965429306,0.0385500006377697,0.03815000131726265,0.03460000082850456,0.027550000697374344
URY00078,2023-01-27,,207.0,26.63,14.7,8.65,Sur,-34.841,-55.0683,South America,98.0,678,0.0182499997317791,0.015200000256299973,0.05014999955892563,0.06669999659061432,0.045099999755620956,0.06594999879598618,0.0385500006377697,0.03815000131726265,0.03460000082850456,0.027550000697374344
URY00078,2023-02-02,,213.0,26.63,6.7,7.29,Sur,-34.841,-55.0683,South America,86.0,678,0.012400000356137753,0.010200000368058681,0.04989999905228615,0.05739999935030937,0.046799998730421066,0.04800000041723251,0.026900000870227814,0.025299999862909317,0.02590000070631504,0.01889999955892563
URY00078,2023-02-09,,204.0,25.97,15.2,7.14,Sur,-34.841,-55.0683,South America,139.0,678,0.009949999861419201,0.006800000090152025,0.05079999938607216,0.05745000019669533,0.04670000076293945,0.046300001442432404,0.02694999985396862,0.02655000053346157,0.024650000035762787,0.01924999989569187
URY00078,2023-02-15,,205.0,26.26,10.7,7.2,Sur,-34.841,-55.0683,South America,95.0,678,0.0071000000461936,0.0034000000450760126,0.048250000923871994,0.05429999902844429,0.04560000076889992,0.042649999260902405,0.02449999935925007,0.025450000539422035,0.021050000563263893,0.017500000074505806
URY00078,2023-02-25,,195.0,23.99,21.8,7.14,Sur,-34.841,-55.0683,South America,214.0,678,0.0031999999191612005,0.0017999999690800905,0.04039999842643738,0.051899999380111694,0.05050000175833702,0.05000000074505806,0.026200000196695328,0.02669999934732914,0.021299999207258224,0.01640000008046627
URY00078,2023-03-04,,199.0,24.83,25.1,7.46,Sur,-34.841,-55.0683,South America,236.0,678,0.007899999618530273,0.006599999964237213,0.04780000075697899,0.05209999904036522,0.05079999938607216,0.050599999725818634,0.027300000190734863,0.027899999171495438,0.02419999986886978,0.01979999989271164
URY00078,2023-03-15,,209.0,26.65,29.4,7.08,Sur,-34.841,-55.0683,South America,269.0,678,0.004350000061094761,0.0033499998971819878,0.043699998408555984,0.05184999853372574,0.05225000157952309,0.051750000566244125,0.026399999856948853,0.027000000700354576,0.021199999377131462,0.01590000092983246
URY00078,2023-03-24,,196.0,24.16,30.6,7.41,Sur,-34.841,-55.0683,South America,272.0,678,0.004399999976158142,0.003700000001117587,0.039900001138448715,0.04989999905228615,0.052000001072883606,0.05139999836683273,0.026499999687075615,0.02630000002682209,0.02199999988079071,0.015799999237060547
URY00078,2023-03-29,,193.0,23.02,31.5,6.91,Sur,-34.841,-55.0683,South America,291.0,678,0.0035000001080334187,0.0012000000569969416,0.04919999837875366,0.0494999997317791,0.05429999902844429,0.053700000047683716,0.028699999675154686,0.029100000858306885,0.023499999195337296,0.01720000058412552
URY00080,2019-03-01,,143.0,22.29,4.9,7.04,Lag. de los Cisnes,-34.8432,-55.12,South America,138.0,678,0.005249999929219484,0.004100000020116568,0.026000000536441803,0.031300000846385956,0.025800000876188278,0.022099999710917473,0.006750000175088644,0.00800000037997961,0.006049999967217445,0.005150000099092722
URY00080,2019-03-07,,151.0,24.78,5.1,7.38,Lag. de los Cisnes,-34.8432,-55.12,South America,136.0,678,0.004699999932199717,0.0031999999191612005,0.026000000536441803,0.03150000050663948,0.025599999353289604,0.022099999710917473,0.006500000134110451,0.00800000037997961,0.00419999985024333,0.00419999985024333
URY00080,2019-03-14,,146.0,21.8,5.3,7.34,Lag. de los Cisnes,-34.8432,-55.12,South America,134.0,678,0.009700000286102295,0.007849999703466892,0.031449999660253525,0.03830000013113022,0.03280000016093254,0.027400000020861626,0.011649999767541885,0.013150000013411045,0.010599999688565731,0.009349999949336052
URY00080,2019-03-22,,143.0,21.05,5.9,7.45,Lag. de los Cisnes,-34.8432,-55.12,South America,99.0,678,0.009949999861419201,0.008999999612569809,0.029850000515580177,0.03189999982714653,0.025949999690055847,0.021649999544024467,0.008799999952316284,0.009999999776482582,0.009800000116229057,0.007300000172108412
URY00080,2019-03-29,,143.0,19.91,6.3,7.52,Lag. de los Cisnes,-34.8432,-55.12,South America,133.0,678,0.005200000014156103,0.005499999970197678,0.02280000038444996,0.018699999898672104,0.011900000274181366,0.010599999688565731,0.0007999999797903001,0.0017000000225380063,0.0026000000070780516,9.999999747378752e-05
URY00080,2019-04-04,,150.0,22.18,6.1,7.04,Lag. de los Cisnes,-34.8432,-55.12,South America,124.0,678,0.008150000125169754,0.007449999917298555,0.02370000071823597,0.029349999502301216,0.024900000542402267,0.019750000908970833,0.007550000213086605,0.008299999870359898,0.007499999832361937,0.006049999967217445
URY00080,2019-04-12,,144.0,20.16,9.1,7.66,Lag. de los Cisnes,-34.8432,-55.12,South America,146.0,678,0.006899999920278788,0.005499999970197678,0.025299999862909317,0.033399999141693115,0.029400000348687172,0.023099999874830246,0.007499999832361937,0.008100000210106373,0.006399999838322401,0.00570000009611249
URY00080,2019-05-18,,173.0,16.67,5.1,45.0,Lag. de los Cisnes,-34.8432,-55.12,South America,107.0,678,0.005400000140070915,0.0052999998442828655,0.017799999564886093,0.021549999713897705,0.021449999883770943,0.01744999922811985,0.005450000055134296,0.006649999879300594,0.005350000225007534,0.004050000105053186
URY00080,2019-08-01,,142.0,12.77,24.8,7.43,Lag. de los Cisnes,-34.8432,-55.12,South America,315.0,678,0.0026000000070780516,0.0020000000949949026,0.021900000050663948,0.03359999880194664,0.040699999779462814,0.03869999945163727,0.014800000004470348,0.014000000432133675,0.011300000362098217,0.005200000014156103
URY00080,2019-09-22,,83.0,15.21,27.1,6.99,Lag. de los Cisnes,-34.8432,-55.12,South America,369.0,678,0.006500000134110451,0.005900000222027302,0.032499998807907104,0.03840000182390213,0.04360000044107437,0.04340000078082085,0.0203000009059906,0.01979999989271164,0.01590000092983246,0.011500000022351742
URY00080,2019-11-06,,132.0,20.81,14.3,6.95,Lag. de los Cisnes,-34.8432,-55.12,South America,250.0,678,0.020400000736117363,0.01769999973475933,0.04320000112056732,0.053300000727176666,0.05169999971985817,0.05009999871253967,0.02810000069439411,0.029100000858306885,0.029100000858306885,0.023900000378489494
URY00080,2019-11-15,,152.0,22.89,10.9,7.34,Lag. de los Cisnes,-34.8432,-55.12,South America,200.0,678,0.006099999882280827,0.00430000014603138,0.0348999984562397,0.03620000183582306,0.03269999846816063,0.03099999949336052,0.010300000198185444,0.009700000286102295,0.007899999618530273,0.005200000014156103
URY00080,2019-11-27,,144.0,22.15,11.8,7.75,Lag. de los Cisnes,-34.8432,-55.12,South America,139.0,678,0.04919999837875366,0.0471000000834465,0.06419999897480011,0.07349999994039536,0.06650000065565109,0.07289999723434448,0.055799998342990875,0.05849999934434891,0.050700001418590546,0.05380000174045563
URY00080,2019-12-13,,164.0,24.35,9.4,7.61,Lag. de los Cisnes,-34.8432,-55.12,South America,178.0,678,0.038100000470876694,0.03480000048875809,0.04910000041127205,0.057999998331069946,0.057999998331069946,0.06080000102519989,0.04270000010728836,0.04540000110864639,0.03480000048875809,0.039500001817941666
URY00080,2019-12-23,,152.0,22.38,13.2,8.3,Lag. de los Cisnes,-34.8432,-55.12,South America,188.0,678,0.024800000712275505,0.023099999874830246,0.041099999099969864,0.05009999871253967,0.04724999889731407,0.04839999973773956,0.029349999502301216,0.030549999326467514,0.025200000032782555,0.02590000070631504
URY00080,2019-12-30,,169.0,27.17,15.2,8.73,Lag. de los Cisnes,-34.8432,-55.12,South America,176.0,678,0.011500000022351742,0.01140000019222498,0.03310000151395798,0.0421999990940094,0.0364999994635582,0.035999998450279236,0.01600000075995922,0.015699999406933784,0.015599999576807022,0.012299999594688416
URY00080,2020-01-07,,167.0,24.66,30.3,9.15,Lag. de los Cisnes,-34.8432,-55.12,South America,272.0,678,0.013700000010430813,0.01140000019222498,0.03620000183582306,0.04780000075697899,0.030899999663233757,0.039500001817941666,0.0272000003606081,0.027300000190734863,0.021800000220537186,0.01889999955892563
URY00080,2020-01-16,,163.0,23.26,3.6,7.62,Lag. de los Cisnes,-34.8432,-55.12,South America,152.0,678,0.018050000071525574,0.016200000420212746,0.03474999964237213,0.041349999606609344,0.03579999879002571,0.0348999984562397,0.025550000369548798,0.026799999177455902,0.023800000548362732,0.022050000727176666
URY00080,2020-01-24,,174.0,26.27,3.9,7.68,Lag. de los Cisnes,-34.8432,-55.12,South America,136.0,678,0.009449999779462814,0.006949999835342169,0.022050000727176666,0.028950000181794167,0.023150000721216202,0.02539999969303608,0.015399999916553497,0.01575000025331974,0.013249999843537807,0.013949999585747719
URY00080,2020-01-31,,180.0,25.55,4.1,8.2,Lag. de los Cisnes,-34.8432,-55.12,South America,155.0,678,0.007000000216066837,0.005400000140070915,0.017899999395012856,0.024299999698996544,0.018400000408291817,0.018300000578165054,0.009399999864399433,0.00989999994635582,0.009200000204145908,0.007499999832361937
URY00080,2020-02-06,,188.0,27.28,5.6,7.38,Lag. de los Cisnes,-34.8432,-55.12,South America,63.0,678,0.008500000461935997,0.007350000087171793,0.02095000073313713,0.028049999848008156,0.02199999988079071,0.022350000217556953,0.011800000444054604,0.011099999770522118,0.010649999603629112,0.00925000011920929
URY00080,2020-02-11,,179.0,24.49,6.9,7.82,Lag. de los Cisnes,-34.8432,-55.12,South America,160.0,678,0.011800000444054604,0.00930000003427267,0.024000000208616257,0.03290000185370445,0.025599999353289604,0.02810000069439411,0.0142000000923872,0.012500000186264515,0.012500000186264515,0.010999999940395355
URY00080,2020-02-19,,185.0,25.71,8.0,7.82,Lag. de los Cisnes,-34.8432,-55.12,South America,165.0,678,0.008249999955296516,0.0066999997943639755,0.021199999377131462,0.032349999994039536,0.023350000381469727,0.027300000190734863,0.011699999682605267,0.011500000022351742,0.010400000028312206,0.008700000122189522
URY00080,2020-02-27,,165.0,21.49,6.2,7.42,Lag. de los Cisnes,-34.8432,-55.12,South America,150.0,678,0.006399999838322401,0.004999999888241291,0.018699999898672104,0.030500000342726707,0.01769999973475933,0.026799999177455902,0.007499999832361937,0.008999999612569809,0.008299999870359898,0.005900000222027302
URY00080,2020-03-04,,176.0,25.58,8.4,8.42,Lag. de los Cisnes,-34.8432,-55.12,South America,103.0,678,0.007799999788403511,0.005799999926239252,0.0215000007301569,0.034049998968839645,0.020500000566244125,0.029500000178813934,0.012149999849498272,0.013150000013411045,0.011250000447034836,0.009449999779462814
URY00080,2020-03-20,,164.0,21.72,18.2,8.22,Lag. de los Cisnes,-34.8432,-55.12,South America,150.0,678,0.004550000187009573,0.004900000058114529,0.022050000727176666,0.040800001472234726,0.02250000089406967,0.03779999911785126,0.01730000041425228,0.01590000092983246,0.012799999676644802,0.009999999776482582
URY00080,2020-03-26,,171.0,24.4,14.3,8.3,Lag. de los Cisnes,-34.8432,-55.12,South America,200.0,678,0.0035500000230968,0.0033499998971819878,0.022050000727176666,0.03784999996423721,0.021649999544024467,0.035100001841783524,0.014299999922513962,0.013500000350177288,0.011099999770522118,0.007699999958276749
URY00080,2020-04-04,,157.0,19.91,18.2,7.5,Lag. de los Cisnes,-34.8432,-55.12,South America,247.0,678,0.10419999808073044,0.09210000187158585,0.08259999752044678,0.08940000087022781,0.07800000160932541,0.10000000149011612,0.10599999874830246,0.11919999867677689,0.12020000070333481,0.12269999831914902
URY00080,2020-04-11,,153.0,19.46,27.6,8.0,Lag. de los Cisnes,-34.8432,-55.12,South America,255.0,678,0.10419999808073044,0.09210000187158585,0.08259999752044678,0.08940000087022781,0.07800000160932541,0.10000000149011612,0.10599999874830246,0.11919999867677689,0.12020000070333481,0.12269999831914902
URY00080,2020-04-18,,134.0,19.01,27.1,7.63,Lag. de los Cisnes,-34.8432,-55.12,South America,277.0,678,0.0019000000320374966,0.0032999999821186066,0.027799999341368675,0.04149999842047691,0.031099999323487282,0.04089999943971634,0.014000000432133675,0.015300000086426735,0.009700000286102295,0.0066999997943639755
URY00080,2020-04-23,,152.0,19.13,16.3,7.75,Lag. de los Cisnes,-34.8432,-55.12,South America,213.0,678,0.0019000000320374966,0.0032999999821186066,0.027799999341368675,0.04149999842047691,0.031099999323487282,0.04089999943971634,0.014000000432133675,0.015300000086426735,0.009700000286102295,0.0066999997943639755
URY00080,2020-05-02,,149.0,16.72,25.6,7.34,Lag. de los Cisnes,-34.8432,-55.12,South America,264.0,678,0.007699999958276749,0.007300000172108412,0.03240000084042549,0.037300001829862595,0.029200000688433647,0.034699998795986176,0.015250000171363354,0.01744999922811985,0.012249999679625034,0.010599999688565731
URY00080,2020-11-08,,168.0,22.43,7.2,7.06,Lag. de los Cisnes,-34.8432,-55.12,South America,100.0,678,0.012400000356137753,0.010099999606609344,0.0333000011742115,0.040300000458955765,0.03449999913573265,0.031700000166893005,0.01720000058412552,0.016899999231100082,0.01850000023841858,0.01269999984651804
URY00080,2020-11-13,,170.0,22.39,9.7,7.48,Lag. de los Cisnes,-34.8432,-55.12,South America,127.0,678,0.024900000542402267,0.020349999889731407,0.051649998873472214,0.056449998170137405,0.05270000174641609,0.04749999940395355,0.028349999338388443,0.0284000001847744,0.02969999983906746,0.02484999969601631
URY00080,2020-11-29,,182.0,24.03,7.2,7.98,Lag. de los Cisnes,-34.8432,-55.12,South America,88.0,678,0.01850000023841858,0.017000000923871994,0.042249999940395355,0.04820000007748604,0.04190000146627426,0.03660000115633011,0.01810000091791153,0.01850000023841858,0.017000000923871994,0.014750000089406967
URY00080,2020-12-07,,168.0,22.48,4.3,7.36,Lag. de los Cisnes,-34.8432,-55.12,South America,95.0,678,0.031449999660253525,0.028550000861287117,0.059849999845027924,0.06120000034570694,0.053050000220537186,0.048650000244379044,0.03150000050663948,0.031300000846385956,0.03370000049471855,0.02734999917447567
URY00080,2020-12-12,,184.0,24.39,4.0,7.38,Lag. de los Cisnes,-34.8432,-55.12,South America,80.0,678,0.045899998396635056,0.04100000113248825,0.07750000059604645,0.07680000364780426,0.06840000301599503,0.06289999932050705,0.04749999940395355,0.047200001776218414,0.05270000174641609,0.042500000447034836
URY00080,2020-12-17,,173.0,24.07,4.0,7.3,Lag. de los Cisnes,-34.8432,-55.12,South America,78.0,678,0.055649999529123306,0.0531499981880188,0.07479999959468842,0.08015000075101852,0.07400000095367432,0.07169999927282333,0.05730000138282776,0.05795000120997429,0.053449999541044235,0.05575000122189522
URY00080,2020-12-23,,163.0,23.49,5.3,7.15,Lag. de los Cisnes,-34.8432,-55.12,South America,105.0,678,0.09359999746084213,0.0812000036239624,0.11339999735355377,0.12099999934434891,0.11760000139474869,0.11710000038146973,0.09709999710321426,0.09629999846220016,0.09640000015497208,0.08990000188350677
URY00080,2020-12-29,,188.0,26.96,9.0,7.45,Lag. de los Cisnes,-34.8432,-55.12,South America,117.0,678,0.013399999588727951,0.011900000274181366,0.03779999911785126,0.04149999842047691,0.03370000049471855,0.029100000858306885,0.01140000019222498,0.011099999770522118,0.010499999858438969,0.009200000204145908
URY00080,2021-01-08,,175.0,25.42,16.2,7.9,Lag. de los Cisnes,-34.8432,-55.12,South America,143.0,678,0.02710000053048134,0.02280000038444996,0.05570000037550926,0.0632999986410141,0.05584999918937683,0.053449999541044235,0.030400000512599945,0.029850000515580177,0.031150000169873238,0.026000000536441803
URY00080,2021-11-09,,173.0,21.68,11.1,8.1,Lag. de los Cisnes,-34.8432,-55.12,South America,161.0,678,0.02225000038743019,0.01954999938607216,0.05420000106096268,0.05869999900460243,0.05640000104904175,0.050599999725818634,0.028699999675154686,0.028300000354647636,0.02694999985396862,0.023499999195337296
URY00080,2021-11-19,,176.0,22.33,11.9,7.75,Lag. de los Cisnes,-34.8432,-55.12,South America,157.0,678,0.01140000019222498,0.009700000286102295,0.03689999878406525,0.04800000041723251,0.042399998754262924,0.037300001829862595,0.014700000174343586,0.01600000075995922,0.01510000042617321,0.010999999940395355
URY00080,2021-11-24,,183.0,22.56,11.1,7.1,Lag. de los Cisnes,-34.8432,-55.12,South America,159.0,678,0.0076500000432133675,0.006599999964237213,0.03519999980926514,0.04334999993443489,0.03920000046491623,0.0333000011742115,0.01075000036507845,0.011749999597668648,0.010649999603629112,0.006899999920278788
URY00080,2021-12-03,,189.0,22.16,10.7,8.06,Lag. de los Cisnes,-34.8432,-55.12,South America,146.0,678,0.021400000900030136,0.02160000056028366,0.05480000004172325,0.06019999831914902,0.05570000037550926,0.049300000071525574,0.023900000378489494,0.02419999986886978,0.023000000044703484,0.019099999219179153
URY00080,2021-12-08,,196.0,23.54,10.3,7.98,Lag. de los Cisnes,-34.8432,-55.12,South America,44.0,678,0.021400000900030136,0.02160000056028366,0.05480000004172325,0.06019999831914902,0.05570000037550926,0.049300000071525574,0.023900000378489494,0.02419999986886978,0.023000000044703484,0.019099999219179153
URY00080,2021-12-17,,200.0,24.89,9.0,7.82,Lag. de los Cisnes,-34.8432,-55.12,South America,132.0,678,0.009650000371038914,0.008200000040233135,0.03590000048279762,0.04284999892115593,0.03440000116825104,0.02810000069439411,0.0070500001311302185,0.00774999987334013,0.007249999791383743,0.005549999885261059
URY00080,2021-12-23,,206.0,26.24,7.5,8.06,Lag. de los Cisnes,-34.8432,-55.12,South America,129.0,678,0.011900000274181366,0.009700000286102295,0.03790000081062317,0.04475000128149986,0.03709999844431877,0.030750000849366188,0.010700000450015068,0.011549999937415123,0.010099999606609344,0.0076500000432133675
URY00080,2021-12-30,,209.0,26.61,7.4,7.34,Lag. de los Cisnes,-34.8432,-55.12,South America,106.0,678,0.011099999770522118,0.009150000289082527,0.039500001817941666,0.046950001269578934,0.037950001657009125,0.033250000327825546,0.012149999849498272,0.012500000186264515,0.010649999603629112,0.007449999917298555
URY00080,2022-01-06,,196.0,25.28,16.9,7.9,Lag. de los Cisnes,-34.8432,-55.12,South America,130.0,678,0.012900000438094139,0.010300000198185444,0.039000000804662704,0.04740000143647194,0.04129999876022339,0.03530000150203705,0.014000000432133675,0.015399999916553497,0.013799999840557575,0.010499999858438969
URY00080,2022-01-13,,200.0,26.71,8.5,7.19,Lag. de los Cisnes,-34.8432,-55.12,South America,140.0,678,0.013399999588727951,0.010300000198185444,0.039000000804662704,0.04740000143647194,0.04129999876022339,0.03530000150203705,0.014000000432133675,0.015399999916553497,0.013299999758601189,0.010499999858438969
URY00080,2022-01-20,,113.0,23.11,13.3,7.32,Lag. de los Cisnes,-34.8432,-55.12,South America,243.0,678,0.01889999955892563,0.017899999395012856,0.04540000110864639,0.05689999833703041,0.05130000039935112,0.041999999433755875,0.017999999225139618,0.01600000075995922,0.013299999758601189,0.011300000362098217
URY00080,2022-01-28,,124.0,25.49,7.6,7.05,Lag. de los Cisnes,-34.8432,-55.12,South America,263.0,678,0.012550000101327896,0.010350000113248825,0.021800000220537186,0.022849999368190765,0.023600000888109207,0.02319999970495701,0.01334999967366457,0.013849999755620956,0.013849999755620956,0.011250000447034836
URY00080,2022-02-03,,132.0,26.51,6.9,6.85,Lag. de los Cisnes,-34.8432,-55.12,South America,247.0,678,0.007899999618530273,0.006399999838322401,0.020500000566244125,0.019999999552965164,0.019200000911951065,0.01860000006854534,0.010200000368058681,0.01119999960064888,0.010200000368058681,0.008799999952316284
URY00080,2022-02-09,,132.0,24.95,5.9,6.84,Lag. de los Cisnes,-34.8432,-55.12,South America,226.0,678,0.010649999603629112,0.009499999694526196,0.02215000055730343,0.02370000071823597,0.02525000087916851,0.023800000548362732,0.013299999758601189,0.013650000095367432,0.013299999758601189,0.011699999682605267
URY00080,2022-02-18,,145.0,23.85,7.8,7.29,Lag. de los Cisnes,-34.8432,-55.12,South America,218.0,678,0.013399999588727951,0.011300000362098217,0.023800000548362732,0.027400000020861626,0.031300000846385956,0.028999999165534973,0.01640000008046627,0.016100000590085983,0.016300000250339508,0.014600000344216824
URY00080,2022-02-25,,150.0,25.2,8.0,6.65,Lag. de los Cisnes,-34.8432,-55.12,South America,224.0,678,0.005200000014156103,0.005100000184029341,0.018799999728798866,0.024000000208616257,0.026200000196695328,0.025100000202655792,0.0071000000461936,0.00930000003427267,0.0071000000461936,0.006200000178068876
URY00080,2022-03-06,,150.0,25.03,10.8,7.72,Lag. de los Cisnes,-34.8432,-55.12,South America,197.0,678,0.0048500001430511475,0.0038999998942017555,0.0210999995470047,0.026399999856948853,0.02759999968111515,0.0251499991863966,0.0070500001311302185,0.007899999618530273,0.0071000000461936,0.0052999998442828655
URY00080,2022-03-15,,142.0,22.49,10.9,6.48,Lag. de los Cisnes,-34.8432,-55.12,South America,206.0,678,0.006399999838322401,0.004800000227987766,0.024299999698996544,0.030799999833106995,0.029600000008940697,0.02669999934732914,0.011800000444054604,0.012000000104308128,0.009700000286102295,0.007400000002235174
URY00080,2022-03-23,,143.0,21.96,10.9,7.4,Lag. de los Cisnes,-34.8432,-55.12,South America,195.0,678,0.00570000009611249,0.004999999888241291,0.024299999698996544,0.031599998474121094,0.02969999983906746,0.027799999341368675,0.011800000444054604,0.012000000104308128,0.009399999864399433,0.007400000002235174
URY00080,2022-04-01,,136.0,18.89,14.5,8.91,Lag. de los Cisnes,-34.8432,-55.12,South America,182.0,678,0.0027000000700354576,0.003100000089034438,0.023399999365210533,0.031599998474121094,0.03359999880194664,0.029999999329447746,0.009999999776482582,0.009800000116229057,0.00860000029206276,0.005400000140070915
URY00080,2022-04-08,,145.0,20.91,13.8,7.7,Lag. de los Cisnes,-34.8432,-55.12,South America,156.0,678,0.0025500000920146704,0.00279999990016222,0.023499999195337296,0.034949999302625656,0.033250000327825546,0.030050000175833702,0.009850000031292439,0.009349999949336052,0.007699999958276749,0.0048500001430511475
URY00080,2022-04-14,,143.0,19.22,15.9,8.3,Lag. de los Cisnes,-34.8432,-55.12,South America,186.0,678,0.0038499999791383743,0.0033499998971819878,0.028049999848008156,0.038350000977516174,0.03689999878406525,0.032749999314546585,0.010700000450015068,0.01205000001937151,0.008849999867379665,0.005950000137090683
URY00080,2022-04-22,,145.0,19.39,14.5,8.2,Lag. de los Cisnes,-34.8432,-55.12,South America,179.0,678,0.1359499990940094,0.1177000030875206,0.15629999339580536,0.15854999423027039,0.15004999935626984,0.15940000116825104,0.16304999589920044,0.17145000398159027,0.1764499992132187,0.17225000262260437
URY00080,2022-05-02,,132.0,16.0,13.7,8.28,Lag. de los Cisnes,-34.8432,-55.12,South America,231.0,678,0.0031500000040978193,0.0017999999690800905,0.016699999570846558,0.021299999207258224,0.02419999986886978,0.02410000003874302,0.008349999785423279,0.009800000116229057,0.007899999618530273,0.004600000102072954
URY00080,2022-05-12,,123.0,16.25,7.65,7.65,Lag. de los Cisnes,-34.8432,-55.12,South America,260.0,678,0.004000000189989805,0.002300000051036477,0.020600000396370888,0.02370000071823597,0.02459999918937683,0.026000000536441803,0.009600000455975533,0.010900000110268593,0.009399999864399433,0.005200000014156103
URY00080,2022-05-20,,130.0,13.16,23.6,8.17,Lag. de los Cisnes,-34.8432,-55.12,South America,240.0,678,0.002050000010058284,0.0016499999910593033,0.02044999971985817,0.02645000070333481,0.03420000150799751,0.03280000016093254,0.012249999679625034,0.014349999837577343,0.01075000036507845,0.007300000172108412
URY00080,2022-06-23,,129.0,9.62,11.8,8.69,Lag. de los Cisnes,-34.8432,-55.12,South America,164.0,678,0.002400000113993883,0.003700000001117587,0.02280000038444996,0.03099999949336052,0.029400000348687172,0.023600000888109207,0.007000000216066837,0.0071000000461936,0.005100000184029341,0.0026000000070780516
URY00080,2022-07-30,,117.0,12.85,18.5,7.61,Lag. de los Cisnes,-34.8432,-55.12,South America,245.0,678,0.013000000268220901,0.011300000362098217,0.04320000112056732,0.04390000179409981,0.046799998730421066,0.042100001126527786,0.020600000396370888,0.021400000900030136,0.018799999728798866,0.014399999752640724
URY00080,2022-08-28,,138.0,12.74,11.9,7.94,Lag. de los Cisnes,-34.8432,-55.12,South America,195.0,678,0.0032500000670552254,0.0035500000230968,0.012649999931454659,0.01924999989569187,0.019899999722838402,0.018200000748038292,0.00634999992325902,0.0070500001311302185,0.006000000052154064,0.0031999999191612005
URY00080,2022-09-14,,136.0,15.23,10.5,7.59,Lag. de los Cisnes,-34.8432,-55.12,South America,183.0,678,0.0056500001810491085,0.004900000058114529,0.025450000539422035,0.027799999341368675,0.02669999934732914,0.0251499991863966,0.01054999977350235,0.008849999867379665,0.007899999618530273,0.005450000055134296
URY00080,2022-10-31,,167.0,18.29,10.3,6.74,Lag. de los Cisnes,-34.8432,-55.12,South America,142.0,678,0.008799999952316284,0.007499999832361937,0.04569999873638153,0.04899999871850014,0.04270000010728836,0.035100001841783524,0.015200000256299973,0.01489999983459711,0.0142000000923872,0.01080000028014183
URY00080,2022-11-09,,180.0,21.32,11.1,6.98,Lag. de los Cisnes,-34.8432,-55.12,South America,159.0,678,0.01355000026524067,0.011699999682605267,0.047200001776218414,0.05550000071525574,0.04944999888539314,0.041600000113248825,0.020250000059604645,0.01940000057220459,0.019500000402331352,0.015699999406933784
URY00080,2022-11-16,,183.0,22.28,12.7,6.8,Lag. de los Cisnes,-34.8432,-55.12,South America,160.0,678,0.03909999877214432,0.0340999998152256,0.07660000026226044,0.08030000329017639,0.07779999822378159,0.0731000006198883,0.04659999907016754,0.04729999974370003,0.05079999938607216,0.04039999842643738
URY00080,2022-11-22,,190.0,22.56,11.5,7.35,Lag. de los Cisnes,-34.8432,-55.12,South America,144.0,678,0.0328500010073185,0.02930000051856041,0.07020000368356705,0.07694999873638153,0.06880000233650208,0.0693499967455864,0.04309999942779541,0.043299999088048935,0.043699998408555984,0.03525000065565109
URY00080,2022-12-05,,209.0,26.31,13.4,6.9,Lag. de los Cisnes,-34.8432,-55.12,South America,101.0,678,0.03819999843835831,0.03280000016093254,0.06960000097751617,0.08020000159740448,0.07190000265836716,0.07180000096559525,0.04690000042319298,0.04809999838471413,0.051899999380111694,0.03869999945163727
URY00080,2022-12-09,,220.0,27.66,11.7,7.1,Lag. de los Cisnes,-34.8432,-55.12,South America,118.0,678,0.03819999843835831,0.03280000016093254,0.06960000097751617,0.08020000159740448,0.07190000265836716,0.07180000096559525,0.04690000042319298,0.04809999838471413,0.051899999380111694,0.03869999945163727
URY00080,2022-12-14,,208.0,26.18,11.1,7.3,Lag. de los Cisnes,-34.8432,-55.12,South America,109.0,678,0.041200000792741776,0.03610000014305115,0.06960000097751617,0.08020000159740448,0.07190000265836716,0.07349999994039536,0.052799999713897705,0.050999999046325684,0.053599998354911804,0.045499999076128006
URY00080,2022-12-21,,203.0,24.2,19.4,8.09,Lag. de los Cisnes,-34.8432,-55.12,South America,108.0,678,0.05040000006556511,0.045099999755620956,0.07339999824762344,0.08020000159740448,0.0729999989271164,0.07349999994039536,0.053300000727176666,0.05310000106692314,0.05719999969005585,0.05090000107884407
URY00080,2022-12-30,,210.0,24.6,5.5,6.77,Lag. de los Cisnes,-34.8432,-55.12,South America,79.0,678,0.024000000208616257,0.021700000390410423,0.039900001138448715,0.05000000074505806,0.041200000792741776,0.04259999841451645,0.028999999165534973,0.02669999934732914,0.025200000032782555,0.027799999341368675
URY00080,2023-01-04,,210.0,24.57,8.5,7.35,Lag. de los Cisnes,-34.8432,-55.12,South America,111.0,678,0.024000000208616257,0.021700000390410423,0.04390000179409981,0.05180000141263008,0.04430000111460686,0.04259999841451645,0.028999999165534973,0.02669999934732914,0.025200000032782555,0.027799999341368675
URY00080,2023-01-12,,219.0,26.87,12.7,7.47,Lag. de los Cisnes,-34.8432,-55.12,South America,126.0,678,0.020099999383091927,0.01860000006854534,0.04390000179409981,0.05180000141263008,0.04430000111460686,0.05130000039935112,0.02319999970495701,0.02239999920129776,0.02250000089406967,0.020800000056624413
URY00080,2023-01-19,,214.0,25.33,19.5,7.62,Lag. de los Cisnes,-34.8432,-55.12,South America,118.0,678,0.014449999667704105,0.014050000347197056,0.04535000026226044,0.05869999900460243,0.04690000042319298,0.06224999949336052,0.030649999156594276,0.03099999949336052,0.026799999177455902,0.020600000396370888
URY00080,2023-01-27,,221.0,27.32,23.9,6.64,Lag. de los Cisnes,-34.8432,-55.12,South America,162.0,678,0.014399999752640724,0.013000000268220901,0.04535000026226044,0.05620000138878822,0.04690000042319298,0.06004999950528145,0.028049999848008156,0.029249999672174454,0.024550000205636024,0.018149999901652336
URY00080,2023-02-02,,223.0,27.35,19.9,7.25,Lag. de los Cisnes,-34.8432,-55.12,South America,196.0,678,0.007699999958276749,0.006599999964237213,0.0357000008225441,0.04309999942779541,0.04450000077486038,0.04179999977350235,0.017899999395012856,0.017999999225139618,0.014299999922513962,0.01140000019222498
URY00080,2023-02-09,,219.0,27.14,22.9,6.94,Lag. de los Cisnes,-34.8432,-55.12,South America,206.0,678,0.0070500001311302185,0.005400000140070915,0.03894999995827675,0.04690000042319298,0.04594999924302101,0.04479999840259552,0.017799999564886093,0.01834999956190586,0.015049999579787254,0.011649999767541885
URY00080,2023-02-15,,217.0,26.26,22.3,6.7,Lag. de los Cisnes,-34.8432,-55.12,South America,195.0,678,0.006500000134110451,0.005400000140070915,0.03894999995827675,0.04729999974370003,0.04800000041723251,0.045899998396635056,0.018200000748038292,0.01834999956190586,0.016499999910593033,0.011549999937415123
URY00080,2023-02-25,,212.0,25.49,24.9,6.69,Lag. de los Cisnes,-34.8432,-55.12,South America,242.0,678,0.006599999964237213,0.005799999926239252,0.04320000112056732,0.04859999939799309,0.048700001090765,0.048500001430511475,0.020400000736117363,0.02070000022649765,0.01720000058412552,0.01119999960064888
URY00080,2023-03-04,,215.0,25.94,23.4,7.46,Lag. de los Cisnes,-34.8432,-55.12,South America,224.0,678,0.007799999788403511,0.006300000008195639,0.04320000112056732,0.04899999871850014,0.049300000071525574,0.048500001430511475,0.021299999207258224,0.02290000021457672,0.01940000057220459,0.013899999670684338
URY00080,2023-03-15,,227.0,27.69,25.7,6.5,Lag. de los Cisnes,-34.8432,-55.12,South America,249.0,678,0.006649999879300594,0.006200000178068876,0.04125000163912773,0.04904999956488609,0.05104999989271164,0.048700001090765,0.020099999383091927,0.021700000390410423,0.01744999922811985,0.012400000356137753
URY00080,2023-03-24,,211.0,23.79,25.6,6.52,Lag. de los Cisnes,-34.8432,-55.12,South America,235.0,678,0.0052999998442828655,0.005400000140070915,0.03669999912381172,0.04699999839067459,0.049300000071525574,0.04650000110268593,0.018699999898672104,0.01979999989271164,0.015599999576807022,0.010900000110268593
URY00080,2023-03-29,,208.0,23.21,25.7,6.31,Lag. de los Cisnes,-34.8432,-55.12,South America,251.0,678,0.006099999882280827,0.00430000014603138,0.040699999779462814,0.046300001442432404,0.04859999939799309,0.04600000008940697,0.020500000566244125,0.020899999886751175,0.017999999225139618,0.012900000438094139
URY00174,2019-03-01,,125.0,21.78,8.9,7.31,Laguna Arroyo Mallorquina,-34.7601,-55.0473,South America,171.0,678,0.00494999997317791,0.004000000189989805,0.026799999177455902,0.035750001668930054,0.031700000166893005,0.02734999917447567,0.008949999697506428,0.00925000011920929,0.006899999920278788,0.005049999803304672
URY00174,2019-03-07,,129.0,23.13,7.1,7.1,Laguna Arroyo Mallorquina,-34.7601,-55.0473,South America,144.0,678,0.0044999998062849045,0.0031999999191612005,0.02710000053048134,0.03590000048279762,0.030400000512599945,0.025499999523162842,0.008299999870359898,0.00930000003427267,0.005200000014156103,0.0038999998942017555
URY00174,2019-03-14,,123.0,21.38,8.4,7.31,Laguna Arroyo Mallorquina,-34.7601,-55.0473,South America,165.0,678,0.029600000008940697,0.01964999921619892,0.04520000144839287,0.05285000056028366,0.050599999725818634,0.04845000058412552,0.03034999966621399,0.03319999948143959,0.03344999998807907,0.025299999862909317
URY00174,2019-03-22,,122.0,20.46,8.4,7.68,Laguna Arroyo Mallorquina,-34.7601,-55.0473,South America,121.0,678,0.032999999821186066,0.02264999970793724,0.04360000044107437,0.04515000060200691,0.042750000953674316,0.042149998247623444,0.02905000001192093,0.03400000184774399,0.03505000099539757,0.02694999985396862
URY00174,2019-03-29,,120.0,19.72,9.5,7.54,Laguna Arroyo Mallorquina,-34.7601,-55.0473,South America,141.0,678,0.011300000362098217,0.009200000204145908,0.023900000378489494,0.020500000566244125,0.014700000174343586,0.012900000438094139,0.00570000009611249,0.010900000110268593,0.00839999970048666,0.007199999876320362
URY00174,2019-04-04,,125.0,22.23,8.0,7.24,Laguna Arroyo Mallorquina,-34.7601,-55.0473,South America,140.0,678,0.006099999882280827,0.005400000140070915,0.031150000169873238,0.03914999961853027,0.03519999980926514,0.02979999966919422,0.00925000011920929,0.010200000368058681,0.007000000216066837,0.0052999998442828655
URY00174,2019-04-12,,122.0,19.53,9.1,7.43,Laguna Arroyo Mallorquina,-34.7601,-55.0473,South America,173.0,678,0.008500000461935997,0.006300000008195639,0.030400000512599945,0.03869999945163727,0.033399999141693115,0.027699999511241913,0.00860000029206276,0.010700000450015068,0.0066999997943639755,0.0066999997943639755
URY00174,2019-05-18,,117.0,16.47,9.2,7.28,Laguna Arroyo Mallorquina,-34.7601,-55.0473,South America,145.0,678,0.005249999929219484,0.004149999935179949,0.019500000402331352,0.019700000062584877,0.0170499999076128,0.012799999676644802,0.0025500000920146704,0.0038499999791383743,0.0033499998971819878,0.002199999988079071
URY00174,2019-08-01,,115.0,12.62,15.7,7.47,Laguna Arroyo Mallorquina,-34.7601,-55.0473,South America,233.0,678,0.0035000001080334187,0.0027000000700354576,0.02199999988079071,0.03220000118017197,0.03420000150799751,0.033900000154972076,0.011300000362098217,0.009499999694526196,0.007699999958276749,0.003599999938160181
URY00174,2019-09-22,,109.0,15.1,17.4,7.37,Laguna Arroyo Mallorquina,-34.7601,-55.0473,South America,257.0,678,0.012299999594688416,0.009100000374019146,0.02969999983906746,0.03819999843835831,0.04179999977350235,0.038600001484155655,0.019200000911951065,0.01860000006854534,0.017799999564886093,0.013199999928474426
URY00174,2019-11-06,,116.0,20.95,14.2,6.85,Laguna Arroyo Mallorquina,-34.7601,-55.0473,South America,252.0,678,0.026799999177455902,0.02280000038444996,0.04969999939203262,0.05620000138878822,0.05950000137090683,0.0560000017285347,0.03530000150203705,0.03550000116229057,0.03610000014305115,0.02969999983906746
URY00174,2019-11-15,,123.0,23.32,13.8,7.09,Laguna Arroyo Mallorquina,-34.7601,-55.0473,South America,232.0,678,0.015200000256299973,0.011500000022351742,0.03819999843835831,0.04410000145435333,0.04410000145435333,0.04149999842047691,0.019899999722838402,0.019899999722838402,0.017799999564886093,0.013199999928474426
URY00174,2019-11-27,,121.0,21.88,14.1,7.28,Laguna Arroyo Mallorquina,-34.7601,-55.0473,South America,215.0,678,0.05260000005364418,0.04540000110864639,0.08269999921321869,0.08990000188350677,0.09210000187158585,0.09000000357627869,0.06549999862909317,0.06400000303983688,0.065700002014637,0.05510000139474869
URY00174,2019-12-13,,129.0,22.96,18.2,7.58,Laguna Arroyo Mallorquina,-34.7601,-55.0473,South America,247.0,678,0.04390000179409981,0.037700001150369644,0.06809999793767929,0.08100000023841858,0.07479999959468842,0.08139999955892563,0.056299999356269836,0.05420000106096268,0.054499998688697815,0.04690000042319298
URY00174,2019-12-23,,125.0,20.95,22.2,7.85,Laguna Arroyo Mallorquina,-34.7601,-55.0473,South America,282.0,678,0.025750000029802322,0.02239999920129776,0.04859999939799309,0.06080000102519989,0.05665000155568123,0.06120000034570694,0.03660000115633011,0.03564999997615814,0.03424999862909317,0.02800000086426735
URY00174,2019-12-30,,144.0,26.71,9.7,7.78,Laguna Arroyo Mallorquina,-34.7601,-55.0473,South America,195.0,678,0.007600000128149986,0.0071000000461936,0.029100000858306885,0.0406000018119812,0.03849999979138374,0.04100000113248825,0.016899999231100082,0.017100000753998756,0.014000000432133675,0.009100000374019146
URY00174,2020-01-07,,140.0,24.22,15.4,8.57,Laguna Arroyo Mallorquina,-34.7601,-55.0473,South America,215.0,678,0.012299999594688416,0.008799999952316284,0.03280000016093254,0.04470000043511391,0.03840000182390213,0.04280000180006027,0.026000000536441803,0.028999999165534973,0.025200000032782555,0.021700000390410423
URY00174,2020-01-16,,138.0,22.49,10.9,7.09,Laguna Arroyo Mallorquina,-34.7601,-55.0473,South America,173.0,678,0.020500000566244125,0.01679999940097332,0.04194999858736992,0.05429999902844429,0.04554999992251396,0.051500000059604645,0.03359999880194664,0.03545000031590462,0.032099999487400055,0.026750000193715096
URY00174,2020-01-24,,150.0,24.53,1.5,7.01,Laguna Arroyo Mallorquina,-34.7601,-55.0473,South America,101.0,678,0.009650000371038914,0.007449999917298555,0.027799999341368675,0.031150000169873238,0.022549999877810478,0.02305000089108944,0.016750000417232513,0.01810000091791153,0.01549999974668026,0.014000000432133675
URY00174,2020-01-31,,148.0,24.0,0.9,7.3,Laguna Arroyo Mallorquina,-34.7601,-55.0473,South America,85.0,678,0.008500000461935997,0.007499999832361937,0.02250000089406967,0.02500000037252903,0.016699999570846558,0.014800000004470348,0.008500000461935997,0.010499999858438969,0.008999999612569809,0.008899999782443047
URY00174,2020-02-06,,155.0,26.21,2.1,7.75,Laguna Arroyo Mallorquina,-34.7601,-55.0473,South America,60.0,678,0.007849999703466892,0.006300000008195639,0.02019999921321869,0.024900000542402267,0.015549999661743641,0.013150000013411045,0.0070500001311302185,0.008150000125169754,0.007600000128149986,0.005950000137090683
URY00174,2020-02-11,,149.0,23.86,0.8,7.35,Laguna Arroyo Mallorquina,-34.7601,-55.0473,South America,72.0,678,0.008899999782443047,0.006899999920278788,0.01889999955892563,0.024800000712275505,0.01549999974668026,0.013700000010430813,0.006599999964237213,0.007799999788403511,0.006899999920278788,0.0052999998442828655
URY00174,2020-02-19,,152.0,24.91,2.0,8.03,Laguna Arroyo Mallorquina,-34.7601,-55.0473,South America,80.0,678,0.006750000175088644,0.005950000137090683,0.01640000008046627,0.023000000044703484,0.014150000177323818,0.011850000359117985,0.00494999997317791,0.005950000137090683,0.004999999888241291,0.004100000020116568
URY00174,2020-02-27,,141.0,20.75,5.0,6.82,Laguna Arroyo Mallorquina,-34.7601,-55.0473,South America,117.0,678,0.0066999997943639755,0.00570000009611249,0.02319999970495701,0.02979999966919422,0.01940000057220459,0.01679999940097332,0.0052999998442828655,0.007000000216066837,0.005200000014156103,0.004000000189989805
URY00174,2020-03-04,,151.0,23.62,2.1,7.71,Laguna Arroyo Mallorquina,-34.7601,-55.0473,South America,74.0,678,0.010099999606609344,0.008100000210106373,0.02290000021457672,0.030950000509619713,0.020800000056624413,0.019300000742077827,0.008849999867379665,0.010499999858438969,0.009050000458955765,0.00839999970048666
URY00174,2020-03-20,,145.0,21.55,15.7,7.34,Laguna Arroyo Mallorquina,-34.7601,-55.0473,South America,133.0,678,0.004550000187009573,0.004000000189989805,0.021400000900030136,0.03020000085234642,0.020500000566244125,0.01785000041127205,0.008100000210106373,0.008799999952316284,0.00634999992325902,0.0035500000230968
URY00174,2020-03-26,,12.0,23.73,33.4,7.43,Laguna Arroyo Mallorquina,-34.7601,-55.0473,South America,157.0,678,0.004149999935179949,0.0034000000450760126,0.023099999874830246,0.0340999998152256,0.023749999701976776,0.02345000021159649,0.008100000210106373,0.008799999952316284,0.00634999992325902,0.0035500000230968
URY00174,2020-04-04,,140.0,19.93,42.1,7.11,Laguna Arroyo Mallorquina,-34.7601,-55.0473,South America,580.0,678,0.01140000019222498,0.009200000204145908,0.04919999837875366,0.062300000339746475,0.05649999901652336,0.06599999964237213,0.03319999948143959,0.034699998795986176,0.028599999845027924,0.02019999921321869
URY00174,2020-04-11,,136.0,18.08,33.1,7.1,Laguna Arroyo Mallorquina,-34.7601,-55.0473,South America,381.0,678,0.01140000019222498,0.009200000204145908,0.04919999837875366,0.062300000339746475,0.05649999901652336,0.06599999964237213,0.03319999948143959,0.034699998795986176,0.028599999845027924,0.02019999921321869
URY00174,2020-04-18,,135.0,18.29,36.4,6.99,Laguna Arroyo Mallorquina,-34.7601,-55.0473,South America,395.0,678,0.0031999999191612005,0.002899999963119626,0.03310000151395798,0.041600000113248825,0.04100000113248825,0.03889999911189079,0.01360000018030405,0.014399999752640724,0.009700000286102295,0.005499999970197678
URY00174,2020-04-23,,138.0,18.51,24.0,7.1,Laguna Arroyo Mallorquina,-34.7601,-55.0473,South America,263.0,678,0.0031999999191612005,0.002899999963119626,0.03310000151395798,0.041600000113248825,0.04100000113248825,0.03889999911189079,0.01360000018030405,0.014399999752640724,0.009700000286102295,0.005499999970197678
URY00174,2020-05-02,,133.0,16.87,32.0,7.2,Laguna Arroyo Mallorquina,-34.7601,-55.0473,South America,331.0,678,0.004600000102072954,0.004900000058114529,0.03590000048279762,0.05249999836087227,0.053599998354911804,0.060100000351667404,0.027699999511241913,0.029400000348687172,0.024800000712275505,0.016899999231100082
URY00174,2020-11-08,,148.0,22.0,12.3,7.45,Laguna Arroyo Mallorquina,-34.7601,-55.0473,South America,125.0,678,0.025299999862909317,0.02199999988079071,0.04989999905228615,0.05950000137090683,0.057500001043081284,0.051100000739097595,0.032099999487400055,0.030799999833106995,0.035100001841783524,0.0272000003606081
URY00174,2020-11-13,,152.0,22.8,19.8,7.4,Laguna Arroyo Mallorquina,-34.7601,-55.0473,South America,176.0,678,0.019999999552965164,0.017349999397993088,0.049400001764297485,0.05790000036358833,0.05420000106096268,0.0507499985396862,0.027550000697374344,0.026850000023841858,0.02694999985396862,0.021199999377131462
URY00174,2020-11-29,,144.0,23.11,6.6,7.87,Laguna Arroyo Mallorquina,-34.7601,-55.0473,South America,100.0,678,0.02215000055730343,0.019700000062584877,0.046149998903274536,0.052549999207258224,0.04830000177025795,0.04414999857544899,0.02474999986588955,0.025100000202655792,0.023250000551342964,0.019750000908970833
URY00174,2020-12-07,,139.0,22.06,7.4,7.58,Laguna Arroyo Mallorquina,-34.7601,-55.0473,South America,119.0,678,0.053599998354911804,0.04699999839067459,0.093299999833107,0.09709999710321426,0.09149999916553497,0.08609999716281891,0.06319999694824219,0.060100000351667404,0.0731000006198883,0.05620000138878822
URY00174,2020-12-12,,143.0,23.66,6.6,7.22,Laguna Arroyo Mallorquina,-34.7601,-55.0473,South America,104.0,678,0.07455000281333923,0.0645499974489212,0.10665000230073929,0.1091499999165535,0.10289999842643738,0.09494999796152115,0.0794999971985817,0.07665000110864639,0.08560000360012054,0.07145000249147415
URY00174,2020-12-17,,139.0,22.29,7.4,7.25,Laguna Arroyo Mallorquina,-34.7601,-55.0473,South America,108.0,678,0.030799999833106995,0.026399999856948853,0.05584999918937683,0.05925000086426735,0.054099999368190765,0.04989999905228615,0.03150000050663948,0.031550001353025436,0.03359999880194664,0.026750000193715096
URY00174,2020-12-23,,135.0,22.33,10.3,7.7,Laguna Arroyo Mallorquina,-34.7601,-55.0473,South America,128.0,678,0.05739999935030937,0.04919999837875366,0.08349999785423279,0.08609999716281891,0.0820000022649765,0.07819999754428864,0.060499999672174454,0.05920000001788139,0.06620000302791595,0.05339999869465828
URY00174,2020-12-29,,144.0,25.62,7.9,7.3,Laguna Arroyo Mallorquina,-34.7601,-55.0473,South America,120.0,678,0.005100000184029341,0.0044999998062849045,0.028200000524520874,0.0340999998152256,0.027699999511241913,0.02250000089406967,0.0035000001080334187,0.005100000184029341,0.0019000000320374966,9.999999747378752e-05
URY00174,2021-01-08,,138.0,24.9,9.8,7.71,Laguna Arroyo Mallorquina,-34.7601,-55.0473,South America,118.0,678,0.027249999344348907,0.023749999701976776,0.05389999970793724,0.061000000685453415,0.054249998182058334,0.049300000071525574,0.028550000861287117,0.029500000178813934,0.027550000697374344,0.0239499993622303
URY00174,2021-01-13,,133.0,24.49,15.5,8.05,Laguna Arroyo Mallorquina,-34.7601,-55.0473,South America,144.0,678,0.06305000185966492,0.05784999951720238,0.0929500013589859,0.10045000165700912,0.09510000050067902,0.09284999966621399,0.06994999945163727,0.07150000333786011,0.06800000369548798,0.06424999982118607
URY00174,2021-11-09,,158.0,22.65,17.3,7.82,Laguna Arroyo Mallorquina,-34.7601,-55.0473,South America,209.0,678,0.016100000590085983,0.012500000186264515,0.047200001776218414,0.05620000138878822,0.05525000020861626,0.05220000073313713,0.026200000196695328,0.02565000019967556,0.021700000390410423,0.01834999956190586
URY00174,2021-11-19,,156.0,22.27,21.1,7.45,Laguna Arroyo Mallorquina,-34.7601,-55.0473,South America,223.0,678,0.014100000262260437,0.010200000368058681,0.039799999445676804,0.04749999940395355,0.053599998354911804,0.05260000005364418,0.0272000003606081,0.0284000001847744,0.026000000536441803,0.01860000006854534
URY00174,2021-11-24,,158.0,22.54,21.7,7.54,Laguna Arroyo Mallorquina,-34.7601,-55.0473,South America,229.0,678,0.009100000374019146,0.006399999838322401,0.037450000643730164,0.04470000043511391,0.04904999956488609,0.04715000092983246,0.020549999549984932,0.021449999883770943,0.01834999956190586,0.011900000274181366
URY00174,2021-12-03,,159.0,21.68,19.4,8.03,Laguna Arroyo Mallorquina,-34.7601,-55.0473,South America,204.0,678,0.01269999984651804,0.010900000110268593,0.03269999846816063,0.03519999980926514,0.03290000185370445,0.028999999165534973,0.012400000356137753,0.008700000122189522,0.008200000040233135,0.006200000178068876
URY00174,2021-12-08,,166.0,23.16,15.6,7.95,Laguna Arroyo Mallorquina,-34.7601,-55.0473,South America,108.0,678,0.01269999984651804,0.010900000110268593,0.03269999846816063,0.03519999980926514,0.03290000185370445,0.028999999165534973,0.012400000356137753,0.008700000122189522,0.008200000040233135,0.006200000178068876
URY00174,2021-12-17,,167.0,23.82,14.6,8.11,Laguna Arroyo Mallorquina,-34.7601,-55.0473,South America,186.0,678,0.01140000019222498,0.010499999858438969,0.046950001269578934,0.05429999902844429,0.0494999997317791,0.04255000129342079,0.01334999967366457,0.014399999752640724,0.010350000113248825,0.00800000037997961
URY00174,2021-12-23,,177.0,26.29,14.7,8.41,Laguna Arroyo Mallorquina,-34.7601,-55.0473,South America,167.0,678,0.011549999937415123,0.010499999858438969,0.046950001269578934,0.05429999902844429,0.0494999997317791,0.04255000129342079,0.014750000089406967,0.01679999940097332,0.012450000271201134,0.008799999952316284
URY00174,2021-12-30,,176.0,25.71,15.3,8.48,Laguna Arroyo Mallorquina,-34.7601,-55.0473,South America,148.0,678,0.005799999926239252,0.006399999838322401,0.04259999841451645,0.05040000006556511,0.04320000112056732,0.03669999912381172,0.008100000210106373,0.009600000455975533,0.00559999980032444,0.0017000000225380063
URY00174,2022-01-06,,173.0,24.86,16.8,8.12,Laguna Arroyo Mallorquina,-34.7601,-55.0473,South America,187.0,678,0.010999999940395355,0.009150000289082527,0.03954999893903732,0.04854999855160713,0.04365000128746033,0.03869999945163727,0.014499999582767487,0.015449999831616879,0.012550000101327896,0.009399999864399433
URY00174,2022-01-13,,182.0,26.97,14.1,7.8,Laguna Arroyo Mallorquina,-34.7601,-55.0473,South America,167.0,678,0.014100000262260437,0.011099999770522118,0.0406000018119812,0.05119999870657921,0.04619999974966049,0.04190000146627426,0.016599999740719795,0.016899999231100082,0.014800000004470348,0.011099999770522118
URY00174,2022-01-20,,166.0,24.42,12.7,7.75,Laguna Arroyo Mallorquina,-34.7601,-55.0473,South America,150.0,678,0.032999999821186066,0.031300000846385956,0.07020000368356705,0.07850000262260437,0.07259999960660934,0.06920000165700912,0.03689999878406525,0.03539999946951866,0.03240000084042549,0.027000000700354576
URY00174,2022-01-28,,156.0,24.83,10.1,7.59,Laguna Arroyo Mallorquina,-34.7601,-55.0473,South America,178.0,678,0.018699999898672104,0.015799999237060547,0.03564999997615814,0.0406000018119812,0.040449999272823334,0.03920000046491623,0.022099999710917473,0.021150000393390656,0.02085000090301037,0.0170499999076128
URY00174,2022-02-03,,156.0,24.68,9.8,7.13,Laguna Arroyo Mallorquina,-34.7601,-55.0473,South America,179.0,678,0.007600000128149986,0.0052999998442828655,0.030400000512599945,0.03539999946951866,0.03280000016093254,0.02810000069439411,0.009700000286102295,0.011699999682605267,0.008500000461935997,0.005100000184029341
URY00174,2022-02-09,,53.0,23.95,11.1,7.82,Laguna Arroyo Mallorquina,-34.7601,-55.0473,South America,184.0,678,0.019500000402331352,0.016750000417232513,0.043049998581409454,0.04899999871850014,0.049400001764297485,0.045899998396635056,0.02449999935925007,0.02565000019967556,0.02355000004172325,0.0203000009059906
URY00174,2022-02-18,,155.0,24.31,9.8,7.92,Laguna Arroyo Mallorquina,-34.7601,-55.0473,South America,170.0,678,0.03139999881386757,0.02329999953508377,0.04179999977350235,0.0406000018119812,0.036400001496076584,0.035599999129772186,0.03280000016093254,0.03739999979734421,0.038600001484155655,0.03310000151395798
URY00174,2022-02-25,,15.0,25.2,10.6,7.02,Laguna Arroyo Mallorquina,-34.7601,-55.0473,South America,194.0,678,0.006500000134110451,0.004900000058114529,0.027000000700354576,0.03290000185370445,0.032999999821186066,0.031700000166893005,0.012000000104308128,0.01269999984651804,0.009800000116229057,0.005200000014156103
URY00174,2022-03-06,,150.0,23.86,11.0,7.42,Laguna Arroyo Mallorquina,-34.7601,-55.0473,South America,182.0,678,0.005900000222027302,0.004749999847263098,0.028449999168515205,0.033399999141693115,0.03280000016093254,0.030400000512599945,0.010300000198185444,0.010499999858438969,0.00839999970048666,0.0042500002309679985
URY00174,2022-03-15,,148.0,22.79,12.2,7.57,Laguna Arroyo Mallorquina,-34.7601,-55.0473,South America,189.0,678,0.0066999997943639755,0.00570000009611249,0.029899999499320984,0.03790000081062317,0.0348999984562397,0.03229999914765358,0.00989999994635582,0.010900000110268593,0.00839999970048666,0.007699999958276749
URY00174,2022-03-23,,143.0,20.75,13.1,8.01,Laguna Arroyo Mallorquina,-34.7601,-55.0473,South America,187.0,678,0.0066999997943639755,0.00570000009611249,0.029600000008940697,0.03610000014305115,0.035599999129772186,0.031700000166893005,0.009200000204145908,0.010900000110268593,0.007699999958276749,0.007699999958276749
URY00174,2022-04-01,,134.0,18.0,17.5,8.46,Laguna Arroyo Mallorquina,-34.7601,-55.0473,South America,188.0,678,0.003700000001117587,0.002400000113993883,0.024399999529123306,0.03610000014305115,0.037700001150369644,0.031700000166893005,0.009200000204145908,0.00800000037997961,0.007000000216066837,0.00430000014603138
URY00174,2022-04-08,,141.0,19.53,13.4,8.15,Laguna Arroyo Mallorquina,-34.7601,-55.0473,South America,158.0,678,0.0031999999191612005,0.00279999990016222,0.023800000548362732,0.034949999302625656,0.03579999879002571,0.03099999949336052,0.008999999612569809,0.008849999867379665,0.007400000002235174,0.0031999999191612005
URY00174,2022-04-14,,140.0,18.99,14.5,8.25,Laguna Arroyo Mallorquina,-34.7601,-55.0473,South America,182.0,678,0.005200000014156103,0.003449999960139394,0.03220000118017197,0.03889999911189079,0.037300001829862595,0.031199999153614044,0.009600000455975533,0.010649999603629112,0.007300000172108412,0.005100000184029341
URY00174,2022-04-22,,139.0,18.62,14.3,8.24,Laguna Arroyo Mallorquina,-34.7601,-55.0473,South America,176.0,678,0.0070500001311302185,0.0062500000931322575,0.04050000011920929,0.04500000178813934,0.03999999910593033,0.03500000014901161,0.014050000347197056,0.013949999585747719,0.011250000447034836,0.00865000020712614
URY00174,2022-05-02,,132.0,16.07,13.8,8.54,Laguna Arroyo Mallorquina,-34.7601,-55.0473,South America,171.0,678,0.0038499999791383743,0.0035500000230968,0.027499999850988388,0.035750001668930054,0.03334999829530716,0.03034999966621399,0.008299999870359898,0.008700000122189522,0.006550000049173832,0.0034000000450760126
URY00174,2022-05-12,,132.0,16.17,8.52,8.52,Laguna Arroyo Mallorquina,-34.7601,-55.0473,South America,187.0,678,0.0044999998062849045,0.00419999985024333,0.031599998474121094,0.03669999912381172,0.03370000049471855,0.030899999663233757,0.009100000374019146,0.009999999776482582,0.0066999997943639755,0.003599999938160181
URY00174,2022-05-20,,125.0,13.65,35.7,8.4,Laguna Arroyo Mallorquina,-34.7601,-55.0473,South America,263.0,678,0.0026000000070780516,0.002899999963119626,0.02590000070631504,0.038350000977516174,0.047449998557567596,0.04989999905228615,0.025450000539422035,0.02655000053346157,0.022749999538064003,0.01489999983459711
URY00174,2022-06-23,,116.0,9.87,21.3,8.73,Laguna Arroyo Mallorquina,-34.7601,-55.0473,South America,205.0,678,0.002899999963119626,0.002400000113993883,0.02759999968111515,0.03739999979734421,0.03840000182390213,0.03460000082850456,0.011599999852478504,0.013399999588727951,0.00860000029206276,0.005100000184029341
URY00174,2022-07-30,,124.0,12.35,20.0,6.9,Laguna Arroyo Mallorquina,-34.7601,-55.0473,South America,206.0,678,0.23729999363422394,0.2011999934911728,0.18780000507831573,0.1826000064611435,0.18359999358654022,0.19040000438690186,0.1941000074148178,0.1834000051021576,0.23960000276565552,0.18569999933242798
URY00174,2022-08-28,,125.0,12.25,17.8,8.0,Laguna Arroyo Mallorquina,-34.7601,-55.0473,South America,214.0,678,0.0032500000670552254,0.002950000111013651,0.02930000051856041,0.039799999445676804,0.04190000146627426,0.037050001323223114,0.012500000186264515,0.012149999849498272,0.009850000031292439,0.005049999803304672
URY00174,2022-09-14,,139.0,14.88,17.3,7.46,Laguna Arroyo Mallorquina,-34.7601,-55.0473,South America,190.0,678,0.005200000014156103,0.0035500000230968,0.04089999943971634,0.04430000111460686,0.04089999943971634,0.03685000166296959,0.015399999916553497,0.014999999664723873,0.011900000274181366,0.006850000005215406
URY00174,2022-10-31,,153.0,17.7,16.9,6.67,Laguna Arroyo Mallorquina,-34.7601,-55.0473,South America,189.0,678,0.008100000210106373,0.006500000134110451,0.04740000143647194,0.052799999713897705,0.050999999046325684,0.04470000043511391,0.019700000062584877,0.019999999552965164,0.016699999570846558,0.012400000356137753
URY00174,2022-11-09,,164.0,20.54,14.8,6.93,Laguna Arroyo Mallorquina,-34.7601,-55.0473,South America,184.0,678,0.01575000025331974,0.01355000026524067,0.05290000140666962,0.060600001364946365,0.056699998676776886,0.05144999921321869,0.027249999344348907,0.026399999856948853,0.023749999701976776,0.018799999728798866
URY00174,2022-11-16,,164.0,20.75,15.2,6.55,Laguna Arroyo Mallorquina,-34.7601,-55.0473,South America,180.0,678,0.05389999970793724,0.04919999837875366,0.09640000015497208,0.10040000081062317,0.09690000116825104,0.0934000015258789,0.066600002348423,0.06719999760389328,0.06520000100135803,0.05700000002980232
URY00174,2022-11-22,,165.0,21.48,17.7,7.45,Laguna Arroyo Mallorquina,-34.7601,-55.0473,South America,174.0,678,0.03564999997615814,0.03200000151991844,0.07400000095367432,0.08110000193119049,0.07720000296831131,0.07349999994039536,0.04699999839067459,0.04704999923706055,0.04439999908208847,0.038750000298023224
URY00174,2022-12-05,,190.0,26.17,36.5,7.99,Laguna Arroyo Mallorquina,-34.7601,-55.0473,South America,205.0,678,0.04560000076889992,0.03920000046491623,0.08139999955892563,0.09220000356435776,0.08780000358819962,0.0860000029206276,0.062300000339746475,0.05849999934434891,0.05959999933838844,0.05079999938607216
URY00174,2022-12-09,,187.0,24.96,17.9,7.2,Laguna Arroyo Mallorquina,-34.7601,-55.0473,South America,153.0,678,0.04560000076889992,0.03920000046491623,0.08139999955892563,0.09220000356435776,0.08780000358819962,0.0860000029206276,0.062300000339746475,0.05849999934434891,0.05959999933838844,0.05079999938607216
URY00174,2022-12-14,,184.0,24.5,21.1,6.98,Laguna Arroyo Mallorquina,-34.7601,-55.0473,South America,161.0,678,0.04560000076889992,0.03920000046491623,0.08139999955892563,0.09220000356435776,0.08780000358819962,0.0860000029206276,0.062300000339746475,0.05849999934434891,0.05959999933838844,0.05079999938607216
URY00174,2022-12-21,,182.0,23.28,18.3,7.57,Laguna Arroyo Mallorquina,-34.7601,-55.0473,South America,150.0,678,0.06019999831914902,0.05209999904036522,0.09430000185966492,0.10159999877214432,0.09849999845027924,0.10540000349283218,0.0763000026345253,0.0778999999165535,0.07540000230073929,0.06729999929666519
URY00174,2022-12-30,,186.0,23.56,15.0,7.27,Laguna Arroyo Mallorquina,-34.7601,-55.0473,South America,122.0,678,0.025699999183416367,0.02199999988079071,0.05559999868273735,0.06499999761581421,0.05719999969005585,0.05719999969005585,0.0333000011742115,0.03370000049471855,0.031199999153614044,0.02759999968111515
URY00174,2023-01-04,,192.0,23.93,12.2,7.67,Laguna Arroyo Mallorquina,-34.7601,-55.0473,South America,135.0,678,0.025699999183416367,0.02199999988079071,0.05559999868273735,0.06499999761581421,0.05719999969005585,0.05719999969005585,0.0333000011742115,0.03370000049471855,0.031199999153614044,0.02759999968111515
URY00174,2023-01-12,,204.0,25.67,8.1,7.89,Laguna Arroyo Mallorquina,-34.7601,-55.0473,South America,93.0,678,0.01510000042617321,0.01360000018030405,0.054499998688697815,0.06239999830722809,0.04560000076889992,0.06589999794960022,0.03099999949336052,0.032099999487400055,0.0284000001847744,0.025699999183416367
URY00174,2023-01-19,,204.0,25.65,23.9,9.25,Laguna Arroyo Mallorquina,-34.7601,-55.0473,South America,83.0,678,0.011250000447034836,0.009999999776482582,0.04114999994635582,0.059450000524520874,0.03799999877810478,0.06480000168085098,0.03525000065565109,0.03610000014305115,0.03060000017285347,0.024150000885128975
URY00174,2023-01-27,,204.0,26.65,27.0,8.78,Laguna Arroyo Mallorquina,-34.7601,-55.0473,South America,149.0,678,0.018799999728798866,0.016950000077486038,0.04114999994635582,0.053300000727176666,0.03799999877810478,0.05380000174045563,0.028850000351667404,0.02905000001192093,0.02419999986886978,0.01954999938607216
URY00174,2023-02-02,,209.0,26.97,19.3,7.22,Laguna Arroyo Mallorquina,-34.7601,-55.0473,South America,119.0,678,0.007300000172108412,0.006599999964237213,0.03319999948143959,0.04490000009536743,0.03929999843239784,0.04039999842643738,0.016300000250339508,0.015699999406933784,0.011699999682605267,0.007400000002235174
URY00174,2023-02-09,,207.0,26.74,19.9,6.68,Laguna Arroyo Mallorquina,-34.7601,-55.0473,South America,164.0,678,0.008700000122189522,0.007000000216066837,0.04619999974966049,0.05620000138878822,0.04019999876618385,0.05249999836087227,0.027400000020861626,0.02800000086426735,0.02280000038444996,0.01720000058412552
URY00174,2023-02-15,,206.0,26.28,20.9,7.06,Laguna Arroyo Mallorquina,-34.7601,-55.0473,South America,256.0,678,0.008700000122189522,0.00800000037997961,0.04619999974966049,0.05620000138878822,0.04919999837875366,0.05249999836087227,0.027400000020861626,0.02800000086426735,0.02280000038444996,0.01720000058412552
URY00174,2023-02-25,,194.0,23.23,23.1,6.99,Laguna Arroyo Mallorquina,-34.7601,-55.0473,South America,214.0,678,0.00860000029206276,0.00800000037997961,0.0406000018119812,0.0502999983727932,0.05119999870657921,0.04910000041127205,0.021900000050663948,0.02319999970495701,0.018400000408291817,0.011900000274181366
URY00174,2023-03-04,,197.0,24.13,26.7,6.58,Laguna Arroyo Mallorquina,-34.7601,-55.0473,South America,244.0,678,0.012799999676644802,0.011099999770522118,0.04619999974966049,0.050999999046325684,0.05119999870657921,0.05000000074505806,0.024700000882148743,0.024399999529123306,0.023000000044703484,0.016899999231100082
URY00174,2023-03-15,,206.0,26.0,29.0,6.62,Laguna Arroyo Mallorquina,-34.7601,-55.0473,South America,275.0,678,0.007149999961256981,0.0056500001810491085,0.04259999841451645,0.04975000023841858,0.05169999971985817,0.05065000057220459,0.021299999207258224,0.022600000724196434,0.01769999973475933,0.012649999931454659
URY00174,2023-03-24,,195.0,24.02,31.8,7.27,Laguna Arroyo Mallorquina,-34.7601,-55.0473,South America,280.0,678,0.005400000140070915,0.0044999998062849045,0.03689999878406525,0.045499999076128006,0.050599999725818634,0.04879999905824661,0.01979999989271164,0.0215000007301569,0.016599999740719795,0.012199999764561653
URY00174,2023-03-29,,190.0,22.28,32.6,6.7,Laguna Arroyo Mallorquina,-34.7601,-55.0473,South America,294.0,678,0.01489999983459711,0.010700000450015068,0.04019999876618385,0.04390000179409981,0.05270000174641609,0.05730000138282776,0.038100000470876694,0.03959999978542328,0.03620000183582306,0.02930000051856041
URY00175,2019-03-01,,114.0,20.74,2.4,6.87,Laguna Arroyo del Sauce,-34.7759,-55.0648,South America,124.0,678,0.009949999861419201,0.006399999838322401,0.027799999341368675,0.036400001496076584,0.030300000682473183,0.026650000363588333,0.012350000441074371,0.014000000432133675,0.014100000262260437,0.012149999849498272
URY00175,2019-03-07,,131.0,24.96,5.2,7.04,Laguna Arroyo del Sauce,-34.7759,-55.0648,South America,135.0,678,0.009200000204145908,0.006500000134110451,0.02810000069439411,0.03610000014305115,0.029500000178813934,0.02590000070631504,0.011500000022351742,0.012799999676644802,0.012799999676644802,0.014100000262260437
URY00175,2019-03-14,,119.0,21.27,5.4,6.9,Laguna Arroyo del Sauce,-34.7759,-55.0648,South America,150.0,678,0.15344999730587006,0.14190000295639038,0.12314999848604202,0.14865000545978546,0.14534999430179596,0.15745000541210175,0.18745000660419464,0.19584999978542328,0.20309999585151672,0.1983499974012375
URY00175,2019-03-22,,119.0,19.95,4.2,7.49,Laguna Arroyo del Sauce,-34.7759,-55.0648,South America,91.0,678,0.1546500027179718,0.14380000531673431,0.11980000138282776,0.14104999601840973,0.13760000467300415,0.15154999494552612,0.18619999289512634,0.19554999470710754,0.20270000398159027,0.19564999639987946
URY00175,2019-03-29,,120.0,19.55,4.9,7.45,Laguna Arroyo del Sauce,-34.7759,-55.0648,South America,114.0,678,0.011599999852478504,0.010300000198185444,0.021400000900030136,0.020899999886751175,0.014000000432133675,0.014100000262260437,0.008999999612569809,0.012199999764561653,0.012000000104308128,0.008700000122189522
URY00175,2019-04-04,,128.0,21.99,5.6,7.25,Laguna Arroyo del Sauce,-34.7759,-55.0648,South America,177.0,678,0.012000000104308128,0.00774999987334013,0.02759999968111515,0.0340999998152256,0.02954999916255474,0.025800000876188278,0.014299999922513962,0.016499999910593033,0.015350000001490116,0.013849999755620956
URY00175,2019-04-12,,123.0,19.77,15.0,7.24,Laguna Arroyo del Sauce,-34.7759,-55.0648,South America,123.0,678,0.01360000018030405,0.008500000461935997,0.03200000151991844,0.03669999912381172,0.02979999966919422,0.025599999353289604,0.015200000256299973,0.014700000174343586,0.015300000086426735,0.011599999852478504
URY00175,2019-05-18,,129.0,16.32,6.5,6.98,Laguna Arroyo del Sauce,-34.7759,-55.0648,South America,122.0,678,0.009449999779462814,0.006049999967217445,0.019850000739097595,0.02525000087916851,0.0251499991863966,0.02225000038743019,0.011800000444054604,0.015250000171363354,0.01334999967366457,0.012000000104308128
URY00175,2019-08-01,,141.0,12.71,27.8,7.11,Laguna Arroyo del Sauce,-34.7759,-55.0648,South America,398.0,678,0.009800000116229057,0.00430000014603138,0.021299999207258224,0.031099999323487282,0.036400001496076584,0.03519999980926514,0.014299999922513962,0.016699999570846558,0.014600000344216824,0.008899999782443047
URY00175,2019-09-22,,85.0,14.37,19.0,6.93,Laguna Arroyo del Sauce,-34.7759,-55.0648,South America,317.0,678,0.013100000098347664,0.009399999864399433,0.026200000196695328,0.03280000016093254,0.0357000008225441,0.035599999129772186,0.02019999921321869,0.021700000390410423,0.020500000566244125,0.016300000250339508
URY00175,2019-11-06,,127.0,21.14,9.5,6.79,Laguna Arroyo del Sauce,-34.7759,-55.0648,South America,211.0,678,0.027300000190734863,0.02019999921321869,0.04170000180602074,0.04830000177025795,0.046799998730421066,0.04540000110864639,0.031700000166893005,0.03629999980330467,0.03579999879002571,0.03099999949336052
URY00175,2019-11-15,,120.0,21.24,10.5,6.88,Laguna Arroyo del Sauce,-34.7759,-55.0648,South America,212.0,678,0.01679999940097332,0.011699999682605267,0.03629999980330467,0.038100000470876694,0.03840000182390213,0.0357000008225441,0.022199999541044235,0.02410000003874302,0.02319999970495701,0.01899999938905239
URY00175,2019-11-27,,120.0,21.64,11.7,6.96,Laguna Arroyo del Sauce,-34.7759,-55.0648,South America,188.0,678,0.030899999663233757,0.023099999874830246,0.05420000106096268,0.05909999832510948,0.05889999866485596,0.057500001043081284,0.03779999911785126,0.03869999945163727,0.04129999876022339,0.03579999879002571
URY00175,2019-12-13,,130.0,23.23,9.5,7.44,Laguna Arroyo del Sauce,-34.7759,-55.0648,South America,192.0,678,0.02250000089406967,0.01860000006854534,0.041200000792741776,0.046799998730421066,0.0421999990940094,0.043699998408555984,0.025499999523162842,0.026900000870227814,0.03139999881386757,0.02319999970495701
URY00175,2019-12-23,,126.0,20.93,11.3,7.42,Laguna Arroyo del Sauce,-34.7759,-55.0648,South America,197.0,678,0.01489999983459711,0.011649999767541885,0.031449999660253525,0.040449999272823334,0.03644999861717224,0.03725000098347664,0.021150000393390656,0.021250000223517418,0.023800000548362732,0.017650000751018524
URY00175,2019-12-30,,148.0,27.34,12.3,7.53,Laguna Arroyo del Sauce,-34.7759,-55.0648,South America,198.0,678,0.09380000084638596,0.09359999746084213,0.06560000032186508,0.07524999976158142,0.07455000281333923,0.09910000115633011,0.11254999786615372,0.12105000019073486,0.07810000330209732,0.12639999389648438
URY00175,2020-01-07,,140.0,24.43,14.0,8.2,Laguna Arroyo del Sauce,-34.7759,-55.0648,South America,237.0,678,0.014550000429153442,0.010400000028312206,0.03305000066757202,0.04634999856352806,0.03384999930858612,0.04334999993443489,0.027699999511241913,0.03020000085234642,0.026799999177455902,0.0239499993622303
URY00175,2020-01-16,,137.0,22.54,3.7,6.86,Laguna Arroyo del Sauce,-34.7759,-55.0648,South America,143.0,678,0.015049999579787254,0.010400000028312206,0.031599998474121094,0.04100000113248825,0.03350000083446503,0.03674999997019768,0.027950000017881393,0.030500000342726707,0.027249999344348907,0.026799999177455902
URY00175,2020-01-24,,148.0,26.22,2.5,6.72,Laguna Arroyo del Sauce,-34.7759,-55.0648,South America,110.0,678,0.014150000177323818,0.01145000010728836,0.02745000086724758,0.03265000134706497,0.02474999986588955,0.025949999690055847,0.020999999716877937,0.024049999192357063,0.021849999204277992,0.020749999210238457
URY00175,2020-01-31,,137.0,23.37,3.2,6.62,Laguna Arroyo del Sauce,-34.7759,-55.0648,South America,117.0,678,0.013199999928474426,0.011099999770522118,0.024000000208616257,0.028300000354647636,0.019999999552965164,0.018200000748038292,0.014100000262260437,0.01730000041425228,0.017999999225139618,0.016100000590085983
URY00175,2020-02-06,,152.0,27.13,4.9,6.93,Laguna Arroyo del Sauce,-34.7759,-55.0648,South America,88.0,678,0.013700000010430813,0.010449999943375587,0.02630000002682209,0.030899999663233757,0.022199999541044235,0.020500000566244125,0.013849999755620956,0.015949999913573265,0.01665000058710575,0.015949999913573265
URY00175,2020-02-11,,142.0,23.83,4.6,6.8,Laguna Arroyo del Sauce,-34.7759,-55.0648,South America,118.0,678,0.015300000086426735,0.012199999764561653,0.028599999845027924,0.03350000083446503,0.024399999529123306,0.02329999953508377,0.013700000010430813,0.015399999916553497,0.015300000086426735,0.015799999237060547
URY00175,2020-02-19,,144.0,24.53,4.4,6.85,Laguna Arroyo del Sauce,-34.7759,-55.0648,South America,111.0,678,0.011749999597668648,0.009549999609589577,0.021950000897049904,0.02879999950528145,0.02070000022649765,0.01889999955892563,0.011149999685585499,0.011800000444054604,0.012550000101327896,0.01295000035315752
URY00175,2020-02-27,,135.0,20.69,4.3,6.51,Laguna Arroyo del Sauce,-34.7759,-55.0648,South America,100.0,678,0.012199999764561653,0.008700000122189522,0.024000000208616257,0.02810000069439411,0.020400000736117363,0.01899999938905239,0.009999999776482582,0.013100000098347664,0.012299999594688416,0.013399999588727951
URY00175,2020-03-04,,154.0,25.7,2.9,6.83,Laguna Arroyo del Sauce,-34.7759,-55.0648,South America,88.0,678,0.014349999837577343,0.008799999952316284,0.024049999192357063,0.029249999672174454,0.0215000007301569,0.019999999552965164,0.012849999591708183,0.016249999403953552,0.015449999831616879,0.01614999957382679
URY00175,2020-03-20,,139.0,20.94,6.1,7.17,Laguna Arroyo del Sauce,-34.7759,-55.0648,South America,93.0,678,0.009600000455975533,0.007699999958276749,0.02459999918937683,0.03435000032186508,0.027899999171495438,0.025299999862909317,0.01054999977350235,0.014000000432133675,0.012000000104308128,0.01119999960064888
URY00175,2020-03-26,,148.0,23.75,6.8,6.99,Laguna Arroyo del Sauce,-34.7759,-55.0648,South America,106.0,678,0.008700000122189522,0.006599999964237213,0.02459999918937683,0.03435000032186508,0.027899999171495438,0.025299999862909317,0.010400000028312206,0.014000000432133675,0.012000000104308128,0.01119999960064888
URY00175,2020-04-04,,133.0,18.64,9.5,7.05,Laguna Arroyo del Sauce,-34.7759,-55.0648,South America,139.0,678,0.05999999865889549,0.07429999858140945,0.06120000034570694,0.0697999969124794,0.07490000128746033,0.08219999819993973,0.07660000026226044,0.09290000051259995,0.04809999838471413,0.11580000072717667
URY00175,2020-04-11,,132.0,17.45,16.0,7.2,Laguna Arroyo del Sauce,-34.7759,-55.0648,South America,218.0,678,0.05999999865889549,0.07429999858140945,0.06120000034570694,0.0697999969124794,0.07490000128746033,0.08219999819993973,0.07660000026226044,0.09290000051259995,0.04809999838471413,0.11580000072717667
URY00175,2020-04-18,,134.0,18.36,22.1,7.0,Laguna Arroyo del Sauce,-34.7759,-55.0648,South America,221.0,678,0.007799999788403511,0.004699999932199717,0.032499998807907104,0.03970000147819519,0.0421999990940094,0.04270000010728836,0.02070000022649765,0.021800000220537186,0.017999999225139618,0.014000000432133675
URY00175,2020-04-23,,138.0,18.55,17.3,6.89,Laguna Arroyo del Sauce,-34.7759,-55.0648,South America,190.0,678,0.007799999788403511,0.004699999932199717,0.032499998807907104,0.03970000147819519,0.0421999990940094,0.04270000010728836,0.02070000022649765,0.021800000220537186,0.017999999225139618,0.014000000432133675
URY00175,2020-05-02,,133.0,16.3,17.9,7.24,Laguna Arroyo del Sauce,-34.7759,-55.0648,South America,232.0,678,0.04129999876022339,0.029999999329447746,0.03099999949336052,0.03720000013709068,0.03985000029206276,0.041349999606609344,0.042399998754262924,0.044849999248981476,0.03799999877810478,0.0421999990940094
URY00175,2020-11-08,,153.0,22.38,9.9,7.6,Laguna Arroyo del Sauce,-34.7759,-55.0648,South America,127.0,678,0.01590000092983246,0.012600000016391277,0.02879999950528145,0.03709999844431877,0.03319999948143959,0.03290000185370445,0.018400000408291817,0.019999999552965164,0.0203000009059906,0.018799999728798866
URY00175,2020-11-13,,152.0,22.31,11.5,7.35,Laguna Arroyo del Sauce,-34.7759,-55.0648,South America,146.0,678,0.026100000366568565,0.019850000739097595,0.04320000112056732,0.048900000751018524,0.05065000057220459,0.04904999956488609,0.03189999982714653,0.03449999913573265,0.035999998450279236,0.031099999323487282
URY00175,2020-11-29,,155.0,23.63,10.3,7.94,Laguna Arroyo del Sauce,-34.7759,-55.0648,South America,127.0,678,0.03375000134110451,0.024299999698996544,0.04569999873638153,0.051100000739097595,0.04715000092983246,0.047200001776218414,0.03914999961853027,0.041349999606609344,0.03905000165104866,0.041999999433755875
URY00175,2020-12-07,,146.0,21.55,7.5,7.57,Laguna Arroyo del Sauce,-34.7759,-55.0648,South America,125.0,678,0.019700000062584877,0.014600000344216824,0.03449999913573265,0.04360000044107437,0.04089999943971634,0.03880000114440918,0.023600000888109207,0.024800000712275505,0.026100000366568565,0.025200000032782555
URY00175,2020-12-12,,150.0,23.37,7.3,7.19,Laguna Arroyo del Sauce,-34.7759,-55.0648,South America,123.0,678,0.04619999974966049,0.0364999994635582,0.07124999910593033,0.07474999874830246,0.06864999979734421,0.06700000166893005,0.054249998182058334,0.054749999195337296,0.05855000019073486,0.04944999888539314
URY00175,2020-12-17,,145.0,22.25,6.5,7.28,Laguna Arroyo del Sauce,-34.7759,-55.0648,South America,106.0,678,0.04360000044107437,0.035599999129772186,0.07045000046491623,0.07339999824762344,0.0658000037074089,0.06270000338554382,0.04729999974370003,0.04854999855160713,0.05245000123977661,0.04410000145435333
URY00175,2020-12-23,,144.0,22.73,7.0,7.45,Laguna Arroyo del Sauce,-34.7759,-55.0648,South America,114.0,678,0.07769999653100967,0.06400000303983688,0.11240000277757645,0.11540000140666962,0.10620000213384628,0.10540000349283218,0.08739999681711197,0.08869999647140503,0.0982000008225441,0.08139999955892563
URY00175,2020-12-29,,149.0,25.08,10.2,7.75,Laguna Arroyo del Sauce,-34.7759,-55.0648,South America,137.0,678,0.010099999606609344,0.007199999876320362,0.02850000001490116,0.03319999948143959,0.027499999850988388,0.02410000003874302,0.007699999958276749,0.009999999776482582,0.008500000461935997,0.007499999832361937
URY00175,2021-01-08,,146.0,24.48,9.1,7.66,Laguna Arroyo del Sauce,-34.7759,-55.0648,South America,118.0,678,0.02775000035762787,0.023099999874830246,0.04794999957084656,0.055399999022483826,0.04859999939799309,0.045099999755620956,0.028599999845027924,0.028699999675154686,0.031050000339746475,0.027799999341368675
URY00175,2021-11-09,,159.0,21.89,12.7,7.65,Laguna Arroyo del Sauce,-34.7759,-55.0648,South America,173.0,678,0.02969999983906746,0.020800000056624413,0.04975000023841858,0.05654999986290932,0.05285000056028366,0.06055000051856041,0.05285000056028366,0.05595000088214874,0.039250001311302185,0.0575999990105629
URY00175,2021-11-19,,159.0,20.97,11.9,7.36,Laguna Arroyo del Sauce,-34.7759,-55.0648,South America,158.0,678,0.016300000250339508,0.012299999594688416,0.035100001841783524,0.04520000144839287,0.039900001138448715,0.03999999910593033,0.030500000342726707,0.03370000049471855,0.0272000003606081,0.027699999511241913
URY00175,2021-11-24,,167.0,22.17,9.7,7.72,Laguna Arroyo del Sauce,-34.7759,-55.0648,South America,168.0,678,0.015549999661743641,0.01075000036507845,0.0340999998152256,0.0430000014603138,0.03905000165104866,0.039400000125169754,0.02969999983906746,0.031599998474121094,0.022849999368190765,0.02669999934732914
URY00175,2021-12-03,,162.0,21.51,10.7,7.5,Laguna Arroyo del Sauce,-34.7759,-55.0648,South America,155.0,678,0.022700000554323196,0.016899999231100082,0.04340000078082085,0.05180000141263008,0.04769999906420708,0.04969999939203262,0.032999999821186066,0.03449999913573265,0.030899999663233757,0.032099999487400055
URY00175,2021-12-08,,168.0,23.54,11.1,7.8,Laguna Arroyo del Sauce,-34.7759,-55.0648,South America,161.0,678,0.022700000554323196,0.016899999231100082,0.04340000078082085,0.05180000141263008,0.04769999906420708,0.04969999939203262,0.032999999821186066,0.03449999913573265,0.030899999663233757,0.032099999487400055
URY00175,2021-12-17,,170.0,23.92,9.6,8.1,Laguna Arroyo del Sauce,-34.7759,-55.0648,South America,144.0,678,0.016349999234080315,0.010599999688565731,0.03784999996423721,0.04600000008940697,0.03970000147819519,0.038600001484155655,0.02539999969303608,0.025350000709295273,0.017750000581145287,0.020749999210238457
URY00175,2021-12-23,,181.0,26.71,9.6,8.26,Laguna Arroyo del Sauce,-34.7759,-55.0648,South America,143.0,678,0.016349999234080315,0.010599999688565731,0.03784999996423721,0.04600000008940697,0.03970000147819519,0.038600001484155655,0.02539999969303608,0.025800000876188278,0.017750000581145287,0.020749999210238457
URY00175,2021-12-30,,182.0,24.7,13.1,7.89,Laguna Arroyo del Sauce,-34.7759,-55.0648,South America,138.0,678,0.02005000039935112,0.015250000171363354,0.035750001668930054,0.04475000128149986,0.03945000097155571,0.04024999961256981,0.02734999917447567,0.025299999862909317,0.021400000900030136,0.021700000390410423
URY00175,2022-01-06,,173.0,24.35,12.1,8.09,Laguna Arroyo del Sauce,-34.7759,-55.0648,South America,159.0,678,0.019200000911951065,0.012299999594688416,0.03460000082850456,0.044599998742341995,0.0406000018119812,0.0406000018119812,0.021299999207258224,0.02459999918937683,0.023499999195337296,0.020800000056624413
URY00175,2022-01-13,,181.0,26.56,12.0,7.85,Laguna Arroyo del Sauce,-34.7759,-55.0648,South America,161.0,678,0.019200000911951065,0.012299999594688416,0.03720000013709068,0.0494999997317791,0.04569999873638153,0.0406000018119812,0.021299999207258224,0.02459999918937683,0.023499999195337296,0.020800000056624413
URY00175,2022-01-20,,138.0,23.46,13.5,7.72,Laguna Arroyo del Sauce,-34.7759,-55.0648,South America,243.0,678,0.03539999946951866,0.030899999663233757,0.06589999794960022,0.07819999754428864,0.0738999992609024,0.06780000030994415,0.04129999876022339,0.0421999990940094,0.03830000013113022,0.035599999129772186
URY00175,2022-01-28,,104.0,24.49,6.3,7.5,Laguna Arroyo del Sauce,-34.7759,-55.0648,South America,347.0,678,0.03044999949634075,0.024900000542402267,0.04179999977350235,0.041749998927116394,0.0421999990940094,0.040800001472234726,0.033900000154972076,0.03485000133514404,0.03784999996423721,0.03384999930858612
URY00175,2022-02-03,,131.0,26.13,6.3,7.74,Laguna Arroyo del Sauce,-34.7759,-55.0648,South America,265.0,678,0.05209999904036522,0.044599998742341995,0.02879999950528145,0.031300000846385956,0.033799998462200165,0.04969999939203262,0.05939999967813492,0.059700001031160355,0.04780000075697899,0.05649999901652336
URY00175,2022-02-09,,123.0,23.37,3.8,7.65,Laguna Arroyo del Sauce,-34.7759,-55.0648,South America,214.0,678,0.046950001269578934,0.03815000131726265,0.03660000115633011,0.04194999858736992,0.042899999767541885,0.048500001430511475,0.05335000157356262,0.057500001043081284,0.042399998754262924,0.062300000339746475
URY00175,2022-02-18,,143.0,23.39,8.1,7.7,Laguna Arroyo del Sauce,-34.7759,-55.0648,South America,216.0,678,0.02590000070631504,0.018300000578165054,0.04439999908208847,0.04820000007748604,0.04690000042319298,0.04490000009536743,0.0340999998152256,0.0357000008225441,0.03620000183582306,0.032099999487400055
URY00175,2022-02-25,,108.0,24.67,10.2,6.62,Laguna Arroyo del Sauce,-34.7759,-55.0648,South America,253.0,678,0.011699999682605267,0.007300000172108412,0.021400000900030136,0.027400000020861626,0.027000000700354576,0.026499999687075615,0.015699999406933784,0.017400000244379044,0.01860000006854534,0.015300000086426735
URY00175,2022-03-06,,130.0,24.54,10.5,7.31,Laguna Arroyo del Sauce,-34.7759,-55.0648,South America,200.0,678,0.01075000036507845,0.006599999964237213,0.022199999541044235,0.027249999344348907,0.026850000023841858,0.025599999353289604,0.014449999667704105,0.016450000926852226,0.016100000590085983,0.014000000432133675
URY00175,2022-03-15,,121.0,21.74,9.5,7.16,Laguna Arroyo del Sauce,-34.7759,-55.0648,South America,202.0,678,0.011800000444054604,0.007499999832361937,0.026799999177455902,0.033799998462200165,0.03009999915957451,0.028999999165534973,0.014299999922513962,0.020400000736117363,0.018699999898672104,0.016499999910593033
URY00175,2022-03-23,,131.0,20.57,11.3,8.15,Laguna Arroyo del Sauce,-34.7759,-55.0648,South America,180.0,678,0.010700000450015068,0.006599999964237213,0.03060000017285347,0.03319999948143959,0.03220000118017197,0.02979999966919422,0.013500000350177288,0.017899999395012856,0.016200000420212746,0.01640000008046627
URY00175,2022-04-01,,122.0,17.86,12.0,7.68,Laguna Arroyo del Sauce,-34.7759,-55.0648,South America,173.0,678,0.007400000002235174,0.005200000014156103,0.025299999862909317,0.03480000048875809,0.03220000118017197,0.030400000512599945,0.013199999928474426,0.015699999406933784,0.013799999840557575,0.012199999764561653
URY00175,2022-04-08,,134.0,19.89,10.8,7.77,Laguna Arroyo del Sauce,-34.7759,-55.0648,South America,141.0,678,0.006949999835342169,0.0042500002309679985,0.025299999862909317,0.03539999946951866,0.03189999982714653,0.03034999966621399,0.012900000438094139,0.014700000174343586,0.012649999931454659,0.009349999949336052
URY00175,2022-04-14,,133.0,18.63,11.7,7.73,Laguna Arroyo del Sauce,-34.7759,-55.0648,South America,166.0,678,0.00860000029206276,0.005249999929219484,0.03254999965429306,0.038100000470876694,0.03395000100135803,0.031449999660253525,0.01600000075995922,0.016599999740719795,0.015200000256299973,0.011500000022351742
URY00175,2022-04-22,,136.0,19.06,10.9,8.1,Laguna Arroyo del Sauce,-34.7759,-55.0648,South America,155.0,678,0.2057500034570694,0.17000000178813934,0.2125999927520752,0.21504999697208405,0.21144999563694,0.2264000028371811,0.24549999833106995,0.25440001487731934,0.2583000063896179,0.2570500075817108
URY00175,2022-05-02,,148.0,15.62,4.7,7.81,Laguna Arroyo del Sauce,-34.7759,-55.0648,South America,148.0,678,0.008100000210106373,0.0042500002309679985,0.01730000041425228,0.021849999204277992,0.020600000396370888,0.019850000739097595,0.009449999779462814,0.012350000441074371,0.010599999688565731,0.009499999694526196
URY00175,2022-05-12,,140.0,15.47,7.65,7.65,Laguna Arroyo del Sauce,-34.7759,-55.0648,South America,175.0,678,0.00930000003427267,0.005200000014156103,0.02459999918937683,0.026399999856948853,0.023800000548362732,0.024900000542402267,0.01080000028014183,0.0142000000923872,0.012299999594688416,0.010099999606609344
URY00175,2022-05-20,,129.0,12.92,13.6,8.4,Laguna Arroyo del Sauce,-34.7759,-55.0648,South America,178.0,678,0.006649999879300594,0.0048500001430511475,0.02459999918937683,0.03294999897480011,0.04024999961256981,0.0406000018119812,0.0210999995470047,0.024150000885128975,0.021950000897049904,0.014600000344216824
URY00175,2022-06-23,,146.0,9.52,4.1,8.66,Laguna Arroyo del Sauce,-34.7759,-55.0648,South America,122.0,678,0.007400000002235174,0.004800000227987766,0.027000000700354576,0.03680000081658363,0.03750000149011612,0.03229999914765358,0.014299999922513962,0.015200000256299973,0.01209999993443489,0.00930000003427267
URY00175,2022-07-30,,137.0,12.5,11.2,7.55,Laguna Arroyo del Sauce,-34.7759,-55.0648,South America,208.0,678,0.014700000174343586,0.01140000019222498,0.03700000047683716,0.04010000079870224,0.04170000180602074,0.04050000011920929,0.02370000071823597,0.0210999995470047,0.01979999989271164,0.0203000009059906
URY00175,2022-08-28,,135.0,11.46,8.1,7.8,Laguna Arroyo del Sauce,-34.7759,-55.0648,South America,185.0,678,0.03734999895095825,0.03060000017285347,0.026350000873208046,0.03530000150203705,0.036649998277425766,0.04439999908208847,0.03539999946951866,0.04235000163316727,0.025699999183416367,0.04149999842047691
URY00175,2022-09-14,,134.0,14.54,5.6,7.28,Laguna Arroyo del Sauce,-34.7759,-55.0648,South America,152.0,678,0.03135000169277191,0.025200000032782555,0.03790000081062317,0.04405000060796738,0.041850000619888306,0.04704999923706055,0.03920000046491623,0.037300001829862595,0.030700000002980232,0.03725000098347664
URY00175,2022-10-31,,153.0,17.32,5.7,7.25,Laguna Arroyo del Sauce,-34.7759,-55.0648,South America,121.0,678,0.014100000262260437,0.007899999618530273,0.044199999421834946,0.04749999940395355,0.043299999088048935,0.03889999911189079,0.0215000007301569,0.02539999969303608,0.020400000736117363,0.018799999728798866
URY00175,2022-11-09,,166.0,20.73,10.5,7.04,Laguna Arroyo del Sauce,-34.7759,-55.0648,South America,152.0,678,0.020099999383091927,0.013399999588727951,0.04639999940991402,0.05285000056028366,0.048900000751018524,0.044449999928474426,0.027499999850988388,0.030150000005960464,0.026350000873208046,0.023800000548362732
URY00175,2022-11-16,,166.0,21.14,8.1,6.3,Laguna Arroyo del Sauce,-34.7759,-55.0648,South America,143.0,678,0.049800001084804535,0.04170000180602074,0.08529999852180481,0.08780000358819962,0.08420000225305557,0.08139999955892563,0.060100000351667404,0.05829999968409538,0.061500001698732376,0.05380000174045563
URY00175,2022-11-22,,168.0,22.22,10.3,7.2,Laguna Arroyo del Sauce,-34.7759,-55.0648,South America,150.0,678,0.03604999929666519,0.02905000001192093,0.06594999879598618,0.07159999758005142,0.06679999828338623,0.06435000151395798,0.04565000161528587,0.04520000144839287,0.045499999076128006,0.0406000018119812
URY00175,2022-12-05,,190.0,25.7,12.4,6.4,Laguna Arroyo del Sauce,-34.7759,-55.0648,South America,120.0,678,0.022299999371170998,0.01640000008046627,0.04659999907016754,0.055399999022483826,0.049400001764297485,0.04729999974370003,0.031199999153614044,0.032099999487400055,0.029500000178813934,0.027400000020861626
URY00175,2022-12-09,,198.0,26.6,12.1,6.78,Laguna Arroyo del Sauce,-34.7759,-55.0648,South America,134.0,678,0.009999999776482582,0.0066999997943639755,0.03500000014901161,0.050200000405311584,0.03790000081062317,0.04149999842047691,0.020899999886751175,0.02410000003874302,0.022199999541044235,0.01850000023841858
URY00175,2022-12-14,,185.0,24.0,8.1,6.73,Laguna Arroyo del Sauce,-34.7759,-55.0648,South America,108.0,678,0.047200001776218414,0.03869999945163727,0.07180000096559525,0.08240000158548355,0.07609999924898148,0.0803999975323677,0.05999999865889549,0.06040000170469284,0.06040000170469284,0.054099999368190765
URY00175,2022-12-21,,185.0,23.25,12.7,7.25,Laguna Arroyo del Sauce,-34.7759,-55.0648,South America,148.0,678,0.0544000007212162,0.04399999976158142,0.08160000294446945,0.0892999991774559,0.08219999819993973,0.08789999783039093,0.06679999828338623,0.06849999725818634,0.06840000301599503,0.0640999972820282
URY00175,2022-12-30,,187.0,23.15,6.4,6.68,Laguna Arroyo del Sauce,-34.7759,-55.0648,South America,96.0,678,0.031199999153614044,0.026599999517202377,0.05260000005364418,0.05979999899864197,0.05530000105500221,0.05290000140666962,0.03779999911785126,0.03709999844431877,0.03500000014901161,0.038100000470876694
URY00175,2023-01-04,,193.0,24.11,6.2,6.7,Laguna Arroyo del Sauce,-34.7759,-55.0648,South America,110.0,678,0.031199999153614044,0.026599999517202377,0.048500001430511475,0.05530000105500221,0.05270000174641609,0.05290000140666962,0.03779999911785126,0.03709999844431877,0.03500000014901161,0.038100000470876694
URY00175,2023-01-12,,230.0,26.25,9.5,7.3,Laguna Arroyo del Sauce,-34.7759,-55.0648,South America,84.0,678,0.02280000038444996,0.01889999955892563,0.03920000046491623,0.0551999993622303,0.04230000078678131,0.04780000075697899,0.03139999881386757,0.03240000084042549,0.028300000354647636,0.028300000354647636
URY00175,2023-01-19,,199.0,25.34,25.0,7.35,Laguna Arroyo del Sauce,-34.7759,-55.0648,South America,70.0,678,0.018799999728798866,0.0142000000923872,0.03804999962449074,0.05530000105500221,0.03750000149011612,0.05950000137090683,0.031599998474121094,0.03305000066757202,0.031150000169873238,0.02474999986588955
URY00175,2023-01-27,,206.0,26.64,10.8,6.55,Laguna Arroyo del Sauce,-34.7759,-55.0648,South America,117.0,678,0.01640000008046627,0.01269999984651804,0.03804999962449074,0.05460000038146973,0.03714999929070473,0.05950000137090683,0.029650000855326653,0.03245000168681145,0.029650000855326653,0.023099999874830246
URY00175,2023-02-02,,209.0,26.87,9.2,6.8,Laguna Arroyo del Sauce,-34.7759,-55.0648,South America,130.0,678,0.016200000420212746,0.01209999993443489,0.03519999980926514,0.0421999990940094,0.0414000004529953,0.04050000011920929,0.023399999365210533,0.027699999511241913,0.023900000378489494,0.02199999988079071
URY00175,2023-02-09,,201.0,26.66,17.5,7.04,Laguna Arroyo del Sauce,-34.7759,-55.0648,South America,159.0,678,0.0142000000923872,0.010700000450015068,0.03519999980926514,0.043800000101327896,0.0414000004529953,0.04479999840259552,0.023399999365210533,0.027699999511241913,0.023900000378489494,0.02199999988079071
URY00175,2023-02-15,,202.0,25.58,12.8,7.2,Laguna Arroyo del Sauce,-34.7759,-55.0648,South America,140.0,678,0.011599999852478504,0.009499999694526196,0.03440000116825104,0.043800000101327896,0.04430000111460686,0.04479999840259552,0.02319999970495701,0.026900000870227814,0.023600000888109207,0.0203000009059906
URY00175,2023-02-25,,201.0,25.24,21.1,7.05,Laguna Arroyo del Sauce,-34.7759,-55.0648,South America,212.0,678,0.010499999858438969,0.007699999958276749,0.040800001472234726,0.04919999837875366,0.047600001096725464,0.04919999837875366,0.02710000053048134,0.030300000682473183,0.023499999195337296,0.01889999955892563
URY00175,2023-03-04,,206.0,26.73,22.9,7.05,Laguna Arroyo del Sauce,-34.7759,-55.0648,South America,177.0,678,0.010900000110268593,0.007400000002235174,0.040800001472234726,0.04919999837875366,0.048700001090765,0.049300000071525574,0.02759999968111515,0.03060000017285347,0.026799999177455902,0.01889999955892563
URY00175,2023-03-15,,212.0,27.66,27.1,7.38,Laguna Arroyo del Sauce,-34.7759,-55.0648,South America,262.0,678,0.009499999694526196,0.006899999920278788,0.0393499992787838,0.04749999940395355,0.04935000091791153,0.0502999983727932,0.026149999350309372,0.02944999933242798,0.024049999192357063,0.01744999922811985
URY00175,2023-03-24,,188.0,23.68,23.9,7.3,Laguna Arroyo del Sauce,-34.7759,-55.0648,South America,234.0,678,0.008100000210106373,0.006200000178068876,0.03460000082850456,0.04600000008940697,0.049400001764297485,0.0494999997317791,0.025699999183416367,0.02800000086426735,0.022099999710917473,0.015300000086426735
URY00175,2023-03-29,,187.0,23.07,24.5,7.15,Laguna Arroyo del Sauce,-34.7759,-55.0648,South America,233.0,678,0.016499999910593033,0.010499999858438969,0.03889999911189079,0.04360000044107437,0.04690000042319298,0.051899999380111694,0.034699998795986176,0.03750000149011612,0.03700000047683716,0.027899999171495438
