Station,Date,Alk-Tot,EC,TEMP,TURB,pH,Station Identifier,Latitude,Longitude,Region,COL-True,Cluster,B11,B12,B2,B3,B4,B5,B6,B7,B8,B8A
URY00076,2018-06-25,52.0,177.0,9.0,19.3,8.2,Toma de agua,-34.8297,-55.0421,South America,96.0,678,0.0031999999191612005,0.004600000102072954,0.03139999881386757,0.042100001126527786,0.044599998742341995,0.039900001138448715,0.01759999990463257,0.015399999916553497,0.010999999940395355,0.007600000128149986
URY00076,2018-06-26,53.0,158.0,9.0,,8.0,Toma de agua,-34.8297,-55.0421,South America,114.0,678,0.0031999999191612005,0.004600000102072954,0.03139999881386757,0.042100001126527786,0.044599998742341995,0.039900001138448715,0.01759999990463257,0.015399999916553497,0.010999999940395355,0.007600000128149986
URY00076,2019-01-02,49.0,133.0,25.0,15.1,7.8,Toma de agua,-34.8297,-55.0421,South America,111.0,678,0.05180000141263008,0.04569999873638153,0.08049999922513962,0.0940999984741211,0.09470000118017197,0.09969999641180038,0.0689999982714653,0.06719999760389328,0.06279999762773514,0.05950000137090683
URY00076,2019-01-08,42.0,130.0,23.0,14.0,7.7,Toma de agua,-34.8297,-55.0421,South America,107.0,678,0.011699999682605267,0.011800000444054604,0.03660000115633011,0.04859999939799309,0.04859999939799309,0.05009999871253967,0.02019999921321869,0.020800000056624413,0.015599999576807022,0.012799999676644802
URY00076,2019-01-09,65.0,130.0,23.5,14.9,7.9,Toma de agua,-34.8297,-55.0421,South America,130.0,678,0.011699999682605267,0.011800000444054604,0.03660000115633011,0.04859999939799309,0.04859999939799309,0.05009999871253967,0.02019999921321869,0.020800000056624413,0.015599999576807022,0.012799999676644802
URY00076,2019-01-11,42.0,127.0,22.0,13.4,7.6,Toma de agua,-34.8297,-55.0421,South America,126.0,678,0.0560000017285347,0.04820000007748604,0.08269999921321869,0.09480000287294388,0.09790000319480896,0.0949999988079071,0.0731000006198883,0.06859999895095825,0.07490000128746033,0.0625
URY00076,2019-01-28,48.0,130.0,25.0,14.4,7.9,Toma de agua,-34.8297,-55.0421,South America,116.0,678,0.005400000140070915,0.00559999980032444,0.033900000154972076,0.04690000042319298,0.04619999974966049,0.041600000113248825,0.013000000268220901,0.013199999928474426,0.013100000098347664,0.006599999964237213
URY00076,2019-01-29,46.0,128.0,26.0,13.8,7.7,Toma de agua,-34.8297,-55.0421,South America,118.0,678,0.005400000140070915,0.00559999980032444,0.033900000154972076,0.04690000042319298,0.04619999974966049,0.041600000113248825,0.013000000268220901,0.013199999928474426,0.013100000098347664,0.006599999964237213
URY00076,2019-01-31,44.0,128.0,27.0,13.9,7.7,Toma de agua,-34.8297,-55.0421,South America,116.0,678,0.03629999980330467,0.03099999949336052,0.07029999792575836,0.08110000193119049,0.0771000012755394,0.07259999960660934,0.051100000739097595,0.048500001430511475,0.050200000405311584,0.043800000101327896
URY00076,2019-02-01,44.0,131.0,26.0,13.1,7.7,Toma de agua,-34.8297,-55.0421,South America,117.0,678,0.03629999980330467,0.03099999949336052,0.07029999792575836,0.08110000193119049,0.0771000012755394,0.07259999960660934,0.051100000739097595,0.048500001430511475,0.050200000405311584,0.043800000101327896
URY00076,2019-02-05,47.0,131.0,23.0,13.4,7.7,Toma de agua,-34.8297,-55.0421,South America,113.0,678,0.004699999932199717,0.0031999999191612005,0.029100000858306885,0.0364999994635582,0.033799998462200165,0.033900000154972076,0.012600000016391277,0.01209999993443489,0.011500000022351742,0.007400000002235174
URY00076,2019-02-06,46.0,128.0,23.0,11.8,7.7,Toma de agua,-34.8297,-55.0421,South America,107.0,678,0.004699999932199717,0.0031999999191612005,0.029100000858306885,0.0364999994635582,0.033799998462200165,0.033900000154972076,0.012600000016391277,0.01209999993443489,0.011500000022351742,0.007400000002235174
URY00076,2019-02-11,44.0,132.0,25.0,,7.6,Toma de agua,-34.8297,-55.0421,South America,89.0,678,0.0044999998062849045,0.003599999938160181,0.02850000001490116,0.039799999445676804,0.03610000014305115,0.031599998474121094,0.01269999984651804,0.011500000022351742,0.00989999994635582,0.007799999788403511
URY00076,2019-02-15,44.0,131.0,22.0,12.3,7.9,Toma de agua,-34.8297,-55.0421,South America,119.0,678,0.01730000041425228,0.01600000075995922,0.048700001090765,0.05590000003576279,0.05260000005364418,0.05009999871253967,0.0272000003606081,0.025499999523162842,0.024399999529123306,0.017500000074505806
URY00076,2019-02-18,44.0,132.0,22.5,11.2,7.9,Toma de agua,-34.8297,-55.0421,South America,109.0,678,0.0035000001080334187,0.002899999963119626,0.02810000069439411,0.041999999433755875,0.03689999878406525,0.03519999980926514,0.011500000022351742,0.012299999594688416,0.011800000444054604,0.005100000184029341
URY00076,2019-02-20,47.0,130.0,24.0,10.3,7.8,Toma de agua,-34.8297,-55.0421,South America,82.0,678,0.01860000006854534,0.016300000250339508,0.04349999874830246,0.05790000036358833,0.04899999871850014,0.053700000047683716,0.031599998474121094,0.029999999329447746,0.028599999845027924,0.024900000542402267
URY00076,2019-02-21,46.0,132.0,26.0,9.2,7.6,Toma de agua,-34.8297,-55.0421,South America,85.0,678,0.01860000006854534,0.016300000250339508,0.04349999874830246,0.05790000036358833,0.04899999871850014,0.053700000047683716,0.031599998474121094,0.029999999329447746,0.028599999845027924,0.024900000542402267
URY00076,2019-02-27,44.0,130.0,20.0,10.1,7.9,Toma de agua,-34.8297,-55.0421,South America,76.0,678,0.009700000286102295,0.008200000040233135,0.03530000150203705,0.04690000042319298,0.04520000144839287,0.036400001496076584,0.01810000091791153,0.019899999722838402,0.020899999886751175,0.0142000000923872
URY00076,2019-02-28,43.0,131.0,21.0,12.4,7.8,Toma de agua,-34.8297,-55.0421,South America,92.0,678,0.009700000286102295,0.008200000040233135,0.03530000150203705,0.04690000042319298,0.04520000144839287,0.036400001496076584,0.01810000091791153,0.019899999722838402,0.020899999886751175,0.0142000000923872
URY00076,2019-03-07,45.0,129.0,24.0,8.9,7.8,Toma de agua,-34.8297,-55.0421,South America,85.0,678,0.0071000000461936,0.004800000227987766,0.033399999141693115,0.039500001817941666,0.034699998795986176,0.029400000348687172,0.01489999983459711,0.013299999758601189,0.010999999940395355,0.008999999612569809
URY00076,2019-03-19,42.0,130.0,21.5,9.9,7.8,Toma de agua,-34.8297,-55.0421,South America,87.0,678,0.06390000134706497,0.05249999836087227,0.10189999639987946,0.07500000298023224,0.06440000236034393,0.07329999655485153,0.0723000019788742,0.07419999688863754,0.09880000352859497,0.07249999791383743
URY00076,2019-03-20,40.0,131.0,21.0,10.0,7.8,Toma de agua,-34.8297,-55.0421,South America,82.0,678,0.06390000134706497,0.05249999836087227,0.10189999639987946,0.07500000298023224,0.06440000236034393,0.07329999655485153,0.0723000019788742,0.07419999688863754,0.09880000352859497,0.07249999791383743
URY00076,2019-03-25,46.0,133.0,19.0,14.8,8.0,Toma de agua,-34.8297,-55.0421,South America,114.0,678,0.01209999993443489,0.012500000186264515,0.04430000111460686,0.05050000175833702,0.0502999983727932,0.04309999942779541,0.0215000007301569,0.025299999862909317,0.01810000091791153,0.019999999552965164
URY00076,2019-04-08,43.0,135.0,19.5,9.5,8.0,Toma de agua,-34.8297,-55.0421,South America,87.0,678,0.005400000140070915,0.004900000058114529,0.027699999511241913,0.03909999877214432,0.033399999141693115,0.029500000178813934,0.00989999994635582,0.010900000110268593,0.009499999694526196,0.008899999782443047
URY00076,2019-04-09,48.0,139.0,19.0,9.2,8.0,Toma de agua,-34.8297,-55.0421,South America,82.0,678,0.005400000140070915,0.004900000058114529,0.027699999511241913,0.03909999877214432,0.033399999141693115,0.029500000178813934,0.00989999994635582,0.010900000110268593,0.009499999694526196,0.008899999782443047
URY00076,2019-04-16,42.0,136.0,18.0,8.8,7.8,Toma de agua,-34.8297,-55.0421,South America,66.0,678,0.011300000362098217,0.009600000455975533,0.01850000023841858,0.02160000056028366,0.01600000075995922,0.015300000086426735,0.01140000019222498,0.010900000110268593,0.008799999952316284,0.009200000204145908
URY00076,2019-04-17,44.0,136.0,18.0,9.2,7.8,Toma de agua,-34.8297,-55.0421,South America,84.0,678,0.011300000362098217,0.009600000455975533,0.01850000023841858,0.02160000056028366,0.01600000075995922,0.015300000086426735,0.01140000019222498,0.010900000110268593,0.008799999952316284,0.009200000204145908
URY00076,2019-06-03,45.0,139.0,14.0,8.1,7.7,Toma de agua,-34.8297,-55.0421,South America,91.0,678,0.002099999925121665,0.002899999963119626,0.02810000069439411,0.0357000008225441,0.026100000366568565,0.02449999935925007,0.009999999776482582,0.006099999882280827,0.0019000000320374966,0.0024999999441206455
URY00076,2019-06-20,44.0,137.0,14.0,22.8,7.9,Toma de agua,-34.8297,-55.0421,South America,127.0,678,0.006399999838322401,0.004600000102072954,0.023000000044703484,0.03359999880194664,0.03790000081062317,0.028999999165534973,0.015399999916553497,0.013799999840557575,0.014499999582767487,0.006500000134110451
URY00076,2019-06-21,42.0,146.0,13.0,14.6,7.8,Toma de agua,-34.8297,-55.0421,South America,127.0,678,0.006399999838322401,0.004600000102072954,0.023000000044703484,0.03359999880194664,0.03790000081062317,0.028999999165534973,0.015399999916553497,0.013799999840557575,0.014499999582767487,0.006500000134110451
URY00076,2019-07-08,41.0,137.0,8.0,18.7,8.1,Toma de agua,-34.8297,-55.0421,South America,136.0,678,0.0008999999845400453,0.0017000000225380063,0.014299999922513962,0.02889999933540821,0.03680000081658363,0.03099999949336052,0.01119999960064888,0.009399999864399433,0.011500000022351742,0.00430000014603138
URY00076,2019-07-17,43.0,140.0,10.0,15.3,7.8,Toma de agua,-34.8297,-55.0421,South America,125.0,678,0.00139999995008111,0.002099999925121665,0.016699999570846558,0.02459999918937683,0.03350000083446503,0.029400000348687172,0.008999999612569809,0.009200000204145908,0.007899999618530273,0.00419999985024333
URY00076,2019-08-05,45.0,141.0,10.0,15.9,7.9,Toma de agua,-34.8297,-55.0421,South America,120.0,678,0.001500000013038516,0.0013000000035390258,0.020999999716877937,0.028599999845027924,0.032499998807907104,0.030500000342726707,0.010400000028312206,0.01140000019222498,0.007699999958276749,0.004100000020116568
URY00076,2019-08-06,46.0,138.0,11.0,144.0,7.9,Toma de agua,-34.8297,-55.0421,South America,89.0,678,0.002199999988079071,0.0017999999690800905,0.018799999728798866,0.03009999915957451,0.03579999879002571,0.03220000118017197,0.013000000268220901,0.008899999782443047,0.008500000461935997,0.005100000184029341
URY00076,2019-08-07,45.0,138.0,12.5,14.3,7.8,Toma de agua,-34.8297,-55.0421,South America,120.0,678,0.002199999988079071,0.0017999999690800905,0.018799999728798866,0.03009999915957451,0.03579999879002571,0.03220000118017197,0.013000000268220901,0.008899999782443047,0.008500000461935997,0.005100000184029341
URY00076,2019-08-12,44.0,140.0,11.5,14.9,7.8,Toma de agua,-34.8297,-55.0421,South America,112.0,678,0.002300000051036477,0.0015999999595806003,0.02280000038444996,0.029400000348687172,0.032600000500679016,0.02979999966919422,0.008899999782443047,0.00989999994635582,0.006399999838322401,0.004800000227987766
URY00076,2019-08-14,44.0,136.0,10.0,14.4,7.5,Toma de agua,-34.8297,-55.0421,South America,143.0,678,0.003100000089034438,0.003800000064074993,0.02410000003874302,0.03310000151395798,0.03660000115633011,0.03220000118017197,0.01209999993443489,0.010499999858438969,0.008700000122189522,0.0038999998942017555
URY00076,2019-08-15,46.0,138.0,9.0,14.5,7.9,Toma de agua,-34.8297,-55.0421,South America,114.0,678,0.003100000089034438,0.003800000064074993,0.02410000003874302,0.03310000151395798,0.03660000115633011,0.03220000118017197,0.01209999993443489,0.010499999858438969,0.008700000122189522,0.0038999998942017555
URY00076,2019-08-21,48.0,144.0,9.5,16.0,7.9,Toma de agua,-34.8297,-55.0421,South America,125.0,678,0.006200000178068876,0.004100000020116568,0.03590000048279762,0.03889999911189079,0.04230000078678131,0.03790000081062317,0.016699999570846558,0.01720000058412552,0.013399999588727951,0.00860000029206276
URY00076,2019-08-22,48.0,149.0,10.0,16.6,7.8,Toma de agua,-34.8297,-55.0421,South America,118.0,678,0.006200000178068876,0.004100000020116568,0.03590000048279762,0.03889999911189079,0.04230000078678131,0.03790000081062317,0.016699999570846558,0.01720000058412552,0.013399999588727951,0.00860000029206276
URY00076,2020-01-08,45.0,137.0,23.0,10.4,9.0,Toma de agua,-34.8297,-55.0421,South America,,678,0.007199999876320362,0.005400000140070915,0.03849999979138374,0.04910000041127205,0.0348999984562397,0.04749999940395355,0.026900000870227814,0.025299999862909317,0.02070000022649765,0.017000000923871994
URY00076,2020-01-09,47.0,131.0,24.0,10.1,8.3,Toma de agua,-34.8297,-55.0421,South America,,678,0.007199999876320362,0.005400000140070915,0.03849999979138374,0.04910000041127205,0.0348999984562397,0.04749999940395355,0.026900000870227814,0.025299999862909317,0.02070000022649765,0.017000000923871994
URY00076,2020-01-13,50.0,139.0,23.5,9.1,9.3,Toma de agua,-34.8297,-55.0421,South America,,678,0.010099999606609344,0.009499999694526196,0.03819999843835831,0.04989999905228615,0.03849999979138374,0.04390000179409981,0.030799999833106995,0.02930000051856041,0.0272000003606081,0.023399999365210533
URY00076,2020-01-14,48.0,142.0,23.0,8.0,8.2,Toma de agua,-34.8297,-55.0421,South America,,678,0.010099999606609344,0.009499999694526196,0.03819999843835831,0.04989999905228615,0.03849999979138374,0.04390000179409981,0.030799999833106995,0.02930000051856041,0.0272000003606081,0.023399999365210533
URY00076,2020-01-16,47.0,138.0,22.0,6.9,7.7,Toma de agua,-34.8297,-55.0421,South America,,678,0.0568000003695488,0.04749999940395355,0.07410000264644623,0.08330000191926956,0.07490000128746033,0.07989999651908875,0.07240000367164612,0.07150000333786011,0.08129999786615372,0.06920000165700912
URY00076,2020-01-17,50.0,139.0,22.0,6.4,7.7,Toma de agua,-34.8297,-55.0421,South America,,678,0.0568000003695488,0.04749999940395355,0.07410000264644623,0.08330000191926956,0.07490000128746033,0.07989999651908875,0.07240000367164612,0.07150000333786011,0.08129999786615372,0.06920000165700912
URY00076,2020-01-23,49.0,145.0,24.0,3.2,7.5,Toma de agua,-34.8297,-55.0421,South America,,678,0.009100000374019146,0.0066999997943639755,0.020800000056624413,0.031199999153614044,0.023600000888109207,0.020899999886751175,0.01510000042617321,0.013199999928474426,0.014700000174343586,0.01360000018030405
URY00076,2020-01-24,49.0,146.0,24.0,2.8,7.7,Toma de agua,-34.8297,-55.0421,South America,,678,0.009100000374019146,0.0066999997943639755,0.020800000056624413,0.031199999153614044,0.023600000888109207,0.020899999886751175,0.01510000042617321,0.013199999928474426,0.014700000174343586,0.01360000018030405
URY00076,2020-01-27,49.0,144.0,24.0,2.6,7.5,Toma de agua,-34.8297,-55.0421,South America,,678,0.03359999880194664,0.02669999934732914,0.04430000111460686,0.05290000140666962,0.045499999076128006,0.04659999907016754,0.03629999980330467,0.03720000013709068,0.03530000150203705,0.03280000016093254
URY00076,2020-01-28,49.0,143.0,23.0,2.5,7.4,Toma de agua,-34.8297,-55.0421,South America,,678,0.008299999870359898,0.005499999970197678,0.03290000185370445,0.02930000051856041,0.025100000202655792,0.019200000911951065,0.016499999910593033,0.016300000250339508,0.020999999716877937,0.015699999406933784
URY00076,2020-01-29,50.0,144.0,24.0,2.8,7.7,Toma de agua,-34.8297,-55.0421,South America,,678,0.008299999870359898,0.005499999970197678,0.03290000185370445,0.02930000051856041,0.025100000202655792,0.019200000911951065,0.016499999910593033,0.016300000250339508,0.020999999716877937,0.015699999406933784
URY00076,2020-01-31,48.0,146.0,22.0,1.9,6.9,Toma de agua,-34.8297,-55.0421,South America,,678,0.024900000542402267,0.020899999886751175,0.04740000143647194,0.04839999973773956,0.041600000113248825,0.03310000151395798,0.029600000008940697,0.03200000151991844,0.03550000116229057,0.027400000020861626
URY00076,2020-02-03,50.0,142.0,23.0,2.8,7.6,Toma de agua,-34.8297,-55.0421,South America,,678,0.006399999838322401,0.0038999998942017555,0.022700000554323196,0.026499999687075615,0.02250000089406967,0.017500000074505806,0.008899999782443047,0.00839999970048666,0.01269999984651804,0.011699999682605267
URY00076,2020-02-05,47.0,142.0,25.0,1.8,7.2,Toma de agua,-34.8297,-55.0421,South America,,678,0.03929999843239784,0.03310000151395798,0.053700000047683716,0.06270000338554382,0.05389999970793724,0.04910000041127205,0.0414000004529953,0.04010000079870224,0.04259999841451645,0.03819999843835831
URY00076,2020-02-06,46.0,142.0,25.0,1.4,7.2,Toma de agua,-34.8297,-55.0421,South America,,678,0.03929999843239784,0.03310000151395798,0.053700000047683716,0.06270000338554382,0.05389999970793724,0.04910000041127205,0.0414000004529953,0.04010000079870224,0.04259999841451645,0.03819999843835831
URY00076,2020-02-12,50.0,144.0,22.0,1.0,7.4,Toma de agua,-34.8297,-55.0421,South America,,678,0.006599999964237213,0.004800000227987766,0.021900000050663948,0.02810000069439411,0.020099999383091927,0.018300000578165054,0.014600000344216824,0.013500000350177288,0.010999999940395355,0.010700000450015068
URY00076,2020-02-13,50.0,142.0,23.0,1.0,7.4,Toma de agua,-34.8297,-55.0421,South America,,678,0.006599999964237213,0.004800000227987766,0.021900000050663948,0.02810000069439411,0.020099999383091927,0.018300000578165054,0.014600000344216824,0.013500000350177288,0.010999999940395355,0.010700000450015068
URY00076,2020-02-27,50.0,146.0,20.0,2.3,7.5,Toma de agua,-34.8297,-55.0421,South America,,678,0.00930000003427267,0.007400000002235174,0.0284000001847744,0.033399999141693115,0.02329999953508377,0.01889999955892563,0.012600000016391277,0.012299999594688416,0.01269999984651804,0.010400000028312206
URY00076,2020-02-28,50.0,147.0,21.0,1.3,7.4,Toma de agua,-34.8297,-55.0421,South America,,678,0.00930000003427267,0.007400000002235174,0.0284000001847744,0.033399999141693115,0.02329999953508377,0.01889999955892563,0.012600000016391277,0.012299999594688416,0.01269999984651804,0.010400000028312206
URY00076,2020-03-03,50.0,125.0,22.0,1.7,7.8,Toma de agua,-34.8297,-55.0421,South America,,678,0.005900000222027302,0.005400000140070915,0.02370000071823597,0.030300000682473183,0.01640000008046627,0.016300000250339508,0.008799999952316284,0.009499999694526196,0.010499999858438969,0.007000000216066837
URY00076,2020-03-13,52.0,148.0,22.0,1.2,7.6,Toma de agua,-34.8297,-55.0421,South America,,678,0.004800000227987766,0.005200000014156103,0.016300000250339508,0.02630000002682209,0.018799999728798866,0.01730000041425228,0.00989999994635582,0.008500000461935997,0.009800000116229057,0.007400000002235174
URY00076,2020-03-16,54.0,145.0,21.0,1.0,7.4,Toma de agua,-34.8297,-55.0421,South America,,678,0.030700000002980232,0.02810000069439411,0.041200000792741776,0.0471000000834465,0.03530000150203705,0.03779999911785126,0.03350000083446503,0.03500000014901161,0.04470000043511391,0.03420000150799751
URY00076,2020-03-17,53.0,145.0,21.0,1.0,7.5,Toma de agua,-34.8297,-55.0421,South America,,678,0.030700000002980232,0.02810000069439411,0.041200000792741776,0.0471000000834465,0.03530000150203705,0.03779999911785126,0.03350000083446503,0.03500000014901161,0.04470000043511391,0.03420000150799751
URY00076,2020-03-23,53.0,151.0,22.0,1.9,7.5,Toma de agua,-34.8297,-55.0421,South America,,678,0.0034000000450760126,0.0027000000700354576,0.016899999231100082,0.04430000111460686,0.02070000022649765,0.03350000083446503,0.011300000362098217,0.010099999606609344,0.009600000455975533,0.00800000037997961
URY00076,2020-03-24,51.0,151.0,22.7,3.6,7.9,Toma de agua,-34.8297,-55.0421,South America,,678,0.0034000000450760126,0.0027000000700354576,0.016899999231100082,0.04430000111460686,0.02070000022649765,0.03350000083446503,0.011300000362098217,0.010099999606609344,0.009600000455975533,0.00800000037997961
URY00076,2020-04-20,48.0,150.0,18.5,12.0,7.2,Toma de agua,-34.8297,-55.0421,South America,59.0,678,0.003100000089034438,0.003000000026077032,0.03240000084042549,0.04340000078082085,0.03200000151991844,0.041200000792741776,0.01679999940097332,0.017100000753998756,0.012400000356137753,0.007400000002235174
URY00076,2020-04-21,48.0,148.0,19.6,10.5,7.2,Toma de agua,-34.8297,-55.0421,South America,41.0,678,0.003100000089034438,0.003000000026077032,0.03240000084042549,0.04340000078082085,0.03200000151991844,0.041200000792741776,0.01679999940097332,0.017100000753998756,0.012400000356137753,0.007400000002235174
URY00076,2020-04-30,48.0,148.0,17.0,10.5,7.2,Toma de agua,-34.8297,-55.0421,South America,41.0,678,0.015300000086426735,0.016599999740719795,0.0502999983727932,0.06759999692440033,0.05209999904036522,0.06669999659061432,0.03819999843835831,0.03689999878406525,0.0348999984562397,0.024800000712275505
URY00076,2020-05-11,52.0,155.0,17.3,5.1,7.6,Toma de agua,-34.8297,-55.0421,South America,32.0,678,0.002099999925121665,0.003599999938160181,0.02710000053048134,0.04839999973773956,0.024900000542402267,0.036400001496076584,0.011300000362098217,0.008700000122189522,0.008100000210106373,0.005900000222027302
URY00076,2020-05-12,52.0,149.0,14.5,6.3,7.8,Toma de agua,-34.8297,-55.0421,South America,45.0,678,0.0071000000461936,0.0044999998062849045,0.014999999664723873,0.04600000008940697,0.02370000071823597,0.03370000049471855,0.011800000444054604,0.012000000104308128,0.011599999852478504,0.008500000461935997
URY00076,2020-05-13,52.0,158.0,13.5,5.8,7.8,Toma de agua,-34.8297,-55.0421,South America,41.0,678,0.0071000000461936,0.0044999998062849045,0.014999999664723873,0.04600000008940697,0.02370000071823597,0.03370000049471855,0.011800000444054604,0.012000000104308128,0.011599999852478504,0.008500000461935997
URY00076,2020-05-18,55.0,172.0,14.0,8.6,8.5,Toma de agua,-34.8297,-55.0421,South America,30.0,678,0.003599999938160181,0.002199999988079071,0.02500000037252903,0.04520000144839287,0.025299999862909317,0.03720000013709068,0.009999999776482582,0.011800000444054604,0.008700000122189522,0.006000000052154064
URY00076,2020-05-27,54.0,156.0,12.5,13.3,7.8,Toma de agua,-34.8297,-55.0421,South America,32.0,678,0.0015999999595806003,0.0007999999797903001,0.023399999365210533,0.04149999842047691,0.02850000001490116,0.03620000183582306,0.01119999960064888,0.01119999960064888,0.010700000450015068,0.004000000189989805
URY00076,2020-05-28,51.0,154.0,13.0,5.0,7.7,Toma de agua,-34.8297,-55.0421,South America,32.0,678,0.0015999999595806003,0.0007999999797903001,0.023399999365210533,0.04149999842047691,0.02850000001490116,0.03620000183582306,0.01119999960064888,0.01119999960064888,0.010700000450015068,0.004000000189989805
URY00076,2020-06-04,53.0,158.0,11.0,2.3,7.7,Toma de agua,-34.8297,-55.0421,South America,25.0,678,0.002899999963119626,0.003000000026077032,0.01769999973475933,0.03970000147819519,0.020500000566244125,0.017400000244379044,0.005900000222027302,0.005499999970197678,0.004699999932199717,0.00419999985024333
URY00076,2020-06-05,53.0,156.0,11.0,2.2,7.6,Toma de agua,-34.8297,-55.0421,South America,21.0,678,0.002899999963119626,0.003000000026077032,0.01769999973475933,0.03970000147819519,0.020500000566244125,0.017400000244379044,0.005900000222027302,0.005499999970197678,0.004699999932199717,0.00419999985024333
URY00076,2020-06-15,55.0,158.0,10.0,5.3,7.4,Toma de agua,-34.8297,-55.0421,South America,27.0,678,0.0034000000450760126,0.003100000089034438,0.016899999231100082,0.03909999877214432,0.023600000888109207,0.02969999983906746,0.008799999952316284,0.007400000002235174,0.006000000052154064,0.0044999998062849045
URY00076,2020-06-26,50.0,156.0,12.0,2.9,7.5,Toma de agua,-34.8297,-55.0421,South America,41.0,678,0.002400000113993883,0.0015999999595806003,0.01769999973475933,0.03460000082850456,0.02019999921321869,0.02280000038444996,0.004000000189989805,0.00559999980032444,0.0031999999191612005,0.0019000000320374966
URY00076,2020-07-09,43.0,132.0,10.0,7.3,7.3,Toma de agua,-34.8297,-55.0421,South America,58.0,678,0.006899999920278788,0.004100000020116568,0.03229999914765358,0.03519999980926514,0.03579999879002571,0.03449999913573265,0.018699999898672104,0.01769999973475933,0.014700000174343586,0.014800000004470348
URY00076,2020-07-10,43.0,137.0,9.5,6.4,7.4,Toma de agua,-34.8297,-55.0421,South America,63.0,678,0.006899999920278788,0.004100000020116568,0.03229999914765358,0.03519999980926514,0.03579999879002571,0.03449999913573265,0.018699999898672104,0.01769999973475933,0.014700000174343586,0.014800000004470348
URY00076,2020-07-14,45.0,138.0,8.0,6.7,7.4,Toma de agua,-34.8297,-55.0421,South America,81.0,678,0.00800000037997961,0.006599999964237213,0.02370000071823597,0.03319999948143959,0.031199999153614044,0.031700000166893005,0.014499999582767487,0.014000000432133675,0.014600000344216824,0.00930000003427267
URY00076,2020-07-15,49.0,134.0,8.0,7.0,7.4,Toma de agua,-34.8297,-55.0421,South America,74.0,678,0.00800000037997961,0.006599999964237213,0.02370000071823597,0.03319999948143959,0.031199999153614044,0.031700000166893005,0.014499999582767487,0.014000000432133675,0.014600000344216824,0.00930000003427267
URY00076,2020-07-29,47.0,140.0,10.0,4.9,7.6,Toma de agua,-34.8297,-55.0421,South America,47.0,678,0.0019000000320374966,0.0024999999441206455,0.010200000368058681,0.019999999552965164,0.0142000000923872,0.018300000578165054,0.004600000102072954,0.004600000102072954,0.0044999998062849045,0.003700000001117587
URY00076,2020-07-30,47.0,134.0,9.1,4.7,7.8,Toma de agua,-34.8297,-55.0421,South America,41.0,678,0.0019000000320374966,0.0024999999441206455,0.010200000368058681,0.019999999552965164,0.0142000000923872,0.018300000578165054,0.004600000102072954,0.004600000102072954,0.0044999998062849045,0.003700000001117587
URY00076,2020-08-05,41.0,136.0,12.0,4.7,7.5,Toma de agua,-34.8297,-55.0421,South America,67.0,678,0.004600000102072954,0.002899999963119626,0.019600000232458115,0.025299999862909317,0.01810000091791153,0.022199999541044235,0.006599999964237213,0.010700000450015068,0.007300000172108412,0.0034000000450760126
URY00076,2020-08-06,41.0,174.0,14.0,4.7,7.5,Toma de agua,-34.8297,-55.0421,South America,70.0,678,0.004600000102072954,0.002899999963119626,0.019600000232458115,0.025299999862909317,0.01810000091791153,0.022199999541044235,0.006599999964237213,0.010700000450015068,0.007300000172108412,0.0034000000450760126
URY00076,2020-08-13,45.0,132.0,11.0,4.0,7.6,Toma de agua,-34.8297,-55.0421,South America,45.0,678,0.004000000189989805,0.004600000102072954,0.00860000029206276,0.01720000058412552,0.0142000000923872,0.01489999983459711,0.007499999832361937,0.008999999612569809,0.004699999932199717,0.006500000134110451
URY00076,2020-08-14,43.0,132.0,11.0,4.2,7.5,Toma de agua,-34.8297,-55.0421,South America,36.0,678,0.004000000189989805,0.004600000102072954,0.00860000029206276,0.01720000058412552,0.0142000000923872,0.01489999983459711,0.007499999832361937,0.008999999612569809,0.004699999932199717,0.006500000134110451
URY00076,2020-08-18,42.0,139.0,10.0,4.1,7.5,Toma de agua,-34.8297,-55.0421,South America,47.0,678,0.006200000178068876,0.004600000102072954,0.021299999207258224,0.02590000070631504,0.01979999989271164,0.020099999383091927,0.011500000022351742,0.01209999993443489,0.010999999940395355,0.007799999788403511
URY00076,2020-08-19,42.0,141.0,11.0,6.6,7.9,Toma de agua,-34.8297,-55.0421,South America,56.0,678,0.006200000178068876,0.004600000102072954,0.021299999207258224,0.02590000070631504,0.01979999989271164,0.020099999383091927,0.011500000022351742,0.01209999993443489,0.010999999940395355,0.007799999788403511
URY00076,2020-08-24,46.0,142.0,11.0,4.3,7.9,Toma de agua,-34.8297,-55.0421,South America,18.0,678,0.002899999963119626,0.003599999938160181,0.011900000274181366,0.022299999371170998,0.019600000232458115,0.012199999764561653,0.0020000000949949026,0.003000000026077032,0.006399999838322401,0.0024999999441206455
URY00076,2020-09-07,44.0,145.0,11.0,3.6,7.8,Toma de agua,-34.8297,-55.0421,South America,38.0,678,0.0052999998442828655,0.0044999998062849045,0.021800000220537186,0.026100000366568565,0.019500000402331352,0.016100000590085983,0.007799999788403511,0.009200000204145908,0.010300000198185444,0.005400000140070915
URY00076,2020-09-08,42.0,139.0,11.0,4.1,7.8,Toma de agua,-34.8297,-55.0421,South America,41.0,678,0.0052999998442828655,0.0044999998062849045,0.021800000220537186,0.026100000366568565,0.019500000402331352,0.016100000590085983,0.007799999788403511,0.009200000204145908,0.010300000198185444,0.005400000140070915
URY00076,2020-09-14,39.0,142.0,13.5,5.9,7.7,Toma de agua,-34.8297,-55.0421,South America,54.0,678,0.24410000443458557,0.2888000011444092,0.19920000433921814,0.20720000565052032,0.21879999339580536,0.23270000517368317,0.24690000712871552,0.2662000060081482,0.2354000061750412,0.28290000557899475
URY00076,2020-09-15,44.0,146.0,12.0,3.3,7.8,Toma de agua,-34.8297,-55.0421,South America,36.0,678,0.24410000443458557,0.2888000011444092,0.19920000433921814,0.20720000565052032,0.21879999339580536,0.23270000517368317,0.24690000712871552,0.2662000060081482,0.2354000061750412,0.28290000557899475
URY00076,2020-09-29,44.0,148.0,13.0,10.5,7.7,Toma de agua,-34.8297,-55.0421,South America,45.0,678,0.003800000064074993,0.0027000000700354576,0.01810000091791153,0.031099999323487282,0.023399999365210533,0.02280000038444996,0.007699999958276749,0.00800000037997961,0.010300000198185444,0.005900000222027302
URY00076,2020-09-30,45.0,149.0,15.1,9.5,7.9,Toma de agua,-34.8297,-55.0421,South America,41.0,678,0.003800000064074993,0.0027000000700354576,0.01810000091791153,0.031099999323487282,0.023399999365210533,0.02280000038444996,0.007699999958276749,0.00800000037997961,0.010300000198185444,0.005900000222027302
URY00076,2020-10-02,47.0,149.0,13.5,4.7,7.7,Toma de agua,-34.8297,-55.0421,South America,33.0,678,0.01979999989271164,0.015699999406933784,0.03680000081658363,0.046799998730421066,0.03840000182390213,0.038600001484155655,0.0284000001847744,0.028599999845027924,0.030799999833106995,0.026100000366568565
URY00076,2020-11-02,46.0,150.0,19.9,4.1,7.4,Toma de agua,-34.8297,-55.0421,South America,30.0,678,0.03660000115633011,0.032499998807907104,0.06319999694824219,0.07460000365972519,0.06270000338554382,0.06129999831318855,0.04439999908208847,0.04540000110864639,0.04809999838471413,0.04230000078678131
URY00076,2020-11-09,47.0,146.0,21.6,3.3,7.6,Toma de agua,-34.8297,-55.0421,South America,18.0,678,0.41659998893737793,0.42590001225471497,0.35740000009536743,0.35740000009536743,0.3495999872684479,0.38940000534057617,0.40619999170303345,0.41370001435279846,0.39160001277923584,0.4235000014305115
URY00076,2020-11-11,46.0,144.0,20.4,3.9,7.6,Toma de agua,-34.8297,-55.0421,South America,61.0,678,0.03449999913573265,0.029400000348687172,0.05620000138878822,0.06109999865293503,0.051500000059604645,0.04960000142455101,0.040800001472234726,0.03849999979138374,0.038600001484155655,0.03779999911785126
URY00076,2020-11-12,48.0,149.0,20.2,4.4,7.6,Toma de agua,-34.8297,-55.0421,South America,12.0,678,0.03449999913573265,0.029400000348687172,0.05620000138878822,0.06109999865293503,0.051500000059604645,0.04960000142455101,0.040800001472234726,0.03849999979138374,0.038600001484155655,0.03779999911785126
URY00076,2020-11-21,44.0,150.0,21.8,6.4,7.6,Toma de agua,-34.8297,-55.0421,South America,30.0,678,0.011500000022351742,0.009499999694526196,0.03189999982714653,0.04190000146627426,0.029100000858306885,0.029999999329447746,0.01899999938905239,0.017500000074505806,0.01360000018030405,0.011800000444054604
URY00076,2020-11-23,45.0,143.0,22.0,6.6,7.6,Toma de agua,-34.8297,-55.0421,South America,30.0,678,0.017899999395012856,0.014399999752640724,0.04270000010728836,0.04800000041723251,0.03779999911785126,0.0333000011742115,0.02070000022649765,0.022099999710917473,0.02239999920129776,0.01940000057220459
URY00076,2020-11-24,43.0,143.0,23.0,7.5,7.6,Toma de agua,-34.8297,-55.0421,South America,32.0,678,0.017899999395012856,0.014399999752640724,0.04270000010728836,0.04800000041723251,0.03779999911785126,0.0333000011742115,0.02070000022649765,0.022099999710917473,0.02239999920129776,0.01940000057220459
URY00076,2020-12-01,43.0,144.0,20.0,6.0,7.5,Toma de agua,-34.8297,-55.0421,South America,,678,0.054099999368190765,0.04500000178813934,0.07890000194311142,0.08820000290870667,0.07909999787807465,0.0794999971985817,0.06360000371932983,0.06030000001192093,0.062199998646974564,0.05570000037550926
URY00076,2020-12-02,43.0,144.0,22.0,5.9,7.6,Toma de agua,-34.8297,-55.0421,South America,,678,0.054099999368190765,0.04500000178813934,0.07890000194311142,0.08820000290870667,0.07909999787807465,0.0794999971985817,0.06360000371932983,0.06030000001192093,0.062199998646974564,0.05570000037550926
URY00076,2020-12-03,42.0,125.0,22.0,5.4,7.5,Toma de agua,-34.8297,-55.0421,South America,,678,0.2363000065088272,0.19030000269412994,0.23919999599456787,0.22920000553131104,0.2168000042438507,0.21439999341964722,0.21780000627040863,0.22519999742507935,0.2540000081062317,0.22990000247955322
URY00076,2020-12-04,42.0,118.0,22.0,4.9,7.6,Toma de agua,-34.8297,-55.0421,South America,,678,0.2363000065088272,0.19030000269412994,0.23919999599456787,0.22920000553131104,0.2168000042438507,0.21439999341964722,0.21780000627040863,0.22519999742507935,0.2540000081062317,0.22990000247955322
URY00076,2020-12-07,35.0,138.0,20.0,5.3,7.8,Toma de agua,-34.8297,-55.0421,South America,,678,0.08529999852180481,0.06880000233650208,0.1120000034570694,0.11800000071525574,0.11219999939203262,0.10819999873638153,0.09749999642372131,0.09920000284910202,0.10180000215768814,0.09560000151395798
URY00076,2020-12-08,39.0,140.0,20.0,5.5,7.5,Toma de agua,-34.8297,-55.0421,South America,,678,0.010900000110268593,0.008299999870359898,0.04019999876618385,0.049300000071525574,0.03500000014901161,0.03310000151395798,0.016100000590085983,0.017799999564886093,0.01600000075995922,0.010599999688565731
URY00076,2020-12-09,40.0,140.0,20.9,5.0,7.6,Toma de agua,-34.8297,-55.0421,South America,,678,0.010900000110268593,0.008299999870359898,0.04019999876618385,0.049300000071525574,0.03500000014901161,0.03310000151395798,0.016100000590085983,0.017799999564886093,0.01600000075995922,0.010599999688565731
URY00076,2020-12-16,32.0,157.0,19.8,4.7,7.6,Toma de agua,-34.8297,-55.0421,South America,,678,0.07689999788999557,0.06759999692440033,0.09589999914169312,0.09969999641180038,0.09489999711513519,0.09470000118017197,0.07999999821186066,0.07819999754428864,0.0794999971985817,0.07450000196695328
URY00076,2020-12-17,35.0,135.0,21.3,4.7,7.6,Toma de agua,-34.8297,-55.0421,South America,,678,0.07689999788999557,0.06759999692440033,0.09589999914169312,0.09969999641180038,0.09489999711513519,0.09470000118017197,0.07999999821186066,0.07819999754428864,0.0794999971985817,0.07450000196695328
URY00076,2020-12-23,41.0,130.0,19.0,6.0,7.6,Toma de agua,-34.8297,-55.0421,South America,,678,0.005900000222027302,0.003599999938160181,0.032999999821186066,0.039799999445676804,0.024399999529123306,0.021800000220537186,0.010400000028312206,0.006800000090152025,0.012299999594688416,0.003599999938160181
URY00076,2020-12-24,34.0,129.0,21.0,6.1,7.4,Toma de agua,-34.8297,-55.0421,South America,,678,0.005900000222027302,0.003599999938160181,0.032999999821186066,0.039799999445676804,0.024399999529123306,0.021800000220537186,0.010400000028312206,0.006800000090152025,0.012299999594688416,0.003599999938160181
URY00076,2020-12-27,30.0,124.0,23.0,6.8,7.5,Toma de agua,-34.8297,-55.0421,South America,,678,0.1339000016450882,0.10440000146627426,0.13600000739097595,0.14059999585151672,0.13220000267028809,0.14239999651908875,0.13920000195503235,0.14000000059604645,0.11879999935626984,0.13429999351501465
URY00076,2021-01-02,31.0,124.0,22.6,8.3,7.5,Toma de agua,-34.8297,-55.0421,South America,,678,0.006599999964237213,0.004600000102072954,0.030500000342726707,0.033900000154972076,0.027499999850988388,0.021199999377131462,0.008299999870359898,0.009100000374019146,0.004900000058114529,0.005400000140070915
URY00076,2021-01-11,32.0,140.0,21.8,11.8,7.3,Toma de agua,-34.8297,-55.0421,South America,,678,0.04010000079870224,0.033399999141693115,0.06440000236034393,0.07660000026226044,0.06710000336170197,0.07119999825954437,0.048700001090765,0.04989999905228615,0.0478999987244606,0.04320000112056732
URY00076,2021-01-15,29.0,125.0,23.8,18.1,7.4,Toma de agua,-34.8297,-55.0421,South America,,678,0.06849999725818634,0.05889999866485596,0.09269999712705612,0.10199999809265137,0.10029999911785126,0.10209999978542328,0.08169999718666077,0.08250000327825546,0.07890000194311142,0.07590000331401825
URY00076,2021-01-16,26.0,125.0,22.0,17.8,7.6,Toma de agua,-34.8297,-55.0421,South America,,678,0.06849999725818634,0.05889999866485596,0.09269999712705612,0.10199999809265137,0.10029999911785126,0.10209999978542328,0.08169999718666077,0.08250000327825546,0.07890000194311142,0.07590000331401825
URY00076,2021-01-20,25.0,126.0,23.6,23.4,7.3,Toma de agua,-34.8297,-55.0421,South America,,678,0.04479999840259552,0.03700000047683716,0.07800000160932541,0.08990000188350677,0.08550000190734863,0.08500000089406967,0.059300001710653305,0.05770000070333481,0.05889999866485596,0.04969999939203262
URY00076,2021-01-21,25.0,128.0,23.0,22.8,7.4,Toma de agua,-34.8297,-55.0421,South America,,678,0.04479999840259552,0.03700000047683716,0.07800000160932541,0.08990000188350677,0.08550000190734863,0.08500000089406967,0.059300001710653305,0.05770000070333481,0.05889999866485596,0.04969999939203262
URY00076,2021-01-22,26.0,126.0,25.0,26.1,7.3,Toma de agua,-34.8297,-55.0421,South America,,678,0.007199999876320362,0.007600000128149986,0.04610000178217888,0.05249999836087227,0.04910000041127205,0.04919999837875366,0.02410000003874302,0.02539999969303608,0.021900000050663948,0.016300000250339508
URY00076,2021-01-25,30.0,125.0,25.7,26.7,7.5,Toma de agua,-34.8297,-55.0421,South America,,678,0.004600000102072954,0.00419999985024333,0.03819999843835831,0.049300000071525574,0.04580000042915344,0.047600001096725464,0.020999999716877937,0.02410000003874302,0.01759999990463257,0.015300000086426735
URY00076,2021-01-26,30.0,129.0,26.0,26.8,7.3,Toma de agua,-34.8297,-55.0421,South America,,678,0.004600000102072954,0.00419999985024333,0.03819999843835831,0.049300000071525574,0.04580000042915344,0.047600001096725464,0.020999999716877937,0.02410000003874302,0.01759999990463257,0.015300000086426735
URY00076,2021-02-15,29.0,125.0,23.0,30.5,7.4,Toma de agua,-34.8297,-55.0421,South America,,678,0.00419999985024333,0.004100000020116568,0.042399998754262924,0.04839999973773956,0.05290000140666962,0.051100000739097595,0.024800000712275505,0.02630000002682209,0.01769999973475933,0.015300000086426735
URY00076,2021-02-19,27.0,126.0,22.0,29.0,7.4,Toma de agua,-34.8297,-55.0421,South America,,678,0.017799999564886093,0.016100000590085983,0.05260000005364418,0.0625,0.06620000302791595,0.0658000037074089,0.037300001829862595,0.037300001829862595,0.03310000151395798,0.02930000051856041
URY00076,2021-02-24,29.0,128.0,23.0,28.9,7.5,Toma de agua,-34.8297,-55.0421,South America,,678,0.016300000250339508,0.013700000010430813,0.055799998342990875,0.05939999967813492,0.0632999986410141,0.06260000169277191,0.035100001841783524,0.03319999948143959,0.032499998807907104,0.024399999529123306
URY00076,2021-02-25,28.0,131.0,22.0,27.2,7.5,Toma de agua,-34.8297,-55.0421,South America,,678,0.016300000250339508,0.013700000010430813,0.055799998342990875,0.05939999967813492,0.0632999986410141,0.06260000169277191,0.035100001841783524,0.03319999948143959,0.032499998807907104,0.024399999529123306
URY00076,2021-02-26,28.0,138.0,23.6,27.2,7.5,Toma de agua,-34.8297,-55.0421,South America,,678,0.0034000000450760126,0.003000000026077032,0.039500001817941666,0.049400001764297485,0.05040000006556511,0.050200000405311584,0.02410000003874302,0.021900000050663948,0.020800000056624413,0.014000000432133675
URY00076,2021-02-27,30.0,130.0,23.0,28.0,7.5,Toma de agua,-34.8297,-55.0421,South America,,678,0.0034000000450760126,0.003000000026077032,0.039500001817941666,0.049400001764297485,0.05040000006556511,0.050200000405311584,0.02410000003874302,0.021900000050663948,0.020800000056624413,0.014000000432133675
URY00076,2021-03-13,30.0,133.0,21.0,27.0,7.4,Toma de agua,-34.8297,-55.0421,South America,,678,0.0038999998942017555,0.004399999976158142,0.039400000125169754,0.04410000145435333,0.047600001096725464,0.045499999076128006,0.021199999377131462,0.02370000071823597,0.019899999722838402,0.010900000110268593
URY00076,2021-03-23,31.0,138.0,20.0,29.7,7.5,Toma de agua,-34.8297,-55.0421,South America,,678,0.029100000858306885,0.022099999710917473,0.07150000333786011,0.07639999687671661,0.08009999990463257,0.08250000327825546,0.050700001418590546,0.051899999380111694,0.050200000405311584,0.04089999943971634
URY00076,2021-03-24,34.0,132.0,22.8,42.4,7.6,Toma de agua,-34.8297,-55.0421,South America,,678,0.029100000858306885,0.022099999710917473,0.07150000333786011,0.07639999687671661,0.08009999990463257,0.08250000327825546,0.050700001418590546,0.051899999380111694,0.050200000405311584,0.04089999943971634
URY00076,2021-03-29,32.0,132.0,22.2,27.2,7.5,Toma de agua,-34.8297,-55.0421,South America,,678,0.0013000000035390258,0.0026000000070780516,0.03180000185966492,0.046300001442432404,0.048900000751018524,0.05040000006556511,0.02019999921321869,0.020400000736117363,0.01640000008046627,0.009100000374019146
URY00076,2021-04-05,34.0,133.0,22.8,26.7,7.7,Toma de agua,-34.8297,-55.0421,South America,,678,0.006800000090152025,0.005400000140070915,0.03849999979138374,0.04809999838471413,0.053199999034404755,0.05169999971985817,0.02759999968111515,0.025699999183416367,0.019200000911951065,0.016200000420212746
URY00076,2021-04-06,33.0,160.0,21.6,24.7,7.4,Toma de agua,-34.8297,-55.0421,South America,,678,0.006800000090152025,0.005400000140070915,0.03849999979138374,0.04809999838471413,0.053199999034404755,0.05169999971985817,0.02759999968111515,0.025699999183416367,0.019200000911951065,0.016200000420212746
URY00076,2021-04-07,31.0,134.0,22.1,26.2,7.6,Toma de agua,-34.8297,-55.0421,South America,,678,0.002899999963119626,0.0027000000700354576,0.02889999933540821,0.042399998754262924,0.047200001776218414,0.04639999940991402,0.01860000006854534,0.01860000006854534,0.01730000041425228,0.010700000450015068
URY00076,2021-04-08,33.0,138.0,22.2,23.5,7.6,Toma de agua,-34.8297,-55.0421,South America,,678,0.002899999963119626,0.0027000000700354576,0.02889999933540821,0.042399998754262924,0.047200001776218414,0.04639999940991402,0.01860000006854534,0.01860000006854534,0.01730000041425228,0.010700000450015068
URY00076,2021-04-12,35.0,138.0,20.0,26.7,7.5,Toma de agua,-34.8297,-55.0421,South America,,678,0.0044999998062849045,0.0010999999940395355,0.0364999994635582,0.04149999842047691,0.045099999755620956,0.04399999976158142,0.01850000023841858,0.01860000006854534,0.015200000256299973,0.008100000210106373
URY00076,2021-04-13,34.0,142.0,19.0,26.2,7.5,Toma de agua,-34.8297,-55.0421,South America,,678,0.0044999998062849045,0.0010999999940395355,0.0364999994635582,0.04149999842047691,0.045099999755620956,0.04399999976158142,0.01850000023841858,0.01860000006854534,0.015200000256299973,0.008100000210106373
URY00076,2021-04-20,31.0,140.0,19.0,26.4,7.5,Toma de agua,-34.8297,-55.0421,South America,,678,0.007199999876320362,0.006599999964237213,0.037700001150369644,0.04919999837875366,0.05139999836683273,0.0502999983727932,0.02419999986886978,0.022299999371170998,0.021199999377131462,0.014800000004470348
URY00076,2021-04-21,32.0,139.0,19.0,26.9,7.5,Toma de agua,-34.8297,-55.0421,South America,,678,0.007199999876320362,0.006599999964237213,0.037700001150369644,0.04919999837875366,0.05139999836683273,0.0502999983727932,0.02419999986886978,0.022299999371170998,0.021199999377131462,0.014800000004470348
URY00076,2021-04-27,32.0,138.0,17.5,27.9,7.7,Toma de agua,-34.8297,-55.0421,South America,,678,0.003100000089034438,0.003800000064074993,0.03240000084042549,0.04280000180006027,0.04839999973773956,0.049300000071525574,0.0203000009059906,0.01940000057220459,0.014499999582767487,0.012299999594688416
URY00076,2021-04-28,35.0,139.0,17.4,26.4,7.7,Toma de agua,-34.8297,-55.0421,South America,,678,0.003100000089034438,0.003800000064074993,0.03240000084042549,0.04280000180006027,0.04839999973773956,0.049300000071525574,0.0203000009059906,0.01940000057220459,0.014499999582767487,0.012299999594688416
URY00076,2021-04-30,34.0,139.0,19.0,25.8,7.5,Toma de agua,-34.8297,-55.0421,South America,,678,0.002199999988079071,0.00139999995008111,0.02979999966919422,0.04179999977350235,0.04659999907016754,0.04430000111460686,0.01979999989271164,0.01679999940097332,0.012500000186264515,0.007600000128149986
URY00076,2021-05-12,34.0,141.0,14.3,27.8,7.7,Toma de agua,-34.8297,-55.0421,South America,,678,0.003599999938160181,0.004999999888241291,0.03720000013709068,0.042899999767541885,0.04560000076889992,0.04399999976158142,0.016699999570846558,0.017899999395012856,0.014000000432133675,0.00800000037997961
URY00076,2021-05-13,35.0,152.0,16.6,27.8,7.8,Toma de agua,-34.8297,-55.0421,South America,,678,0.003599999938160181,0.004999999888241291,0.03720000013709068,0.042899999767541885,0.04560000076889992,0.04399999976158142,0.016699999570846558,0.017899999395012856,0.014000000432133675,0.00800000037997961
URY00076,2021-05-25,34.0,140.0,13.1,29.8,7.8,Toma de agua,-34.8297,-55.0421,South America,211.0,678,0.007799999788403511,0.007799999788403511,0.0364999994635582,0.04479999840259552,0.051600001752376556,0.05220000073313713,0.028200000524520874,0.02590000070631504,0.023800000548362732,0.016599999740719795
URY00076,2021-05-26,34.0,140.0,13.1,29.8,7.8,Toma de agua,-34.8297,-55.0421,South America,155.0,678,0.007799999788403511,0.007799999788403511,0.0364999994635582,0.04479999840259552,0.051600001752376556,0.05220000073313713,0.028200000524520874,0.02590000070631504,0.023800000548362732,0.016599999740719795
URY00076,2021-05-27,36.0,146.0,13.3,31.2,7.9,Toma de agua,-34.8297,-55.0421,South America,161.0,678,0.0031999999191612005,0.0038999998942017555,0.030300000682473183,0.04050000011920929,0.0471000000834465,0.04659999907016754,0.01940000057220459,0.01899999938905239,0.014399999752640724,0.013799999840557575
URY00076,2021-05-28,35.0,150.0,14.2,29.5,7.9,Toma de agua,-34.8297,-55.0421,South America,152.0,678,0.0031999999191612005,0.0038999998942017555,0.030300000682473183,0.04050000011920929,0.0471000000834465,0.04659999907016754,0.01940000057220459,0.01899999938905239,0.014399999752640724,0.013799999840557575
URY00076,2021-05-31,36.0,141.0,11.8,31.5,7.7,Toma de agua,-34.8297,-55.0421,South America,103.0,678,0.002400000113993883,0.004000000189989805,0.03020000085234642,0.042399998754262924,0.050700001418590546,0.04520000144839287,0.0210999995470047,0.018400000408291817,0.016699999570846558,0.009399999864399433
URY00076,2021-06-07,37.0,171.0,11.0,26.2,7.8,Toma de agua,-34.8297,-55.0421,South America,136.0,678,0.004399999976158142,0.003800000064074993,0.02930000051856041,0.04410000145435333,0.04830000177025795,0.05009999871253967,0.020800000056624413,0.018400000408291817,0.016599999740719795,0.008299999870359898
URY00076,2021-06-14,40.0,135.0,13.0,24.1,7.6,Toma de agua,-34.8297,-55.0421,South America,120.0,678,0.002300000051036477,0.0015999999595806003,0.028999999165534973,0.03759999945759773,0.04129999876022339,0.040800001472234726,0.015399999916553497,0.015200000256299973,0.00989999994635582,0.008200000040233135
URY00076,2021-06-15,34.0,135.0,12.0,24.1,7.7,Toma de agua,-34.8297,-55.0421,South America,136.0,678,0.002300000051036477,0.0015999999595806003,0.028999999165534973,0.03759999945759773,0.04129999876022339,0.040800001472234726,0.015399999916553497,0.015200000256299973,0.00989999994635582,0.008200000040233135
URY00076,2021-07-09,40.0,132.0,12.0,26.5,7.8,Toma de agua,-34.8297,-55.0421,South America,102.0,678,0.00559999980032444,0.00559999980032444,0.03189999982714653,0.04360000044107437,0.050200000405311584,0.04830000177025795,0.02329999953508377,0.02410000003874302,0.014999999664723873,0.009999999776482582
URY00076,2021-07-12,39.0,129.0,10.0,26.6,7.7,Toma de agua,-34.8297,-55.0421,South America,129.0,678,0.0015999999595806003,0.002300000051036477,0.025599999353289604,0.032499998807907104,0.039500001817941666,0.03790000081062317,0.013700000010430813,0.013299999758601189,0.009200000204145908,0.00419999985024333
URY00076,2021-07-21,40.0,132.0,9.0,34.6,7.7,Toma de agua,-34.8297,-55.0421,South America,132.0,678,0.00419999985024333,0.0035000001080334187,0.03189999982714653,0.03920000046491623,0.048500001430511475,0.05130000039935112,0.02759999968111515,0.027000000700354576,0.021299999207258224,0.014999999664723873
URY00076,2021-07-22,40.0,140.0,12.3,37.9,7.6,Toma de agua,-34.8297,-55.0421,South America,180.0,678,0.00419999985024333,0.0035000001080334187,0.03189999982714653,0.03920000046491623,0.048500001430511475,0.05130000039935112,0.02759999968111515,0.027000000700354576,0.021299999207258224,0.014999999664723873
URY00076,2021-07-31,39.0,139.0,10.0,26.2,7.8,Toma de agua,-34.8297,-55.0421,South America,157.0,678,0.00139999995008111,9.999999747378752e-05,0.027799999341368675,0.03579999879002571,0.04500000178813934,0.0421999990940094,0.018400000408291817,0.016300000250339508,0.01269999984651804,0.007600000128149986
URY00076,2021-08-14,42.0,140.0,10.0,24.4,7.7,Toma de agua,-34.8297,-55.0421,South America,133.0,678,0.0032999999821186066,0.0020000000949949026,0.03849999979138374,0.045099999755620956,0.0494999997317791,0.04479999840259552,0.021299999207258224,0.01850000023841858,0.014100000262260437,0.009600000455975533
URY00076,2021-09-17,45.0,142.0,14.0,18.9,7.8,Toma de agua,-34.8297,-55.0421,South America,96.0,678,0.005100000184029341,0.00419999985024333,0.030700000002980232,0.04259999841451645,0.04610000178217888,0.04280000180006027,0.020999999716877937,0.019700000062584877,0.015300000086426735,0.012799999676644802
URY00076,2021-09-29,44.0,141.0,15.0,18.1,7.7,Toma de agua,-34.8297,-55.0421,South America,132.0,678,0.01269999984651804,0.010400000028312206,0.03579999879002571,0.02810000069439411,0.026599999517202377,0.02459999918937683,0.016699999570846558,0.01860000006854534,0.015799999237060547,0.01209999993443489
URY00076,2021-10-04,49.0,146.0,15.0,22.7,7.7,Toma de agua,-34.8297,-55.0421,South America,138.0,678,0.009700000286102295,0.007400000002235174,0.039000000804662704,0.048900000751018524,0.05180000141263008,0.04839999973773956,0.025299999862909317,0.023800000548362732,0.024900000542402267,0.01769999973475933
URY00076,2021-10-05,45.0,145.0,15.0,19.1,7.8,Toma de agua,-34.8297,-55.0421,South America,112.0,678,0.009700000286102295,0.007400000002235174,0.039000000804662704,0.048900000751018524,0.05180000141263008,0.04839999973773956,0.025299999862909317,0.023800000548362732,0.024900000542402267,0.01769999973475933
URY00076,2021-10-18,51.0,147.0,15.0,18.2,7.7,Toma de agua,-34.8297,-55.0421,South America,109.0,678,0.009600000455975533,0.006800000090152025,0.0414000004529953,0.052299998700618744,0.0544000007212162,0.04780000075697899,0.026200000196695328,0.026399999856948853,0.023600000888109207,0.015799999237060547
URY00076,2021-10-19,49.0,148.0,15.0,17.1,7.8,Toma de agua,-34.8297,-55.0421,South America,109.0,678,0.005499999970197678,0.005400000140070915,0.026399999856948853,0.02539999969303608,0.02539999969303608,0.024399999529123306,0.009100000374019146,0.010700000450015068,0.008200000040233135,0.005400000140070915
URY00076,2021-10-20,50.0,150.0,16.0,17.7,7.6,Toma de agua,-34.8297,-55.0421,South America,129.0,678,0.005499999970197678,0.005400000140070915,0.026399999856948853,0.02539999969303608,0.02539999969303608,0.024399999529123306,0.009100000374019146,0.010700000450015068,0.008200000040233135,0.005400000140070915
URY00076,2021-10-25,51.0,150.0,19.0,22.8,7.8,Toma de agua,-34.8297,-55.0421,South America,105.0,678,0.011599999852478504,0.00930000003427267,0.03970000147819519,0.05090000107884407,0.052799999713897705,0.048500001430511475,0.025299999862909317,0.024800000712275505,0.025800000876188278,0.01810000091791153
URY00076,2021-10-27,49.0,149.0,19.0,18.3,7.7,Toma de agua,-34.8297,-55.0421,South America,120.0,678,0.027899999171495438,0.022099999710917473,0.061000000685453415,0.07020000368356705,0.07069999724626541,0.07069999724626541,0.04639999940991402,0.045499999076128006,0.044199999421834946,0.03779999911785126
URY00076,2021-10-28,47.0,160.0,20.0,17.1,7.9,Toma de agua,-34.8297,-55.0421,South America,114.0,678,0.027899999171495438,0.022099999710917473,0.061000000685453415,0.07020000368356705,0.07069999724626541,0.07069999724626541,0.04639999940991402,0.045499999076128006,0.044199999421834946,0.03779999911785126
URY00076,2021-10-29,47.0,156.0,19.0,17.5,7.8,Toma de agua,-34.8297,-55.0421,South America,123.0,678,0.009399999864399433,0.00570000009611249,0.046300001442432404,0.050599999725818634,0.04989999905228615,0.04580000042915344,0.023099999874830246,0.022199999541044235,0.022700000554323196,0.013100000098347664
URY00076,2021-11-08,53.0,150.0,18.0,16.6,7.7,Toma de agua,-34.8297,-55.0421,South America,89.0,678,0.009700000286102295,0.0066999997943639755,0.04800000041723251,0.05420000106096268,0.05380000174045563,0.048700001090765,0.025200000032782555,0.025599999353289604,0.020600000396370888,0.016100000590085983
URY00076,2021-11-09,49.0,154.0,19.0,16.4,7.9,Toma de agua,-34.8297,-55.0421,South America,103.0,678,0.009700000286102295,0.0066999997943639755,0.04800000041723251,0.05420000106096268,0.05380000174045563,0.048700001090765,0.025200000032782555,0.025599999353289604,0.020600000396370888,0.016100000590085983
URY00076,2021-11-18,48.0,159.0,19.4,16.7,8.0,Toma de agua,-34.8297,-55.0421,South America,100.0,678,0.002899999963119626,0.0019000000320374966,0.041099999099969864,0.04600000008940697,0.047200001776218414,0.039400000125169754,0.01590000092983246,0.014600000344216824,0.014800000004470348,0.0071000000461936
URY00076,2021-11-19,48.0,160.0,19.4,17.6,8.0,Toma de agua,-34.8297,-55.0421,South America,87.0,678,0.002899999963119626,0.0019000000320374966,0.041099999099969864,0.04600000008940697,0.047200001776218414,0.039400000125169754,0.01590000092983246,0.014600000344216824,0.014800000004470348,0.0071000000461936
URY00076,2021-11-23,49.0,159.0,20.7,19.2,7.9,Toma de agua,-34.8297,-55.0421,South America,117.0,678,0.017799999564886093,0.01489999983459711,0.050599999725818634,0.061900001019239426,0.06369999796152115,0.05790000036358833,0.03500000014901161,0.03229999914765358,0.03530000150203705,0.026200000196695328
URY00076,2021-11-24,49.0,161.0,20.5,16.0,7.9,Toma de agua,-34.8297,-55.0421,South America,109.0,678,0.017799999564886093,0.01489999983459711,0.050599999725818634,0.061900001019239426,0.06369999796152115,0.05790000036358833,0.03500000014901161,0.03229999914765358,0.03530000150203705,0.026200000196695328
URY00076,2021-12-08,53.0,162.0,21.3,16.8,7.4,Toma de agua,-34.8297,-55.0421,South America,94.0,678,0.01510000042617321,0.01360000018030405,0.055799998342990875,0.06400000303983688,0.06040000170469284,0.053300000727176666,0.02800000086426735,0.025499999523162842,0.0284000001847744,0.017999999225139618
URY00076,2021-12-09,52.0,152.0,20.0,15.6,8.0,Toma de agua,-34.8297,-55.0421,South America,107.0,678,0.01510000042617321,0.01360000018030405,0.055799998342990875,0.06400000303983688,0.06040000170469284,0.053300000727176666,0.02800000086426735,0.025499999523162842,0.0284000001847744,0.017999999225139618
URY00076,2021-12-23,53.0,161.0,23.0,15.1,7.9,Toma de agua,-34.8297,-55.0421,South America,96.0,678,0.00860000029206276,0.007600000128149986,0.053300000727176666,0.06599999964237213,0.05849999934434891,0.04830000177025795,0.020400000736117363,0.020400000736117363,0.019200000911951065,0.012600000016391277
URY00076,2021-12-27,54.0,162.0,24.0,14.7,7.89,Toma de agua,-34.8297,-55.0421,South America,92.0,678,0.06639999896287918,0.05689999833703041,0.10019999742507935,0.10920000076293945,0.10189999639987946,0.10899999737739563,0.08100000023841858,0.07959999889135361,0.08579999953508377,0.0722000002861023
URY00076,2021-12-28,56.0,162.0,23.0,15.1,7.8,Toma de agua,-34.8297,-55.0421,South America,94.0,678,0.0066999997943639755,0.006200000178068876,0.0421999990940094,0.05220000073313713,0.0421999990940094,0.04019999876618385,0.013899999670684338,0.015399999916553497,0.014299999922513962,0.007699999958276749
URY00076,2021-12-29,56.0,161.0,23.0,16.0,7.9,Toma de agua,-34.8297,-55.0421,South America,89.0,678,0.0066999997943639755,0.006200000178068876,0.0421999990940094,0.05220000073313713,0.0421999990940094,0.04019999876618385,0.013899999670684338,0.015399999916553497,0.014299999922513962,0.007699999958276749
URY00076,2022-02-09,50.0,156.0,21.0,9.9,7.6,Toma de agua,-34.8297,-55.0421,South America,74.0,678,0.007699999958276749,0.005100000184029341,0.03999999910593033,0.04360000044107437,0.04479999840259552,0.03739999979734421,0.01730000041425228,0.01640000008046627,0.01510000042617321,0.011699999682605267
URY00076,2022-02-10,49.0,144.0,23.0,8.6,7.7,Toma de agua,-34.8297,-55.0421,South America,78.0,678,0.007699999958276749,0.005100000184029341,0.03999999910593033,0.04360000044107437,0.04479999840259552,0.03739999979734421,0.01730000041425228,0.01640000008046627,0.01510000042617321,0.011699999682605267
URY00076,2022-02-14,51.0,138.0,21.0,18.6,7.5,Toma de agua,-34.8297,-55.0421,South America,82.0,678,0.026499999687075615,0.023800000548362732,0.0502999983727932,0.062199998646974564,0.05909999832510948,0.05389999970793724,0.03460000082850456,0.03449999913573265,0.03440000116825104,0.03139999881386757
URY00076,2022-02-15,58.0,160.0,22.5,9.0,7.8,Toma de agua,-34.8297,-55.0421,South America,81.0,678,0.026499999687075615,0.023800000548362732,0.0502999983727932,0.062199998646974564,0.05909999832510948,0.05389999970793724,0.03460000082850456,0.03449999913573265,0.03440000116825104,0.03139999881386757
URY00076,2022-02-16,48.0,153.0,22.7,8.8,7.5,Toma de agua,-34.8297,-55.0421,South America,68.0,678,0.0044999998062849045,0.0031999999191612005,0.030799999833106995,0.03700000047683716,0.03500000014901161,0.02889999933540821,0.008999999612569809,0.01140000019222498,0.010599999688565731,0.0035000001080334187
URY00076,2022-02-17,47.0,152.0,23.0,11.0,7.8,Toma de agua,-34.8297,-55.0421,South America,83.0,678,0.0044999998062849045,0.0031999999191612005,0.030799999833106995,0.03700000047683716,0.03500000014901161,0.02889999933540821,0.008999999612569809,0.01140000019222498,0.010599999688565731,0.0035000001080334187
URY00076,2022-03-01,47.0,147.0,22.0,1.1,7.6,Toma de agua,-34.8297,-55.0421,South America,88.0,678,0.00800000037997961,0.007300000172108412,0.03460000082850456,0.0406000018119812,0.040699999779462814,0.035100001841783524,0.01860000006854534,0.017799999564886093,0.01679999940097332,0.01140000019222498
URY00076,2022-03-02,47.0,147.0,23.5,9.3,7.6,Toma de agua,-34.8297,-55.0421,South America,81.0,678,0.00800000037997961,0.007300000172108412,0.03460000082850456,0.0406000018119812,0.040699999779462814,0.035100001841783524,0.01860000006854534,0.017799999564886093,0.01679999940097332,0.01140000019222498
URY00076,2022-03-03,47.0,166.0,23.9,10.0,7.5,Toma de agua,-34.8297,-55.0421,South America,65.0,678,0.005400000140070915,0.004900000058114529,0.02710000053048134,0.03779999911785126,0.033900000154972076,0.031199999153614044,0.011300000362098217,0.011800000444054604,0.013399999588727951,0.006800000090152025
URY00076,2022-03-03,47.0,166.0,23.9,10.0,7.5,Toma de agua,-34.8297,-55.0421,South America,65.0,678,0.005400000140070915,0.004900000058114529,0.02710000053048134,0.03779999911785126,0.033900000154972076,0.031199999153614044,0.011300000362098217,0.011800000444054604,0.013399999588727951,0.006800000090152025
URY00076,2022-03-03,47.0,145.0,22.0,12.1,7.62,Toma de agua,-34.8297,-55.0421,South America,63.0,678,0.005400000140070915,0.004900000058114529,0.02710000053048134,0.03779999911785126,0.033900000154972076,0.031199999153614044,0.011300000362098217,0.011800000444054604,0.013399999588727951,0.006800000090152025
URY00076,2022-03-03,47.0,145.0,22.0,12.1,7.62,Toma de agua,-34.8297,-55.0421,South America,63.0,678,0.005400000140070915,0.004900000058114529,0.02710000053048134,0.03779999911785126,0.033900000154972076,0.031199999153614044,0.011300000362098217,0.011800000444054604,0.013399999588727951,0.006800000090152025
URY00076,2022-03-04,46.0,149.0,21.0,10.0,7.6,Toma de agua,-34.8297,-55.0421,South America,90.0,678,0.005400000140070915,0.004900000058114529,0.02710000053048134,0.03779999911785126,0.033900000154972076,0.031199999153614044,0.011300000362098217,0.011800000444054604,0.013399999588727951,0.006800000090152025
URY00076,2022-03-08,48.0,149.0,22.0,14.7,7.6,Toma de agua,-34.8297,-55.0421,South America,81.0,678,0.00559999980032444,0.003700000001117587,0.03319999948143959,0.03959999978542328,0.039799999445676804,0.030799999833106995,0.011300000362098217,0.011500000022351742,0.010400000028312206,0.005400000140070915
URY00076,2022-03-09,48.0,146.0,21.0,11.6,7.6,Toma de agua,-34.8297,-55.0421,South America,96.0,678,0.00559999980032444,0.003700000001117587,0.03319999948143959,0.03959999978542328,0.039799999445676804,0.030799999833106995,0.011300000362098217,0.011500000022351742,0.010400000028312206,0.005400000140070915
URY00076,2022-03-11,48.0,160.0,20.0,10.7,7.6,Toma de agua,-34.8297,-55.0421,South America,96.0,678,0.01360000018030405,0.010499999858438969,0.03970000147819519,0.04960000142455101,0.04470000043511391,0.04050000011920929,0.0210999995470047,0.020400000736117363,0.0215000007301569,0.014800000004470348
URY00076,2022-03-14,47.0,159.0,20.0,17.0,7.8,Toma de agua,-34.8297,-55.0421,South America,81.0,678,0.005900000222027302,0.004699999932199717,0.03440000116825104,0.04490000009536743,0.04270000010728836,0.03500000014901161,0.0142000000923872,0.014299999922513962,0.017100000753998756,0.008899999782443047
URY00076,2022-03-16,44.0,152.0,21.0,11.0,7.6,Toma de agua,-34.8297,-55.0421,South America,69.0,678,0.007499999832361937,0.00570000009611249,0.03099999949336052,0.040800001472234726,0.04100000113248825,0.03689999878406525,0.015399999916553497,0.01720000058412552,0.014800000004470348,0.010400000028312206
URY00076,2022-03-17,45.0,152.0,22.0,11.0,7.6,Toma de agua,-34.8297,-55.0421,South America,89.0,678,0.007499999832361937,0.00570000009611249,0.03099999949336052,0.040800001472234726,0.04100000113248825,0.03689999878406525,0.015399999916553497,0.01720000058412552,0.014800000004470348,0.010400000028312206
URY00076,2022-03-21,47.0,149.0,18.0,11.4,7.6,Toma de agua,-34.8297,-55.0421,South America,85.0,678,0.014999999664723873,0.01269999984651804,0.04899999871850014,0.05640000104904175,0.05299999937415123,0.0502999983727932,0.026200000196695328,0.026799999177455902,0.024000000208616257,0.020800000056624413
URY00076,2022-03-22,46.0,148.0,19.0,10.6,7.6,Toma de agua,-34.8297,-55.0421,South America,75.0,678,0.014999999664723873,0.01269999984651804,0.04899999871850014,0.05640000104904175,0.05299999937415123,0.0502999983727932,0.026200000196695328,0.026799999177455902,0.024000000208616257,0.020800000056624413
URY00076,2022-03-28,46.0,140.0,19.0,15.5,7.7,Toma de agua,-34.8297,-55.0421,South America,81.0,678,0.007400000002235174,0.004100000020116568,0.03310000151395798,0.039400000125169754,0.038600001484155655,0.03610000014305115,0.01209999993443489,0.01549999974668026,0.011900000274181366,0.007300000172108412
URY00076,2022-03-29,46.0,142.0,20.0,11.1,7.6,Toma de agua,-34.8297,-55.0421,South America,93.0,678,0.007400000002235174,0.004100000020116568,0.03310000151395798,0.039400000125169754,0.038600001484155655,0.03610000014305115,0.01209999993443489,0.01549999974668026,0.011900000274181366,0.007300000172108412
URY00076,2022-04-05,46.0,147.0,17.0,11.3,7.6,Toma de agua,-34.8297,-55.0421,South America,86.0,678,0.0027000000700354576,0.002300000051036477,0.025299999862909317,0.039000000804662704,0.03720000013709068,0.03269999846816063,0.010700000450015068,0.011599999852478504,0.009499999694526196,0.007899999618530273
URY00076,2022-04-06,49.0,144.0,17.0,11.2,7.5,Toma de agua,-34.8297,-55.0421,South America,75.0,678,0.0027000000700354576,0.002300000051036477,0.025299999862909317,0.039000000804662704,0.03720000013709068,0.03269999846816063,0.010700000450015068,0.011599999852478504,0.009499999694526196,0.007899999618530273
URY00076,2022-04-11,44.0,143.0,19.0,11.7,7.3,Toma de agua,-34.8297,-55.0421,South America,80.0,678,0.005100000184029341,0.003599999938160181,0.03660000115633011,0.04309999942779541,0.04100000113248825,0.03440000116825104,0.013299999758601189,0.013500000350177288,0.012600000016391277,0.009200000204145908
URY00076,2022-04-12,45.0,151.0,19.0,11.9,7.7,Toma de agua,-34.8297,-55.0421,South America,84.0,678,0.0031999999191612005,0.00419999985024333,0.0272000003606081,0.039500001817941666,0.03739999979734421,0.032099999487400055,0.009100000374019146,0.011300000362098217,0.011699999682605267,0.005100000184029341
URY00076,2022-04-13,46.0,149.0,19.0,12.0,7.7,Toma de agua,-34.8297,-55.0421,South America,88.0,678,0.0031999999191612005,0.00419999985024333,0.0272000003606081,0.039500001817941666,0.03739999979734421,0.032099999487400055,0.009100000374019146,0.011300000362098217,0.011699999682605267,0.005100000184029341
URY00076,2022-04-20,49.0,149.0,18.0,12.1,7.7,Toma de agua,-34.8297,-55.0421,South America,113.0,678,0.0038999998942017555,0.004900000058114529,0.03739999979734421,0.04259999841451645,0.041999999433755875,0.03629999980330467,0.012799999676644802,0.013799999840557575,0.013799999840557575,0.0066999997943639755
URY00076,2022-04-21,51.0,146.0,18.0,11.8,7.7,Toma de agua,-34.8297,-55.0421,South America,106.0,678,0.0038999998942017555,0.004900000058114529,0.03739999979734421,0.04259999841451645,0.041999999433755875,0.03629999980330467,0.012799999676644802,0.013799999840557575,0.013799999840557575,0.0066999997943639755
URY00076,2022-08-05,,154.0,11.0,16.0,7.9,Toma de agua,-34.8297,-55.0421,South America,92.0,678,0.005100000184029341,0.004000000189989805,0.04479999840259552,0.04580000042915344,0.045499999076128006,0.0430000014603138,0.01810000091791153,0.018200000748038292,0.0142000000923872,0.010499999858438969
URY00076,2022-08-08,,156.0,10.0,14.9,7.9,Toma de agua,-34.8297,-55.0421,South America,87.0,678,0.16990000009536743,0.12780000269412994,0.23119999468326569,0.2290000021457672,0.22120000422000885,0.22949999570846558,0.21639999747276306,0.21799999475479126,0.23160000145435333,0.19670000672340393
URY00076,2022-08-09,,155.0,10.0,15.2,7.7,Toma de agua,-34.8297,-55.0421,South America,92.0,678,0.16990000009536743,0.12780000269412994,0.23119999468326569,0.2290000021457672,0.22120000422000885,0.22949999570846558,0.21639999747276306,0.21799999475479126,0.23160000145435333,0.19670000672340393
URY00076,2022-08-10,,157.0,10.0,15.1,7.6,Toma de agua,-34.8297,-55.0421,South America,89.0,678,0.0026000000070780516,0.002899999963119626,0.031199999153614044,0.03959999978542328,0.042899999767541885,0.03689999878406525,0.013899999670684338,0.012900000438094139,0.01590000092983246,0.006599999964237213
URY00076,2022-08-11,,158.0,10.0,15.1,7.8,Toma de agua,-34.8297,-55.0421,South America,89.0,678,0.0026000000070780516,0.002899999963119626,0.031199999153614044,0.03959999978542328,0.042899999767541885,0.03689999878406525,0.013899999670684338,0.012900000438094139,0.01590000092983246,0.006599999964237213
URY00076,2022-08-23,,158.0,11.0,14.7,7.9,Toma de agua,-34.8297,-55.0421,South America,93.0,678,0.2159000039100647,0.1670999974012375,0.18940000236034393,0.19519999623298645,0.19359999895095825,0.19269999861717224,0.19050000607967377,0.1964000016450882,0.23360000550746918,0.2093999981880188
URY00076,2022-08-24,,159.0,12.0,14.8,7.7,Toma de agua,-34.8297,-55.0421,South America,87.0,678,0.2159000039100647,0.1670999974012375,0.18940000236034393,0.19519999623298645,0.19359999895095825,0.19269999861717224,0.19050000607967377,0.1964000016450882,0.23360000550746918,0.2093999981880188
URY00076,2022-08-30,,155.0,11.0,14.3,7.7,Toma de agua,-34.8297,-55.0421,South America,89.0,678,0.0034000000450760126,0.002899999963119626,0.029600000008940697,0.04280000180006027,0.04089999943971634,0.0364999994635582,0.012600000016391277,0.014100000262260437,0.012900000438094139,0.008700000122189522
URY00076,2022-08-31,,155.0,12.0,14.2,7.8,Toma de agua,-34.8297,-55.0421,South America,112.0,678,0.0034000000450760126,0.002899999963119626,0.029600000008940697,0.04280000180006027,0.04089999943971634,0.0364999994635582,0.012600000016391277,0.014100000262260437,0.012900000438094139,0.008700000122189522
URY00076,2022-09-05,,177.0,11.0,13.7,8.2,Toma de agua,-34.8297,-55.0421,South America,85.0,678,0.0031999999191612005,0.003000000026077032,0.038600001484155655,0.04230000078678131,0.04149999842047691,0.03530000150203705,0.014999999664723873,0.013299999758601189,0.009999999776482582,0.006300000008195639
URY00076,2022-09-07,,157.0,14.6,13.5,7.8,Toma de agua,-34.8297,-55.0421,South America,103.0,678,0.003599999938160181,0.0027000000700354576,0.039799999445676804,0.043299999088048935,0.04479999840259552,0.03720000013709068,0.017000000923871994,0.012299999594688416,0.013700000010430813,0.007699999958276749
URY00076,2022-09-08,,169.0,16.0,15.5,7.7,Toma de agua,-34.8297,-55.0421,South America,101.0,678,0.003599999938160181,0.0027000000700354576,0.039799999445676804,0.043299999088048935,0.04479999840259552,0.03720000013709068,0.017000000923871994,0.012299999594688416,0.013700000010430813,0.007699999958276749
URY00076,2022-09-14,,160.0,12.0,13.6,7.9,Toma de agua,-34.8297,-55.0421,South America,83.0,678,0.005799999926239252,0.0032999999821186066,0.05260000005364418,0.05400000140070915,0.05460000038146973,0.048900000751018524,0.02280000038444996,0.02250000089406967,0.022600000724196434,0.014800000004470348
URY00076,2022-09-15,,164.0,13.0,13.7,7.9,Toma de agua,-34.8297,-55.0421,South America,78.0,678,0.005799999926239252,0.0032999999821186066,0.05260000005364418,0.05400000140070915,0.05460000038146973,0.048900000751018524,0.02280000038444996,0.02250000089406967,0.022600000724196434,0.014800000004470348
URY00076,2022-10-03,,176.0,15.0,13.0,8.03,Toma de agua,-34.8297,-55.0421,South America,85.0,678,0.006300000008195639,0.00419999985024333,0.03819999843835831,0.048700001090765,0.04500000178813934,0.041999999433755875,0.02070000022649765,0.01899999938905239,0.016300000250339508,0.014100000262260437
URY00076,2022-10-07,,169.0,15.0,13.2,7.9,Toma de agua,-34.8297,-55.0421,South America,91.0,678,0.02250000089406967,0.017400000244379044,0.05920000001788139,0.06700000166893005,0.06300000101327896,0.057999998331069946,0.037700001150369644,0.03500000014901161,0.039799999445676804,0.029600000008940697
URY00076,2022-10-12,,165.0,14.0,14.0,7.9,Toma de agua,-34.8297,-55.0421,South America,81.0,678,0.006200000178068876,0.004699999932199717,0.03889999911189079,0.04820000007748604,0.044599998742341995,0.04270000010728836,0.020999999716877937,0.020999999716877937,0.015699999406933784,0.013399999588727951
URY00076,2022-10-13,,172.0,16.0,15.7,7.9,Toma de agua,-34.8297,-55.0421,South America,112.0,678,0.006200000178068876,0.004699999932199717,0.03889999911189079,0.04820000007748604,0.044599998742341995,0.04270000010728836,0.020999999716877937,0.020999999716877937,0.015699999406933784,0.013399999588727951
URY00076,2022-10-14,,167.0,16.0,14.0,7.9,Toma de agua,-34.8297,-55.0421,South America,87.0,678,0.01080000028014183,0.009100000374019146,0.053199999034404755,0.06159999966621399,0.057999998331069946,0.04910000041127205,0.025200000032782555,0.025599999353289604,0.02459999918937683,0.016300000250339508
URY00076,2022-11-03,,172.0,16.0,14.4,7.8,Toma de agua,-34.8297,-55.0421,South America,83.0,678,0.006599999964237213,0.00419999985024333,0.047200001776218414,0.053700000047683716,0.05090000107884407,0.04340000078082085,0.020600000396370888,0.02280000038444996,0.022600000724196434,0.014700000174343586
URY00076,2022-11-04,,171.0,16.0,14.8,7.8,Toma de agua,-34.8297,-55.0421,South America,87.0,678,0.006599999964237213,0.00419999985024333,0.047200001776218414,0.053700000047683716,0.05090000107884407,0.04340000078082085,0.020600000396370888,0.02280000038444996,0.022600000724196434,0.014700000174343586
URY00076,2022-11-08,,173.0,14.0,13.0,7.8,Toma de agua,-34.8297,-55.0421,South America,78.0,678,0.03229999914765358,0.02500000037252903,0.053199999034404755,0.06480000168085098,0.06199999898672104,0.061400000005960464,0.03959999978542328,0.03830000013113022,0.03449999913573265,0.03550000116229057
URY00076,2022-11-09,,175.0,17.0,13.0,7.9,Toma de agua,-34.8297,-55.0421,South America,83.0,678,0.03229999914765358,0.02500000037252903,0.053199999034404755,0.06480000168085098,0.06199999898672104,0.061400000005960464,0.03959999978542328,0.03830000013113022,0.03449999913573265,0.03550000116229057
URY00076,2022-11-16,,173.0,20.0,16.1,7.9,Toma de agua,-34.8297,-55.0421,South America,76.0,678,0.04839999973773956,0.042899999767541885,0.09030000120401382,0.09679999947547913,0.09929999709129333,0.08879999816417694,0.06440000236034393,0.06440000236034393,0.06679999828338623,0.056299999356269836
URY00076,2022-11-17,,172.0,21.0,15.5,7.7,Toma de agua,-34.8297,-55.0421,South America,76.0,678,0.04839999973773956,0.042899999767541885,0.09030000120401382,0.09679999947547913,0.09929999709129333,0.08879999816417694,0.06440000236034393,0.06440000236034393,0.06679999828338623,0.056299999356269836
URY00076,2022-11-23,,171.0,20.0,13.8,7.9,Toma de agua,-34.8297,-55.0421,South America,56.0,678,0.016899999231100082,0.014299999922513962,0.060100000351667404,0.06279999762773514,0.057999998331069946,0.05559999868273735,0.0284000001847744,0.032999999821186066,0.026100000366568565,0.02449999935925007
URY00076,2022-12-06,56.0,177.0,22.0,14.9,7.9,Toma de agua,-34.8297,-55.0421,South America,,678,0.004600000102072954,0.00430000014603138,0.042899999767541885,0.053300000727176666,0.04780000075697899,0.04270000010728836,0.01850000023841858,0.019700000062584877,0.02019999921321869,0.010900000110268593
URY00076,2022-12-07,65.0,177.0,23.0,15.4,7.8,Toma de agua,-34.8297,-55.0421,South America,,678,0.004600000102072954,0.00430000014603138,0.042899999767541885,0.053300000727176666,0.04780000075697899,0.04270000010728836,0.01850000023841858,0.019700000062584877,0.02019999921321869,0.010900000110268593
URY00076,2022-12-12,62.0,175.0,24.0,18.8,8.4,Toma de agua,-34.8297,-55.0421,South America,,678,0.06620000302791595,0.05570000037550926,0.10760000348091125,0.11400000005960464,0.11219999939203262,0.1145000010728836,0.0868000015616417,0.08649999648332596,0.08959999680519104,0.0786999985575676
URY00076,2022-12-13,61.0,175.0,22.0,16.1,8.4,Toma de agua,-34.8297,-55.0421,South America,,678,0.012000000104308128,0.010099999606609344,0.052799999713897705,0.06030000001192093,0.05180000141263008,0.05550000071525574,0.027499999850988388,0.029600000008940697,0.02800000086426735,0.018799999728798866
URY00076,2022-12-14,61.0,177.0,22.0,18.0,7.8,Toma de agua,-34.8297,-55.0421,South America,,678,0.012000000104308128,0.010099999606609344,0.052799999713897705,0.06030000001192093,0.05180000141263008,0.05550000071525574,0.027499999850988388,0.029600000008940697,0.02800000086426735,0.018799999728798866
URY00076,2022-12-16,66.0,175.0,21.0,18.2,8.3,Toma de agua,-34.8297,-55.0421,South America,,678,0.05829999968409538,0.051500000059604645,0.0966000035405159,0.10840000212192535,0.10140000283718109,0.11050000041723251,0.07810000330209732,0.07840000092983246,0.07760000228881836,0.066600002348423
URY00076,2022-12-28,63.0,179.0,21.9,14.2,8.1,Toma de agua,-34.8297,-55.0421,South America,,678,0.01979999989271164,0.016699999570846558,0.052799999713897705,0.0674000009894371,0.05620000138878822,0.05909999832510948,0.03539999946951866,0.03519999980926514,0.03840000182390213,0.028200000524520874
URY00076,2022-12-29,67.0,179.0,21.4,13.3,8.1,Toma de agua,-34.8297,-55.0421,South America,,678,0.01979999989271164,0.016699999570846558,0.052799999713897705,0.0674000009894371,0.05620000138878822,0.05909999832510948,0.03539999946951866,0.03519999980926514,0.03840000182390213,0.028200000524520874
URY00076,2023-01-05,58.0,183.0,22.0,10.3,8.0,Toma de agua,-34.8297,-55.0421,South America,,678,0.06199999898672104,0.05380000174045563,0.10499999672174454,0.11720000207424164,0.1096000000834465,0.09669999778270721,0.0754999965429306,0.0746999979019165,0.08139999955892563,0.066600002348423
URY00076,2023-01-10,61.0,189.0,23.0,8.1,8.1,Toma de agua,-34.8297,-55.0421,South America,,678,0.03590000048279762,0.029200000688433647,0.07419999688863754,0.08900000154972076,0.07580000162124634,0.07670000195503235,0.05090000107884407,0.048700001090765,0.04780000075697899,0.04019999876618385
URY00076,2023-01-11,61.0,188.0,23.0,7.7,8.1,Toma de agua,-34.8297,-55.0421,South America,,678,0.03590000048279762,0.029200000688433647,0.07419999688863754,0.08900000154972076,0.07580000162124634,0.07670000195503235,0.05090000107884407,0.048700001090765,0.04780000075697899,0.04019999876618385
URY00076,2023-01-16,63.0,187.0,23.0,8.0,7.9,Toma de agua,-34.8297,-55.0421,South America,,678,0.0066999997943639755,0.004100000020116568,0.0406000018119812,0.05400000140070915,0.039799999445676804,0.039000000804662704,0.021199999377131462,0.02250000089406967,0.018699999898672104,0.01600000075995922
URY00076,2023-01-17,62.0,189.0,24.0,7.7,8.5,Toma de agua,-34.8297,-55.0421,South America,,678,0.008500000461935997,0.006599999964237213,0.03739999979734421,0.04899999871850014,0.03660000115633011,0.03880000114440918,0.016499999910593033,0.015300000086426735,0.01679999940097332,0.01119999960064888
URY00076,2023-01-18,61.0,198.0,24.0,8.6,8.5,Toma de agua,-34.8297,-55.0421,South America,,678,0.008500000461935997,0.006599999964237213,0.03739999979734421,0.04899999871850014,0.03660000115633011,0.03880000114440918,0.016499999910593033,0.015300000086426735,0.01679999940097332,0.01119999960064888
URY00076,2023-01-23,66.0,189.0,25.0,10.7,9.0,Toma de agua,-34.8297,-55.0421,South America,,678,0.01899999938905239,0.015699999406933784,0.051600001752376556,0.06939999759197235,0.052400000393390656,0.0649000033736229,0.034699998795986176,0.03590000048279762,0.03420000150799751,0.024399999529123306
URY00076,2023-01-25,54.0,190.0,24.0,10.0,8.6,Toma de agua,-34.8297,-55.0421,South America,,678,0.04399999976158142,0.03590000048279762,0.07540000230073929,0.09210000187158585,0.07509999722242355,0.08699999749660492,0.06030000001192093,0.061000000685453415,0.05689999833703041,0.0502999983727932
URY00076,2023-01-26,50.0,193.0,24.0,9.3,9.1,Toma de agua,-34.8297,-55.0421,South America,,678,0.04399999976158142,0.03590000048279762,0.07540000230073929,0.09210000187158585,0.07509999722242355,0.08699999749660492,0.06030000001192093,0.061000000685453415,0.05689999833703041,0.0502999983727932
URY00076,2023-02-06,58.0,189.0,23.0,14.0,7.4,Toma de agua,-34.8297,-55.0421,South America,,678,0.035599999129772186,0.027300000190734863,0.07100000232458115,0.07440000027418137,0.07159999758005142,0.07360000163316727,0.05700000002980232,0.05869999900460243,0.05620000138878822,0.051100000739097595
URY00076,2023-02-07,52.0,190.0,24.0,18.9,7.5,Toma de agua,-34.8297,-55.0421,South America,,678,0.035599999129772186,0.027300000190734863,0.07100000232458115,0.07440000027418137,0.07159999758005142,0.07360000163316727,0.05700000002980232,0.05869999900460243,0.05620000138878822,0.051100000739097595
URY00076,2023-02-09,49.0,190.0,24.0,11.6,7.6,Toma de agua,-34.8297,-55.0421,South America,,678,0.021900000050663948,0.01720000058412552,0.054099999368190765,0.062300000339746475,0.058800000697374344,0.05469999834895134,0.031300000846385956,0.032499998807907104,0.03400000184774399,0.02630000002682209
URY00076,2023-02-10,50.0,190.0,24.0,12.7,7.4,Toma de agua,-34.8297,-55.0421,South America,,678,0.021900000050663948,0.01720000058412552,0.054099999368190765,0.062300000339746475,0.058800000697374344,0.05469999834895134,0.031300000846385956,0.032499998807907104,0.03400000184774399,0.02630000002682209
URY00076,2023-02-20,44.0,188.0,18.0,22.2,7.6,Toma de agua,-34.8297,-55.0421,South America,,678,0.004900000058114529,0.00419999985024333,0.03909999877214432,0.04610000178217888,0.04690000042319298,0.043699998408555984,0.022199999541044235,0.021199999377131462,0.018799999728798866,0.014100000262260437
URY00076,2023-03-03,44.0,195.0,25.9,24.0,7.8,Toma de agua,-34.8297,-55.0421,South America,,678,0.006599999964237213,0.003599999938160181,0.048700001090765,0.052400000393390656,0.05299999937415123,0.05130000039935112,0.023800000548362732,0.0272000003606081,0.024000000208616257,0.014100000262260437
URY00076,2023-03-06,46.0,188.0,25.6,25.3,7.6,Toma de agua,-34.8297,-55.0421,South America,,678,0.014600000344216824,0.011599999852478504,0.04820000007748604,0.0560000017285347,0.060600001364946365,0.05660000070929527,0.030400000512599945,0.03319999948143959,0.031700000166893005,0.023900000378489494
URY00076,2023-03-07,47.0,186.0,24.6,26.5,7.6,Toma de agua,-34.8297,-55.0421,South America,,678,0.014600000344216824,0.011599999852478504,0.04820000007748604,0.0560000017285347,0.060600001364946365,0.05660000070929527,0.030400000512599945,0.03319999948143959,0.031700000166893005,0.023900000378489494
URY00076,2023-03-13,57.0,188.0,25.0,26.5,7.8,Toma de agua,-34.8297,-55.0421,South America,,678,0.006399999838322401,0.005100000184029341,0.0478999987244606,0.05570000037550926,0.05290000140666962,0.053300000727176666,0.022600000724196434,0.027699999511241913,0.02160000056028366,0.014399999752640724
URY00076,2023-03-14,50.0,185.0,25.0,29.7,7.8,Toma de agua,-34.8297,-55.0421,South America,,678,0.006399999838322401,0.005100000184029341,0.0478999987244606,0.05570000037550926,0.05290000140666962,0.053300000727176666,0.022600000724196434,0.027699999511241913,0.02160000056028366,0.014399999752640724
URY00076,2023-03-21,47.0,184.0,23.0,22.1,7.8,Toma de agua,-34.8297,-55.0421,South America,,678,0.004699999932199717,0.00419999985024333,0.03959999978542328,0.04879999905824661,0.04960000142455101,0.049800001084804535,0.021299999207258224,0.021299999207258224,0.01679999940097332,0.011099999770522118
URY00076,2023-03-22,48.0,192.0,21.0,29.7,7.8,Toma de agua,-34.8297,-55.0421,South America,,678,0.004699999932199717,0.00419999985024333,0.03959999978542328,0.04879999905824661,0.04960000142455101,0.049800001084804535,0.021299999207258224,0.021299999207258224,0.01679999940097332,0.011099999770522118
URY00076,2023-04-03,55.0,190.0,19.4,32.2,7.9,Toma de agua,-34.8297,-55.0421,South America,,678,0.005900000222027302,0.006200000178068876,0.04699999839067459,0.05180000141263008,0.0551999993622303,0.05310000106692314,0.02810000069439411,0.029200000688433647,0.024299999698996544,0.016300000250339508
URY00076,2023-04-10,69.0,184.0,20.4,34.3,7.9,Toma de agua,-34.8297,-55.0421,South America,,678,0.0032999999821186066,0.003100000089034438,0.03750000149011612,0.044599998742341995,0.04699999839067459,0.052299998700618744,0.02459999918937683,0.02539999969303608,0.02160000056028366,0.014800000004470348
URY00076,2023-04-11,60.0,192.0,20.5,32.5,7.8,Toma de agua,-34.8297,-55.0421,South America,,678,0.0032999999821186066,0.003100000089034438,0.03750000149011612,0.044599998742341995,0.04699999839067459,0.052299998700618744,0.02459999918937683,0.02539999969303608,0.02160000056028366,0.014800000004470348
URY00076,2023-04-17,58.0,194.0,17.0,34.6,7.8,Toma de agua,-34.8297,-55.0421,South America,,678,0.004000000189989805,0.004000000189989805,0.03460000082850456,0.04740000143647194,0.05460000038146973,0.05460000038146973,0.025800000876188278,0.027799999341368675,0.02199999988079071,0.017000000923871994
URY00076,2023-04-18,56.0,195.0,16.0,33.7,7.9,Toma de agua,-34.8297,-55.0421,South America,,678,0.004000000189989805,0.004000000189989805,0.03460000082850456,0.04740000143647194,0.05460000038146973,0.05460000038146973,0.025800000876188278,0.027799999341368675,0.02199999988079071,0.017000000923871994
URY00076,2023-04-20,61.0,195.0,15.0,35.3,8.0,Toma de agua,-34.8297,-55.0421,South America,,678,0.00559999980032444,0.0038999998942017555,0.042500000447034836,0.05180000141263008,0.055399999022483826,0.054499998688697815,0.02800000086426735,0.027300000190734863,0.024700000882148743,0.016200000420212746
URY00076,2023-04-21,60.0,194.0,16.0,33.7,7.9,Toma de agua,-34.8297,-55.0421,South America,,678,0.00559999980032444,0.0038999998942017555,0.042500000447034836,0.05180000141263008,0.055399999022483826,0.054499998688697815,0.02800000086426735,0.027300000190734863,0.024700000882148743,0.016200000420212746
URY00076,2023-05-02,60.0,195.0,16.0,36.4,7.9,Toma de agua,-34.8297,-55.0421,South America,,678,0.0038999998942017555,0.0027000000700354576,0.03799999877810478,0.0478999987244606,0.05249999836087227,0.052799999713897705,0.02590000070631504,0.025800000876188278,0.02329999953508377,0.01679999940097332
URY00076,2023-05-03,60.0,189.0,16.0,34.6,7.9,Toma de agua,-34.8297,-55.0421,South America,,678,0.0038999998942017555,0.0027000000700354576,0.03799999877810478,0.0478999987244606,0.05249999836087227,0.052799999713897705,0.02590000070631504,0.025800000876188278,0.02329999953508377,0.01679999940097332
URY00077,2019-03-07,,130.0,23.58,7.1,7.1,Norte,-34.795,-55.0502,South America,146.0,678,0.006399999838322401,0.005200000014156103,0.033399999141693115,0.0421999990940094,0.03440000116825104,0.0333000011742115,0.01810000091791153,0.01850000023841858,0.015399999916553497,0.012299999594688416
URY00077,2019-11-27,,121.0,22.1,17.7,7.28,Norte,-34.795,-55.0502,South America,201.0,678,0.057500001043081284,0.0502999983727932,0.08950000256299973,0.09910000115633011,0.09740000218153,0.1005999967455864,0.07729999721050262,0.0754999965429306,0.07750000059604645,0.06719999760389328
URY00077,2019-12-13,,130.0,23.44,18.9,7.88,Norte,-34.795,-55.0502,South America,248.0,678,0.36169999837875366,0.34360000491142273,0.3075999915599823,0.2874000072479248,0.2784000039100647,0.3513000011444092,0.38119998574256897,0.39809998869895935,0.329800009727478,0.4117000102996826
URY00077,2020-01-16,,141.0,23.26,7.0,7.35,Norte,-34.795,-55.0502,South America,144.0,678,0.054499998688697815,0.04569999873638153,0.06599999964237213,0.07959999889135361,0.07410000264644623,0.07819999754428864,0.07750000059604645,0.07760000228881836,0.07989999651908875,0.0771000012755394
URY00077,2020-01-24,,151.0,24.93,1.4,7.16,Norte,-34.795,-55.0502,South America,89.0,678,0.010999999940395355,0.00930000003427267,0.022299999371170998,0.03180000185966492,0.023900000378489494,0.023600000888109207,0.021400000900030136,0.021700000390410423,0.019500000402331352,0.019200000911951065
URY00077,2020-01-31,,150.0,24.66,1.8,7.69,Norte,-34.795,-55.0502,South America,110.0,678,0.011500000022351742,0.009700000286102295,0.032499998807907104,0.035599999129772186,0.027499999850988388,0.021900000050663948,0.021900000050663948,0.021900000050663948,0.023399999365210533,0.01889999955892563
URY00077,2020-02-06,,155.0,26.25,1.8,7.77,Norte,-34.795,-55.0502,South America,63.0,678,0.04569999873638153,0.04129999876022339,0.05350000038743019,0.06729999929666519,0.05829999968409538,0.06340000033378601,0.05380000174045563,0.053199999034404755,0.050599999725818634,0.05119999870657921
URY00077,2020-02-27,,143.0,20.81,1.9,7.53,Norte,-34.795,-55.0502,South America,86.0,678,0.004900000058114529,0.003100000089034438,0.023499999195337296,0.026900000870227814,0.015599999576807022,0.016499999910593033,0.010200000368058681,0.01209999993443489,0.010400000028312206,0.00800000037997961
URY00077,2020-03-04,,153.0,24.2,2.0,8.32,Norte,-34.795,-55.0502,South America,50.0,678,0.00419999985024333,0.003700000001117587,0.014800000004470348,0.02319999970495701,0.015399999916553497,0.01489999983459711,0.008200000040233135,0.008799999952316284,0.007799999788403511,0.006099999882280827
URY00077,2020-04-11,,138.0,18.56,26.0,7.85,Norte,-34.795,-55.0502,South America,295.0,678,0.10859999805688858,0.1451999992132187,0.07090000063180923,0.10980000346899033,0.1151999980211258,0.1298000067472458,0.11909999698400497,0.1451999992132187,0.06440000236034393,0.15369999408721924
URY00077,2020-05-02,,134.0,16.95,25.9,7.54,Norte,-34.795,-55.0502,South America,302.0,678,0.0044999998062849045,0.003700000001117587,0.016100000590085983,0.019700000062584877,0.013899999670684338,0.018400000408291817,0.011300000362098217,0.011099999770522118,0.00930000003427267,0.007899999618530273
URY00077,2020-11-08,,142.0,21.19,3.1,7.48,Norte,-34.795,-55.0502,South America,76.0,678,0.008799999952316284,0.007600000128149986,0.02759999968111515,0.03750000149011612,0.028200000524520874,0.025200000032782555,0.01549999974668026,0.01590000092983246,0.0142000000923872,0.013399999588727951
URY00077,2020-11-29,,143.0,22.99,6.9,7.75,Norte,-34.795,-55.0502,South America,92.0,678,0.025699999183416367,0.022299999371170998,0.05429999902844429,0.06390000134706497,0.05920000001788139,0.054999999701976776,0.037700001150369644,0.03840000182390213,0.034699998795986176,0.03150000050663948
URY00077,2020-12-07,,130.0,21.97,4.9,7.8,Norte,-34.795,-55.0502,South America,99.0,678,0.0544000007212162,0.04600000008940697,0.08460000157356262,0.09390000253915787,0.08030000329017639,0.07729999721050262,0.0617000013589859,0.0617000013589859,0.06809999793767929,0.0551999993622303
URY00077,2020-12-17,,136.0,22.93,4.3,7.4,Norte,-34.795,-55.0502,South America,80.0,678,0.0674000009894371,0.06019999831914902,0.09300000220537186,0.10040000081062317,0.0908999964594841,0.09030000120401382,0.07670000195503235,0.07429999858140945,0.08049999922513962,0.07020000368356705
URY00077,2020-12-23,,132.0,23.11,6.7,7.8,Norte,-34.795,-55.0502,South America,107.0,678,0.002199999988079071,0.0015999999595806003,0.02810000069439411,0.035100001841783524,0.02539999969303608,0.02280000038444996,0.008299999870359898,0.010099999606609344,0.007499999832361937,0.004800000227987766
URY00077,2021-11-09,,155.0,22.27,16.8,8.26,Norte,-34.795,-55.0502,South America,210.0,678,0.007000000216066837,0.004999999888241291,0.04650000110268593,0.052799999713897705,0.05130000039935112,0.046799998730421066,0.025800000876188278,0.024900000542402267,0.0210999995470047,0.016200000420212746
URY00077,2021-11-19,,156.0,22.5,16.9,7.97,Norte,-34.795,-55.0502,South America,202.0,678,0.0012000000569969416,0.0005000000237487257,0.03920000046491623,0.045099999755620956,0.04490000009536743,0.03909999877214432,0.01640000008046627,0.01730000041425228,0.013500000350177288,0.00800000037997961
URY00077,2021-11-24,,158.0,22.89,17.6,7.2,Norte,-34.795,-55.0502,South America,227.0,678,0.014399999752640724,0.011099999770522118,0.04839999973773956,0.05790000036358833,0.060600001364946365,0.05889999866485596,0.033799998462200165,0.0340999998152256,0.03099999949336052,0.02449999935925007
URY00077,2021-12-08,,161.0,22.32,16.8,7.42,Norte,-34.795,-55.0502,South America,190.0,678,0.009399999864399433,0.00800000037997961,0.05139999836683273,0.058800000697374344,0.05510000139474869,0.050700001418590546,0.02630000002682209,0.025800000876188278,0.021800000220537186,0.016899999231100082
URY00077,2021-12-23,,177.0,26.35,15.4,8.13,Norte,-34.795,-55.0502,South America,162.0,678,0.005900000222027302,0.00430000014603138,0.046300001442432404,0.055799998342990875,0.04780000075697899,0.04639999940991402,0.019899999722838402,0.021199999377131462,0.016100000590085983,0.011699999682605267
URY00077,2022-01-06,,172.0,25.51,14.9,7.86,Norte,-34.795,-55.0502,South America,172.0,678,0.04910000041127205,0.04439999908208847,0.09189999848604202,0.10199999809265137,0.09669999778270721,0.09570000320672989,0.06930000334978104,0.06729999929666519,0.07090000063180923,0.05950000137090683
URY00077,2022-01-13,,180.0,26.69,14.3,7.34,Norte,-34.795,-55.0502,South America,185.0,678,0.009800000116229057,0.00800000037997961,0.04039999842643738,0.05420000106096268,0.04749999940395355,0.045499999076128006,0.021800000220537186,0.022700000554323196,0.019300000742077827,0.015399999916553497
URY00077,2022-02-09,,156.0,24.91,9.1,7.49,Norte,-34.795,-55.0502,South America,166.0,678,0.0034000000450760126,0.0032999999821186066,0.03359999880194664,0.039400000125169754,0.03319999948143959,0.028699999675154686,0.013299999758601189,0.014499999582767487,0.010900000110268593,0.008200000040233135
URY00077,2022-05-12,,132.0,16.65,7.37,7.37,Norte,-34.795,-55.0502,South America,175.0,678,0.004000000189989805,0.003100000089034438,0.011500000022351742,0.010499999858438969,0.007799999788403511,0.008899999782443047,0.00430000014603138,0.006300000008195639,0.004600000102072954,0.0032999999821186066
URY00077,2022-05-20,,124.0,13.7,31.8,8.31,Norte,-34.795,-55.0502,South America,230.0,678,0.0005000000237487257,0.0019000000320374966,0.03229999914765358,0.04149999842047691,0.041999999433755875,0.04089999943971634,0.01899999938905239,0.017400000244379044,0.016100000590085983,0.010400000028312206
URY00077,2022-09-14,,134.0,14.41,15.8,7.73,Norte,-34.795,-55.0502,South America,184.0,678,0.0044999998062849045,0.0017999999690800905,0.04910000041127205,0.049800001084804535,0.04729999974370003,0.044599998742341995,0.02290000021457672,0.02239999920129776,0.019700000062584877,0.014399999752640724
URY00077,2022-11-09,,163.0,20.53,15.2,7.18,Norte,-34.795,-55.0502,South America,187.0,678,0.013399999588727951,0.012500000186264515,0.05009999871253967,0.05939999967813492,0.0575999990105629,0.05400000140070915,0.032499998807907104,0.031599998474121094,0.02889999933540821,0.024800000712275505
URY00077,2022-11-16,,165.0,20.95,16.9,7.21,Norte,-34.795,-55.0502,South America,189.0,678,0.051899999380111694,0.04659999907016754,0.08720000088214874,0.09679999947547913,0.09480000287294388,0.09269999712705612,0.06809999793767929,0.06909999996423721,0.07020000368356705,0.060600001364946365
URY00077,2022-12-14,,185.0,25.04,30.1,7.4,Norte,-34.795,-55.0502,South America,162.0,678,0.007499999832361937,0.006300000008195639,0.04820000007748604,0.0551999993622303,0.04899999871850014,0.053599998354911804,0.02930000051856041,0.030500000342726707,0.025299999862909317,0.01899999938905239
URY00077,2023-02-09,,206.0,26.78,33.3,7.86,Norte,-34.795,-55.0502,South America,131.0,678,0.019899999722838402,0.01590000092983246,0.05000000074505806,0.07400000095367432,0.04800000041723251,0.10090000182390213,0.06319999694824219,0.06270000338554382,0.05420000106096268,0.0430000014603138
URY00077,2023-03-04,,201.0,25.0,25.2,6.82,Norte,-34.795,-55.0502,South America,239.0,678,0.003599999938160181,0.0027000000700354576,0.04800000041723251,0.05260000005364418,0.049800001084804535,0.04969999939203262,0.02710000053048134,0.02759999968111515,0.02199999988079071,0.016699999570846558
URY00078,2019-03-07,,130.0,23.96,8.3,7.59,Sur,-34.841,-55.0683,South America,152.0,678,0.006500000134110451,0.006000000052154064,0.034299999475479126,0.041999999433755875,0.03440000116825104,0.03460000082850456,0.017899999395012856,0.01850000023841858,0.014399999752640724,0.01209999993443489
URY00078,2019-11-27,,122.0,22.15,24.1,6.96,Sur,-34.841,-55.0683,South America,199.0,678,0.04560000076889992,0.03869999945163727,0.07599999755620956,0.08410000056028366,0.08489999920129776,0.08630000054836273,0.06430000066757202,0.06109999865293503,0.06369999796152115,0.05420000106096268
URY00078,2019-12-13,,131.0,23.61,15.0,8.17,Sur,-34.841,-55.0683,South America,210.0,678,0.04500000178813934,0.03970000147819519,0.06369999796152115,0.07249999791383743,0.07440000027418137,0.07890000194311142,0.06159999966621399,0.0625,0.0568000003695488,0.05510000139474869
URY00078,2020-01-16,,141.0,23.36,9.9,7.31,Sur,-34.841,-55.0683,South America,186.0,678,0.05299999937415123,0.04470000043511391,0.06689999997615814,0.08139999955892563,0.07280000299215317,0.07590000331401825,0.07490000128746033,0.07360000163316727,0.07599999755620956,0.07270000129938126
URY00078,2020-01-24,,152.0,25.47,1.6,7.28,Sur,-34.841,-55.0683,South America,85.0,678,0.009100000374019146,0.006800000090152025,0.022099999710917473,0.030899999663233757,0.022199999541044235,0.021400000900030136,0.017899999395012856,0.018400000408291817,0.016899999231100082,0.015599999576807022
URY00078,2020-01-31,,152.0,25.39,1.4,7.23,Sur,-34.841,-55.0683,South America,92.0,678,0.0034000000450760126,0.0026000000070780516,0.02070000022649765,0.02669999934732914,0.01549999974668026,0.016300000250339508,0.011099999770522118,0.011699999682605267,0.010400000028312206,0.00989999994635582
URY00078,2020-02-06,,156.0,26.51,2.2,7.61,Sur,-34.841,-55.0683,South America,65.0,678,0.04490000009536743,0.040800001472234726,0.05480000004172325,0.06610000133514404,0.05790000036358833,0.060499999672174454,0.05220000073313713,0.051899999380111694,0.0494999997317791,0.05209999904036522
URY00078,2020-02-27,,143.0,21.68,4.8,7.69,Sur,-34.841,-55.0683,South America,109.0,678,0.0044999998062849045,0.004100000020116568,0.02319999970495701,0.03060000017285347,0.017999999225139618,0.01889999955892563,0.010200000368058681,0.011599999852478504,0.009499999694526196,0.007600000128149986
URY00078,2020-03-04,,155.0,24.96,2.7,8.38,Sur,-34.841,-55.0683,South America,40.0,678,0.004000000189989805,0.004399999976158142,0.015200000256299973,0.0272000003606081,0.013799999840557575,0.015699999406933784,0.008999999612569809,0.008500000461935997,0.007499999832361937,0.007400000002235174
URY00078,2020-05-02,,134.0,17.01,17.5,7.85,Sur,-34.841,-55.0683,South America,200.0,678,0.005900000222027302,0.008299999870359898,0.03550000116229057,0.06260000169277191,0.03790000081062317,0.053300000727176666,0.02019999921321869,0.020899999886751175,0.017400000244379044,0.012000000104308128
URY00078,2020-11-08,,143.0,21.39,2.0,7.54,Sur,-34.841,-55.0683,South America,79.0,678,0.010499999858438969,0.007600000128149986,0.029500000178813934,0.037300001829862595,0.0272000003606081,0.024299999698996544,0.015699999406933784,0.01549999974668026,0.015300000086426735,0.013500000350177288
URY00078,2020-11-29,,143.0,23.53,5.9,7.84,Sur,-34.841,-55.0683,South America,83.0,678,0.020999999716877937,0.02070000022649765,0.043800000101327896,0.0544000007212162,0.04500000178813934,0.04349999874830246,0.030899999663233757,0.029400000348687172,0.027799999341368675,0.02710000053048134
URY00078,2020-12-07,,137.0,22.08,6.1,7.85,Sur,-34.841,-55.0683,South America,98.0,678,0.004999999888241291,0.00419999985024333,0.03139999881386757,0.035100001841783524,0.025200000032782555,0.021800000220537186,0.011300000362098217,0.011800000444054604,0.009499999694526196,0.00860000029206276
URY00078,2020-12-17,,137.0,24.19,3.4,7.7,Sur,-34.841,-55.0683,South America,81.0,678,0.06920000165700912,0.06340000033378601,0.08969999849796295,0.09830000251531601,0.09239999949932098,0.0917000025510788,0.07750000059604645,0.07800000160932541,0.08150000125169754,0.07199999690055847
URY00078,2020-12-23,,133.0,23.59,4.9,7.7,Sur,-34.841,-55.0683,South America,105.0,678,0.004100000020116568,0.004600000102072954,0.031599998474121094,0.03539999946951866,0.025299999862909317,0.02290000021457672,0.009800000116229057,0.011500000022351742,0.010700000450015068,0.007199999876320362
URY00078,2021-11-09,,148.0,20.59,16.8,8.23,Sur,-34.841,-55.0683,South America,202.0,678,0.006300000008195639,0.004999999888241291,0.04619999974966049,0.05090000107884407,0.049800001084804535,0.047200001776218414,0.024800000712275505,0.024900000542402267,0.020400000736117363,0.015200000256299973
URY00078,2021-11-19,,152.0,21.7,17.5,8.02,Sur,-34.841,-55.0683,South America,200.0,678,0.0008999999845400453,0.0015999999595806003,0.03959999978542328,0.045499999076128006,0.04360000044107437,0.039400000125169754,0.016200000420212746,0.016300000250339508,0.013500000350177288,0.008299999870359898
URY00078,2021-11-24,,155.0,22.04,17.5,7.55,Sur,-34.841,-55.0683,South America,231.0,678,0.009100000374019146,0.010400000028312206,0.041999999433755875,0.05530000105500221,0.05420000106096268,0.048700001090765,0.026399999856948853,0.02459999918937683,0.023000000044703484,0.017799999564886093
URY00078,2021-12-08,,160.0,22.42,15.8,7.54,Sur,-34.841,-55.0683,South America,189.0,678,0.07479999959468842,0.06459999829530716,0.09600000083446503,0.10400000214576721,0.10130000114440918,0.0989999994635582,0.07919999957084656,0.08009999990463257,0.07699999958276749,0.06989999860525131
URY00078,2021-12-23,,175.0,26.17,15.5,8.16,Sur,-34.841,-55.0683,South America,161.0,678,0.00430000014603138,0.0031999999191612005,0.039799999445676804,0.04839999973773956,0.042100001126527786,0.04259999841451645,0.01720000058412552,0.017799999564886093,0.014399999752640724,0.00930000003427267
URY00078,2022-01-06,,176.0,25.6,16.0,7.83,Sur,-34.841,-55.0683,South America,172.0,678,0.289900004863739,0.29409998655319214,0.2696000039577484,0.28519999980926514,0.28999999165534973,0.32120001316070557,0.3206999897956848,0.32600000500679016,0.2786000072956085,0.328000009059906
URY00078,2022-01-13,,180.0,26.76,13.8,7.34,Sur,-34.841,-55.0683,South America,159.0,678,0.00989999994635582,0.008500000461935997,0.04190000146627426,0.05469999834895134,0.048700001090765,0.045499999076128006,0.02290000021457672,0.02280000038444996,0.019300000742077827,0.016100000590085983
URY00078,2022-02-09,,153.0,24.23,10.5,7.45,Sur,-34.841,-55.0683,South America,161.0,678,0.00419999985024333,0.003800000064074993,0.03759999945759773,0.04100000113248825,0.035999998450279236,0.03280000016093254,0.015399999916553497,0.01549999974668026,0.013199999928474426,0.009499999694526196
URY00078,2022-05-12,,133.0,16.62,8.08,8.08,Sur,-34.841,-55.0683,South America,175.0,678,0.004399999976158142,0.005200000014156103,0.026799999177455902,0.03629999980330467,0.029600000008940697,0.02590000070631504,0.013500000350177288,0.010900000110268593,0.011699999682605267,0.006500000134110451
URY00078,2022-05-20,,124.0,13.85,39.7,7.62,Sur,-34.841,-55.0683,South America,229.0,678,0.0020000000949949026,0.0017999999690800905,0.033399999141693115,0.04320000112056732,0.051600001752376556,0.05249999836087227,0.02850000001490116,0.030500000342726707,0.026100000366568565,0.01720000058412552
URY00078,2022-09-14,,134.0,14.36,14.9,7.75,Sur,-34.841,-55.0683,South America,173.0,678,0.014700000174343586,0.013500000350177288,0.06040000170469284,0.06419999897480011,0.05979999899864197,0.05260000005364418,0.03009999915957451,0.028699999675154686,0.031300000846385956,0.02070000022649765
URY00078,2022-11-09,,163.0,20.63,15.0,7.02,Sur,-34.841,-55.0683,South America,182.0,678,0.0203000009059906,0.017400000244379044,0.05460000038146973,0.06769999861717224,0.06499999761581421,0.060600001364946365,0.03610000014305115,0.03709999844431877,0.03350000083446503,0.030799999833106995
URY00078,2022-11-16,,167.0,21.66,15.5,7.02,Sur,-34.841,-55.0683,South America,184.0,678,0.040800001472234726,0.035999998450279236,0.0812000036239624,0.08969999849796295,0.08619999885559082,0.08079999685287476,0.05649999901652336,0.05480000004172325,0.05889999866485596,0.04749999940395355
URY00078,2022-12-14,,183.0,24.41,18.6,7.27,Sur,-34.841,-55.0683,South America,175.0,678,0.005799999926239252,0.0035000001080334187,0.04690000042319298,0.05350000038743019,0.04619999974966049,0.04740000143647194,0.023800000548362732,0.025200000032782555,0.0210999995470047,0.016499999910593033
URY00078,2023-02-09,,204.0,25.97,15.2,7.14,Sur,-34.841,-55.0683,South America,139.0,678,0.01549999974668026,0.013899999670684338,0.05169999971985817,0.06260000169277191,0.05040000006556511,0.054999999701976776,0.031599998474121094,0.030700000002980232,0.030700000002980232,0.024000000208616257
URY00078,2023-03-04,,199.0,24.83,25.1,7.46,Sur,-34.841,-55.0683,South America,236.0,678,0.0031999999191612005,0.0006000000284984708,0.04780000075697899,0.051899999380111694,0.05050000175833702,0.05000000074505806,0.026200000196695328,0.02669999934732914,0.021299999207258224,0.01640000008046627
URY00080,2019-03-07,,151.0,24.78,5.1,7.38,Lag. de los Cisnes,-34.8432,-55.12,South America,136.0,678,0.004699999932199717,0.0031999999191612005,0.026000000536441803,0.03150000050663948,0.025599999353289604,0.022099999710917473,0.006500000134110451,0.00800000037997961,0.00419999985024333,0.00419999985024333
URY00080,2019-11-27,,144.0,22.15,11.8,7.75,Lag. de los Cisnes,-34.8432,-55.12,South America,139.0,678,0.014999999664723873,0.01119999960064888,0.037700001150369644,0.045099999755620956,0.037300001829862595,0.041600000113248825,0.02239999920129776,0.02070000022649765,0.019700000062584877,0.01360000018030405
URY00080,2019-12-13,,164.0,24.35,9.4,7.61,Lag. de los Cisnes,-34.8432,-55.12,South America,178.0,678,0.06930000334978104,0.061000000685453415,0.07349999994039536,0.08550000190734863,0.09200000017881393,0.08389999717473984,0.06909999996423721,0.07190000265836716,0.06700000166893005,0.07180000096559525
URY00080,2020-01-16,,163.0,23.26,3.6,7.62,Lag. de los Cisnes,-34.8432,-55.12,South America,152.0,678,0.06930000334978104,0.062300000339746475,0.07209999859333038,0.08070000261068344,0.07919999957084656,0.08340000361204147,0.07880000025033951,0.07999999821186066,0.07840000092983246,0.07900000363588333
URY00080,2020-01-24,,174.0,26.27,3.9,7.68,Lag. de los Cisnes,-34.8432,-55.12,South America,136.0,678,0.01080000028014183,0.008700000122189522,0.01940000057220459,0.02710000053048134,0.023000000044703484,0.022700000554323196,0.01080000028014183,0.010099999606609344,0.010999999940395355,0.009200000204145908
URY00080,2020-01-31,,180.0,25.55,4.1,8.2,Lag. de los Cisnes,-34.8432,-55.12,South America,155.0,678,0.005200000014156103,0.004699999932199717,0.017899999395012856,0.024299999698996544,0.01679999940097332,0.017100000753998756,0.009399999864399433,0.009700000286102295,0.008799999952316284,0.007499999832361937
URY00080,2020-02-06,,188.0,27.28,5.6,7.38,Lag. de los Cisnes,-34.8432,-55.12,South America,63.0,678,0.06809999793767929,0.05889999866485596,0.06989999860525131,0.08460000157356262,0.08160000294446945,0.0860000029206276,0.06989999860525131,0.06960000097751617,0.066600002348423,0.06960000097751617
URY00080,2020-02-27,,165.0,21.49,6.2,7.42,Lag. de los Cisnes,-34.8432,-55.12,South America,150.0,678,0.006399999838322401,0.0044999998062849045,0.018699999898672104,0.026100000366568565,0.016499999910593033,0.021800000220537186,0.006800000090152025,0.008999999612569809,0.008299999870359898,0.005900000222027302
URY00080,2020-03-04,,176.0,25.58,8.4,8.42,Lag. de los Cisnes,-34.8432,-55.12,South America,103.0,678,0.005799999926239252,0.004999999888241291,0.01549999974668026,0.030500000342726707,0.01769999973475933,0.026799999177455902,0.007499999832361937,0.007400000002235174,0.007300000172108412,0.00559999980032444
URY00080,2020-04-11,,153.0,19.46,27.6,8.0,Lag. de los Cisnes,-34.8432,-55.12,South America,255.0,678,0.10419999808073044,0.09210000187158585,0.08259999752044678,0.08940000087022781,0.07800000160932541,0.10000000149011612,0.10599999874830246,0.11919999867677689,0.12020000070333481,0.12269999831914902
URY00080,2020-05-02,,149.0,16.72,25.6,7.34,Lag. de los Cisnes,-34.8432,-55.12,South America,264.0,678,0.00800000037997961,0.00839999970048666,0.033399999141693115,0.03779999911785126,0.028300000354647636,0.039000000804662704,0.01510000042617321,0.016899999231100082,0.012199999764561653,0.010400000028312206
URY00080,2020-11-08,,168.0,22.43,7.2,7.06,Lag. de los Cisnes,-34.8432,-55.12,South America,100.0,678,0.0071000000461936,0.005100000184029341,0.02800000086426735,0.03550000116229057,0.030899999663233757,0.026599999517202377,0.007799999788403511,0.008999999612569809,0.007499999832361937,0.005499999970197678
URY00080,2020-11-29,,182.0,24.03,7.2,7.98,Lag. de los Cisnes,-34.8432,-55.12,South America,88.0,678,0.019999999552965164,0.017899999395012856,0.04129999876022339,0.04830000177025795,0.04190000146627426,0.03790000081062317,0.019700000062584877,0.021400000900030136,0.018699999898672104,0.01679999940097332
URY00080,2020-12-07,,168.0,22.48,4.3,7.36,Lag. de los Cisnes,-34.8432,-55.12,South America,95.0,678,0.045899998396635056,0.04100000113248825,0.07750000059604645,0.07680000364780426,0.06840000301599503,0.06289999932050705,0.04749999940395355,0.047200001776218414,0.05270000174641609,0.042500000447034836
URY00080,2020-12-17,,173.0,24.07,4.0,7.3,Lag. de los Cisnes,-34.8432,-55.12,South America,78.0,678,0.09790000319480896,0.09440000355243683,0.11339999735355377,0.12099999934434891,0.11760000139474869,0.11710000038146973,0.10320000350475311,0.10480000078678131,0.09640000015497208,0.1023000031709671
URY00080,2020-12-23,,163.0,23.49,5.3,7.15,Lag. de los Cisnes,-34.8432,-55.12,South America,105.0,678,0.013399999588727951,0.011900000274181366,0.03620000183582306,0.03929999843239784,0.030400000512599945,0.02630000002682209,0.01140000019222498,0.011099999770522118,0.010499999858438969,0.009200000204145908
URY00080,2021-11-09,,173.0,21.68,11.1,8.1,Lag. de los Cisnes,-34.8432,-55.12,South America,161.0,678,0.011500000022351742,0.009499999694526196,0.04259999841451645,0.04670000076293945,0.04230000078678131,0.03790000081062317,0.017100000753998756,0.017000000923871994,0.01600000075995922,0.011500000022351742
URY00080,2021-11-19,,176.0,22.33,11.9,7.75,Lag. de los Cisnes,-34.8432,-55.12,South America,157.0,678,0.0038999998942017555,0.0035000001080334187,0.03350000083446503,0.03869999945163727,0.035999998450279236,0.02930000051856041,0.006800000090152025,0.007499999832361937,0.006200000178068876,0.00279999990016222
URY00080,2021-11-24,,183.0,22.56,11.1,7.1,Lag. de los Cisnes,-34.8432,-55.12,South America,159.0,678,0.01140000019222498,0.009700000286102295,0.03689999878406525,0.04800000041723251,0.042399998754262924,0.037300001829862595,0.014700000174343586,0.01600000075995922,0.01510000042617321,0.010999999940395355
URY00080,2021-12-08,,196.0,23.54,10.3,7.98,Lag. de los Cisnes,-34.8432,-55.12,South America,44.0,678,0.021400000900030136,0.02160000056028366,0.05480000004172325,0.06019999831914902,0.05570000037550926,0.049300000071525574,0.023900000378489494,0.02419999986886978,0.023000000044703484,0.019099999219179153
URY00080,2021-12-23,,206.0,26.24,7.5,8.06,Lag. de los Cisnes,-34.8432,-55.12,South America,129.0,678,0.004800000227987766,0.004699999932199717,0.030400000512599945,0.03819999843835831,0.028200000524520874,0.021299999207258224,9.999999747378752e-05,9.999999747378752e-05,9.999999747378752e-05,9.999999747378752e-05
URY00080,2022-01-06,,196.0,25.28,16.9,7.9,Lag. de los Cisnes,-34.8432,-55.12,South America,130.0,678,0.09269999712705612,0.06679999828338623,0.1103999987244606,0.12639999389648438,0.1120000034570694,0.12160000205039978,0.11089999973773956,0.10199999809265137,0.11599999666213989,0.09030000120401382
URY00080,2022-01-13,,200.0,26.71,8.5,7.19,Lag. de los Cisnes,-34.8432,-55.12,South America,140.0,678,0.010300000198185444,0.008500000461935997,0.034299999475479126,0.04610000178217888,0.03779999911785126,0.03189999982714653,0.010099999606609344,0.009600000455975533,0.008999999612569809,0.007300000172108412
URY00080,2022-02-09,,132.0,24.95,5.9,6.84,Lag. de los Cisnes,-34.8432,-55.12,South America,226.0,678,0.007899999618530273,0.006399999838322401,0.020500000566244125,0.019999999552965164,0.019200000911951065,0.01860000006854534,0.010200000368058681,0.01119999960064888,0.010200000368058681,0.008799999952316284
URY00080,2022-05-12,,123.0,16.25,7.65,7.65,Lag. de los Cisnes,-34.8432,-55.12,South America,260.0,678,0.006099999882280827,0.0044999998062849045,0.023000000044703484,0.028999999165534973,0.030899999663233757,0.02930000051856041,0.01209999993443489,0.012400000356137753,0.010700000450015068,0.007499999832361937
URY00080,2022-05-20,,130.0,13.16,23.6,8.17,Lag. de los Cisnes,-34.8432,-55.12,South America,240.0,678,0.002899999963119626,0.002300000051036477,0.02410000003874302,0.02879999950528145,0.03480000048875809,0.032999999821186066,0.013199999928474426,0.014700000174343586,0.012000000104308128,0.008799999952316284
URY00080,2022-09-14,,136.0,15.23,10.5,7.59,Lag. de los Cisnes,-34.8432,-55.12,South America,183.0,678,0.00800000037997961,0.0066999997943639755,0.029200000688433647,0.029500000178813934,0.02759999968111515,0.026200000196695328,0.013199999928474426,0.010700000450015068,0.009700000286102295,0.008100000210106373
URY00080,2022-11-09,,180.0,21.32,11.1,6.98,Lag. de los Cisnes,-34.8432,-55.12,South America,159.0,678,0.018300000578165054,0.01590000092983246,0.048700001090765,0.06199999898672104,0.05620000138878822,0.04809999838471413,0.025299999862909317,0.023900000378489494,0.024800000712275505,0.020600000396370888
URY00080,2022-11-16,,183.0,22.28,12.7,6.8,Lag. de los Cisnes,-34.8432,-55.12,South America,160.0,678,0.03909999877214432,0.0340999998152256,0.07660000026226044,0.08030000329017639,0.07779999822378159,0.0731000006198883,0.04659999907016754,0.04729999974370003,0.05079999938607216,0.04039999842643738
URY00080,2022-12-14,,208.0,26.18,11.1,7.3,Lag. de los Cisnes,-34.8432,-55.12,South America,109.0,678,0.004600000102072954,0.0038999998942017555,0.030400000512599945,0.03720000013709068,0.02879999950528145,0.0272000003606081,0.007899999618530273,0.007400000002235174,0.007199999876320362,0.0035000001080334187
URY00080,2023-02-09,,219.0,27.14,22.9,6.94,Lag. de los Cisnes,-34.8432,-55.12,South America,206.0,678,0.006399999838322401,0.005200000014156103,0.037700001150369644,0.04740000143647194,0.04729999974370003,0.045899998396635056,0.01769999973475933,0.018699999898672104,0.015799999237060547,0.011900000274181366
URY00080,2023-03-04,,215.0,25.94,23.4,7.46,Lag. de los Cisnes,-34.8432,-55.12,South America,224.0,678,0.005100000184029341,0.004100000020116568,0.044599998742341995,0.04859999939799309,0.048500001430511475,0.048500001430511475,0.020400000736117363,0.02070000022649765,0.016300000250339508,0.010900000110268593
URY00174,2019-03-07,,129.0,23.13,7.1,7.1,Laguna Arroyo Mallorquina,-34.7601,-55.0473,South America,144.0,678,0.0044999998062849045,0.0031999999191612005,0.02710000053048134,0.03590000048279762,0.030400000512599945,0.025499999523162842,0.008299999870359898,0.00930000003427267,0.005200000014156103,0.0038999998942017555
URY00174,2019-11-27,,121.0,21.88,14.1,7.28,Laguna Arroyo Mallorquina,-34.7601,-55.0473,South America,215.0,678,0.05260000005364418,0.04540000110864639,0.08399999886751175,0.08990000188350677,0.09290000051259995,0.09000000357627869,0.065700002014637,0.06400000303983688,0.065700002014637,0.05510000139474869
URY00174,2019-12-13,,129.0,22.96,18.2,7.58,Laguna Arroyo Mallorquina,-34.7601,-55.0473,South America,247.0,678,0.061400000005960464,0.05429999902844429,0.06989999860525131,0.08349999785423279,0.07959999889135361,0.09019999951124191,0.07180000096559525,0.07329999655485153,0.06710000336170197,0.06430000066757202
URY00174,2020-01-16,,138.0,22.49,10.9,7.09,Laguna Arroyo Mallorquina,-34.7601,-55.0473,South America,173.0,678,0.053300000727176666,0.04479999840259552,0.06859999895095825,0.08079999685287476,0.07760000228881836,0.0843999981880188,0.07530000060796738,0.07450000196695328,0.07890000194311142,0.0689999982714653
URY00174,2020-01-24,,150.0,24.53,1.5,7.01,Laguna Arroyo Mallorquina,-34.7601,-55.0473,South America,101.0,678,0.010200000368058681,0.007400000002235174,0.018699999898672104,0.026000000536441803,0.01860000006854534,0.016699999570846558,0.00989999994635582,0.011099999770522118,0.00930000003427267,0.00860000029206276
URY00174,2020-01-31,,148.0,24.0,0.9,7.3,Laguna Arroyo Mallorquina,-34.7601,-55.0473,South America,85.0,678,0.006099999882280827,0.0052999998442828655,0.0215000007301569,0.02500000037252903,0.015599999576807022,0.012600000016391277,0.007499999832361937,0.008500000461935997,0.008299999870359898,0.006599999964237213
URY00174,2020-02-06,,155.0,26.21,2.1,7.75,Laguna Arroyo Mallorquina,-34.7601,-55.0473,South America,60.0,678,0.05999999865889549,0.05380000174045563,0.06870000064373016,0.07810000330209732,0.07129999995231628,0.07270000129938126,0.06260000169277191,0.06069999933242798,0.05889999866485596,0.06040000170469284
URY00174,2020-02-27,,141.0,20.75,5.0,6.82,Laguna Arroyo Mallorquina,-34.7601,-55.0473,South America,117.0,678,0.006300000008195639,0.00430000014603138,0.02319999970495701,0.02979999966919422,0.01940000057220459,0.01679999940097332,0.0052999998442828655,0.007000000216066837,0.005200000014156103,0.004000000189989805
URY00174,2020-03-04,,151.0,23.62,2.1,7.71,Laguna Arroyo Mallorquina,-34.7601,-55.0473,South America,74.0,678,0.0066999997943639755,0.00570000009611249,0.011300000362098217,0.01979999989271164,0.012000000104308128,0.013199999928474426,0.004100000020116568,0.005499999970197678,0.00419999985024333,0.0031999999191612005
URY00174,2020-04-11,,136.0,18.08,33.1,7.1,Laguna Arroyo Mallorquina,-34.7601,-55.0473,South America,381.0,678,0.01140000019222498,0.009200000204145908,0.04919999837875366,0.062300000339746475,0.05649999901652336,0.06599999964237213,0.03319999948143959,0.034699998795986176,0.028599999845027924,0.02019999921321869
URY00174,2020-05-02,,133.0,16.87,32.0,7.2,Laguna Arroyo Mallorquina,-34.7601,-55.0473,South America,331.0,678,0.004600000102072954,0.004900000058114529,0.03590000048279762,0.05249999836087227,0.053599998354911804,0.060100000351667404,0.027699999511241913,0.029400000348687172,0.024800000712275505,0.016899999231100082
URY00174,2020-11-08,,148.0,22.0,12.3,7.45,Laguna Arroyo Mallorquina,-34.7601,-55.0473,South America,125.0,678,0.007400000002235174,0.006099999882280827,0.028999999165534973,0.03629999980330467,0.03229999914765358,0.027400000020861626,0.008500000461935997,0.008899999782443047,0.006800000090152025,0.004800000227987766
URY00174,2020-11-29,,144.0,23.11,6.6,7.87,Laguna Arroyo Mallorquina,-34.7601,-55.0473,South America,100.0,678,0.02239999920129776,0.020999999716877937,0.045499999076128006,0.053700000047683716,0.04839999973773956,0.044199999421834946,0.023399999365210533,0.023800000548362732,0.022099999710917473,0.018200000748038292
URY00174,2020-12-07,,139.0,22.06,7.4,7.58,Laguna Arroyo Mallorquina,-34.7601,-55.0473,South America,119.0,678,0.0917000025510788,0.07989999651908875,0.1298000067472458,0.13220000267028809,0.12380000203847885,0.11169999837875366,0.09849999845027924,0.0940999984741211,0.10499999672174454,0.08950000256299973
URY00174,2020-12-17,,139.0,22.29,7.4,7.25,Laguna Arroyo Mallorquina,-34.7601,-55.0473,South America,108.0,678,0.05739999935030937,0.04919999837875366,0.08349999785423279,0.08609999716281891,0.0820000022649765,0.07819999754428864,0.060499999672174454,0.05920000001788139,0.06620000302791595,0.05339999869465828
URY00174,2020-12-23,,135.0,22.33,10.3,7.7,Laguna Arroyo Mallorquina,-34.7601,-55.0473,South America,128.0,678,0.00419999985024333,0.003599999938160181,0.028200000524520874,0.03240000084042549,0.026200000196695328,0.02160000056028366,0.0024999999441206455,0.0038999998942017555,0.0010000000474974513,9.999999747378752e-05
URY00174,2021-11-09,,158.0,22.65,17.3,7.82,Laguna Arroyo Mallorquina,-34.7601,-55.0473,South America,209.0,678,0.011099999770522118,0.006800000090152025,0.04490000009536743,0.050999999046325684,0.04910000041127205,0.045499999076128006,0.020400000736117363,0.019899999722838402,0.016200000420212746,0.013799999840557575
URY00174,2021-11-19,,156.0,22.27,21.1,7.45,Laguna Arroyo Mallorquina,-34.7601,-55.0473,South America,223.0,678,0.004100000020116568,0.0026000000070780516,0.035100001841783524,0.04190000146627426,0.04450000077486038,0.04170000180602074,0.013899999670684338,0.014499999582767487,0.010700000450015068,0.005200000014156103
URY00174,2021-11-24,,158.0,22.54,21.7,7.54,Laguna Arroyo Mallorquina,-34.7601,-55.0473,South America,229.0,678,0.014100000262260437,0.010200000368058681,0.039799999445676804,0.04749999940395355,0.053599998354911804,0.05260000005364418,0.0272000003606081,0.0284000001847744,0.026000000536441803,0.01860000006854534
URY00174,2021-12-08,,166.0,23.16,15.6,7.95,Laguna Arroyo Mallorquina,-34.7601,-55.0473,South America,108.0,678,0.01269999984651804,0.010900000110268593,0.03269999846816063,0.03519999980926514,0.03290000185370445,0.028999999165534973,0.012400000356137753,0.008700000122189522,0.008200000040233135,0.006200000178068876
URY00174,2021-12-23,,177.0,26.29,14.7,8.41,Laguna Arroyo Mallorquina,-34.7601,-55.0473,South America,167.0,678,0.005499999970197678,0.006399999838322401,0.04259999841451645,0.05040000006556511,0.04320000112056732,0.03669999912381172,0.0052999998442828655,0.004800000227987766,0.00139999995008111,9.999999747378752e-05
URY00174,2022-01-13,,182.0,26.97,14.1,7.8,Laguna Arroyo Mallorquina,-34.7601,-55.0473,South America,167.0,678,0.014100000262260437,0.011099999770522118,0.0406000018119812,0.05119999870657921,0.04619999974966049,0.04190000146627426,0.016599999740719795,0.016899999231100082,0.014800000004470348,0.011099999770522118
URY00174,2022-02-09,,53.0,23.95,11.1,7.82,Laguna Arroyo Mallorquina,-34.7601,-55.0473,South America,184.0,678,0.007600000128149986,0.0052999998442828655,0.030400000512599945,0.03539999946951866,0.03280000016093254,0.02810000069439411,0.009700000286102295,0.011699999682605267,0.008500000461935997,0.005100000184029341
URY00174,2022-05-12,,132.0,16.17,8.52,8.52,Laguna Arroyo Mallorquina,-34.7601,-55.0473,South America,187.0,678,0.006500000134110451,0.006000000052154064,0.0357000008225441,0.0430000014603138,0.04039999842643738,0.03350000083446503,0.010700000450015068,0.01080000028014183,0.00989999994635582,0.006599999964237213
URY00174,2022-05-20,,125.0,13.65,35.7,8.4,Laguna Arroyo Mallorquina,-34.7601,-55.0473,South America,263.0,678,0.00279999990016222,0.0032999999821186066,0.027699999511241913,0.03799999877810478,0.048700001090765,0.05119999870657921,0.028599999845027924,0.029400000348687172,0.026399999856948853,0.017000000923871994
URY00174,2022-09-14,,139.0,14.88,17.3,7.46,Laguna Arroyo Mallorquina,-34.7601,-55.0473,South America,190.0,678,0.007000000216066837,0.0044999998062849045,0.04580000042915344,0.04659999907016754,0.04100000113248825,0.03929999843239784,0.019300000742077827,0.018300000578165054,0.01549999974668026,0.007899999618530273
URY00174,2022-11-09,,164.0,20.54,14.8,6.93,Laguna Arroyo Mallorquina,-34.7601,-55.0473,South America,184.0,678,0.023399999365210533,0.020600000396370888,0.058400001376867294,0.06840000301599503,0.06239999830722809,0.05820000171661377,0.03480000048875809,0.03280000016093254,0.030799999833106995,0.025200000032782555
URY00174,2022-11-16,,164.0,20.75,15.2,6.55,Laguna Arroyo Mallorquina,-34.7601,-55.0473,South America,180.0,678,0.05389999970793724,0.04919999837875366,0.09640000015497208,0.10040000081062317,0.09690000116825104,0.0934000015258789,0.066600002348423,0.06719999760389328,0.06520000100135803,0.05700000002980232
URY00174,2022-12-14,,184.0,24.5,21.1,6.98,Laguna Arroyo Mallorquina,-34.7601,-55.0473,South America,161.0,678,0.006500000134110451,0.004999999888241291,0.040300000458955765,0.04859999939799309,0.041999999433755875,0.04270000010728836,0.01600000075995922,0.01730000041425228,0.013000000268220901,0.00800000037997961
URY00174,2023-02-09,,207.0,26.74,19.9,6.68,Laguna Arroyo Mallorquina,-34.7601,-55.0473,South America,164.0,678,0.018400000408291817,0.01590000092983246,0.04830000177025795,0.05790000036358833,0.05620000138878822,0.05249999836087227,0.027400000020861626,0.02800000086426735,0.02539999969303608,0.02070000022649765
URY00174,2023-03-04,,197.0,24.13,26.7,6.58,Laguna Arroyo Mallorquina,-34.7601,-55.0473,South America,244.0,678,0.006200000178068876,0.0044999998062849045,0.04619999974966049,0.0502999983727932,0.05119999870657921,0.04910000041127205,0.021900000050663948,0.02319999970495701,0.01679999940097332,0.011900000274181366
URY00175,2019-03-07,,131.0,24.96,5.2,7.04,Laguna Arroyo del Sauce,-34.7759,-55.0648,South America,135.0,678,0.009200000204145908,0.006500000134110451,0.02810000069439411,0.03610000014305115,0.029500000178813934,0.02590000070631504,0.011500000022351742,0.012799999676644802,0.012799999676644802,0.014100000262260437
URY00175,2019-11-27,,120.0,21.64,11.7,6.96,Laguna Arroyo del Sauce,-34.7759,-55.0648,South America,188.0,678,0.039500001817941666,0.031199999153614044,0.06369999796152115,0.07249999791383743,0.07090000063180923,0.06939999759197235,0.050700001418590546,0.049400001764297485,0.05469999834895134,0.04569999873638153
URY00175,2019-12-13,,130.0,23.23,9.5,7.44,Laguna Arroyo del Sauce,-34.7759,-55.0648,South America,192.0,678,0.18170000612735748,0.10740000009536743,0.16099999845027924,0.16660000383853912,0.17000000178813934,0.18369999527931213,0.19339999556541443,0.18379999697208405,0.2946000099182129,0.17970000207424164
URY00175,2020-01-16,,137.0,22.54,3.7,6.86,Laguna Arroyo del Sauce,-34.7759,-55.0648,South America,143.0,678,0.05480000004172325,0.04230000078678131,0.066600002348423,0.07689999788999557,0.06859999895095825,0.06880000233650208,0.0697999969124794,0.0723000019788742,0.07559999823570251,0.06889999657869339
URY00175,2020-01-24,,148.0,26.22,2.5,6.72,Laguna Arroyo del Sauce,-34.7759,-55.0648,South America,110.0,678,0.014600000344216824,0.011800000444054604,0.020500000566244125,0.02850000001490116,0.0210999995470047,0.020400000736117363,0.015599999576807022,0.012900000438094139,0.016899999231100082,0.01510000042617321
URY00175,2020-01-31,,137.0,23.37,3.2,6.62,Laguna Arroyo del Sauce,-34.7759,-55.0648,South America,117.0,678,0.01209999993443489,0.0066999997943639755,0.024000000208616257,0.023900000378489494,0.018300000578165054,0.016599999740719795,0.014000000432133675,0.016499999910593033,0.017999999225139618,0.016100000590085983
URY00175,2020-02-06,,152.0,27.13,4.9,6.93,Laguna Arroyo del Sauce,-34.7759,-55.0648,South America,88.0,678,0.1023000031709671,0.07850000262260437,0.09210000187158585,0.10679999738931656,0.10119999945163727,0.10119999945163727,0.10490000247955322,0.11550000309944153,0.12880000472068787,0.12110000103712082
URY00175,2020-02-27,,135.0,20.69,4.3,6.51,Laguna Arroyo del Sauce,-34.7759,-55.0648,South America,100.0,678,0.011699999682605267,0.008299999870359898,0.024000000208616257,0.02810000069439411,0.020400000736117363,0.01899999938905239,0.009999999776482582,0.012299999594688416,0.012199999764561653,0.013100000098347664
URY00175,2020-03-04,,154.0,25.7,2.9,6.83,Laguna Arroyo del Sauce,-34.7759,-55.0648,South America,88.0,678,0.012199999764561653,0.008700000122189522,0.016100000590085983,0.02410000003874302,0.01769999973475933,0.017000000923871994,0.008799999952316284,0.013100000098347664,0.012299999594688416,0.013399999588727951
URY00175,2020-04-11,,132.0,17.45,16.0,7.2,Laguna Arroyo del Sauce,-34.7759,-55.0648,South America,218.0,678,0.05999999865889549,0.07429999858140945,0.06120000034570694,0.0697999969124794,0.07490000128746033,0.08219999819993973,0.07660000026226044,0.09290000051259995,0.04809999838471413,0.11580000072717667
URY00175,2020-05-02,,133.0,16.3,17.9,7.24,Laguna Arroyo del Sauce,-34.7759,-55.0648,South America,232.0,678,0.009499999694526196,0.0052999998442828655,0.01360000018030405,0.016100000590085983,0.014999999664723873,0.015399999916553497,0.007699999958276749,0.007899999618530273,0.00930000003427267,0.007600000128149986
URY00175,2020-11-08,,153.0,22.38,9.9,7.6,Laguna Arroyo del Sauce,-34.7759,-55.0648,South America,127.0,678,0.01489999983459711,0.00989999994635582,0.014000000432133675,0.01810000091791153,0.01850000023841858,0.019099999219179153,0.013199999928474426,0.014100000262260437,0.016100000590085983,0.013399999588727951
URY00175,2020-11-29,,155.0,23.63,10.3,7.94,Laguna Arroyo del Sauce,-34.7759,-55.0648,South America,127.0,678,0.31949999928474426,0.24729999899864197,0.19380000233650208,0.21220000088214874,0.21040000021457672,0.2353000044822693,0.28349998593330383,0.2989000082015991,0.32820001244544983,0.3138999938964844
URY00175,2020-12-07,,146.0,21.55,7.5,7.57,Laguna Arroyo del Sauce,-34.7759,-55.0648,South America,125.0,678,0.014700000174343586,0.008999999612569809,0.03009999915957451,0.0340999998152256,0.031099999323487282,0.028599999845027924,0.0210999995470047,0.020800000056624413,0.01889999955892563,0.017500000074505806
URY00175,2020-12-17,,145.0,22.25,6.5,7.28,Laguna Arroyo del Sauce,-34.7759,-55.0648,South America,106.0,678,0.07769999653100967,0.06400000303983688,0.11240000277757645,0.11540000140666962,0.10620000213384628,0.10540000349283218,0.08739999681711197,0.08869999647140503,0.0982000008225441,0.08139999955892563
URY00175,2020-12-23,,144.0,22.73,7.0,7.45,Laguna Arroyo del Sauce,-34.7759,-55.0648,South America,114.0,678,0.009499999694526196,0.007199999876320362,0.02850000001490116,0.03139999881386757,0.02539999969303608,0.019999999552965164,0.007199999876320362,0.00839999970048666,0.0066999997943639755,0.006800000090152025
URY00175,2021-11-09,,159.0,21.89,12.7,7.65,Laguna Arroyo del Sauce,-34.7759,-55.0648,South America,173.0,678,0.024299999698996544,0.013700000010430813,0.04010000079870224,0.04619999974966049,0.04179999977350235,0.046300001442432404,0.03819999843835831,0.049800001084804535,0.032999999821186066,0.04699999839067459
URY00175,2021-11-19,,159.0,20.97,11.9,7.36,Laguna Arroyo del Sauce,-34.7759,-55.0648,South America,158.0,678,0.014800000004470348,0.009200000204145908,0.035100001841783524,0.040800001472234726,0.03819999843835831,0.03880000114440918,0.030500000342726707,0.03370000049471855,0.01850000023841858,0.025699999183416367
URY00175,2021-11-24,,167.0,22.17,9.7,7.72,Laguna Arroyo del Sauce,-34.7759,-55.0648,South America,168.0,678,0.016300000250339508,0.012299999594688416,0.03310000151395798,0.04520000144839287,0.039900001138448715,0.03999999910593033,0.02889999933540821,0.029500000178813934,0.0272000003606081,0.027699999511241913
URY00175,2021-12-08,,168.0,23.54,11.1,7.8,Laguna Arroyo del Sauce,-34.7759,-55.0648,South America,161.0,678,0.022700000554323196,0.016899999231100082,0.04340000078082085,0.05180000141263008,0.04769999906420708,0.04969999939203262,0.032999999821186066,0.03449999913573265,0.030899999663233757,0.032099999487400055
URY00175,2021-12-23,,181.0,26.71,9.6,8.26,Laguna Arroyo del Sauce,-34.7759,-55.0648,South America,143.0,678,0.015300000086426735,0.010599999688565731,0.03779999911785126,0.04600000008940697,0.03750000149011612,0.03629999980330467,0.02290000021457672,0.020500000566244125,0.014700000174343586,0.014700000174343586
URY00175,2022-01-06,,173.0,24.35,12.1,8.09,Laguna Arroyo del Sauce,-34.7759,-55.0648,South America,159.0,678,0.024800000712275505,0.019899999722838402,0.03359999880194664,0.04349999874830246,0.0406000018119812,0.044199999421834946,0.03180000185966492,0.029200000688433647,0.02810000069439411,0.028699999675154686
URY00175,2022-01-13,,181.0,26.56,12.0,7.85,Laguna Arroyo del Sauce,-34.7759,-55.0648,South America,161.0,678,0.019200000911951065,0.012299999594688416,0.03720000013709068,0.0494999997317791,0.04569999873638153,0.0406000018119812,0.021299999207258224,0.02459999918937683,0.023499999195337296,0.020800000056624413
URY00175,2022-02-09,,123.0,23.37,3.8,7.65,Laguna Arroyo del Sauce,-34.7759,-55.0648,South America,214.0,678,0.06549999862909317,0.05299999937415123,0.02879999950528145,0.031300000846385956,0.033799998462200165,0.04969999939203262,0.07259999960660934,0.07930000126361847,0.04780000075697899,0.0925000011920929
URY00175,2022-05-12,,140.0,15.47,7.65,7.65,Laguna Arroyo del Sauce,-34.7759,-55.0648,South America,175.0,678,0.01269999984651804,0.008799999952316284,0.02459999918937683,0.03099999949336052,0.027899999171495438,0.026200000196695328,0.015799999237060547,0.0142000000923872,0.01640000008046627,0.015399999916553497
URY00175,2022-05-20,,129.0,12.92,13.6,8.4,Laguna Arroyo del Sauce,-34.7759,-55.0648,South America,178.0,678,0.007699999958276749,0.005100000184029341,0.02889999933540821,0.034299999475479126,0.043800000101327896,0.044199999421834946,0.025499999523162842,0.028699999675154686,0.027499999850988388,0.01979999989271164
URY00175,2022-09-14,,134.0,14.54,5.6,7.28,Laguna Arroyo del Sauce,-34.7759,-55.0648,South America,152.0,678,0.054999999701976776,0.04470000043511391,0.050700001418590546,0.0568000003695488,0.052400000393390656,0.06610000133514404,0.06679999828338623,0.061000000685453415,0.04919999837875366,0.06260000169277191
URY00175,2022-11-09,,166.0,20.73,10.5,7.04,Laguna Arroyo del Sauce,-34.7759,-55.0648,South America,152.0,678,0.026100000366568565,0.01889999955892563,0.04859999939799309,0.05820000171661377,0.054499998688697815,0.05000000074505806,0.03350000083446503,0.0348999984562397,0.03229999914765358,0.02879999950528145
URY00175,2022-11-16,,166.0,21.14,8.1,6.3,Laguna Arroyo del Sauce,-34.7759,-55.0648,South America,143.0,678,0.049800001084804535,0.04170000180602074,0.08529999852180481,0.08780000358819962,0.08420000225305557,0.08139999955892563,0.060100000351667404,0.05829999968409538,0.061500001698732376,0.05380000174045563
URY00175,2022-12-14,,185.0,24.0,8.1,6.73,Laguna Arroyo del Sauce,-34.7759,-55.0648,South America,108.0,678,0.00839999970048666,0.005900000222027302,0.033900000154972076,0.041099999099969864,0.03269999846816063,0.03629999980330467,0.014800000004470348,0.01549999974668026,0.016200000420212746,0.012400000356137753
URY00175,2023-02-09,,201.0,26.66,17.5,7.04,Laguna Arroyo del Sauce,-34.7759,-55.0648,South America,159.0,678,0.011599999852478504,0.009499999694526196,0.033900000154972076,0.043800000101327896,0.04129999876022339,0.04479999840259552,0.02319999970495701,0.026900000870227814,0.023600000888109207,0.0203000009059906
URY00175,2023-03-04,,206.0,26.73,22.9,7.05,Laguna Arroyo del Sauce,-34.7759,-55.0648,South America,177.0,678,0.009999999776482582,0.006399999838322401,0.043699998408555984,0.0494999997317791,0.047600001096725464,0.04919999837875366,0.02710000053048134,0.030300000682473183,0.023499999195337296,0.01889999955892563
