Unnamed: 0,Site_name,Country,Country_code,Latitude,Longitude,Date_Time_UTC,Water_body_type,Water_type,Depth,Chla,TSS,Turbidity,Secchi_depth,Chla_plus_phaeo,aCDOM440,Date,Time,B11,B12,B2,B3,B4,B5,B6,B7,B8,B8A
1158,Lake Geneva,Switzerland,CH,46.5002,6.6608,2018-10-22T11:00,1,6.0,110.0,1.57910174773945,,,4.829838182131,,,2018-10-22,11:00:00,0.003700000001117587,0.002199999988079071,0.021549999713897705,0.021250000223517418,0.01145000010728836,0.010900000110268593,0.008999999612569809,0.007449999917298555,0.009650000371038914,0.006599999964237213
1158,Lake Geneva,Switzerland,CH,46.5002,6.6608,2018-10-22T11:00,1,6.0,110.0,1.57910174773945,,,4.829838182131,,,2018-10-22,11:00:00,0.003700000001117587,0.002199999988079071,0.021549999713897705,0.021250000223517418,0.01145000010728836,0.010900000110268593,0.008999999612569809,0.007449999917298555,0.009650000371038914,0.006599999964237213
1158,Lake Geneva,Switzerland,CH,46.5002,6.6608,2018-10-22T11:00,1,6.0,110.0,1.57910174773945,,,4.829838182131,,,2018-10-22,11:00:00,0.003700000001117587,0.002199999988079071,0.021549999713897705,0.021250000223517418,0.01145000010728836,0.010900000110268593,0.008999999612569809,0.007449999917298555,0.009650000371038914,0.006599999964237213
1158,Lake Geneva,Switzerland,CH,46.5002,6.6608,2018-10-22T11:00,1,6.0,110.0,1.57910174773945,,,4.829838182131,,,2018-10-22,11:00:00,0.003700000001117587,0.002199999988079071,0.021549999713897705,0.021250000223517418,0.01145000010728836,0.010900000110268593,0.008999999612569809,0.007449999917298555,0.009650000371038914,0.006599999964237213
1158,Lake Geneva,Switzerland,CH,46.5002,6.6608,2018-10-22T11:00,1,6.0,110.0,1.57910174773945,,,4.829838182131,,,2018-10-22,11:00:00,0.003700000001117587,0.002199999988079071,0.021549999713897705,0.021250000223517418,0.01145000010728836,0.010900000110268593,0.008999999612569809,0.007449999917298555,0.009650000371038914,0.006599999964237213
1158,Lake Geneva,Switzerland,CH,46.5002,6.6608,2018-10-22T11:00,1,6.0,110.0,1.57910174773945,,,4.829838182131,,,2018-10-22,11:00:00,0.003700000001117587,0.002199999988079071,0.021549999713897705,0.021250000223517418,0.01145000010728836,0.010900000110268593,0.008999999612569809,0.007449999917298555,0.009650000371038914,0.006599999964237213
1158,Lake Geneva,Switzerland,CH,46.5002,6.6608,2018-10-22T11:00,1,6.0,110.0,1.57910174773945,,,4.829838182131,,,2018-10-22,11:00:00,0.003700000001117587,0.002199999988079071,0.021549999713897705,0.021250000223517418,0.01145000010728836,0.010900000110268593,0.008999999612569809,0.007449999917298555,0.009650000371038914,0.006599999964237213
1158,Lake Geneva,Switzerland,CH,46.5002,6.6608,2018-10-22T11:00,1,6.0,110.0,1.57910174773945,,,4.829838182131,,,2018-10-22,11:00:00,0.003700000001117587,0.002199999988079071,0.021549999713897705,0.021250000223517418,0.01145000010728836,0.010900000110268593,0.008999999612569809,0.007449999917298555,0.009650000371038914,0.006599999964237213
1159,Lake Geneva,Switzerland,CH,46.5002,6.6608,2018-10-22T14:00,1,6.0,110.0,1.84024075313035,,,4.57007053505508,,,2018-10-22,14:00:00,0.003700000001117587,0.002199999988079071,0.021549999713897705,0.021250000223517418,0.01145000010728836,0.010900000110268593,0.008999999612569809,0.007449999917298555,0.009650000371038914,0.006599999964237213
1159,Lake Geneva,Switzerland,CH,46.5002,6.6608,2018-10-22T14:00,1,6.0,110.0,1.84024075313035,,,4.57007053505508,,,2018-10-22,14:00:00,0.003700000001117587,0.002199999988079071,0.021549999713897705,0.021250000223517418,0.01145000010728836,0.010900000110268593,0.008999999612569809,0.007449999917298555,0.009650000371038914,0.006599999964237213
1159,Lake Geneva,Switzerland,CH,46.5002,6.6608,2018-10-22T14:00,1,6.0,110.0,1.84024075313035,,,4.57007053505508,,,2018-10-22,14:00:00,0.003700000001117587,0.002199999988079071,0.021549999713897705,0.021250000223517418,0.01145000010728836,0.010900000110268593,0.008999999612569809,0.007449999917298555,0.009650000371038914,0.006599999964237213
1159,Lake Geneva,Switzerland,CH,46.5002,6.6608,2018-10-22T14:00,1,6.0,110.0,1.84024075313035,,,4.57007053505508,,,2018-10-22,14:00:00,0.003700000001117587,0.002199999988079071,0.021549999713897705,0.021250000223517418,0.01145000010728836,0.010900000110268593,0.008999999612569809,0.007449999917298555,0.009650000371038914,0.006599999964237213
1159,Lake Geneva,Switzerland,CH,46.5002,6.6608,2018-10-22T14:00,1,6.0,110.0,1.84024075313035,,,4.57007053505508,,,2018-10-22,14:00:00,0.003700000001117587,0.002199999988079071,0.021549999713897705,0.021250000223517418,0.01145000010728836,0.010900000110268593,0.008999999612569809,0.007449999917298555,0.009650000371038914,0.006599999964237213
1159,Lake Geneva,Switzerland,CH,46.5002,6.6608,2018-10-22T14:00,1,6.0,110.0,1.84024075313035,,,4.57007053505508,,,2018-10-22,14:00:00,0.003700000001117587,0.002199999988079071,0.021549999713897705,0.021250000223517418,0.01145000010728836,0.010900000110268593,0.008999999612569809,0.007449999917298555,0.009650000371038914,0.006599999964237213
1159,Lake Geneva,Switzerland,CH,46.5002,6.6608,2018-10-22T14:00,1,6.0,110.0,1.84024075313035,,,4.57007053505508,,,2018-10-22,14:00:00,0.003700000001117587,0.002199999988079071,0.021549999713897705,0.021250000223517418,0.01145000010728836,0.010900000110268593,0.008999999612569809,0.007449999917298555,0.009650000371038914,0.006599999964237213
1159,Lake Geneva,Switzerland,CH,46.5002,6.6608,2018-10-22T14:00,1,6.0,110.0,1.84024075313035,,,4.57007053505508,,,2018-10-22,14:00:00,0.003700000001117587,0.002199999988079071,0.021549999713897705,0.021250000223517418,0.01145000010728836,0.010900000110268593,0.008999999612569809,0.007449999917298555,0.009650000371038914,0.006599999964237213
1160,Lake Geneva,Switzerland,CH,46.5002,6.6608,2018-10-23T11:00,1,6.0,110.0,1.38491826477381,,,4.74089428099373,,,2018-10-23,11:00:00,0.003700000001117587,0.002199999988079071,0.021549999713897705,0.021250000223517418,0.01145000010728836,0.010900000110268593,0.008999999612569809,0.007449999917298555,0.009650000371038914,0.006599999964237213
1204,Lake Geneva,Switzerland,CH,46.5002,6.6608,2019-02-25T12:20,1,6.0,110.0,2.35341330242867,,,4.82949915428285,,,2019-02-25,12:20:00,0.007799999788403511,0.005400000140070915,0.029500000178813934,0.020999999716877937,0.00930000003427267,0.01640000008046627,0.012149999849498272,0.011300000362098217,0.007550000213086605,0.008249999955296516
1204,Lake Geneva,Switzerland,CH,46.5002,6.6608,2019-02-25T12:20,1,6.0,110.0,2.35341330242867,,,4.82949915428285,,,2019-02-25,12:20:00,0.007799999788403511,0.005400000140070915,0.029500000178813934,0.020999999716877937,0.00930000003427267,0.01640000008046627,0.012149999849498272,0.011300000362098217,0.007550000213086605,0.008249999955296516
1204,Lake Geneva,Switzerland,CH,46.5002,6.6608,2019-02-25T12:20,1,6.0,110.0,2.35341330242867,,,4.82949915428285,,,2019-02-25,12:20:00,0.007799999788403511,0.005400000140070915,0.029500000178813934,0.020999999716877937,0.00930000003427267,0.01640000008046627,0.012149999849498272,0.011300000362098217,0.007550000213086605,0.008249999955296516
1204,Lake Geneva,Switzerland,CH,46.5002,6.6608,2019-02-25T12:20,1,6.0,110.0,2.35341330242867,,,4.82949915428285,,,2019-02-25,12:20:00,0.007799999788403511,0.005400000140070915,0.029500000178813934,0.020999999716877937,0.00930000003427267,0.01640000008046627,0.012149999849498272,0.011300000362098217,0.007550000213086605,0.008249999955296516
1204,Lake Geneva,Switzerland,CH,46.5002,6.6608,2019-02-25T12:20,1,6.0,110.0,2.35341330242867,,,4.82949915428285,,,2019-02-25,12:20:00,0.007799999788403511,0.005400000140070915,0.029500000178813934,0.020999999716877937,0.00930000003427267,0.01640000008046627,0.012149999849498272,0.011300000362098217,0.007550000213086605,0.008249999955296516
1204,Lake Geneva,Switzerland,CH,46.5002,6.6608,2019-02-25T12:20,1,6.0,110.0,2.35341330242867,,,4.82949915428285,,,2019-02-25,12:20:00,0.007799999788403511,0.005400000140070915,0.029500000178813934,0.020999999716877937,0.00930000003427267,0.01640000008046627,0.012149999849498272,0.011300000362098217,0.007550000213086605,0.008249999955296516
1204,Lake Geneva,Switzerland,CH,46.5002,6.6608,2019-02-25T12:20,1,6.0,110.0,2.35341330242867,,,4.82949915428285,,,2019-02-25,12:20:00,0.007799999788403511,0.005400000140070915,0.029500000178813934,0.020999999716877937,0.00930000003427267,0.01640000008046627,0.012149999849498272,0.011300000362098217,0.007550000213086605,0.008249999955296516
1204,Lake Geneva,Switzerland,CH,46.5002,6.6608,2019-02-25T12:20,1,6.0,110.0,2.35341330242867,,,4.82949915428285,,,2019-02-25,12:20:00,0.007799999788403511,0.005400000140070915,0.029500000178813934,0.020999999716877937,0.00930000003427267,0.01640000008046627,0.012149999849498272,0.011300000362098217,0.007550000213086605,0.008249999955296516
1205,Lake Geneva,Switzerland,CH,46.5002,6.6608,2019-02-25T12:42,1,6.0,110.0,5.25490795536887,,,4.15713199276376,,,2019-02-25,12:42:00,0.007799999788403511,0.005400000140070915,0.029500000178813934,0.020999999716877937,0.00930000003427267,0.01640000008046627,0.012149999849498272,0.011300000362098217,0.007550000213086605,0.008249999955296516
1205,Lake Geneva,Switzerland,CH,46.5002,6.6608,2019-02-25T12:42,1,6.0,110.0,5.25490795536887,,,4.15713199276376,,,2019-02-25,12:42:00,0.007799999788403511,0.005400000140070915,0.029500000178813934,0.020999999716877937,0.00930000003427267,0.01640000008046627,0.012149999849498272,0.011300000362098217,0.007550000213086605,0.008249999955296516
1205,Lake Geneva,Switzerland,CH,46.5002,6.6608,2019-02-25T12:42,1,6.0,110.0,5.25490795536887,,,4.15713199276376,,,2019-02-25,12:42:00,0.007799999788403511,0.005400000140070915,0.029500000178813934,0.020999999716877937,0.00930000003427267,0.01640000008046627,0.012149999849498272,0.011300000362098217,0.007550000213086605,0.008249999955296516
1205,Lake Geneva,Switzerland,CH,46.5002,6.6608,2019-02-25T12:42,1,6.0,110.0,5.25490795536887,,,4.15713199276376,,,2019-02-25,12:42:00,0.007799999788403511,0.005400000140070915,0.029500000178813934,0.020999999716877937,0.00930000003427267,0.01640000008046627,0.012149999849498272,0.011300000362098217,0.007550000213086605,0.008249999955296516
1205,Lake Geneva,Switzerland,CH,46.5002,6.6608,2019-02-25T12:42,1,6.0,110.0,5.25490795536887,,,4.15713199276376,,,2019-02-25,12:42:00,0.007799999788403511,0.005400000140070915,0.029500000178813934,0.020999999716877937,0.00930000003427267,0.01640000008046627,0.012149999849498272,0.011300000362098217,0.007550000213086605,0.008249999955296516
1205,Lake Geneva,Switzerland,CH,46.5002,6.6608,2019-02-25T12:42,1,6.0,110.0,5.25490795536887,,,4.15713199276376,,,2019-02-25,12:42:00,0.007799999788403511,0.005400000140070915,0.029500000178813934,0.020999999716877937,0.00930000003427267,0.01640000008046627,0.012149999849498272,0.011300000362098217,0.007550000213086605,0.008249999955296516
1205,Lake Geneva,Switzerland,CH,46.5002,6.6608,2019-02-25T12:42,1,6.0,110.0,5.25490795536887,,,4.15713199276376,,,2019-02-25,12:42:00,0.007799999788403511,0.005400000140070915,0.029500000178813934,0.020999999716877937,0.00930000003427267,0.01640000008046627,0.012149999849498272,0.011300000362098217,0.007550000213086605,0.008249999955296516
1205,Lake Geneva,Switzerland,CH,46.5002,6.6608,2019-02-25T12:42,1,6.0,110.0,5.25490795536887,,,4.15713199276376,,,2019-02-25,12:42:00,0.007799999788403511,0.005400000140070915,0.029500000178813934,0.020999999716877937,0.00930000003427267,0.01640000008046627,0.012149999849498272,0.011300000362098217,0.007550000213086605,0.008249999955296516
1230,Lake Geneva,Switzerland,CH,46.5002,6.6608,2019-03-16T11:06,1,6.0,110.0,0.946098358603028,,,6.98363501590849,,,2019-03-16,11:06:00,0.012000000104308128,0.009200000204145908,0.021849999204277992,0.016450000926852226,0.008050000295042992,0.01075000036507845,0.009949999861419201,0.012350000441074371,0.008249999955296516,0.011800000444054604
1230,Lake Geneva,Switzerland,CH,46.5002,6.6608,2019-03-16T11:06,1,6.0,110.0,0.946098358603028,,,6.98363501590849,,,2019-03-16,11:06:00,0.012000000104308128,0.009200000204145908,0.021849999204277992,0.016450000926852226,0.008050000295042992,0.01075000036507845,0.009949999861419201,0.012350000441074371,0.008249999955296516,0.011800000444054604
1230,Lake Geneva,Switzerland,CH,46.5002,6.6608,2019-03-16T11:06,1,6.0,110.0,0.946098358603028,,,6.98363501590849,,,2019-03-16,11:06:00,0.012000000104308128,0.009200000204145908,0.021849999204277992,0.016450000926852226,0.008050000295042992,0.01075000036507845,0.009949999861419201,0.012350000441074371,0.008249999955296516,0.011800000444054604
1230,Lake Geneva,Switzerland,CH,46.5002,6.6608,2019-03-16T11:06,1,6.0,110.0,0.946098358603028,,,6.98363501590849,,,2019-03-16,11:06:00,0.012000000104308128,0.009200000204145908,0.021849999204277992,0.016450000926852226,0.008050000295042992,0.01075000036507845,0.009949999861419201,0.012350000441074371,0.008249999955296516,0.011800000444054604
1230,Lake Geneva,Switzerland,CH,46.5002,6.6608,2019-03-16T11:06,1,6.0,110.0,0.946098358603028,,,6.98363501590849,,,2019-03-16,11:06:00,0.012000000104308128,0.009200000204145908,0.021849999204277992,0.016450000926852226,0.008050000295042992,0.01075000036507845,0.009949999861419201,0.012350000441074371,0.008249999955296516,0.011800000444054604
1230,Lake Geneva,Switzerland,CH,46.5002,6.6608,2019-03-16T11:06,1,6.0,110.0,0.946098358603028,,,6.98363501590849,,,2019-03-16,11:06:00,0.012000000104308128,0.009200000204145908,0.021849999204277992,0.016450000926852226,0.008050000295042992,0.01075000036507845,0.009949999861419201,0.012350000441074371,0.008249999955296516,0.011800000444054604
1230,Lake Geneva,Switzerland,CH,46.5002,6.6608,2019-03-16T11:06,1,6.0,110.0,0.946098358603028,,,6.98363501590849,,,2019-03-16,11:06:00,0.012000000104308128,0.009200000204145908,0.021849999204277992,0.016450000926852226,0.008050000295042992,0.01075000036507845,0.009949999861419201,0.012350000441074371,0.008249999955296516,0.011800000444054604
1230,Lake Geneva,Switzerland,CH,46.5002,6.6608,2019-03-16T11:06,1,6.0,110.0,0.946098358603028,,,6.98363501590849,,,2019-03-16,11:06:00,0.012000000104308128,0.009200000204145908,0.021849999204277992,0.016450000926852226,0.008050000295042992,0.01075000036507845,0.009949999861419201,0.012350000441074371,0.008249999955296516,0.011800000444054604
1231,Lake Geneva,Switzerland,CH,46.5002,6.6608,2019-03-16T14:58,1,6.0,110.0,1.54609139190222,,,5.88479051650469,,,2019-03-16,14:58:00,0.012000000104308128,0.009200000204145908,0.021849999204277992,0.016450000926852226,0.008050000295042992,0.01075000036507845,0.009949999861419201,0.012350000441074371,0.008249999955296516,0.011800000444054604
1231,Lake Geneva,Switzerland,CH,46.5002,6.6608,2019-03-16T14:58,1,6.0,110.0,1.54609139190222,,,5.88479051650469,,,2019-03-16,14:58:00,0.012000000104308128,0.009200000204145908,0.021849999204277992,0.016450000926852226,0.008050000295042992,0.01075000036507845,0.009949999861419201,0.012350000441074371,0.008249999955296516,0.011800000444054604
1231,Lake Geneva,Switzerland,CH,46.5002,6.6608,2019-03-16T14:58,1,6.0,110.0,1.54609139190222,,,5.88479051650469,,,2019-03-16,14:58:00,0.012000000104308128,0.009200000204145908,0.021849999204277992,0.016450000926852226,0.008050000295042992,0.01075000036507845,0.009949999861419201,0.012350000441074371,0.008249999955296516,0.011800000444054604
1231,Lake Geneva,Switzerland,CH,46.5002,6.6608,2019-03-16T14:58,1,6.0,110.0,1.54609139190222,,,5.88479051650469,,,2019-03-16,14:58:00,0.012000000104308128,0.009200000204145908,0.021849999204277992,0.016450000926852226,0.008050000295042992,0.01075000036507845,0.009949999861419201,0.012350000441074371,0.008249999955296516,0.011800000444054604
1231,Lake Geneva,Switzerland,CH,46.5002,6.6608,2019-03-16T14:58,1,6.0,110.0,1.54609139190222,,,5.88479051650469,,,2019-03-16,14:58:00,0.012000000104308128,0.009200000204145908,0.021849999204277992,0.016450000926852226,0.008050000295042992,0.01075000036507845,0.009949999861419201,0.012350000441074371,0.008249999955296516,0.011800000444054604
1231,Lake Geneva,Switzerland,CH,46.5002,6.6608,2019-03-16T14:58,1,6.0,110.0,1.54609139190222,,,5.88479051650469,,,2019-03-16,14:58:00,0.012000000104308128,0.009200000204145908,0.021849999204277992,0.016450000926852226,0.008050000295042992,0.01075000036507845,0.009949999861419201,0.012350000441074371,0.008249999955296516,0.011800000444054604
1231,Lake Geneva,Switzerland,CH,46.5002,6.6608,2019-03-16T14:58,1,6.0,110.0,1.54609139190222,,,5.88479051650469,,,2019-03-16,14:58:00,0.012000000104308128,0.009200000204145908,0.021849999204277992,0.016450000926852226,0.008050000295042992,0.01075000036507845,0.009949999861419201,0.012350000441074371,0.008249999955296516,0.011800000444054604
1231,Lake Geneva,Switzerland,CH,46.5002,6.6608,2019-03-16T14:58,1,6.0,110.0,1.54609139190222,,,5.88479051650469,,,2019-03-16,14:58:00,0.012000000104308128,0.009200000204145908,0.021849999204277992,0.016450000926852226,0.008050000295042992,0.01075000036507845,0.009949999861419201,0.012350000441074371,0.008249999955296516,0.011800000444054604
1244,Lake Geneva,Switzerland,CH,46.5002,6.6608,2019-05-30T11:01,1,6.0,110.0,3.17537105924945,,,4.4789354007551,,,2019-05-30,11:01:00,0.011950000189244747,0.010499999858438969,0.044199999421834946,0.04895000159740448,0.036400001496076584,0.026650000363588333,0.025949999690055847,0.024949999526143074,0.023800000548362732,0.018799999728798866
1244,Lake Geneva,Switzerland,CH,46.5002,6.6608,2019-05-30T11:01,1,6.0,110.0,3.17537105924945,,,4.4789354007551,,,2019-05-30,11:01:00,0.011950000189244747,0.010499999858438969,0.044199999421834946,0.04895000159740448,0.036400001496076584,0.026650000363588333,0.025949999690055847,0.024949999526143074,0.023800000548362732,0.018799999728798866
1244,Lake Geneva,Switzerland,CH,46.5002,6.6608,2019-05-30T11:01,1,6.0,110.0,3.17537105924945,,,4.4789354007551,,,2019-05-30,11:01:00,0.011950000189244747,0.010499999858438969,0.044199999421834946,0.04895000159740448,0.036400001496076584,0.026650000363588333,0.025949999690055847,0.024949999526143074,0.023800000548362732,0.018799999728798866
1244,Lake Geneva,Switzerland,CH,46.5002,6.6608,2019-05-30T11:01,1,6.0,110.0,3.17537105924945,,,4.4789354007551,,,2019-05-30,11:01:00,0.011950000189244747,0.010499999858438969,0.044199999421834946,0.04895000159740448,0.036400001496076584,0.026650000363588333,0.025949999690055847,0.024949999526143074,0.023800000548362732,0.018799999728798866
1244,Lake Geneva,Switzerland,CH,46.5002,6.6608,2019-05-30T11:01,1,6.0,110.0,3.17537105924945,,,4.4789354007551,,,2019-05-30,11:01:00,0.011950000189244747,0.010499999858438969,0.044199999421834946,0.04895000159740448,0.036400001496076584,0.026650000363588333,0.025949999690055847,0.024949999526143074,0.023800000548362732,0.018799999728798866
1244,Lake Geneva,Switzerland,CH,46.5002,6.6608,2019-05-30T11:01,1,6.0,110.0,3.17537105924945,,,4.4789354007551,,,2019-05-30,11:01:00,0.011950000189244747,0.010499999858438969,0.044199999421834946,0.04895000159740448,0.036400001496076584,0.026650000363588333,0.025949999690055847,0.024949999526143074,0.023800000548362732,0.018799999728798866
1244,Lake Geneva,Switzerland,CH,46.5002,6.6608,2019-05-30T11:01,1,6.0,110.0,3.17537105924945,,,4.4789354007551,,,2019-05-30,11:01:00,0.011950000189244747,0.010499999858438969,0.044199999421834946,0.04895000159740448,0.036400001496076584,0.026650000363588333,0.025949999690055847,0.024949999526143074,0.023800000548362732,0.018799999728798866
1244,Lake Geneva,Switzerland,CH,46.5002,6.6608,2019-05-30T11:01,1,6.0,110.0,3.17537105924945,,,4.4789354007551,,,2019-05-30,11:01:00,0.011950000189244747,0.010499999858438969,0.044199999421834946,0.04895000159740448,0.036400001496076584,0.026650000363588333,0.025949999690055847,0.024949999526143074,0.023800000548362732,0.018799999728798866
1245,Lake Geneva,Switzerland,CH,46.5002,6.6608,2019-05-30T14:01,1,6.0,110.0,1.90644000662422,,,4.98954173863318,,,2019-05-30,14:01:00,0.011950000189244747,0.010499999858438969,0.044199999421834946,0.04895000159740448,0.036400001496076584,0.026650000363588333,0.025949999690055847,0.024949999526143074,0.023800000548362732,0.018799999728798866
1245,Lake Geneva,Switzerland,CH,46.5002,6.6608,2019-05-30T14:01,1,6.0,110.0,1.90644000662422,,,4.98954173863318,,,2019-05-30,14:01:00,0.011950000189244747,0.010499999858438969,0.044199999421834946,0.04895000159740448,0.036400001496076584,0.026650000363588333,0.025949999690055847,0.024949999526143074,0.023800000548362732,0.018799999728798866
1245,Lake Geneva,Switzerland,CH,46.5002,6.6608,2019-05-30T14:01,1,6.0,110.0,1.90644000662422,,,4.98954173863318,,,2019-05-30,14:01:00,0.011950000189244747,0.010499999858438969,0.044199999421834946,0.04895000159740448,0.036400001496076584,0.026650000363588333,0.025949999690055847,0.024949999526143074,0.023800000548362732,0.018799999728798866
1245,Lake Geneva,Switzerland,CH,46.5002,6.6608,2019-05-30T14:01,1,6.0,110.0,1.90644000662422,,,4.98954173863318,,,2019-05-30,14:01:00,0.011950000189244747,0.010499999858438969,0.044199999421834946,0.04895000159740448,0.036400001496076584,0.026650000363588333,0.025949999690055847,0.024949999526143074,0.023800000548362732,0.018799999728798866
1245,Lake Geneva,Switzerland,CH,46.5002,6.6608,2019-05-30T14:01,1,6.0,110.0,1.90644000662422,,,4.98954173863318,,,2019-05-30,14:01:00,0.011950000189244747,0.010499999858438969,0.044199999421834946,0.04895000159740448,0.036400001496076584,0.026650000363588333,0.025949999690055847,0.024949999526143074,0.023800000548362732,0.018799999728798866
1245,Lake Geneva,Switzerland,CH,46.5002,6.6608,2019-05-30T14:01,1,6.0,110.0,1.90644000662422,,,4.98954173863318,,,2019-05-30,14:01:00,0.011950000189244747,0.010499999858438969,0.044199999421834946,0.04895000159740448,0.036400001496076584,0.026650000363588333,0.025949999690055847,0.024949999526143074,0.023800000548362732,0.018799999728798866
1245,Lake Geneva,Switzerland,CH,46.5002,6.6608,2019-05-30T14:01,1,6.0,110.0,1.90644000662422,,,4.98954173863318,,,2019-05-30,14:01:00,0.011950000189244747,0.010499999858438969,0.044199999421834946,0.04895000159740448,0.036400001496076584,0.026650000363588333,0.025949999690055847,0.024949999526143074,0.023800000548362732,0.018799999728798866
1245,Lake Geneva,Switzerland,CH,46.5002,6.6608,2019-05-30T14:01,1,6.0,110.0,1.90644000662422,,,4.98954173863318,,,2019-05-30,14:01:00,0.011950000189244747,0.010499999858438969,0.044199999421834946,0.04895000159740448,0.036400001496076584,0.026650000363588333,0.025949999690055847,0.024949999526143074,0.023800000548362732,0.018799999728798866
1246,Lake Geneva,Switzerland,CH,46.5002,6.6608,2019-05-31T11:01,1,6.0,110.0,1.99557469993683,,,3.90796168601521,,,2019-05-31,11:01:00,0.011950000189244747,0.010499999858438969,0.044199999421834946,0.04895000159740448,0.036400001496076584,0.026650000363588333,0.025949999690055847,0.024949999526143074,0.023800000548362732,0.018799999728798866
1246,Lake Geneva,Switzerland,CH,46.5002,6.6608,2019-05-31T11:01,1,6.0,110.0,1.99557469993683,,,3.90796168601521,,,2019-05-31,11:01:00,0.011950000189244747,0.010499999858438969,0.044199999421834946,0.04895000159740448,0.036400001496076584,0.026650000363588333,0.025949999690055847,0.024949999526143074,0.023800000548362732,0.018799999728798866
1246,Lake Geneva,Switzerland,CH,46.5002,6.6608,2019-05-31T11:01,1,6.0,110.0,1.99557469993683,,,3.90796168601521,,,2019-05-31,11:01:00,0.011950000189244747,0.010499999858438969,0.044199999421834946,0.04895000159740448,0.036400001496076584,0.026650000363588333,0.025949999690055847,0.024949999526143074,0.023800000548362732,0.018799999728798866
1246,Lake Geneva,Switzerland,CH,46.5002,6.6608,2019-05-31T11:01,1,6.0,110.0,1.99557469993683,,,3.90796168601521,,,2019-05-31,11:01:00,0.011950000189244747,0.010499999858438969,0.044199999421834946,0.04895000159740448,0.036400001496076584,0.026650000363588333,0.025949999690055847,0.024949999526143074,0.023800000548362732,0.018799999728798866
1246,Lake Geneva,Switzerland,CH,46.5002,6.6608,2019-05-31T11:01,1,6.0,110.0,1.99557469993683,,,3.90796168601521,,,2019-05-31,11:01:00,0.011950000189244747,0.010499999858438969,0.044199999421834946,0.04895000159740448,0.036400001496076584,0.026650000363588333,0.025949999690055847,0.024949999526143074,0.023800000548362732,0.018799999728798866
1246,Lake Geneva,Switzerland,CH,46.5002,6.6608,2019-05-31T11:01,1,6.0,110.0,1.99557469993683,,,3.90796168601521,,,2019-05-31,11:01:00,0.011950000189244747,0.010499999858438969,0.044199999421834946,0.04895000159740448,0.036400001496076584,0.026650000363588333,0.025949999690055847,0.024949999526143074,0.023800000548362732,0.018799999728798866
1246,Lake Geneva,Switzerland,CH,46.5002,6.6608,2019-05-31T11:01,1,6.0,110.0,1.99557469993683,,,3.90796168601521,,,2019-05-31,11:01:00,0.011950000189244747,0.010499999858438969,0.044199999421834946,0.04895000159740448,0.036400001496076584,0.026650000363588333,0.025949999690055847,0.024949999526143074,0.023800000548362732,0.018799999728798866
1246,Lake Geneva,Switzerland,CH,46.5002,6.6608,2019-05-31T11:01,1,6.0,110.0,1.99557469993683,,,3.90796168601521,,,2019-05-31,11:01:00,0.011950000189244747,0.010499999858438969,0.044199999421834946,0.04895000159740448,0.036400001496076584,0.026650000363588333,0.025949999690055847,0.024949999526143074,0.023800000548362732,0.018799999728798866
1247,Lake Geneva,Switzerland,CH,46.5002,6.6608,2019-05-31T14:01,1,6.0,110.0,2.22186880205443,,,3.89307410263067,,,2019-05-31,14:01:00,0.011950000189244747,0.010499999858438969,0.044199999421834946,0.04895000159740448,0.036400001496076584,0.026650000363588333,0.025949999690055847,0.024949999526143074,0.023800000548362732,0.018799999728798866
1247,Lake Geneva,Switzerland,CH,46.5002,6.6608,2019-05-31T14:01,1,6.0,110.0,2.22186880205443,,,3.89307410263067,,,2019-05-31,14:01:00,0.011950000189244747,0.010499999858438969,0.044199999421834946,0.04895000159740448,0.036400001496076584,0.026650000363588333,0.025949999690055847,0.024949999526143074,0.023800000548362732,0.018799999728798866
1247,Lake Geneva,Switzerland,CH,46.5002,6.6608,2019-05-31T14:01,1,6.0,110.0,2.22186880205443,,,3.89307410263067,,,2019-05-31,14:01:00,0.011950000189244747,0.010499999858438969,0.044199999421834946,0.04895000159740448,0.036400001496076584,0.026650000363588333,0.025949999690055847,0.024949999526143074,0.023800000548362732,0.018799999728798866
1247,Lake Geneva,Switzerland,CH,46.5002,6.6608,2019-05-31T14:01,1,6.0,110.0,2.22186880205443,,,3.89307410263067,,,2019-05-31,14:01:00,0.011950000189244747,0.010499999858438969,0.044199999421834946,0.04895000159740448,0.036400001496076584,0.026650000363588333,0.025949999690055847,0.024949999526143074,0.023800000548362732,0.018799999728798866
1247,Lake Geneva,Switzerland,CH,46.5002,6.6608,2019-05-31T14:01,1,6.0,110.0,2.22186880205443,,,3.89307410263067,,,2019-05-31,14:01:00,0.011950000189244747,0.010499999858438969,0.044199999421834946,0.04895000159740448,0.036400001496076584,0.026650000363588333,0.025949999690055847,0.024949999526143074,0.023800000548362732,0.018799999728798866
1247,Lake Geneva,Switzerland,CH,46.5002,6.6608,2019-05-31T14:01,1,6.0,110.0,2.22186880205443,,,3.89307410263067,,,2019-05-31,14:01:00,0.011950000189244747,0.010499999858438969,0.044199999421834946,0.04895000159740448,0.036400001496076584,0.026650000363588333,0.025949999690055847,0.024949999526143074,0.023800000548362732,0.018799999728798866
1247,Lake Geneva,Switzerland,CH,46.5002,6.6608,2019-05-31T14:01,1,6.0,110.0,2.22186880205443,,,3.89307410263067,,,2019-05-31,14:01:00,0.011950000189244747,0.010499999858438969,0.044199999421834946,0.04895000159740448,0.036400001496076584,0.026650000363588333,0.025949999690055847,0.024949999526143074,0.023800000548362732,0.018799999728798866
1247,Lake Geneva,Switzerland,CH,46.5002,6.6608,2019-05-31T14:01,1,6.0,110.0,2.22186880205443,,,3.89307410263067,,,2019-05-31,14:01:00,0.011950000189244747,0.010499999858438969,0.044199999421834946,0.04895000159740448,0.036400001496076584,0.026650000363588333,0.025949999690055847,0.024949999526143074,0.023800000548362732,0.018799999728798866
1273,Lake Geneva,Switzerland,CH,46.5002,6.6608,2019-06-19T10:59,1,6.0,110.0,2.36640614288023,,,4.89375454701422,,,2019-06-19,10:59:00,0.02215000055730343,0.014700000174343586,0.05635000020265579,0.0685499981045723,0.0421999990940094,0.03660000115633011,0.032099999487400055,0.031700000166893005,0.03579999879002571,0.028349999338388443
1273,Lake Geneva,Switzerland,CH,46.5002,6.6608,2019-06-19T10:59,1,6.0,110.0,2.36640614288023,,,4.89375454701422,,,2019-06-19,10:59:00,0.02215000055730343,0.014700000174343586,0.05635000020265579,0.0685499981045723,0.0421999990940094,0.03660000115633011,0.032099999487400055,0.031700000166893005,0.03579999879002571,0.028349999338388443
1273,Lake Geneva,Switzerland,CH,46.5002,6.6608,2019-06-19T10:59,1,6.0,110.0,2.36640614288023,,,4.89375454701422,,,2019-06-19,10:59:00,0.02215000055730343,0.014700000174343586,0.05635000020265579,0.0685499981045723,0.0421999990940094,0.03660000115633011,0.032099999487400055,0.031700000166893005,0.03579999879002571,0.028349999338388443
1273,Lake Geneva,Switzerland,CH,46.5002,6.6608,2019-06-19T10:59,1,6.0,110.0,2.36640614288023,,,4.89375454701422,,,2019-06-19,10:59:00,0.02215000055730343,0.014700000174343586,0.05635000020265579,0.0685499981045723,0.0421999990940094,0.03660000115633011,0.032099999487400055,0.031700000166893005,0.03579999879002571,0.028349999338388443
1273,Lake Geneva,Switzerland,CH,46.5002,6.6608,2019-06-19T10:59,1,6.0,110.0,2.36640614288023,,,4.89375454701422,,,2019-06-19,10:59:00,0.02215000055730343,0.014700000174343586,0.05635000020265579,0.0685499981045723,0.0421999990940094,0.03660000115633011,0.032099999487400055,0.031700000166893005,0.03579999879002571,0.028349999338388443
1273,Lake Geneva,Switzerland,CH,46.5002,6.6608,2019-06-19T10:59,1,6.0,110.0,2.36640614288023,,,4.89375454701422,,,2019-06-19,10:59:00,0.02215000055730343,0.014700000174343586,0.05635000020265579,0.0685499981045723,0.0421999990940094,0.03660000115633011,0.032099999487400055,0.031700000166893005,0.03579999879002571,0.028349999338388443
1273,Lake Geneva,Switzerland,CH,46.5002,6.6608,2019-06-19T10:59,1,6.0,110.0,2.36640614288023,,,4.89375454701422,,,2019-06-19,10:59:00,0.02215000055730343,0.014700000174343586,0.05635000020265579,0.0685499981045723,0.0421999990940094,0.03660000115633011,0.032099999487400055,0.031700000166893005,0.03579999879002571,0.028349999338388443
1273,Lake Geneva,Switzerland,CH,46.5002,6.6608,2019-06-19T10:59,1,6.0,110.0,2.36640614288023,,,4.89375454701422,,,2019-06-19,10:59:00,0.02215000055730343,0.014700000174343586,0.05635000020265579,0.0685499981045723,0.0421999990940094,0.03660000115633011,0.032099999487400055,0.031700000166893005,0.03579999879002571,0.028349999338388443
1274,Lake Geneva,Switzerland,CH,46.5002,6.6608,2019-06-19T13:59,1,6.0,110.0,2.91749845644629,,,4.42340512562935,,,2019-06-19,13:59:00,0.02215000055730343,0.014700000174343586,0.05635000020265579,0.0685499981045723,0.0421999990940094,0.03660000115633011,0.032099999487400055,0.031700000166893005,0.03579999879002571,0.028349999338388443
1274,Lake Geneva,Switzerland,CH,46.5002,6.6608,2019-06-19T13:59,1,6.0,110.0,2.91749845644629,,,4.42340512562935,,,2019-06-19,13:59:00,0.02215000055730343,0.014700000174343586,0.05635000020265579,0.0685499981045723,0.0421999990940094,0.03660000115633011,0.032099999487400055,0.031700000166893005,0.03579999879002571,0.028349999338388443
1274,Lake Geneva,Switzerland,CH,46.5002,6.6608,2019-06-19T13:59,1,6.0,110.0,2.91749845644629,,,4.42340512562935,,,2019-06-19,13:59:00,0.02215000055730343,0.014700000174343586,0.05635000020265579,0.0685499981045723,0.0421999990940094,0.03660000115633011,0.032099999487400055,0.031700000166893005,0.03579999879002571,0.028349999338388443
1274,Lake Geneva,Switzerland,CH,46.5002,6.6608,2019-06-19T13:59,1,6.0,110.0,2.91749845644629,,,4.42340512562935,,,2019-06-19,13:59:00,0.02215000055730343,0.014700000174343586,0.05635000020265579,0.0685499981045723,0.0421999990940094,0.03660000115633011,0.032099999487400055,0.031700000166893005,0.03579999879002571,0.028349999338388443
1274,Lake Geneva,Switzerland,CH,46.5002,6.6608,2019-06-19T13:59,1,6.0,110.0,2.91749845644629,,,4.42340512562935,,,2019-06-19,13:59:00,0.02215000055730343,0.014700000174343586,0.05635000020265579,0.0685499981045723,0.0421999990940094,0.03660000115633011,0.032099999487400055,0.031700000166893005,0.03579999879002571,0.028349999338388443
1274,Lake Geneva,Switzerland,CH,46.5002,6.6608,2019-06-19T13:59,1,6.0,110.0,2.91749845644629,,,4.42340512562935,,,2019-06-19,13:59:00,0.02215000055730343,0.014700000174343586,0.05635000020265579,0.0685499981045723,0.0421999990940094,0.03660000115633011,0.032099999487400055,0.031700000166893005,0.03579999879002571,0.028349999338388443
1274,Lake Geneva,Switzerland,CH,46.5002,6.6608,2019-06-19T13:59,1,6.0,110.0,2.91749845644629,,,4.42340512562935,,,2019-06-19,13:59:00,0.02215000055730343,0.014700000174343586,0.05635000020265579,0.0685499981045723,0.0421999990940094,0.03660000115633011,0.032099999487400055,0.031700000166893005,0.03579999879002571,0.028349999338388443
1274,Lake Geneva,Switzerland,CH,46.5002,6.6608,2019-06-19T13:59,1,6.0,110.0,2.91749845644629,,,4.42340512562935,,,2019-06-19,13:59:00,0.02215000055730343,0.014700000174343586,0.05635000020265579,0.0685499981045723,0.0421999990940094,0.03660000115633011,0.032099999487400055,0.031700000166893005,0.03579999879002571,0.028349999338388443
1275,Lake Geneva,Switzerland,CH,46.5002,6.6608,2019-06-20T11:00,1,6.0,110.0,2.89115426269126,,,4.25808986995814,,,2019-06-20,11:00:00,0.02215000055730343,0.014700000174343586,0.05635000020265579,0.0685499981045723,0.0421999990940094,0.03660000115633011,0.032099999487400055,0.031700000166893005,0.03579999879002571,0.028349999338388443
1276,Lake Geneva,Switzerland,CH,46.5002,6.6608,2019-06-24T10:17,1,6.0,110.0,2.45724173971962,,,3.63780846164723,,,2019-06-24,10:17:00,0.024800000712275505,0.022700000554323196,0.10499999672174454,0.10679999738931656,0.08709999918937683,0.028300000354647636,0.03629999980330467,0.02239999920129776,0.06560000032186508,0.029500000178813934
1310,Lake Geneva,Switzerland,CH,46.5002,6.6608,2020-02-24T10:59,1,6.0,110.0,1.41944515112767,,,5.84539113168305,,,2020-02-24,10:59:00,0.01614999957382679,0.011549999937415123,0.03254999965429306,0.037300001829862595,0.0243500005453825,0.0203000009059906,0.019449999555945396,0.020349999889731407,0.025800000876188278,0.016499999910593033
1310,Lake Geneva,Switzerland,CH,46.5002,6.6608,2020-02-24T10:59,1,6.0,110.0,1.41944515112767,,,5.84539113168305,,,2020-02-24,10:59:00,0.01614999957382679,0.011549999937415123,0.03254999965429306,0.037300001829862595,0.0243500005453825,0.0203000009059906,0.019449999555945396,0.020349999889731407,0.025800000876188278,0.016499999910593033
1310,Lake Geneva,Switzerland,CH,46.5002,6.6608,2020-02-24T10:59,1,6.0,110.0,1.41944515112767,,,5.84539113168305,,,2020-02-24,10:59:00,0.01614999957382679,0.011549999937415123,0.03254999965429306,0.037300001829862595,0.0243500005453825,0.0203000009059906,0.019449999555945396,0.020349999889731407,0.025800000876188278,0.016499999910593033
1310,Lake Geneva,Switzerland,CH,46.5002,6.6608,2020-02-24T10:59,1,6.0,110.0,1.41944515112767,,,5.84539113168305,,,2020-02-24,10:59:00,0.01614999957382679,0.011549999937415123,0.03254999965429306,0.037300001829862595,0.0243500005453825,0.0203000009059906,0.019449999555945396,0.020349999889731407,0.025800000876188278,0.016499999910593033
1310,Lake Geneva,Switzerland,CH,46.5002,6.6608,2020-02-24T10:59,1,6.0,110.0,1.41944515112767,,,5.84539113168305,,,2020-02-24,10:59:00,0.01614999957382679,0.011549999937415123,0.03254999965429306,0.037300001829862595,0.0243500005453825,0.0203000009059906,0.019449999555945396,0.020349999889731407,0.025800000876188278,0.016499999910593033
1310,Lake Geneva,Switzerland,CH,46.5002,6.6608,2020-02-24T10:59,1,6.0,110.0,1.41944515112767,,,5.84539113168305,,,2020-02-24,10:59:00,0.01614999957382679,0.011549999937415123,0.03254999965429306,0.037300001829862595,0.0243500005453825,0.0203000009059906,0.019449999555945396,0.020349999889731407,0.025800000876188278,0.016499999910593033
1310,Lake Geneva,Switzerland,CH,46.5002,6.6608,2020-02-24T10:59,1,6.0,110.0,1.41944515112767,,,5.84539113168305,,,2020-02-24,10:59:00,0.01614999957382679,0.011549999937415123,0.03254999965429306,0.037300001829862595,0.0243500005453825,0.0203000009059906,0.019449999555945396,0.020349999889731407,0.025800000876188278,0.016499999910593033
1310,Lake Geneva,Switzerland,CH,46.5002,6.6608,2020-02-24T10:59,1,6.0,110.0,1.41944515112767,,,5.84539113168305,,,2020-02-24,10:59:00,0.01614999957382679,0.011549999937415123,0.03254999965429306,0.037300001829862595,0.0243500005453825,0.0203000009059906,0.019449999555945396,0.020349999889731407,0.025800000876188278,0.016499999910593033
1311,Lake Geneva,Switzerland,CH,46.5002,6.6608,2020-02-24T13:59,1,6.0,110.0,1.66444191151961,,,6.23569343622704,,,2020-02-24,13:59:00,0.01614999957382679,0.011549999937415123,0.03254999965429306,0.037300001829862595,0.0243500005453825,0.0203000009059906,0.019449999555945396,0.020349999889731407,0.025800000876188278,0.016499999910593033
1311,Lake Geneva,Switzerland,CH,46.5002,6.6608,2020-02-24T13:59,1,6.0,110.0,1.66444191151961,,,6.23569343622704,,,2020-02-24,13:59:00,0.01614999957382679,0.011549999937415123,0.03254999965429306,0.037300001829862595,0.0243500005453825,0.0203000009059906,0.019449999555945396,0.020349999889731407,0.025800000876188278,0.016499999910593033
1311,Lake Geneva,Switzerland,CH,46.5002,6.6608,2020-02-24T13:59,1,6.0,110.0,1.66444191151961,,,6.23569343622704,,,2020-02-24,13:59:00,0.01614999957382679,0.011549999937415123,0.03254999965429306,0.037300001829862595,0.0243500005453825,0.0203000009059906,0.019449999555945396,0.020349999889731407,0.025800000876188278,0.016499999910593033
1311,Lake Geneva,Switzerland,CH,46.5002,6.6608,2020-02-24T13:59,1,6.0,110.0,1.66444191151961,,,6.23569343622704,,,2020-02-24,13:59:00,0.01614999957382679,0.011549999937415123,0.03254999965429306,0.037300001829862595,0.0243500005453825,0.0203000009059906,0.019449999555945396,0.020349999889731407,0.025800000876188278,0.016499999910593033
1311,Lake Geneva,Switzerland,CH,46.5002,6.6608,2020-02-24T13:59,1,6.0,110.0,1.66444191151961,,,6.23569343622704,,,2020-02-24,13:59:00,0.01614999957382679,0.011549999937415123,0.03254999965429306,0.037300001829862595,0.0243500005453825,0.0203000009059906,0.019449999555945396,0.020349999889731407,0.025800000876188278,0.016499999910593033
1311,Lake Geneva,Switzerland,CH,46.5002,6.6608,2020-02-24T13:59,1,6.0,110.0,1.66444191151961,,,6.23569343622704,,,2020-02-24,13:59:00,0.01614999957382679,0.011549999937415123,0.03254999965429306,0.037300001829862595,0.0243500005453825,0.0203000009059906,0.019449999555945396,0.020349999889731407,0.025800000876188278,0.016499999910593033
1311,Lake Geneva,Switzerland,CH,46.5002,6.6608,2020-02-24T13:59,1,6.0,110.0,1.66444191151961,,,6.23569343622704,,,2020-02-24,13:59:00,0.01614999957382679,0.011549999937415123,0.03254999965429306,0.037300001829862595,0.0243500005453825,0.0203000009059906,0.019449999555945396,0.020349999889731407,0.025800000876188278,0.016499999910593033
1311,Lake Geneva,Switzerland,CH,46.5002,6.6608,2020-02-24T13:59,1,6.0,110.0,1.66444191151961,,,6.23569343622704,,,2020-02-24,13:59:00,0.01614999957382679,0.011549999937415123,0.03254999965429306,0.037300001829862595,0.0243500005453825,0.0203000009059906,0.019449999555945396,0.020349999889731407,0.025800000876188278,0.016499999910593033
1312,Lake Geneva,Switzerland,CH,46.5002,6.6608,2020-02-25T13:59,1,6.0,110.0,3.58567420389378,,,6.37575014899269,,,2020-02-25,13:59:00,0.01614999957382679,0.011549999937415123,0.03254999965429306,0.037300001829862595,0.0243500005453825,0.0203000009059906,0.019449999555945396,0.020349999889731407,0.025800000876188278,0.016499999910593033
1337,Lake Geneva,Switzerland,CH,46.5002,6.6608,2020-03-15T11:00,1,6.0,110.0,4.55505168099164,,,3.46462686037632,,,2020-03-15,11:00:00,0.01145000010728836,0.006550000049173832,0.027499999850988388,0.03099999949336052,0.023250000551342964,0.015350000001490116,0.013799999840557575,0.012600000016391277,0.02019999921321869,0.014000000432133675
1337,Lake Geneva,Switzerland,CH,46.5002,6.6608,2020-03-15T11:00,1,6.0,110.0,4.55505168099164,,,3.46462686037632,,,2020-03-15,11:00:00,0.01145000010728836,0.006550000049173832,0.027499999850988388,0.03099999949336052,0.023250000551342964,0.015350000001490116,0.013799999840557575,0.012600000016391277,0.02019999921321869,0.014000000432133675
1337,Lake Geneva,Switzerland,CH,46.5002,6.6608,2020-03-15T11:00,1,6.0,110.0,4.55505168099164,,,3.46462686037632,,,2020-03-15,11:00:00,0.01145000010728836,0.006550000049173832,0.027499999850988388,0.03099999949336052,0.023250000551342964,0.015350000001490116,0.013799999840557575,0.012600000016391277,0.02019999921321869,0.014000000432133675
1337,Lake Geneva,Switzerland,CH,46.5002,6.6608,2020-03-15T11:00,1,6.0,110.0,4.55505168099164,,,3.46462686037632,,,2020-03-15,11:00:00,0.01145000010728836,0.006550000049173832,0.027499999850988388,0.03099999949336052,0.023250000551342964,0.015350000001490116,0.013799999840557575,0.012600000016391277,0.02019999921321869,0.014000000432133675
1337,Lake Geneva,Switzerland,CH,46.5002,6.6608,2020-03-15T11:00,1,6.0,110.0,4.55505168099164,,,3.46462686037632,,,2020-03-15,11:00:00,0.01145000010728836,0.006550000049173832,0.027499999850988388,0.03099999949336052,0.023250000551342964,0.015350000001490116,0.013799999840557575,0.012600000016391277,0.02019999921321869,0.014000000432133675
1337,Lake Geneva,Switzerland,CH,46.5002,6.6608,2020-03-15T11:00,1,6.0,110.0,4.55505168099164,,,3.46462686037632,,,2020-03-15,11:00:00,0.01145000010728836,0.006550000049173832,0.027499999850988388,0.03099999949336052,0.023250000551342964,0.015350000001490116,0.013799999840557575,0.012600000016391277,0.02019999921321869,0.014000000432133675
1337,Lake Geneva,Switzerland,CH,46.5002,6.6608,2020-03-15T11:00,1,6.0,110.0,4.55505168099164,,,3.46462686037632,,,2020-03-15,11:00:00,0.01145000010728836,0.006550000049173832,0.027499999850988388,0.03099999949336052,0.023250000551342964,0.015350000001490116,0.013799999840557575,0.012600000016391277,0.02019999921321869,0.014000000432133675
1337,Lake Geneva,Switzerland,CH,46.5002,6.6608,2020-03-15T11:00,1,6.0,110.0,4.55505168099164,,,3.46462686037632,,,2020-03-15,11:00:00,0.01145000010728836,0.006550000049173832,0.027499999850988388,0.03099999949336052,0.023250000551342964,0.015350000001490116,0.013799999840557575,0.012600000016391277,0.02019999921321869,0.014000000432133675
1338,Lake Geneva,Switzerland,CH,46.5002,6.6608,2020-03-15T14:00,1,6.0,110.0,5.50541721204229,,,3.19957021142643,,,2020-03-15,14:00:00,0.01145000010728836,0.006550000049173832,0.027499999850988388,0.03099999949336052,0.023250000551342964,0.015350000001490116,0.013799999840557575,0.012600000016391277,0.02019999921321869,0.014000000432133675
1338,Lake Geneva,Switzerland,CH,46.5002,6.6608,2020-03-15T14:00,1,6.0,110.0,5.50541721204229,,,3.19957021142643,,,2020-03-15,14:00:00,0.01145000010728836,0.006550000049173832,0.027499999850988388,0.03099999949336052,0.023250000551342964,0.015350000001490116,0.013799999840557575,0.012600000016391277,0.02019999921321869,0.014000000432133675
1338,Lake Geneva,Switzerland,CH,46.5002,6.6608,2020-03-15T14:00,1,6.0,110.0,5.50541721204229,,,3.19957021142643,,,2020-03-15,14:00:00,0.01145000010728836,0.006550000049173832,0.027499999850988388,0.03099999949336052,0.023250000551342964,0.015350000001490116,0.013799999840557575,0.012600000016391277,0.02019999921321869,0.014000000432133675
1338,Lake Geneva,Switzerland,CH,46.5002,6.6608,2020-03-15T14:00,1,6.0,110.0,5.50541721204229,,,3.19957021142643,,,2020-03-15,14:00:00,0.01145000010728836,0.006550000049173832,0.027499999850988388,0.03099999949336052,0.023250000551342964,0.015350000001490116,0.013799999840557575,0.012600000016391277,0.02019999921321869,0.014000000432133675
1338,Lake Geneva,Switzerland,CH,46.5002,6.6608,2020-03-15T14:00,1,6.0,110.0,5.50541721204229,,,3.19957021142643,,,2020-03-15,14:00:00,0.01145000010728836,0.006550000049173832,0.027499999850988388,0.03099999949336052,0.023250000551342964,0.015350000001490116,0.013799999840557575,0.012600000016391277,0.02019999921321869,0.014000000432133675
1338,Lake Geneva,Switzerland,CH,46.5002,6.6608,2020-03-15T14:00,1,6.0,110.0,5.50541721204229,,,3.19957021142643,,,2020-03-15,14:00:00,0.01145000010728836,0.006550000049173832,0.027499999850988388,0.03099999949336052,0.023250000551342964,0.015350000001490116,0.013799999840557575,0.012600000016391277,0.02019999921321869,0.014000000432133675
1338,Lake Geneva,Switzerland,CH,46.5002,6.6608,2020-03-15T14:00,1,6.0,110.0,5.50541721204229,,,3.19957021142643,,,2020-03-15,14:00:00,0.01145000010728836,0.006550000049173832,0.027499999850988388,0.03099999949336052,0.023250000551342964,0.015350000001490116,0.013799999840557575,0.012600000016391277,0.02019999921321869,0.014000000432133675
1338,Lake Geneva,Switzerland,CH,46.5002,6.6608,2020-03-15T14:00,1,6.0,110.0,5.50541721204229,,,3.19957021142643,,,2020-03-15,14:00:00,0.01145000010728836,0.006550000049173832,0.027499999850988388,0.03099999949336052,0.023250000551342964,0.015350000001490116,0.013799999840557575,0.012600000016391277,0.02019999921321869,0.014000000432133675
1339,Lake Geneva,Switzerland,CH,46.5002,6.6608,2020-03-16T11:00,1,6.0,110.0,4.22803379026065,,,3.27319140030782,,,2020-03-16,11:00:00,0.01145000010728836,0.006550000049173832,0.027499999850988388,0.03099999949336052,0.023250000551342964,0.015350000001490116,0.013799999840557575,0.012600000016391277,0.02019999921321869,0.014000000432133675
1339,Lake Geneva,Switzerland,CH,46.5002,6.6608,2020-03-16T11:00,1,6.0,110.0,4.22803379026065,,,3.27319140030782,,,2020-03-16,11:00:00,0.01145000010728836,0.006550000049173832,0.027499999850988388,0.03099999949336052,0.023250000551342964,0.015350000001490116,0.013799999840557575,0.012600000016391277,0.02019999921321869,0.014000000432133675
1339,Lake Geneva,Switzerland,CH,46.5002,6.6608,2020-03-16T11:00,1,6.0,110.0,4.22803379026065,,,3.27319140030782,,,2020-03-16,11:00:00,0.01145000010728836,0.006550000049173832,0.027499999850988388,0.03099999949336052,0.023250000551342964,0.015350000001490116,0.013799999840557575,0.012600000016391277,0.02019999921321869,0.014000000432133675
1339,Lake Geneva,Switzerland,CH,46.5002,6.6608,2020-03-16T11:00,1,6.0,110.0,4.22803379026065,,,3.27319140030782,,,2020-03-16,11:00:00,0.01145000010728836,0.006550000049173832,0.027499999850988388,0.03099999949336052,0.023250000551342964,0.015350000001490116,0.013799999840557575,0.012600000016391277,0.02019999921321869,0.014000000432133675
1339,Lake Geneva,Switzerland,CH,46.5002,6.6608,2020-03-16T11:00,1,6.0,110.0,4.22803379026065,,,3.27319140030782,,,2020-03-16,11:00:00,0.01145000010728836,0.006550000049173832,0.027499999850988388,0.03099999949336052,0.023250000551342964,0.015350000001490116,0.013799999840557575,0.012600000016391277,0.02019999921321869,0.014000000432133675
1339,Lake Geneva,Switzerland,CH,46.5002,6.6608,2020-03-16T11:00,1,6.0,110.0,4.22803379026065,,,3.27319140030782,,,2020-03-16,11:00:00,0.01145000010728836,0.006550000049173832,0.027499999850988388,0.03099999949336052,0.023250000551342964,0.015350000001490116,0.013799999840557575,0.012600000016391277,0.02019999921321869,0.014000000432133675
1339,Lake Geneva,Switzerland,CH,46.5002,6.6608,2020-03-16T11:00,1,6.0,110.0,4.22803379026065,,,3.27319140030782,,,2020-03-16,11:00:00,0.01145000010728836,0.006550000049173832,0.027499999850988388,0.03099999949336052,0.023250000551342964,0.015350000001490116,0.013799999840557575,0.012600000016391277,0.02019999921321869,0.014000000432133675
1339,Lake Geneva,Switzerland,CH,46.5002,6.6608,2020-03-16T11:00,1,6.0,110.0,4.22803379026065,,,3.27319140030782,,,2020-03-16,11:00:00,0.01145000010728836,0.006550000049173832,0.027499999850988388,0.03099999949336052,0.023250000551342964,0.015350000001490116,0.013799999840557575,0.012600000016391277,0.02019999921321869,0.014000000432133675
1340,Lake Geneva,Switzerland,CH,46.5002,6.6608,2020-03-16T14:00,1,6.0,110.0,4.89565728985819,,,3.40452547875265,,,2020-03-16,14:00:00,0.01145000010728836,0.006550000049173832,0.027499999850988388,0.03099999949336052,0.023250000551342964,0.015350000001490116,0.013799999840557575,0.012600000016391277,0.02019999921321869,0.014000000432133675
1340,Lake Geneva,Switzerland,CH,46.5002,6.6608,2020-03-16T14:00,1,6.0,110.0,4.89565728985819,,,3.40452547875265,,,2020-03-16,14:00:00,0.01145000010728836,0.006550000049173832,0.027499999850988388,0.03099999949336052,0.023250000551342964,0.015350000001490116,0.013799999840557575,0.012600000016391277,0.02019999921321869,0.014000000432133675
1340,Lake Geneva,Switzerland,CH,46.5002,6.6608,2020-03-16T14:00,1,6.0,110.0,4.89565728985819,,,3.40452547875265,,,2020-03-16,14:00:00,0.01145000010728836,0.006550000049173832,0.027499999850988388,0.03099999949336052,0.023250000551342964,0.015350000001490116,0.013799999840557575,0.012600000016391277,0.02019999921321869,0.014000000432133675
1340,Lake Geneva,Switzerland,CH,46.5002,6.6608,2020-03-16T14:00,1,6.0,110.0,4.89565728985819,,,3.40452547875265,,,2020-03-16,14:00:00,0.01145000010728836,0.006550000049173832,0.027499999850988388,0.03099999949336052,0.023250000551342964,0.015350000001490116,0.013799999840557575,0.012600000016391277,0.02019999921321869,0.014000000432133675
1340,Lake Geneva,Switzerland,CH,46.5002,6.6608,2020-03-16T14:00,1,6.0,110.0,4.89565728985819,,,3.40452547875265,,,2020-03-16,14:00:00,0.01145000010728836,0.006550000049173832,0.027499999850988388,0.03099999949336052,0.023250000551342964,0.015350000001490116,0.013799999840557575,0.012600000016391277,0.02019999921321869,0.014000000432133675
1340,Lake Geneva,Switzerland,CH,46.5002,6.6608,2020-03-16T14:00,1,6.0,110.0,4.89565728985819,,,3.40452547875265,,,2020-03-16,14:00:00,0.01145000010728836,0.006550000049173832,0.027499999850988388,0.03099999949336052,0.023250000551342964,0.015350000001490116,0.013799999840557575,0.012600000016391277,0.02019999921321869,0.014000000432133675
1340,Lake Geneva,Switzerland,CH,46.5002,6.6608,2020-03-16T14:00,1,6.0,110.0,4.89565728985819,,,3.40452547875265,,,2020-03-16,14:00:00,0.01145000010728836,0.006550000049173832,0.027499999850988388,0.03099999949336052,0.023250000551342964,0.015350000001490116,0.013799999840557575,0.012600000016391277,0.02019999921321869,0.014000000432133675
1340,Lake Geneva,Switzerland,CH,46.5002,6.6608,2020-03-16T14:00,1,6.0,110.0,4.89565728985819,,,3.40452547875265,,,2020-03-16,14:00:00,0.01145000010728836,0.006550000049173832,0.027499999850988388,0.03099999949336052,0.023250000551342964,0.015350000001490116,0.013799999840557575,0.012600000016391277,0.02019999921321869,0.014000000432133675
1361,Lake Geneva,Switzerland,CH,46.5002,6.6608,2020-04-09T10:59,1,6.0,110.0,1.74506053788969,,,4.87931933291631,,,2020-04-09,10:59:00,0.020649999380111694,0.015300000086426735,0.053449999541044235,0.05460000038146973,0.04924999922513962,0.03584999963641167,0.030950000509619713,0.033399999141693115,0.03844999894499779,0.02135000005364418
1361,Lake Geneva,Switzerland,CH,46.5002,6.6608,2020-04-09T10:59,1,6.0,110.0,1.74506053788969,,,4.87931933291631,,,2020-04-09,10:59:00,0.020649999380111694,0.015300000086426735,0.053449999541044235,0.05460000038146973,0.04924999922513962,0.03584999963641167,0.030950000509619713,0.033399999141693115,0.03844999894499779,0.02135000005364418
1361,Lake Geneva,Switzerland,CH,46.5002,6.6608,2020-04-09T10:59,1,6.0,110.0,1.74506053788969,,,4.87931933291631,,,2020-04-09,10:59:00,0.020649999380111694,0.015300000086426735,0.053449999541044235,0.05460000038146973,0.04924999922513962,0.03584999963641167,0.030950000509619713,0.033399999141693115,0.03844999894499779,0.02135000005364418
1361,Lake Geneva,Switzerland,CH,46.5002,6.6608,2020-04-09T10:59,1,6.0,110.0,1.74506053788969,,,4.87931933291631,,,2020-04-09,10:59:00,0.020649999380111694,0.015300000086426735,0.053449999541044235,0.05460000038146973,0.04924999922513962,0.03584999963641167,0.030950000509619713,0.033399999141693115,0.03844999894499779,0.02135000005364418
1361,Lake Geneva,Switzerland,CH,46.5002,6.6608,2020-04-09T10:59,1,6.0,110.0,1.74506053788969,,,4.87931933291631,,,2020-04-09,10:59:00,0.020649999380111694,0.015300000086426735,0.053449999541044235,0.05460000038146973,0.04924999922513962,0.03584999963641167,0.030950000509619713,0.033399999141693115,0.03844999894499779,0.02135000005364418
1361,Lake Geneva,Switzerland,CH,46.5002,6.6608,2020-04-09T10:59,1,6.0,110.0,1.74506053788969,,,4.87931933291631,,,2020-04-09,10:59:00,0.020649999380111694,0.015300000086426735,0.053449999541044235,0.05460000038146973,0.04924999922513962,0.03584999963641167,0.030950000509619713,0.033399999141693115,0.03844999894499779,0.02135000005364418
1361,Lake Geneva,Switzerland,CH,46.5002,6.6608,2020-04-09T10:59,1,6.0,110.0,1.74506053788969,,,4.87931933291631,,,2020-04-09,10:59:00,0.020649999380111694,0.015300000086426735,0.053449999541044235,0.05460000038146973,0.04924999922513962,0.03584999963641167,0.030950000509619713,0.033399999141693115,0.03844999894499779,0.02135000005364418
1361,Lake Geneva,Switzerland,CH,46.5002,6.6608,2020-04-09T10:59,1,6.0,110.0,1.74506053788969,,,4.87931933291631,,,2020-04-09,10:59:00,0.020649999380111694,0.015300000086426735,0.053449999541044235,0.05460000038146973,0.04924999922513962,0.03584999963641167,0.030950000509619713,0.033399999141693115,0.03844999894499779,0.02135000005364418
1362,Lake Geneva,Switzerland,CH,46.5002,6.6608,2020-04-09T13:59,1,6.0,110.0,3.04914593289424,,,4.0700179457101,,,2020-04-09,13:59:00,0.020649999380111694,0.015300000086426735,0.053449999541044235,0.05460000038146973,0.04924999922513962,0.03584999963641167,0.030950000509619713,0.033399999141693115,0.03844999894499779,0.02135000005364418
1362,Lake Geneva,Switzerland,CH,46.5002,6.6608,2020-04-09T13:59,1,6.0,110.0,3.04914593289424,,,4.0700179457101,,,2020-04-09,13:59:00,0.020649999380111694,0.015300000086426735,0.053449999541044235,0.05460000038146973,0.04924999922513962,0.03584999963641167,0.030950000509619713,0.033399999141693115,0.03844999894499779,0.02135000005364418
1362,Lake Geneva,Switzerland,CH,46.5002,6.6608,2020-04-09T13:59,1,6.0,110.0,3.04914593289424,,,4.0700179457101,,,2020-04-09,13:59:00,0.020649999380111694,0.015300000086426735,0.053449999541044235,0.05460000038146973,0.04924999922513962,0.03584999963641167,0.030950000509619713,0.033399999141693115,0.03844999894499779,0.02135000005364418
1362,Lake Geneva,Switzerland,CH,46.5002,6.6608,2020-04-09T13:59,1,6.0,110.0,3.04914593289424,,,4.0700179457101,,,2020-04-09,13:59:00,0.020649999380111694,0.015300000086426735,0.053449999541044235,0.05460000038146973,0.04924999922513962,0.03584999963641167,0.030950000509619713,0.033399999141693115,0.03844999894499779,0.02135000005364418
1362,Lake Geneva,Switzerland,CH,46.5002,6.6608,2020-04-09T13:59,1,6.0,110.0,3.04914593289424,,,4.0700179457101,,,2020-04-09,13:59:00,0.020649999380111694,0.015300000086426735,0.053449999541044235,0.05460000038146973,0.04924999922513962,0.03584999963641167,0.030950000509619713,0.033399999141693115,0.03844999894499779,0.02135000005364418
1362,Lake Geneva,Switzerland,CH,46.5002,6.6608,2020-04-09T13:59,1,6.0,110.0,3.04914593289424,,,4.0700179457101,,,2020-04-09,13:59:00,0.020649999380111694,0.015300000086426735,0.053449999541044235,0.05460000038146973,0.04924999922513962,0.03584999963641167,0.030950000509619713,0.033399999141693115,0.03844999894499779,0.02135000005364418
1362,Lake Geneva,Switzerland,CH,46.5002,6.6608,2020-04-09T13:59,1,6.0,110.0,3.04914593289424,,,4.0700179457101,,,2020-04-09,13:59:00,0.020649999380111694,0.015300000086426735,0.053449999541044235,0.05460000038146973,0.04924999922513962,0.03584999963641167,0.030950000509619713,0.033399999141693115,0.03844999894499779,0.02135000005364418
1362,Lake Geneva,Switzerland,CH,46.5002,6.6608,2020-04-09T13:59,1,6.0,110.0,3.04914593289424,,,4.0700179457101,,,2020-04-09,13:59:00,0.020649999380111694,0.015300000086426735,0.053449999541044235,0.05460000038146973,0.04924999922513962,0.03584999963641167,0.030950000509619713,0.033399999141693115,0.03844999894499779,0.02135000005364418
1363,Lake Geneva,Switzerland,CH,46.5002,6.6608,2020-04-10T10:59,1,6.0,110.0,2.23233440204044,,,4.57813110205863,,,2020-04-10,10:59:00,0.020649999380111694,0.015300000086426735,0.053449999541044235,0.05460000038146973,0.04924999922513962,0.03584999963641167,0.030950000509619713,0.033399999141693115,0.03844999894499779,0.02135000005364418
1363,Lake Geneva,Switzerland,CH,46.5002,6.6608,2020-04-10T10:59,1,6.0,110.0,2.23233440204044,,,4.57813110205863,,,2020-04-10,10:59:00,0.020649999380111694,0.015300000086426735,0.053449999541044235,0.05460000038146973,0.04924999922513962,0.03584999963641167,0.030950000509619713,0.033399999141693115,0.03844999894499779,0.02135000005364418
1363,Lake Geneva,Switzerland,CH,46.5002,6.6608,2020-04-10T10:59,1,6.0,110.0,2.23233440204044,,,4.57813110205863,,,2020-04-10,10:59:00,0.020649999380111694,0.015300000086426735,0.053449999541044235,0.05460000038146973,0.04924999922513962,0.03584999963641167,0.030950000509619713,0.033399999141693115,0.03844999894499779,0.02135000005364418
1363,Lake Geneva,Switzerland,CH,46.5002,6.6608,2020-04-10T10:59,1,6.0,110.0,2.23233440204044,,,4.57813110205863,,,2020-04-10,10:59:00,0.020649999380111694,0.015300000086426735,0.053449999541044235,0.05460000038146973,0.04924999922513962,0.03584999963641167,0.030950000509619713,0.033399999141693115,0.03844999894499779,0.02135000005364418
1363,Lake Geneva,Switzerland,CH,46.5002,6.6608,2020-04-10T10:59,1,6.0,110.0,2.23233440204044,,,4.57813110205863,,,2020-04-10,10:59:00,0.020649999380111694,0.015300000086426735,0.053449999541044235,0.05460000038146973,0.04924999922513962,0.03584999963641167,0.030950000509619713,0.033399999141693115,0.03844999894499779,0.02135000005364418
1363,Lake Geneva,Switzerland,CH,46.5002,6.6608,2020-04-10T10:59,1,6.0,110.0,2.23233440204044,,,4.57813110205863,,,2020-04-10,10:59:00,0.020649999380111694,0.015300000086426735,0.053449999541044235,0.05460000038146973,0.04924999922513962,0.03584999963641167,0.030950000509619713,0.033399999141693115,0.03844999894499779,0.02135000005364418
1363,Lake Geneva,Switzerland,CH,46.5002,6.6608,2020-04-10T10:59,1,6.0,110.0,2.23233440204044,,,4.57813110205863,,,2020-04-10,10:59:00,0.020649999380111694,0.015300000086426735,0.053449999541044235,0.05460000038146973,0.04924999922513962,0.03584999963641167,0.030950000509619713,0.033399999141693115,0.03844999894499779,0.02135000005364418
1363,Lake Geneva,Switzerland,CH,46.5002,6.6608,2020-04-10T10:59,1,6.0,110.0,2.23233440204044,,,4.57813110205863,,,2020-04-10,10:59:00,0.020649999380111694,0.015300000086426735,0.053449999541044235,0.05460000038146973,0.04924999922513962,0.03584999963641167,0.030950000509619713,0.033399999141693115,0.03844999894499779,0.02135000005364418
1364,Lake Geneva,Switzerland,CH,46.5002,6.6608,2020-04-10T13:59,1,6.0,110.0,2.95264551629741,,,4.40286122166348,,,2020-04-10,13:59:00,0.020649999380111694,0.015300000086426735,0.053449999541044235,0.05460000038146973,0.04924999922513962,0.03584999963641167,0.030950000509619713,0.033399999141693115,0.03844999894499779,0.02135000005364418
1364,Lake Geneva,Switzerland,CH,46.5002,6.6608,2020-04-10T13:59,1,6.0,110.0,2.95264551629741,,,4.40286122166348,,,2020-04-10,13:59:00,0.020649999380111694,0.015300000086426735,0.053449999541044235,0.05460000038146973,0.04924999922513962,0.03584999963641167,0.030950000509619713,0.033399999141693115,0.03844999894499779,0.02135000005364418
1364,Lake Geneva,Switzerland,CH,46.5002,6.6608,2020-04-10T13:59,1,6.0,110.0,2.95264551629741,,,4.40286122166348,,,2020-04-10,13:59:00,0.020649999380111694,0.015300000086426735,0.053449999541044235,0.05460000038146973,0.04924999922513962,0.03584999963641167,0.030950000509619713,0.033399999141693115,0.03844999894499779,0.02135000005364418
1364,Lake Geneva,Switzerland,CH,46.5002,6.6608,2020-04-10T13:59,1,6.0,110.0,2.95264551629741,,,4.40286122166348,,,2020-04-10,13:59:00,0.020649999380111694,0.015300000086426735,0.053449999541044235,0.05460000038146973,0.04924999922513962,0.03584999963641167,0.030950000509619713,0.033399999141693115,0.03844999894499779,0.02135000005364418
1364,Lake Geneva,Switzerland,CH,46.5002,6.6608,2020-04-10T13:59,1,6.0,110.0,2.95264551629741,,,4.40286122166348,,,2020-04-10,13:59:00,0.020649999380111694,0.015300000086426735,0.053449999541044235,0.05460000038146973,0.04924999922513962,0.03584999963641167,0.030950000509619713,0.033399999141693115,0.03844999894499779,0.02135000005364418
1364,Lake Geneva,Switzerland,CH,46.5002,6.6608,2020-04-10T13:59,1,6.0,110.0,2.95264551629741,,,4.40286122166348,,,2020-04-10,13:59:00,0.020649999380111694,0.015300000086426735,0.053449999541044235,0.05460000038146973,0.04924999922513962,0.03584999963641167,0.030950000509619713,0.033399999141693115,0.03844999894499779,0.02135000005364418
1364,Lake Geneva,Switzerland,CH,46.5002,6.6608,2020-04-10T13:59,1,6.0,110.0,2.95264551629741,,,4.40286122166348,,,2020-04-10,13:59:00,0.020649999380111694,0.015300000086426735,0.053449999541044235,0.05460000038146973,0.04924999922513962,0.03584999963641167,0.030950000509619713,0.033399999141693115,0.03844999894499779,0.02135000005364418
1364,Lake Geneva,Switzerland,CH,46.5002,6.6608,2020-04-10T13:59,1,6.0,110.0,2.95264551629741,,,4.40286122166348,,,2020-04-10,13:59:00,0.020649999380111694,0.015300000086426735,0.053449999541044235,0.05460000038146973,0.04924999922513962,0.03584999963641167,0.030950000509619713,0.033399999141693115,0.03844999894499779,0.02135000005364418
1369,Lake Geneva,Switzerland,CH,46.5002,6.6608,2020-04-14T10:59,1,6.0,110.0,2.50222274463107,,,4.7126429202843,,,2020-04-14,10:59:00,0.013949999585747719,0.009700000286102295,0.03164999932050705,0.03604999929666519,0.022350000217556953,0.02345000021159649,0.017899999395012856,0.01575000025331974,0.021449999883770943,0.014800000004470348
1369,Lake Geneva,Switzerland,CH,46.5002,6.6608,2020-04-14T10:59,1,6.0,110.0,2.50222274463107,,,4.7126429202843,,,2020-04-14,10:59:00,0.013949999585747719,0.009700000286102295,0.03164999932050705,0.03604999929666519,0.022350000217556953,0.02345000021159649,0.017899999395012856,0.01575000025331974,0.021449999883770943,0.014800000004470348
1369,Lake Geneva,Switzerland,CH,46.5002,6.6608,2020-04-14T10:59,1,6.0,110.0,2.50222274463107,,,4.7126429202843,,,2020-04-14,10:59:00,0.013949999585747719,0.009700000286102295,0.03164999932050705,0.03604999929666519,0.022350000217556953,0.02345000021159649,0.017899999395012856,0.01575000025331974,0.021449999883770943,0.014800000004470348
1369,Lake Geneva,Switzerland,CH,46.5002,6.6608,2020-04-14T10:59,1,6.0,110.0,2.50222274463107,,,4.7126429202843,,,2020-04-14,10:59:00,0.013949999585747719,0.009700000286102295,0.03164999932050705,0.03604999929666519,0.022350000217556953,0.02345000021159649,0.017899999395012856,0.01575000025331974,0.021449999883770943,0.014800000004470348
1369,Lake Geneva,Switzerland,CH,46.5002,6.6608,2020-04-14T10:59,1,6.0,110.0,2.50222274463107,,,4.7126429202843,,,2020-04-14,10:59:00,0.013949999585747719,0.009700000286102295,0.03164999932050705,0.03604999929666519,0.022350000217556953,0.02345000021159649,0.017899999395012856,0.01575000025331974,0.021449999883770943,0.014800000004470348
1369,Lake Geneva,Switzerland,CH,46.5002,6.6608,2020-04-14T10:59,1,6.0,110.0,2.50222274463107,,,4.7126429202843,,,2020-04-14,10:59:00,0.013949999585747719,0.009700000286102295,0.03164999932050705,0.03604999929666519,0.022350000217556953,0.02345000021159649,0.017899999395012856,0.01575000025331974,0.021449999883770943,0.014800000004470348
1369,Lake Geneva,Switzerland,CH,46.5002,6.6608,2020-04-14T10:59,1,6.0,110.0,2.50222274463107,,,4.7126429202843,,,2020-04-14,10:59:00,0.013949999585747719,0.009700000286102295,0.03164999932050705,0.03604999929666519,0.022350000217556953,0.02345000021159649,0.017899999395012856,0.01575000025331974,0.021449999883770943,0.014800000004470348
1369,Lake Geneva,Switzerland,CH,46.5002,6.6608,2020-04-14T10:59,1,6.0,110.0,2.50222274463107,,,4.7126429202843,,,2020-04-14,10:59:00,0.013949999585747719,0.009700000286102295,0.03164999932050705,0.03604999929666519,0.022350000217556953,0.02345000021159649,0.017899999395012856,0.01575000025331974,0.021449999883770943,0.014800000004470348
1370,Lake Geneva,Switzerland,CH,46.5002,6.6608,2020-04-14T13:59,1,6.0,110.0,2.39679590511687,,,4.4775996569112,,,2020-04-14,13:59:00,0.013949999585747719,0.009700000286102295,0.03164999932050705,0.03604999929666519,0.022350000217556953,0.02345000021159649,0.017899999395012856,0.01575000025331974,0.021449999883770943,0.014800000004470348
1370,Lake Geneva,Switzerland,CH,46.5002,6.6608,2020-04-14T13:59,1,6.0,110.0,2.39679590511687,,,4.4775996569112,,,2020-04-14,13:59:00,0.013949999585747719,0.009700000286102295,0.03164999932050705,0.03604999929666519,0.022350000217556953,0.02345000021159649,0.017899999395012856,0.01575000025331974,0.021449999883770943,0.014800000004470348
1370,Lake Geneva,Switzerland,CH,46.5002,6.6608,2020-04-14T13:59,1,6.0,110.0,2.39679590511687,,,4.4775996569112,,,2020-04-14,13:59:00,0.013949999585747719,0.009700000286102295,0.03164999932050705,0.03604999929666519,0.022350000217556953,0.02345000021159649,0.017899999395012856,0.01575000025331974,0.021449999883770943,0.014800000004470348
1370,Lake Geneva,Switzerland,CH,46.5002,6.6608,2020-04-14T13:59,1,6.0,110.0,2.39679590511687,,,4.4775996569112,,,2020-04-14,13:59:00,0.013949999585747719,0.009700000286102295,0.03164999932050705,0.03604999929666519,0.022350000217556953,0.02345000021159649,0.017899999395012856,0.01575000025331974,0.021449999883770943,0.014800000004470348
1370,Lake Geneva,Switzerland,CH,46.5002,6.6608,2020-04-14T13:59,1,6.0,110.0,2.39679590511687,,,4.4775996569112,,,2020-04-14,13:59:00,0.013949999585747719,0.009700000286102295,0.03164999932050705,0.03604999929666519,0.022350000217556953,0.02345000021159649,0.017899999395012856,0.01575000025331974,0.021449999883770943,0.014800000004470348
1370,Lake Geneva,Switzerland,CH,46.5002,6.6608,2020-04-14T13:59,1,6.0,110.0,2.39679590511687,,,4.4775996569112,,,2020-04-14,13:59:00,0.013949999585747719,0.009700000286102295,0.03164999932050705,0.03604999929666519,0.022350000217556953,0.02345000021159649,0.017899999395012856,0.01575000025331974,0.021449999883770943,0.014800000004470348
1370,Lake Geneva,Switzerland,CH,46.5002,6.6608,2020-04-14T13:59,1,6.0,110.0,2.39679590511687,,,4.4775996569112,,,2020-04-14,13:59:00,0.013949999585747719,0.009700000286102295,0.03164999932050705,0.03604999929666519,0.022350000217556953,0.02345000021159649,0.017899999395012856,0.01575000025331974,0.021449999883770943,0.014800000004470348
1370,Lake Geneva,Switzerland,CH,46.5002,6.6608,2020-04-14T13:59,1,6.0,110.0,2.39679590511687,,,4.4775996569112,,,2020-04-14,13:59:00,0.013949999585747719,0.009700000286102295,0.03164999932050705,0.03604999929666519,0.022350000217556953,0.02345000021159649,0.017899999395012856,0.01575000025331974,0.021449999883770943,0.014800000004470348
1371,Lake Geneva,Switzerland,CH,46.5002,6.6608,2020-04-15T10:59,1,6.0,110.0,1.44919249320488,,,5.73867830388242,,,2020-04-15,10:59:00,0.013949999585747719,0.009700000286102295,0.03164999932050705,0.03604999929666519,0.022350000217556953,0.02345000021159649,0.017899999395012856,0.01575000025331974,0.021449999883770943,0.014800000004470348
1371,Lake Geneva,Switzerland,CH,46.5002,6.6608,2020-04-15T10:59,1,6.0,110.0,1.44919249320488,,,5.73867830388242,,,2020-04-15,10:59:00,0.013949999585747719,0.009700000286102295,0.03164999932050705,0.03604999929666519,0.022350000217556953,0.02345000021159649,0.017899999395012856,0.01575000025331974,0.021449999883770943,0.014800000004470348
1371,Lake Geneva,Switzerland,CH,46.5002,6.6608,2020-04-15T10:59,1,6.0,110.0,1.44919249320488,,,5.73867830388242,,,2020-04-15,10:59:00,0.013949999585747719,0.009700000286102295,0.03164999932050705,0.03604999929666519,0.022350000217556953,0.02345000021159649,0.017899999395012856,0.01575000025331974,0.021449999883770943,0.014800000004470348
1371,Lake Geneva,Switzerland,CH,46.5002,6.6608,2020-04-15T10:59,1,6.0,110.0,1.44919249320488,,,5.73867830388242,,,2020-04-15,10:59:00,0.013949999585747719,0.009700000286102295,0.03164999932050705,0.03604999929666519,0.022350000217556953,0.02345000021159649,0.017899999395012856,0.01575000025331974,0.021449999883770943,0.014800000004470348
1371,Lake Geneva,Switzerland,CH,46.5002,6.6608,2020-04-15T10:59,1,6.0,110.0,1.44919249320488,,,5.73867830388242,,,2020-04-15,10:59:00,0.013949999585747719,0.009700000286102295,0.03164999932050705,0.03604999929666519,0.022350000217556953,0.02345000021159649,0.017899999395012856,0.01575000025331974,0.021449999883770943,0.014800000004470348
1371,Lake Geneva,Switzerland,CH,46.5002,6.6608,2020-04-15T10:59,1,6.0,110.0,1.44919249320488,,,5.73867830388242,,,2020-04-15,10:59:00,0.013949999585747719,0.009700000286102295,0.03164999932050705,0.03604999929666519,0.022350000217556953,0.02345000021159649,0.017899999395012856,0.01575000025331974,0.021449999883770943,0.014800000004470348
1371,Lake Geneva,Switzerland,CH,46.5002,6.6608,2020-04-15T10:59,1,6.0,110.0,1.44919249320488,,,5.73867830388242,,,2020-04-15,10:59:00,0.013949999585747719,0.009700000286102295,0.03164999932050705,0.03604999929666519,0.022350000217556953,0.02345000021159649,0.017899999395012856,0.01575000025331974,0.021449999883770943,0.014800000004470348
1371,Lake Geneva,Switzerland,CH,46.5002,6.6608,2020-04-15T10:59,1,6.0,110.0,1.44919249320488,,,5.73867830388242,,,2020-04-15,10:59:00,0.013949999585747719,0.009700000286102295,0.03164999932050705,0.03604999929666519,0.022350000217556953,0.02345000021159649,0.017899999395012856,0.01575000025331974,0.021449999883770943,0.014800000004470348
1372,Lake Geneva,Switzerland,CH,46.5002,6.6608,2020-04-15T13:59,1,6.0,110.0,1.54601377354322,,,5.81898919714774,,,2020-04-15,13:59:00,0.013949999585747719,0.009700000286102295,0.03164999932050705,0.03604999929666519,0.022350000217556953,0.02345000021159649,0.017899999395012856,0.01575000025331974,0.021449999883770943,0.014800000004470348
1372,Lake Geneva,Switzerland,CH,46.5002,6.6608,2020-04-15T13:59,1,6.0,110.0,1.54601377354322,,,5.81898919714774,,,2020-04-15,13:59:00,0.013949999585747719,0.009700000286102295,0.03164999932050705,0.03604999929666519,0.022350000217556953,0.02345000021159649,0.017899999395012856,0.01575000025331974,0.021449999883770943,0.014800000004470348
1372,Lake Geneva,Switzerland,CH,46.5002,6.6608,2020-04-15T13:59,1,6.0,110.0,1.54601377354322,,,5.81898919714774,,,2020-04-15,13:59:00,0.013949999585747719,0.009700000286102295,0.03164999932050705,0.03604999929666519,0.022350000217556953,0.02345000021159649,0.017899999395012856,0.01575000025331974,0.021449999883770943,0.014800000004470348
1372,Lake Geneva,Switzerland,CH,46.5002,6.6608,2020-04-15T13:59,1,6.0,110.0,1.54601377354322,,,5.81898919714774,,,2020-04-15,13:59:00,0.013949999585747719,0.009700000286102295,0.03164999932050705,0.03604999929666519,0.022350000217556953,0.02345000021159649,0.017899999395012856,0.01575000025331974,0.021449999883770943,0.014800000004470348
1372,Lake Geneva,Switzerland,CH,46.5002,6.6608,2020-04-15T13:59,1,6.0,110.0,1.54601377354322,,,5.81898919714774,,,2020-04-15,13:59:00,0.013949999585747719,0.009700000286102295,0.03164999932050705,0.03604999929666519,0.022350000217556953,0.02345000021159649,0.017899999395012856,0.01575000025331974,0.021449999883770943,0.014800000004470348
1372,Lake Geneva,Switzerland,CH,46.5002,6.6608,2020-04-15T13:59,1,6.0,110.0,1.54601377354322,,,5.81898919714774,,,2020-04-15,13:59:00,0.013949999585747719,0.009700000286102295,0.03164999932050705,0.03604999929666519,0.022350000217556953,0.02345000021159649,0.017899999395012856,0.01575000025331974,0.021449999883770943,0.014800000004470348
1372,Lake Geneva,Switzerland,CH,46.5002,6.6608,2020-04-15T13:59,1,6.0,110.0,1.54601377354322,,,5.81898919714774,,,2020-04-15,13:59:00,0.013949999585747719,0.009700000286102295,0.03164999932050705,0.03604999929666519,0.022350000217556953,0.02345000021159649,0.017899999395012856,0.01575000025331974,0.021449999883770943,0.014800000004470348
1372,Lake Geneva,Switzerland,CH,46.5002,6.6608,2020-04-15T13:59,1,6.0,110.0,1.54601377354322,,,5.81898919714774,,,2020-04-15,13:59:00,0.013949999585747719,0.009700000286102295,0.03164999932050705,0.03604999929666519,0.022350000217556953,0.02345000021159649,0.017899999395012856,0.01575000025331974,0.021449999883770943,0.014800000004470348
1401,Lake Geneva,Switzerland,CH,46.5002,6.6608,2020-05-09T10:59,1,6.0,110.0,1.62943239065947,,,5.33748710926107,,,2020-05-09,10:59:00,0.019750000908970833,0.018449999392032623,0.050450000911951065,0.046149998903274536,0.033649999648332596,0.017799999564886093,0.02305000089108944,0.02979999966919422,0.04439999908208847,0.023250000551342964
1401,Lake Geneva,Switzerland,CH,46.5002,6.6608,2020-05-09T10:59,1,6.0,110.0,1.62943239065947,,,5.33748710926107,,,2020-05-09,10:59:00,0.019750000908970833,0.018449999392032623,0.050450000911951065,0.046149998903274536,0.033649999648332596,0.017799999564886093,0.02305000089108944,0.02979999966919422,0.04439999908208847,0.023250000551342964
1401,Lake Geneva,Switzerland,CH,46.5002,6.6608,2020-05-09T10:59,1,6.0,110.0,1.62943239065947,,,5.33748710926107,,,2020-05-09,10:59:00,0.019750000908970833,0.018449999392032623,0.050450000911951065,0.046149998903274536,0.033649999648332596,0.017799999564886093,0.02305000089108944,0.02979999966919422,0.04439999908208847,0.023250000551342964
1401,Lake Geneva,Switzerland,CH,46.5002,6.6608,2020-05-09T10:59,1,6.0,110.0,1.62943239065947,,,5.33748710926107,,,2020-05-09,10:59:00,0.019750000908970833,0.018449999392032623,0.050450000911951065,0.046149998903274536,0.033649999648332596,0.017799999564886093,0.02305000089108944,0.02979999966919422,0.04439999908208847,0.023250000551342964
1401,Lake Geneva,Switzerland,CH,46.5002,6.6608,2020-05-09T10:59,1,6.0,110.0,1.62943239065947,,,5.33748710926107,,,2020-05-09,10:59:00,0.019750000908970833,0.018449999392032623,0.050450000911951065,0.046149998903274536,0.033649999648332596,0.017799999564886093,0.02305000089108944,0.02979999966919422,0.04439999908208847,0.023250000551342964
1401,Lake Geneva,Switzerland,CH,46.5002,6.6608,2020-05-09T10:59,1,6.0,110.0,1.62943239065947,,,5.33748710926107,,,2020-05-09,10:59:00,0.019750000908970833,0.018449999392032623,0.050450000911951065,0.046149998903274536,0.033649999648332596,0.017799999564886093,0.02305000089108944,0.02979999966919422,0.04439999908208847,0.023250000551342964
1401,Lake Geneva,Switzerland,CH,46.5002,6.6608,2020-05-09T10:59,1,6.0,110.0,1.62943239065947,,,5.33748710926107,,,2020-05-09,10:59:00,0.019750000908970833,0.018449999392032623,0.050450000911951065,0.046149998903274536,0.033649999648332596,0.017799999564886093,0.02305000089108944,0.02979999966919422,0.04439999908208847,0.023250000551342964
1401,Lake Geneva,Switzerland,CH,46.5002,6.6608,2020-05-09T10:59,1,6.0,110.0,1.62943239065947,,,5.33748710926107,,,2020-05-09,10:59:00,0.019750000908970833,0.018449999392032623,0.050450000911951065,0.046149998903274536,0.033649999648332596,0.017799999564886093,0.02305000089108944,0.02979999966919422,0.04439999908208847,0.023250000551342964
1402,Lake Geneva,Switzerland,CH,46.5002,6.6608,2020-05-09T13:59,1,6.0,110.0,1.9022544797497,,,4.73187434748485,,,2020-05-09,13:59:00,0.019750000908970833,0.018449999392032623,0.050450000911951065,0.046149998903274536,0.033649999648332596,0.017799999564886093,0.02305000089108944,0.02979999966919422,0.04439999908208847,0.023250000551342964
1402,Lake Geneva,Switzerland,CH,46.5002,6.6608,2020-05-09T13:59,1,6.0,110.0,1.9022544797497,,,4.73187434748485,,,2020-05-09,13:59:00,0.019750000908970833,0.018449999392032623,0.050450000911951065,0.046149998903274536,0.033649999648332596,0.017799999564886093,0.02305000089108944,0.02979999966919422,0.04439999908208847,0.023250000551342964
1402,Lake Geneva,Switzerland,CH,46.5002,6.6608,2020-05-09T13:59,1,6.0,110.0,1.9022544797497,,,4.73187434748485,,,2020-05-09,13:59:00,0.019750000908970833,0.018449999392032623,0.050450000911951065,0.046149998903274536,0.033649999648332596,0.017799999564886093,0.02305000089108944,0.02979999966919422,0.04439999908208847,0.023250000551342964
1402,Lake Geneva,Switzerland,CH,46.5002,6.6608,2020-05-09T13:59,1,6.0,110.0,1.9022544797497,,,4.73187434748485,,,2020-05-09,13:59:00,0.019750000908970833,0.018449999392032623,0.050450000911951065,0.046149998903274536,0.033649999648332596,0.017799999564886093,0.02305000089108944,0.02979999966919422,0.04439999908208847,0.023250000551342964
1402,Lake Geneva,Switzerland,CH,46.5002,6.6608,2020-05-09T13:59,1,6.0,110.0,1.9022544797497,,,4.73187434748485,,,2020-05-09,13:59:00,0.019750000908970833,0.018449999392032623,0.050450000911951065,0.046149998903274536,0.033649999648332596,0.017799999564886093,0.02305000089108944,0.02979999966919422,0.04439999908208847,0.023250000551342964
1402,Lake Geneva,Switzerland,CH,46.5002,6.6608,2020-05-09T13:59,1,6.0,110.0,1.9022544797497,,,4.73187434748485,,,2020-05-09,13:59:00,0.019750000908970833,0.018449999392032623,0.050450000911951065,0.046149998903274536,0.033649999648332596,0.017799999564886093,0.02305000089108944,0.02979999966919422,0.04439999908208847,0.023250000551342964
1402,Lake Geneva,Switzerland,CH,46.5002,6.6608,2020-05-09T13:59,1,6.0,110.0,1.9022544797497,,,4.73187434748485,,,2020-05-09,13:59:00,0.019750000908970833,0.018449999392032623,0.050450000911951065,0.046149998903274536,0.033649999648332596,0.017799999564886093,0.02305000089108944,0.02979999966919422,0.04439999908208847,0.023250000551342964
1402,Lake Geneva,Switzerland,CH,46.5002,6.6608,2020-05-09T13:59,1,6.0,110.0,1.9022544797497,,,4.73187434748485,,,2020-05-09,13:59:00,0.019750000908970833,0.018449999392032623,0.050450000911951065,0.046149998903274536,0.033649999648332596,0.017799999564886093,0.02305000089108944,0.02979999966919422,0.04439999908208847,0.023250000551342964
1403,Lake Geneva,Switzerland,CH,46.5002,6.6608,2020-05-10T10:59,1,6.0,110.0,2.0206135713594,,,4.41381155569814,,,2020-05-10,10:59:00,0.019750000908970833,0.018449999392032623,0.050450000911951065,0.046149998903274536,0.033649999648332596,0.017799999564886093,0.02305000089108944,0.02979999966919422,0.04439999908208847,0.023250000551342964
1403,Lake Geneva,Switzerland,CH,46.5002,6.6608,2020-05-10T10:59,1,6.0,110.0,2.0206135713594,,,4.41381155569814,,,2020-05-10,10:59:00,0.019750000908970833,0.018449999392032623,0.050450000911951065,0.046149998903274536,0.033649999648332596,0.017799999564886093,0.02305000089108944,0.02979999966919422,0.04439999908208847,0.023250000551342964
1403,Lake Geneva,Switzerland,CH,46.5002,6.6608,2020-05-10T10:59,1,6.0,110.0,2.0206135713594,,,4.41381155569814,,,2020-05-10,10:59:00,0.019750000908970833,0.018449999392032623,0.050450000911951065,0.046149998903274536,0.033649999648332596,0.017799999564886093,0.02305000089108944,0.02979999966919422,0.04439999908208847,0.023250000551342964
1403,Lake Geneva,Switzerland,CH,46.5002,6.6608,2020-05-10T10:59,1,6.0,110.0,2.0206135713594,,,4.41381155569814,,,2020-05-10,10:59:00,0.019750000908970833,0.018449999392032623,0.050450000911951065,0.046149998903274536,0.033649999648332596,0.017799999564886093,0.02305000089108944,0.02979999966919422,0.04439999908208847,0.023250000551342964
1403,Lake Geneva,Switzerland,CH,46.5002,6.6608,2020-05-10T10:59,1,6.0,110.0,2.0206135713594,,,4.41381155569814,,,2020-05-10,10:59:00,0.019750000908970833,0.018449999392032623,0.050450000911951065,0.046149998903274536,0.033649999648332596,0.017799999564886093,0.02305000089108944,0.02979999966919422,0.04439999908208847,0.023250000551342964
1403,Lake Geneva,Switzerland,CH,46.5002,6.6608,2020-05-10T10:59,1,6.0,110.0,2.0206135713594,,,4.41381155569814,,,2020-05-10,10:59:00,0.019750000908970833,0.018449999392032623,0.050450000911951065,0.046149998903274536,0.033649999648332596,0.017799999564886093,0.02305000089108944,0.02979999966919422,0.04439999908208847,0.023250000551342964
1403,Lake Geneva,Switzerland,CH,46.5002,6.6608,2020-05-10T10:59,1,6.0,110.0,2.0206135713594,,,4.41381155569814,,,2020-05-10,10:59:00,0.019750000908970833,0.018449999392032623,0.050450000911951065,0.046149998903274536,0.033649999648332596,0.017799999564886093,0.02305000089108944,0.02979999966919422,0.04439999908208847,0.023250000551342964
1403,Lake Geneva,Switzerland,CH,46.5002,6.6608,2020-05-10T10:59,1,6.0,110.0,2.0206135713594,,,4.41381155569814,,,2020-05-10,10:59:00,0.019750000908970833,0.018449999392032623,0.050450000911951065,0.046149998903274536,0.033649999648332596,0.017799999564886093,0.02305000089108944,0.02979999966919422,0.04439999908208847,0.023250000551342964
1404,Lake Geneva,Switzerland,CH,46.5002,6.6608,2020-05-10T13:59,1,6.0,110.0,2.62123875186811,,,4.44947943512718,,,2020-05-10,13:59:00,0.019750000908970833,0.018449999392032623,0.050450000911951065,0.046149998903274536,0.033649999648332596,0.017799999564886093,0.02305000089108944,0.02979999966919422,0.04439999908208847,0.023250000551342964
1404,Lake Geneva,Switzerland,CH,46.5002,6.6608,2020-05-10T13:59,1,6.0,110.0,2.62123875186811,,,4.44947943512718,,,2020-05-10,13:59:00,0.019750000908970833,0.018449999392032623,0.050450000911951065,0.046149998903274536,0.033649999648332596,0.017799999564886093,0.02305000089108944,0.02979999966919422,0.04439999908208847,0.023250000551342964
1404,Lake Geneva,Switzerland,CH,46.5002,6.6608,2020-05-10T13:59,1,6.0,110.0,2.62123875186811,,,4.44947943512718,,,2020-05-10,13:59:00,0.019750000908970833,0.018449999392032623,0.050450000911951065,0.046149998903274536,0.033649999648332596,0.017799999564886093,0.02305000089108944,0.02979999966919422,0.04439999908208847,0.023250000551342964
1404,Lake Geneva,Switzerland,CH,46.5002,6.6608,2020-05-10T13:59,1,6.0,110.0,2.62123875186811,,,4.44947943512718,,,2020-05-10,13:59:00,0.019750000908970833,0.018449999392032623,0.050450000911951065,0.046149998903274536,0.033649999648332596,0.017799999564886093,0.02305000089108944,0.02979999966919422,0.04439999908208847,0.023250000551342964
1404,Lake Geneva,Switzerland,CH,46.5002,6.6608,2020-05-10T13:59,1,6.0,110.0,2.62123875186811,,,4.44947943512718,,,2020-05-10,13:59:00,0.019750000908970833,0.018449999392032623,0.050450000911951065,0.046149998903274536,0.033649999648332596,0.017799999564886093,0.02305000089108944,0.02979999966919422,0.04439999908208847,0.023250000551342964
1404,Lake Geneva,Switzerland,CH,46.5002,6.6608,2020-05-10T13:59,1,6.0,110.0,2.62123875186811,,,4.44947943512718,,,2020-05-10,13:59:00,0.019750000908970833,0.018449999392032623,0.050450000911951065,0.046149998903274536,0.033649999648332596,0.017799999564886093,0.02305000089108944,0.02979999966919422,0.04439999908208847,0.023250000551342964
1404,Lake Geneva,Switzerland,CH,46.5002,6.6608,2020-05-10T13:59,1,6.0,110.0,2.62123875186811,,,4.44947943512718,,,2020-05-10,13:59:00,0.019750000908970833,0.018449999392032623,0.050450000911951065,0.046149998903274536,0.033649999648332596,0.017799999564886093,0.02305000089108944,0.02979999966919422,0.04439999908208847,0.023250000551342964
1404,Lake Geneva,Switzerland,CH,46.5002,6.6608,2020-05-10T13:59,1,6.0,110.0,2.62123875186811,,,4.44947943512718,,,2020-05-10,13:59:00,0.019750000908970833,0.018449999392032623,0.050450000911951065,0.046149998903274536,0.033649999648332596,0.017799999564886093,0.02305000089108944,0.02979999966919422,0.04439999908208847,0.023250000551342964
1416,Lake Geneva,Switzerland,CH,46.5002,6.6608,2020-05-19T10:59,1,6.0,110.0,1.79479707105919,,,4.22516925781121,,,2020-05-19,10:59:00,0.026000000536441803,0.021700000390410423,0.06880000233650208,0.08465000241994858,0.05855000019073486,0.03674999997019768,0.02759999968111515,0.026799999177455902,0.04360000044107437,0.026249999180436134
1416,Lake Geneva,Switzerland,CH,46.5002,6.6608,2020-05-19T10:59,1,6.0,110.0,1.79479707105919,,,4.22516925781121,,,2020-05-19,10:59:00,0.026000000536441803,0.021700000390410423,0.06880000233650208,0.08465000241994858,0.05855000019073486,0.03674999997019768,0.02759999968111515,0.026799999177455902,0.04360000044107437,0.026249999180436134
1416,Lake Geneva,Switzerland,CH,46.5002,6.6608,2020-05-19T10:59,1,6.0,110.0,1.79479707105919,,,4.22516925781121,,,2020-05-19,10:59:00,0.026000000536441803,0.021700000390410423,0.06880000233650208,0.08465000241994858,0.05855000019073486,0.03674999997019768,0.02759999968111515,0.026799999177455902,0.04360000044107437,0.026249999180436134
1416,Lake Geneva,Switzerland,CH,46.5002,6.6608,2020-05-19T10:59,1,6.0,110.0,1.79479707105919,,,4.22516925781121,,,2020-05-19,10:59:00,0.026000000536441803,0.021700000390410423,0.06880000233650208,0.08465000241994858,0.05855000019073486,0.03674999997019768,0.02759999968111515,0.026799999177455902,0.04360000044107437,0.026249999180436134
1416,Lake Geneva,Switzerland,CH,46.5002,6.6608,2020-05-19T10:59,1,6.0,110.0,1.79479707105919,,,4.22516925781121,,,2020-05-19,10:59:00,0.026000000536441803,0.021700000390410423,0.06880000233650208,0.08465000241994858,0.05855000019073486,0.03674999997019768,0.02759999968111515,0.026799999177455902,0.04360000044107437,0.026249999180436134
1416,Lake Geneva,Switzerland,CH,46.5002,6.6608,2020-05-19T10:59,1,6.0,110.0,1.79479707105919,,,4.22516925781121,,,2020-05-19,10:59:00,0.026000000536441803,0.021700000390410423,0.06880000233650208,0.08465000241994858,0.05855000019073486,0.03674999997019768,0.02759999968111515,0.026799999177455902,0.04360000044107437,0.026249999180436134
1416,Lake Geneva,Switzerland,CH,46.5002,6.6608,2020-05-19T10:59,1,6.0,110.0,1.79479707105919,,,4.22516925781121,,,2020-05-19,10:59:00,0.026000000536441803,0.021700000390410423,0.06880000233650208,0.08465000241994858,0.05855000019073486,0.03674999997019768,0.02759999968111515,0.026799999177455902,0.04360000044107437,0.026249999180436134
1416,Lake Geneva,Switzerland,CH,46.5002,6.6608,2020-05-19T10:59,1,6.0,110.0,1.79479707105919,,,4.22516925781121,,,2020-05-19,10:59:00,0.026000000536441803,0.021700000390410423,0.06880000233650208,0.08465000241994858,0.05855000019073486,0.03674999997019768,0.02759999968111515,0.026799999177455902,0.04360000044107437,0.026249999180436134
1417,Lake Geneva,Switzerland,CH,46.5002,6.6608,2020-05-19T13:59,1,6.0,110.0,1.88791261013487,,,3.90685787091169,,,2020-05-19,13:59:00,0.026000000536441803,0.021700000390410423,0.06880000233650208,0.08465000241994858,0.05855000019073486,0.03674999997019768,0.02759999968111515,0.026799999177455902,0.04360000044107437,0.026249999180436134
1417,Lake Geneva,Switzerland,CH,46.5002,6.6608,2020-05-19T13:59,1,6.0,110.0,1.88791261013487,,,3.90685787091169,,,2020-05-19,13:59:00,0.026000000536441803,0.021700000390410423,0.06880000233650208,0.08465000241994858,0.05855000019073486,0.03674999997019768,0.02759999968111515,0.026799999177455902,0.04360000044107437,0.026249999180436134
1417,Lake Geneva,Switzerland,CH,46.5002,6.6608,2020-05-19T13:59,1,6.0,110.0,1.88791261013487,,,3.90685787091169,,,2020-05-19,13:59:00,0.026000000536441803,0.021700000390410423,0.06880000233650208,0.08465000241994858,0.05855000019073486,0.03674999997019768,0.02759999968111515,0.026799999177455902,0.04360000044107437,0.026249999180436134
1417,Lake Geneva,Switzerland,CH,46.5002,6.6608,2020-05-19T13:59,1,6.0,110.0,1.88791261013487,,,3.90685787091169,,,2020-05-19,13:59:00,0.026000000536441803,0.021700000390410423,0.06880000233650208,0.08465000241994858,0.05855000019073486,0.03674999997019768,0.02759999968111515,0.026799999177455902,0.04360000044107437,0.026249999180436134
1417,Lake Geneva,Switzerland,CH,46.5002,6.6608,2020-05-19T13:59,1,6.0,110.0,1.88791261013487,,,3.90685787091169,,,2020-05-19,13:59:00,0.026000000536441803,0.021700000390410423,0.06880000233650208,0.08465000241994858,0.05855000019073486,0.03674999997019768,0.02759999968111515,0.026799999177455902,0.04360000044107437,0.026249999180436134
1417,Lake Geneva,Switzerland,CH,46.5002,6.6608,2020-05-19T13:59,1,6.0,110.0,1.88791261013487,,,3.90685787091169,,,2020-05-19,13:59:00,0.026000000536441803,0.021700000390410423,0.06880000233650208,0.08465000241994858,0.05855000019073486,0.03674999997019768,0.02759999968111515,0.026799999177455902,0.04360000044107437,0.026249999180436134
1417,Lake Geneva,Switzerland,CH,46.5002,6.6608,2020-05-19T13:59,1,6.0,110.0,1.88791261013487,,,3.90685787091169,,,2020-05-19,13:59:00,0.026000000536441803,0.021700000390410423,0.06880000233650208,0.08465000241994858,0.05855000019073486,0.03674999997019768,0.02759999968111515,0.026799999177455902,0.04360000044107437,0.026249999180436134
1417,Lake Geneva,Switzerland,CH,46.5002,6.6608,2020-05-19T13:59,1,6.0,110.0,1.88791261013487,,,3.90685787091169,,,2020-05-19,13:59:00,0.026000000536441803,0.021700000390410423,0.06880000233650208,0.08465000241994858,0.05855000019073486,0.03674999997019768,0.02759999968111515,0.026799999177455902,0.04360000044107437,0.026249999180436134
1420,Lake Geneva,Switzerland,CH,46.5002,6.6608,2020-05-24T10:59,1,6.0,110.0,1.56565193396606,,,5.43665538940121,,,2020-05-24,10:59:00,0.03099999949336052,0.02500000037252903,0.045899998396635056,0.05209999904036522,0.0348999984562397,0.03229999914765358,0.03709999844431877,0.04439999908208847,0.0494999997317791,0.03869999945163727
1421,Lake Geneva,Switzerland,CH,46.5002,6.6608,2020-05-25T10:59,1,6.0,110.0,2.2224099604789,,,4.71411167832,,,2020-05-25,10:59:00,0.03099999949336052,0.02500000037252903,0.045899998396635056,0.05209999904036522,0.0348999984562397,0.03229999914765358,0.03709999844431877,0.04439999908208847,0.0494999997317791,0.03869999945163727
1421,Lake Geneva,Switzerland,CH,46.5002,6.6608,2020-05-25T10:59,1,6.0,110.0,2.2224099604789,,,4.71411167832,,,2020-05-25,10:59:00,0.03099999949336052,0.02500000037252903,0.045899998396635056,0.05209999904036522,0.0348999984562397,0.03229999914765358,0.03709999844431877,0.04439999908208847,0.0494999997317791,0.03869999945163727
1421,Lake Geneva,Switzerland,CH,46.5002,6.6608,2020-05-25T10:59,1,6.0,110.0,2.2224099604789,,,4.71411167832,,,2020-05-25,10:59:00,0.03099999949336052,0.02500000037252903,0.045899998396635056,0.05209999904036522,0.0348999984562397,0.03229999914765358,0.03709999844431877,0.04439999908208847,0.0494999997317791,0.03869999945163727
1421,Lake Geneva,Switzerland,CH,46.5002,6.6608,2020-05-25T10:59,1,6.0,110.0,2.2224099604789,,,4.71411167832,,,2020-05-25,10:59:00,0.03099999949336052,0.02500000037252903,0.045899998396635056,0.05209999904036522,0.0348999984562397,0.03229999914765358,0.03709999844431877,0.04439999908208847,0.0494999997317791,0.03869999945163727
1421,Lake Geneva,Switzerland,CH,46.5002,6.6608,2020-05-25T10:59,1,6.0,110.0,2.2224099604789,,,4.71411167832,,,2020-05-25,10:59:00,0.03099999949336052,0.02500000037252903,0.045899998396635056,0.05209999904036522,0.0348999984562397,0.03229999914765358,0.03709999844431877,0.04439999908208847,0.0494999997317791,0.03869999945163727
1421,Lake Geneva,Switzerland,CH,46.5002,6.6608,2020-05-25T10:59,1,6.0,110.0,2.2224099604789,,,4.71411167832,,,2020-05-25,10:59:00,0.03099999949336052,0.02500000037252903,0.045899998396635056,0.05209999904036522,0.0348999984562397,0.03229999914765358,0.03709999844431877,0.04439999908208847,0.0494999997317791,0.03869999945163727
1421,Lake Geneva,Switzerland,CH,46.5002,6.6608,2020-05-25T10:59,1,6.0,110.0,2.2224099604789,,,4.71411167832,,,2020-05-25,10:59:00,0.03099999949336052,0.02500000037252903,0.045899998396635056,0.05209999904036522,0.0348999984562397,0.03229999914765358,0.03709999844431877,0.04439999908208847,0.0494999997317791,0.03869999945163727
1421,Lake Geneva,Switzerland,CH,46.5002,6.6608,2020-05-25T10:59,1,6.0,110.0,2.2224099604789,,,4.71411167832,,,2020-05-25,10:59:00,0.03099999949336052,0.02500000037252903,0.045899998396635056,0.05209999904036522,0.0348999984562397,0.03229999914765358,0.03709999844431877,0.04439999908208847,0.0494999997317791,0.03869999945163727
1422,Lake Geneva,Switzerland,CH,46.5002,6.6608,2020-05-25T13:59,1,6.0,110.0,1.75790865216961,,,5.14655238681596,,,2020-05-25,13:59:00,0.03099999949336052,0.02500000037252903,0.045899998396635056,0.05209999904036522,0.0348999984562397,0.03229999914765358,0.03709999844431877,0.04439999908208847,0.0494999997317791,0.03869999945163727
1422,Lake Geneva,Switzerland,CH,46.5002,6.6608,2020-05-25T13:59,1,6.0,110.0,1.75790865216961,,,5.14655238681596,,,2020-05-25,13:59:00,0.03099999949336052,0.02500000037252903,0.045899998396635056,0.05209999904036522,0.0348999984562397,0.03229999914765358,0.03709999844431877,0.04439999908208847,0.0494999997317791,0.03869999945163727
1422,Lake Geneva,Switzerland,CH,46.5002,6.6608,2020-05-25T13:59,1,6.0,110.0,1.75790865216961,,,5.14655238681596,,,2020-05-25,13:59:00,0.03099999949336052,0.02500000037252903,0.045899998396635056,0.05209999904036522,0.0348999984562397,0.03229999914765358,0.03709999844431877,0.04439999908208847,0.0494999997317791,0.03869999945163727
1422,Lake Geneva,Switzerland,CH,46.5002,6.6608,2020-05-25T13:59,1,6.0,110.0,1.75790865216961,,,5.14655238681596,,,2020-05-25,13:59:00,0.03099999949336052,0.02500000037252903,0.045899998396635056,0.05209999904036522,0.0348999984562397,0.03229999914765358,0.03709999844431877,0.04439999908208847,0.0494999997317791,0.03869999945163727
1422,Lake Geneva,Switzerland,CH,46.5002,6.6608,2020-05-25T13:59,1,6.0,110.0,1.75790865216961,,,5.14655238681596,,,2020-05-25,13:59:00,0.03099999949336052,0.02500000037252903,0.045899998396635056,0.05209999904036522,0.0348999984562397,0.03229999914765358,0.03709999844431877,0.04439999908208847,0.0494999997317791,0.03869999945163727
1422,Lake Geneva,Switzerland,CH,46.5002,6.6608,2020-05-25T13:59,1,6.0,110.0,1.75790865216961,,,5.14655238681596,,,2020-05-25,13:59:00,0.03099999949336052,0.02500000037252903,0.045899998396635056,0.05209999904036522,0.0348999984562397,0.03229999914765358,0.03709999844431877,0.04439999908208847,0.0494999997317791,0.03869999945163727
1422,Lake Geneva,Switzerland,CH,46.5002,6.6608,2020-05-25T13:59,1,6.0,110.0,1.75790865216961,,,5.14655238681596,,,2020-05-25,13:59:00,0.03099999949336052,0.02500000037252903,0.045899998396635056,0.05209999904036522,0.0348999984562397,0.03229999914765358,0.03709999844431877,0.04439999908208847,0.0494999997317791,0.03869999945163727
1422,Lake Geneva,Switzerland,CH,46.5002,6.6608,2020-05-25T13:59,1,6.0,110.0,1.75790865216961,,,5.14655238681596,,,2020-05-25,13:59:00,0.03099999949336052,0.02500000037252903,0.045899998396635056,0.05209999904036522,0.0348999984562397,0.03229999914765358,0.03709999844431877,0.04439999908208847,0.0494999997317791,0.03869999945163727
1428,Lake Geneva,Switzerland,CH,46.5002,6.6608,2020-05-29T13:59,1,6.0,110.0,1.49284409968962,,,4.27940796845278,,,2020-05-29,13:59:00,0.03620000183582306,0.033799998462200165,0.11259999871253967,0.10580000281333923,0.08034999668598175,0.05389999970793724,0.039799999445676804,0.041749998927116394,0.07644999772310257,0.03909999877214432
1429,Lake Geneva,Switzerland,CH,46.5002,6.6608,2020-05-30T11:00,1,6.0,110.0,1.21269683090202,,,4.89114992154506,,,2020-05-30,11:00:00,0.03620000183582306,0.033799998462200165,0.11259999871253967,0.10580000281333923,0.08034999668598175,0.05389999970793724,0.039799999445676804,0.041749998927116394,0.07644999772310257,0.03909999877214432
1429,Lake Geneva,Switzerland,CH,46.5002,6.6608,2020-05-30T11:00,1,6.0,110.0,1.21269683090202,,,4.89114992154506,,,2020-05-30,11:00:00,0.03620000183582306,0.033799998462200165,0.11259999871253967,0.10580000281333923,0.08034999668598175,0.05389999970793724,0.039799999445676804,0.041749998927116394,0.07644999772310257,0.03909999877214432
1429,Lake Geneva,Switzerland,CH,46.5002,6.6608,2020-05-30T11:00,1,6.0,110.0,1.21269683090202,,,4.89114992154506,,,2020-05-30,11:00:00,0.03620000183582306,0.033799998462200165,0.11259999871253967,0.10580000281333923,0.08034999668598175,0.05389999970793724,0.039799999445676804,0.041749998927116394,0.07644999772310257,0.03909999877214432
1429,Lake Geneva,Switzerland,CH,46.5002,6.6608,2020-05-30T11:00,1,6.0,110.0,1.21269683090202,,,4.89114992154506,,,2020-05-30,11:00:00,0.03620000183582306,0.033799998462200165,0.11259999871253967,0.10580000281333923,0.08034999668598175,0.05389999970793724,0.039799999445676804,0.041749998927116394,0.07644999772310257,0.03909999877214432
1429,Lake Geneva,Switzerland,CH,46.5002,6.6608,2020-05-30T11:00,1,6.0,110.0,1.21269683090202,,,4.89114992154506,,,2020-05-30,11:00:00,0.03620000183582306,0.033799998462200165,0.11259999871253967,0.10580000281333923,0.08034999668598175,0.05389999970793724,0.039799999445676804,0.041749998927116394,0.07644999772310257,0.03909999877214432
1429,Lake Geneva,Switzerland,CH,46.5002,6.6608,2020-05-30T11:00,1,6.0,110.0,1.21269683090202,,,4.89114992154506,,,2020-05-30,11:00:00,0.03620000183582306,0.033799998462200165,0.11259999871253967,0.10580000281333923,0.08034999668598175,0.05389999970793724,0.039799999445676804,0.041749998927116394,0.07644999772310257,0.03909999877214432
1429,Lake Geneva,Switzerland,CH,46.5002,6.6608,2020-05-30T11:00,1,6.0,110.0,1.21269683090202,,,4.89114992154506,,,2020-05-30,11:00:00,0.03620000183582306,0.033799998462200165,0.11259999871253967,0.10580000281333923,0.08034999668598175,0.05389999970793724,0.039799999445676804,0.041749998927116394,0.07644999772310257,0.03909999877214432
1429,Lake Geneva,Switzerland,CH,46.5002,6.6608,2020-05-30T11:00,1,6.0,110.0,1.21269683090202,,,4.89114992154506,,,2020-05-30,11:00:00,0.03620000183582306,0.033799998462200165,0.11259999871253967,0.10580000281333923,0.08034999668598175,0.05389999970793724,0.039799999445676804,0.041749998927116394,0.07644999772310257,0.03909999877214432
1430,Lake Geneva,Switzerland,CH,46.5002,6.6608,2020-05-30T14:00,1,6.0,110.0,1.21486288277449,,,6.01362678831167,,,2020-05-30,14:00:00,0.03620000183582306,0.033799998462200165,0.11259999871253967,0.10580000281333923,0.08034999668598175,0.05389999970793724,0.039799999445676804,0.041749998927116394,0.07644999772310257,0.03909999877214432
1430,Lake Geneva,Switzerland,CH,46.5002,6.6608,2020-05-30T14:00,1,6.0,110.0,1.21486288277449,,,6.01362678831167,,,2020-05-30,14:00:00,0.03620000183582306,0.033799998462200165,0.11259999871253967,0.10580000281333923,0.08034999668598175,0.05389999970793724,0.039799999445676804,0.041749998927116394,0.07644999772310257,0.03909999877214432
1430,Lake Geneva,Switzerland,CH,46.5002,6.6608,2020-05-30T14:00,1,6.0,110.0,1.21486288277449,,,6.01362678831167,,,2020-05-30,14:00:00,0.03620000183582306,0.033799998462200165,0.11259999871253967,0.10580000281333923,0.08034999668598175,0.05389999970793724,0.039799999445676804,0.041749998927116394,0.07644999772310257,0.03909999877214432
1430,Lake Geneva,Switzerland,CH,46.5002,6.6608,2020-05-30T14:00,1,6.0,110.0,1.21486288277449,,,6.01362678831167,,,2020-05-30,14:00:00,0.03620000183582306,0.033799998462200165,0.11259999871253967,0.10580000281333923,0.08034999668598175,0.05389999970793724,0.039799999445676804,0.041749998927116394,0.07644999772310257,0.03909999877214432
1430,Lake Geneva,Switzerland,CH,46.5002,6.6608,2020-05-30T14:00,1,6.0,110.0,1.21486288277449,,,6.01362678831167,,,2020-05-30,14:00:00,0.03620000183582306,0.033799998462200165,0.11259999871253967,0.10580000281333923,0.08034999668598175,0.05389999970793724,0.039799999445676804,0.041749998927116394,0.07644999772310257,0.03909999877214432
1430,Lake Geneva,Switzerland,CH,46.5002,6.6608,2020-05-30T14:00,1,6.0,110.0,1.21486288277449,,,6.01362678831167,,,2020-05-30,14:00:00,0.03620000183582306,0.033799998462200165,0.11259999871253967,0.10580000281333923,0.08034999668598175,0.05389999970793724,0.039799999445676804,0.041749998927116394,0.07644999772310257,0.03909999877214432
1430,Lake Geneva,Switzerland,CH,46.5002,6.6608,2020-05-30T14:00,1,6.0,110.0,1.21486288277449,,,6.01362678831167,,,2020-05-30,14:00:00,0.03620000183582306,0.033799998462200165,0.11259999871253967,0.10580000281333923,0.08034999668598175,0.05389999970793724,0.039799999445676804,0.041749998927116394,0.07644999772310257,0.03909999877214432
1430,Lake Geneva,Switzerland,CH,46.5002,6.6608,2020-05-30T14:00,1,6.0,110.0,1.21486288277449,,,6.01362678831167,,,2020-05-30,14:00:00,0.03620000183582306,0.033799998462200165,0.11259999871253967,0.10580000281333923,0.08034999668598175,0.05389999970793724,0.039799999445676804,0.041749998927116394,0.07644999772310257,0.03909999877214432
